2026-09-04 15:35:07,579 - INFO - Client sample size: min=262, median=491.5, max=757
2026-09-04 15:35:07,579 - INFO - Experiment log: results/support_v1_eps02_full\support_v1_eps02_full_500round.log
2026-09-04 15:35:07,809 - INFO - ====================================================================================================
2026-09-04 15:35:07,809 - INFO - ¡¾model config¡¿  model_name:resnet, width:0.4 , depth:2, param:8.48394MB
2026-09-04 15:35:07,810 - INFO - ResNet(
  (conv1): Sequential(
    (0): Conv2d(3, 64, kernel_size=(3, 3), stride=(1, 1), padding=(1, 1), bias=False)
    (1): BatchNorm2d(64, eps=1e-05, momentum=0.1, affine=True, track_running_stats=False)
    (2): ReLU()
  )
  (layer1): Sequential(
    (0): ResidualBlock(
      (left): Sequential(
        (0): Conv2d(64, 96, kernel_size=(3, 3), stride=(1, 1), padding=(1, 1), bias=False)
        (1): BatchNorm2d(96, eps=1e-05, momentum=0.1, affine=True, track_running_stats=False)
        (2): ReLU(inplace=True)
        (3): Conv2d(96, 96, kernel_size=(3, 3), stride=(1, 1), padding=(1, 1), bias=False)
        (4): BatchNorm2d(96, eps=1e-05, momentum=0.1, affine=True, track_running_stats=False)
      )
      (shortcut): Sequential(
        (0): Conv2d(64, 96, kernel_size=(1, 1), stride=(1, 1), bias=False)
        (1): BatchNorm2d(96, eps=1e-05, momentum=0.1, affine=True, track_running_stats=False)
      )
    )
    (1): ResidualBlock(
      (left): Sequential(
        (0): Conv2d(96, 96, kernel_size=(3, 3), stride=(1, 1), padding=(1, 1), bias=False)
        (1): BatchNorm2d(96, eps=1e-05, momentum=0.1, affine=True, track_running_stats=False)
        (2): ReLU(inplace=True)
        (3): Conv2d(96, 96, kernel_size=(3, 3), stride=(1, 1), padding=(1, 1), bias=False)
        (4): BatchNorm2d(96, eps=1e-05, momentum=0.1, affine=True, track_running_stats=False)
      )
      (shortcut): Sequential()
    )
  )
  (layer2): Sequential(
    (0): ResidualBlock(
      (left): Sequential(
        (0): Conv2d(96, 51, kernel_size=(3, 3), stride=(2, 2), padding=(1, 1), bias=False)
        (1): BatchNorm2d(51, eps=1e-05, momentum=0.1, affine=True, track_running_stats=False)
        (2): ReLU(inplace=True)
        (3): Conv2d(51, 51, kernel_size=(3, 3), stride=(1, 1), padding=(1, 1), bias=False)
        (4): BatchNorm2d(51, eps=1e-05, momentum=0.1, affine=True, track_running_stats=False)
      )
      (shortcut): Sequential(
        (0): Conv2d(96, 51, kernel_size=(1, 1), stride=(2, 2), bias=False)
        (1): BatchNorm2d(51, eps=1e-05, momentum=0.1, affine=True, track_running_stats=False)
      )
    )
    (1): ResidualBlock(
      (left): Sequential(
        (0): Conv2d(51, 51, kernel_size=(3, 3), stride=(1, 1), padding=(1, 1), bias=False)
        (1): BatchNorm2d(51, eps=1e-05, momentum=0.1, affine=True, track_running_stats=False)
        (2): ReLU(inplace=True)
        (3): Conv2d(51, 51, kernel_size=(3, 3), stride=(1, 1), padding=(1, 1), bias=False)
        (4): BatchNorm2d(51, eps=1e-05, momentum=0.1, affine=True, track_running_stats=False)
      )
      (shortcut): Sequential()
    )
  )
  (layer3): Sequential(
    (0): ResidualBlock(
      (left): Sequential(
        (0): Conv2d(51, 102, kernel_size=(3, 3), stride=(2, 2), padding=(1, 1), bias=False)
        (1): BatchNorm2d(102, eps=1e-05, momentum=0.1, affine=True, track_running_stats=False)
        (2): ReLU(inplace=True)
        (3): Conv2d(102, 102, kernel_size=(3, 3), stride=(1, 1), padding=(1, 1), bias=False)
        (4): BatchNorm2d(102, eps=1e-05, momentum=0.1, affine=True, track_running_stats=False)
      )
      (shortcut): Sequential(
        (0): Conv2d(51, 102, kernel_size=(1, 1), stride=(2, 2), bias=False)
        (1): BatchNorm2d(102, eps=1e-05, momentum=0.1, affine=True, track_running_stats=False)
      )
    )
    (1): ResidualBlock(
      (left): Sequential(
        (0): Conv2d(102, 102, kernel_size=(3, 3), stride=(1, 1), padding=(1, 1), bias=False)
        (1): BatchNorm2d(102, eps=1e-05, momentum=0.1, affine=True, track_running_stats=False)
        (2): ReLU(inplace=True)
        (3): Conv2d(102, 102, kernel_size=(3, 3), stride=(1, 1), padding=(1, 1), bias=False)
        (4): BatchNorm2d(102, eps=1e-05, momentum=0.1, affine=True, track_running_stats=False)
      )
      (shortcut): Sequential()
    )
  )
  (layer4): Sequential(
    (0): ResidualBlock(
      (left): Sequential(
        (0): Conv2d(102, 204, kernel_size=(3, 3), stride=(2, 2), padding=(1, 1), bias=False)
        (1): BatchNorm2d(204, eps=1e-05, momentum=0.1, affine=True, track_running_stats=False)
        (2): ReLU(inplace=True)
        (3): Conv2d(204, 204, kernel_size=(3, 3), stride=(1, 1), padding=(1, 1), bias=False)
        (4): BatchNorm2d(204, eps=1e-05, momentum=0.1, affine=True, track_running_stats=False)
      )
      (shortcut): Sequential(
        (0): Conv2d(102, 204, kernel_size=(1, 1), stride=(2, 2), bias=False)
        (1): BatchNorm2d(204, eps=1e-05, momentum=0.1, affine=True, track_running_stats=False)
      )
    )
    (1): ResidualBlock(
      (left): Sequential(
        (0): Conv2d(204, 204, kernel_size=(3, 3), stride=(1, 1), padding=(1, 1), bias=False)
        (1): BatchNorm2d(204, eps=1e-05, momentum=0.1, affine=True, track_running_stats=False)
        (2): ReLU(inplace=True)
        (3): Conv2d(204, 204, kernel_size=(3, 3), stride=(1, 1), padding=(1, 1), bias=False)
        (4): BatchNorm2d(204, eps=1e-05, momentum=0.1, affine=True, track_running_stats=False)
      )
      (shortcut): Sequential()
    )
  )
  (fc): Linear(in_features=204, out_features=100, bias=True)
)
2026-09-04 15:35:07,879 - INFO - ====================================================================================================
2026-09-04 15:35:07,879 - INFO - ¡¾model config¡¿  model_name:resnet, width:0.4 , depth:3, param:10.585424MB
2026-09-04 15:35:07,879 - INFO - ResNet(
  (conv1): Sequential(
    (0): Conv2d(3, 64, kernel_size=(3, 3), stride=(1, 1), padding=(1, 1), bias=False)
    (1): BatchNorm2d(64, eps=1e-05, momentum=0.1, affine=True, track_running_stats=False)
    (2): ReLU()
  )
  (layer1): Sequential(
    (0): ResidualBlock(
      (left): Sequential(
        (0): Conv2d(64, 96, kernel_size=(3, 3), stride=(1, 1), padding=(1, 1), bias=False)
        (1): BatchNorm2d(96, eps=1e-05, momentum=0.1, affine=True, track_running_stats=False)
        (2): ReLU(inplace=True)
        (3): Conv2d(96, 96, kernel_size=(3, 3), stride=(1, 1), padding=(1, 1), bias=False)
        (4): BatchNorm2d(96, eps=1e-05, momentum=0.1, affine=True, track_running_stats=False)
      )
      (shortcut): Sequential(
        (0): Conv2d(64, 96, kernel_size=(1, 1), stride=(1, 1), bias=False)
        (1): BatchNorm2d(96, eps=1e-05, momentum=0.1, affine=True, track_running_stats=False)
      )
    )
    (1): ResidualBlock(
      (left): Sequential(
        (0): Conv2d(96, 96, kernel_size=(3, 3), stride=(1, 1), padding=(1, 1), bias=False)
        (1): BatchNorm2d(96, eps=1e-05, momentum=0.1, affine=True, track_running_stats=False)
        (2): ReLU(inplace=True)
        (3): Conv2d(96, 96, kernel_size=(3, 3), stride=(1, 1), padding=(1, 1), bias=False)
        (4): BatchNorm2d(96, eps=1e-05, momentum=0.1, affine=True, track_running_stats=False)
      )
      (shortcut): Sequential()
    )
  )
  (layer2): Sequential(
    (0): ResidualBlock(
      (left): Sequential(
        (0): Conv2d(96, 128, kernel_size=(3, 3), stride=(2, 2), padding=(1, 1), bias=False)
        (1): BatchNorm2d(128, eps=1e-05, momentum=0.1, affine=True, track_running_stats=False)
        (2): ReLU(inplace=True)
        (3): Conv2d(128, 128, kernel_size=(3, 3), stride=(1, 1), padding=(1, 1), bias=False)
        (4): BatchNorm2d(128, eps=1e-05, momentum=0.1, affine=True, track_running_stats=False)
      )
      (shortcut): Sequential(
        (0): Conv2d(96, 128, kernel_size=(1, 1), stride=(2, 2), bias=False)
        (1): BatchNorm2d(128, eps=1e-05, momentum=0.1, affine=True, track_running_stats=False)
      )
    )
    (1): ResidualBlock(
      (left): Sequential(
        (0): Conv2d(128, 128, kernel_size=(3, 3), stride=(1, 1), padding=(1, 1), bias=False)
        (1): BatchNorm2d(128, eps=1e-05, momentum=0.1, affine=True, track_running_stats=False)
        (2): ReLU(inplace=True)
        (3): Conv2d(128, 128, kernel_size=(3, 3), stride=(1, 1), padding=(1, 1), bias=False)
        (4): BatchNorm2d(128, eps=1e-05, momentum=0.1, affine=True, track_running_stats=False)
      )
      (shortcut): Sequential()
    )
  )
  (layer3): Sequential(
    (0): ResidualBlock(
      (left): Sequential(
        (0): Conv2d(128, 102, kernel_size=(3, 3), stride=(2, 2), padding=(1, 1), bias=False)
        (1): BatchNorm2d(102, eps=1e-05, momentum=0.1, affine=True, track_running_stats=False)
        (2): ReLU(inplace=True)
        (3): Conv2d(102, 102, kernel_size=(3, 3), stride=(1, 1), padding=(1, 1), bias=False)
        (4): BatchNorm2d(102, eps=1e-05, momentum=0.1, affine=True, track_running_stats=False)
      )
      (shortcut): Sequential(
        (0): Conv2d(128, 102, kernel_size=(1, 1), stride=(2, 2), bias=False)
        (1): BatchNorm2d(102, eps=1e-05, momentum=0.1, affine=True, track_running_stats=False)
      )
    )
    (1): ResidualBlock(
      (left): Sequential(
        (0): Conv2d(102, 102, kernel_size=(3, 3), stride=(1, 1), padding=(1, 1), bias=False)
        (1): BatchNorm2d(102, eps=1e-05, momentum=0.1, affine=True, track_running_stats=False)
        (2): ReLU(inplace=True)
        (3): Conv2d(102, 102, kernel_size=(3, 3), stride=(1, 1), padding=(1, 1), bias=False)
        (4): BatchNorm2d(102, eps=1e-05, momentum=0.1, affine=True, track_running_stats=False)
      )
      (shortcut): Sequential()
    )
  )
  (layer4): Sequential(
    (0): ResidualBlock(
      (left): Sequential(
        (0): Conv2d(102, 204, kernel_size=(3, 3), stride=(2, 2), padding=(1, 1), bias=False)
        (1): BatchNorm2d(204, eps=1e-05, momentum=0.1, affine=True, track_running_stats=False)
        (2): ReLU(inplace=True)
        (3): Conv2d(204, 204, kernel_size=(3, 3), stride=(1, 1), padding=(1, 1), bias=False)
        (4): BatchNorm2d(204, eps=1e-05, momentum=0.1, affine=True, track_running_stats=False)
      )
      (shortcut): Sequential(
        (0): Conv2d(102, 204, kernel_size=(1, 1), stride=(2, 2), bias=False)
        (1): BatchNorm2d(204, eps=1e-05, momentum=0.1, affine=True, track_running_stats=False)
      )
    )
    (1): ResidualBlock(
      (left): Sequential(
        (0): Conv2d(204, 204, kernel_size=(3, 3), stride=(1, 1), padding=(1, 1), bias=False)
        (1): BatchNorm2d(204, eps=1e-05, momentum=0.1, affine=True, track_running_stats=False)
        (2): ReLU(inplace=True)
        (3): Conv2d(204, 204, kernel_size=(3, 3), stride=(1, 1), padding=(1, 1), bias=False)
        (4): BatchNorm2d(204, eps=1e-05, momentum=0.1, affine=True, track_running_stats=False)
      )
      (shortcut): Sequential()
    )
  )
  (fc): Linear(in_features=204, out_features=100, bias=True)
)
2026-09-04 15:35:07,963 - INFO - ====================================================================================================
2026-09-04 15:35:07,963 - INFO - ¡¾model config¡¿  model_name:resnet, width:0.4 , depth:4, param:18.59096MB
2026-09-04 15:35:07,963 - INFO - ResNet(
  (conv1): Sequential(
    (0): Conv2d(3, 64, kernel_size=(3, 3), stride=(1, 1), padding=(1, 1), bias=False)
    (1): BatchNorm2d(64, eps=1e-05, momentum=0.1, affine=True, track_running_stats=False)
    (2): ReLU()
  )
  (layer1): Sequential(
    (0): ResidualBlock(
      (left): Sequential(
        (0): Conv2d(64, 96, kernel_size=(3, 3), stride=(1, 1), padding=(1, 1), bias=False)
        (1): BatchNorm2d(96, eps=1e-05, momentum=0.1, affine=True, track_running_stats=False)
        (2): ReLU(inplace=True)
        (3): Conv2d(96, 96, kernel_size=(3, 3), stride=(1, 1), padding=(1, 1), bias=False)
        (4): BatchNorm2d(96, eps=1e-05, momentum=0.1, affine=True, track_running_stats=False)
      )
      (shortcut): Sequential(
        (0): Conv2d(64, 96, kernel_size=(1, 1), stride=(1, 1), bias=False)
        (1): BatchNorm2d(96, eps=1e-05, momentum=0.1, affine=True, track_running_stats=False)
      )
    )
    (1): ResidualBlock(
      (left): Sequential(
        (0): Conv2d(96, 96, kernel_size=(3, 3), stride=(1, 1), padding=(1, 1), bias=False)
        (1): BatchNorm2d(96, eps=1e-05, momentum=0.1, affine=True, track_running_stats=False)
        (2): ReLU(inplace=True)
        (3): Conv2d(96, 96, kernel_size=(3, 3), stride=(1, 1), padding=(1, 1), bias=False)
        (4): BatchNorm2d(96, eps=1e-05, momentum=0.1, affine=True, track_running_stats=False)
      )
      (shortcut): Sequential()
    )
  )
  (layer2): Sequential(
    (0): ResidualBlock(
      (left): Sequential(
        (0): Conv2d(96, 128, kernel_size=(3, 3), stride=(2, 2), padding=(1, 1), bias=False)
        (1): BatchNorm2d(128, eps=1e-05, momentum=0.1, affine=True, track_running_stats=False)
        (2): ReLU(inplace=True)
        (3): Conv2d(128, 128, kernel_size=(3, 3), stride=(1, 1), padding=(1, 1), bias=False)
        (4): BatchNorm2d(128, eps=1e-05, momentum=0.1, affine=True, track_running_stats=False)
      )
      (shortcut): Sequential(
        (0): Conv2d(96, 128, kernel_size=(1, 1), stride=(2, 2), bias=False)
        (1): BatchNorm2d(128, eps=1e-05, momentum=0.1, affine=True, track_running_stats=False)
      )
    )
    (1): ResidualBlock(
      (left): Sequential(
        (0): Conv2d(128, 128, kernel_size=(3, 3), stride=(1, 1), padding=(1, 1), bias=False)
        (1): BatchNorm2d(128, eps=1e-05, momentum=0.1, affine=True, track_running_stats=False)
        (2): ReLU(inplace=True)
        (3): Conv2d(128, 128, kernel_size=(3, 3), stride=(1, 1), padding=(1, 1), bias=False)
        (4): BatchNorm2d(128, eps=1e-05, momentum=0.1, affine=True, track_running_stats=False)
      )
      (shortcut): Sequential()
    )
  )
  (layer3): Sequential(
    (0): ResidualBlock(
      (left): Sequential(
        (0): Conv2d(128, 256, kernel_size=(3, 3), stride=(2, 2), padding=(1, 1), bias=False)
        (1): BatchNorm2d(256, eps=1e-05, momentum=0.1, affine=True, track_running_stats=False)
        (2): ReLU(inplace=True)
        (3): Conv2d(256, 256, kernel_size=(3, 3), stride=(1, 1), padding=(1, 1), bias=False)
        (4): BatchNorm2d(256, eps=1e-05, momentum=0.1, affine=True, track_running_stats=False)
      )
      (shortcut): Sequential(
        (0): Conv2d(128, 256, kernel_size=(1, 1), stride=(2, 2), bias=False)
        (1): BatchNorm2d(256, eps=1e-05, momentum=0.1, affine=True, track_running_stats=False)
      )
    )
    (1): ResidualBlock(
      (left): Sequential(
        (0): Conv2d(256, 256, kernel_size=(3, 3), stride=(1, 1), padding=(1, 1), bias=False)
        (1): BatchNorm2d(256, eps=1e-05, momentum=0.1, affine=True, track_running_stats=False)
        (2): ReLU(inplace=True)
        (3): Conv2d(256, 256, kernel_size=(3, 3), stride=(1, 1), padding=(1, 1), bias=False)
        (4): BatchNorm2d(256, eps=1e-05, momentum=0.1, affine=True, track_running_stats=False)
      )
      (shortcut): Sequential()
    )
  )
  (layer4): Sequential(
    (0): ResidualBlock(
      (left): Sequential(
        (0): Conv2d(256, 204, kernel_size=(3, 3), stride=(2, 2), padding=(1, 1), bias=False)
        (1): BatchNorm2d(204, eps=1e-05, momentum=0.1, affine=True, track_running_stats=False)
        (2): ReLU(inplace=True)
        (3): Conv2d(204, 204, kernel_size=(3, 3), stride=(1, 1), padding=(1, 1), bias=False)
        (4): BatchNorm2d(204, eps=1e-05, momentum=0.1, affine=True, track_running_stats=False)
      )
      (shortcut): Sequential(
        (0): Conv2d(256, 204, kernel_size=(1, 1), stride=(2, 2), bias=False)
        (1): BatchNorm2d(204, eps=1e-05, momentum=0.1, affine=True, track_running_stats=False)
      )
    )
    (1): ResidualBlock(
      (left): Sequential(
        (0): Conv2d(204, 204, kernel_size=(3, 3), stride=(1, 1), padding=(1, 1), bias=False)
        (1): BatchNorm2d(204, eps=1e-05, momentum=0.1, affine=True, track_running_stats=False)
        (2): ReLU(inplace=True)
        (3): Conv2d(204, 204, kernel_size=(3, 3), stride=(1, 1), padding=(1, 1), bias=False)
        (4): BatchNorm2d(204, eps=1e-05, momentum=0.1, affine=True, track_running_stats=False)
      )
      (shortcut): Sequential()
    )
  )
  (fc): Linear(in_features=204, out_features=100, bias=True)
)
2026-09-04 15:35:08,047 - INFO - ====================================================================================================
2026-09-04 15:35:08,047 - INFO - ¡¾model config¡¿  model_name:resnet, width:0.66 , depth:2, param:20.638484MB
2026-09-04 15:35:08,047 - INFO - ResNet(
  (conv1): Sequential(
    (0): Conv2d(3, 64, kernel_size=(3, 3), stride=(1, 1), padding=(1, 1), bias=False)
    (1): BatchNorm2d(64, eps=1e-05, momentum=0.1, affine=True, track_running_stats=False)
    (2): ReLU()
  )
  (layer1): Sequential(
    (0): ResidualBlock(
      (left): Sequential(
        (0): Conv2d(64, 96, kernel_size=(3, 3), stride=(1, 1), padding=(1, 1), bias=False)
        (1): BatchNorm2d(96, eps=1e-05, momentum=0.1, affine=True, track_running_stats=False)
        (2): ReLU(inplace=True)
        (3): Conv2d(96, 96, kernel_size=(3, 3), stride=(1, 1), padding=(1, 1), bias=False)
        (4): BatchNorm2d(96, eps=1e-05, momentum=0.1, affine=True, track_running_stats=False)
      )
      (shortcut): Sequential(
        (0): Conv2d(64, 96, kernel_size=(1, 1), stride=(1, 1), bias=False)
        (1): BatchNorm2d(96, eps=1e-05, momentum=0.1, affine=True, track_running_stats=False)
      )
    )
    (1): ResidualBlock(
      (left): Sequential(
        (0): Conv2d(96, 96, kernel_size=(3, 3), stride=(1, 1), padding=(1, 1), bias=False)
        (1): BatchNorm2d(96, eps=1e-05, momentum=0.1, affine=True, track_running_stats=False)
        (2): ReLU(inplace=True)
        (3): Conv2d(96, 96, kernel_size=(3, 3), stride=(1, 1), padding=(1, 1), bias=False)
        (4): BatchNorm2d(96, eps=1e-05, momentum=0.1, affine=True, track_running_stats=False)
      )
      (shortcut): Sequential()
    )
  )
  (layer2): Sequential(
    (0): ResidualBlock(
      (left): Sequential(
        (0): Conv2d(96, 84, kernel_size=(3, 3), stride=(2, 2), padding=(1, 1), bias=False)
        (1): BatchNorm2d(84, eps=1e-05, momentum=0.1, affine=True, track_running_stats=False)
        (2): ReLU(inplace=True)
        (3): Conv2d(84, 84, kernel_size=(3, 3), stride=(1, 1), padding=(1, 1), bias=False)
        (4): BatchNorm2d(84, eps=1e-05, momentum=0.1, affine=True, track_running_stats=False)
      )
      (shortcut): Sequential(
        (0): Conv2d(96, 84, kernel_size=(1, 1), stride=(2, 2), bias=False)
        (1): BatchNorm2d(84, eps=1e-05, momentum=0.1, affine=True, track_running_stats=False)
      )
    )
    (1): ResidualBlock(
      (left): Sequential(
        (0): Conv2d(84, 84, kernel_size=(3, 3), stride=(1, 1), padding=(1, 1), bias=False)
        (1): BatchNorm2d(84, eps=1e-05, momentum=0.1, affine=True, track_running_stats=False)
        (2): ReLU(inplace=True)
        (3): Conv2d(84, 84, kernel_size=(3, 3), stride=(1, 1), padding=(1, 1), bias=False)
        (4): BatchNorm2d(84, eps=1e-05, momentum=0.1, affine=True, track_running_stats=False)
      )
      (shortcut): Sequential()
    )
  )
  (layer3): Sequential(
    (0): ResidualBlock(
      (left): Sequential(
        (0): Conv2d(84, 168, kernel_size=(3, 3), stride=(2, 2), padding=(1, 1), bias=False)
        (1): BatchNorm2d(168, eps=1e-05, momentum=0.1, affine=True, track_running_stats=False)
        (2): ReLU(inplace=True)
        (3): Conv2d(168, 168, kernel_size=(3, 3), stride=(1, 1), padding=(1, 1), bias=False)
        (4): BatchNorm2d(168, eps=1e-05, momentum=0.1, affine=True, track_running_stats=False)
      )
      (shortcut): Sequential(
        (0): Conv2d(84, 168, kernel_size=(1, 1), stride=(2, 2), bias=False)
        (1): BatchNorm2d(168, eps=1e-05, momentum=0.1, affine=True, track_running_stats=False)
      )
    )
    (1): ResidualBlock(
      (left): Sequential(
        (0): Conv2d(168, 168, kernel_size=(3, 3), stride=(1, 1), padding=(1, 1), bias=False)
        (1): BatchNorm2d(168, eps=1e-05, momentum=0.1, affine=True, track_running_stats=False)
        (2): ReLU(inplace=True)
        (3): Conv2d(168, 168, kernel_size=(3, 3), stride=(1, 1), padding=(1, 1), bias=False)
        (4): BatchNorm2d(168, eps=1e-05, momentum=0.1, affine=True, track_running_stats=False)
      )
      (shortcut): Sequential()
    )
  )
  (layer4): Sequential(
    (0): ResidualBlock(
      (left): Sequential(
        (0): Conv2d(168, 337, kernel_size=(3, 3), stride=(2, 2), padding=(1, 1), bias=False)
        (1): BatchNorm2d(337, eps=1e-05, momentum=0.1, affine=True, track_running_stats=False)
        (2): ReLU(inplace=True)
        (3): Conv2d(337, 337, kernel_size=(3, 3), stride=(1, 1), padding=(1, 1), bias=False)
        (4): BatchNorm2d(337, eps=1e-05, momentum=0.1, affine=True, track_running_stats=False)
      )
      (shortcut): Sequential(
        (0): Conv2d(168, 337, kernel_size=(1, 1), stride=(2, 2), bias=False)
        (1): BatchNorm2d(337, eps=1e-05, momentum=0.1, affine=True, track_running_stats=False)
      )
    )
    (1): ResidualBlock(
      (left): Sequential(
        (0): Conv2d(337, 337, kernel_size=(3, 3), stride=(1, 1), padding=(1, 1), bias=False)
        (1): BatchNorm2d(337, eps=1e-05, momentum=0.1, affine=True, track_running_stats=False)
        (2): ReLU(inplace=True)
        (3): Conv2d(337, 337, kernel_size=(3, 3), stride=(1, 1), padding=(1, 1), bias=False)
        (4): BatchNorm2d(337, eps=1e-05, momentum=0.1, affine=True, track_running_stats=False)
      )
      (shortcut): Sequential()
    )
  )
  (fc): Linear(in_features=337, out_features=100, bias=True)
)
2026-09-04 15:35:08,097 - INFO - ====================================================================================================
2026-09-04 15:35:08,097 - INFO - ¡¾model config¡¿  model_name:resnet, width:0.66 , depth:3, param:22.112308MB
2026-09-04 15:35:08,097 - INFO - ResNet(
  (conv1): Sequential(
    (0): Conv2d(3, 64, kernel_size=(3, 3), stride=(1, 1), padding=(1, 1), bias=False)
    (1): BatchNorm2d(64, eps=1e-05, momentum=0.1, affine=True, track_running_stats=False)
    (2): ReLU()
  )
  (layer1): Sequential(
    (0): ResidualBlock(
      (left): Sequential(
        (0): Conv2d(64, 96, kernel_size=(3, 3), stride=(1, 1), padding=(1, 1), bias=False)
        (1): BatchNorm2d(96, eps=1e-05, momentum=0.1, affine=True, track_running_stats=False)
        (2): ReLU(inplace=True)
        (3): Conv2d(96, 96, kernel_size=(3, 3), stride=(1, 1), padding=(1, 1), bias=False)
        (4): BatchNorm2d(96, eps=1e-05, momentum=0.1, affine=True, track_running_stats=False)
      )
      (shortcut): Sequential(
        (0): Conv2d(64, 96, kernel_size=(1, 1), stride=(1, 1), bias=False)
        (1): BatchNorm2d(96, eps=1e-05, momentum=0.1, affine=True, track_running_stats=False)
      )
    )
    (1): ResidualBlock(
      (left): Sequential(
        (0): Conv2d(96, 96, kernel_size=(3, 3), stride=(1, 1), padding=(1, 1), bias=False)
        (1): BatchNorm2d(96, eps=1e-05, momentum=0.1, affine=True, track_running_stats=False)
        (2): ReLU(inplace=True)
        (3): Conv2d(96, 96, kernel_size=(3, 3), stride=(1, 1), padding=(1, 1), bias=False)
        (4): BatchNorm2d(96, eps=1e-05, momentum=0.1, affine=True, track_running_stats=False)
      )
      (shortcut): Sequential()
    )
  )
  (layer2): Sequential(
    (0): ResidualBlock(
      (left): Sequential(
        (0): Conv2d(96, 128, kernel_size=(3, 3), stride=(2, 2), padding=(1, 1), bias=False)
        (1): BatchNorm2d(128, eps=1e-05, momentum=0.1, affine=True, track_running_stats=False)
        (2): ReLU(inplace=True)
        (3): Conv2d(128, 128, kernel_size=(3, 3), stride=(1, 1), padding=(1, 1), bias=False)
        (4): BatchNorm2d(128, eps=1e-05, momentum=0.1, affine=True, track_running_stats=False)
      )
      (shortcut): Sequential(
        (0): Conv2d(96, 128, kernel_size=(1, 1), stride=(2, 2), bias=False)
        (1): BatchNorm2d(128, eps=1e-05, momentum=0.1, affine=True, track_running_stats=False)
      )
    )
    (1): ResidualBlock(
      (left): Sequential(
        (0): Conv2d(128, 128, kernel_size=(3, 3), stride=(1, 1), padding=(1, 1), bias=False)
        (1): BatchNorm2d(128, eps=1e-05, momentum=0.1, affine=True, track_running_stats=False)
        (2): ReLU(inplace=True)
        (3): Conv2d(128, 128, kernel_size=(3, 3), stride=(1, 1), padding=(1, 1), bias=False)
        (4): BatchNorm2d(128, eps=1e-05, momentum=0.1, affine=True, track_running_stats=False)
      )
      (shortcut): Sequential()
    )
  )
  (layer3): Sequential(
    (0): ResidualBlock(
      (left): Sequential(
        (0): Conv2d(128, 168, kernel_size=(3, 3), stride=(2, 2), padding=(1, 1), bias=False)
        (1): BatchNorm2d(168, eps=1e-05, momentum=0.1, affine=True, track_running_stats=False)
        (2): ReLU(inplace=True)
        (3): Conv2d(168, 168, kernel_size=(3, 3), stride=(1, 1), padding=(1, 1), bias=False)
        (4): BatchNorm2d(168, eps=1e-05, momentum=0.1, affine=True, track_running_stats=False)
      )
      (shortcut): Sequential(
        (0): Conv2d(128, 168, kernel_size=(1, 1), stride=(2, 2), bias=False)
        (1): BatchNorm2d(168, eps=1e-05, momentum=0.1, affine=True, track_running_stats=False)
      )
    )
    (1): ResidualBlock(
      (left): Sequential(
        (0): Conv2d(168, 168, kernel_size=(3, 3), stride=(1, 1), padding=(1, 1), bias=False)
        (1): BatchNorm2d(168, eps=1e-05, momentum=0.1, affine=True, track_running_stats=False)
        (2): ReLU(inplace=True)
        (3): Conv2d(168, 168, kernel_size=(3, 3), stride=(1, 1), padding=(1, 1), bias=False)
        (4): BatchNorm2d(168, eps=1e-05, momentum=0.1, affine=True, track_running_stats=False)
      )
      (shortcut): Sequential()
    )
  )
  (layer4): Sequential(
    (0): ResidualBlock(
      (left): Sequential(
        (0): Conv2d(168, 337, kernel_size=(3, 3), stride=(2, 2), padding=(1, 1), bias=False)
        (1): BatchNorm2d(337, eps=1e-05, momentum=0.1, affine=True, track_running_stats=False)
        (2): ReLU(inplace=True)
        (3): Conv2d(337, 337, kernel_size=(3, 3), stride=(1, 1), padding=(1, 1), bias=False)
        (4): BatchNorm2d(337, eps=1e-05, momentum=0.1, affine=True, track_running_stats=False)
      )
      (shortcut): Sequential(
        (0): Conv2d(168, 337, kernel_size=(1, 1), stride=(2, 2), bias=False)
        (1): BatchNorm2d(337, eps=1e-05, momentum=0.1, affine=True, track_running_stats=False)
      )
    )
    (1): ResidualBlock(
      (left): Sequential(
        (0): Conv2d(337, 337, kernel_size=(3, 3), stride=(1, 1), padding=(1, 1), bias=False)
        (1): BatchNorm2d(337, eps=1e-05, momentum=0.1, affine=True, track_running_stats=False)
        (2): ReLU(inplace=True)
        (3): Conv2d(337, 337, kernel_size=(3, 3), stride=(1, 1), padding=(1, 1), bias=False)
        (4): BatchNorm2d(337, eps=1e-05, momentum=0.1, affine=True, track_running_stats=False)
      )
      (shortcut): Sequential()
    )
  )
  (fc): Linear(in_features=337, out_features=100, bias=True)
)
2026-09-04 15:35:08,140 - INFO - ====================================================================================================
2026-09-04 15:35:08,140 - INFO - ¡¾model config¡¿  model_name:resnet, width:0.66 , depth:4, param:27.782324MB
2026-09-04 15:35:08,141 - INFO - ResNet(
  (conv1): Sequential(
    (0): Conv2d(3, 64, kernel_size=(3, 3), stride=(1, 1), padding=(1, 1), bias=False)
    (1): BatchNorm2d(64, eps=1e-05, momentum=0.1, affine=True, track_running_stats=False)
    (2): ReLU()
  )
  (layer1): Sequential(
    (0): ResidualBlock(
      (left): Sequential(
        (0): Conv2d(64, 96, kernel_size=(3, 3), stride=(1, 1), padding=(1, 1), bias=False)
        (1): BatchNorm2d(96, eps=1e-05, momentum=0.1, affine=True, track_running_stats=False)
        (2): ReLU(inplace=True)
        (3): Conv2d(96, 96, kernel_size=(3, 3), stride=(1, 1), padding=(1, 1), bias=False)
        (4): BatchNorm2d(96, eps=1e-05, momentum=0.1, affine=True, track_running_stats=False)
      )
      (shortcut): Sequential(
        (0): Conv2d(64, 96, kernel_size=(1, 1), stride=(1, 1), bias=False)
        (1): BatchNorm2d(96, eps=1e-05, momentum=0.1, affine=True, track_running_stats=False)
      )
    )
    (1): ResidualBlock(
      (left): Sequential(
        (0): Conv2d(96, 96, kernel_size=(3, 3), stride=(1, 1), padding=(1, 1), bias=False)
        (1): BatchNorm2d(96, eps=1e-05, momentum=0.1, affine=True, track_running_stats=False)
        (2): ReLU(inplace=True)
        (3): Conv2d(96, 96, kernel_size=(3, 3), stride=(1, 1), padding=(1, 1), bias=False)
        (4): BatchNorm2d(96, eps=1e-05, momentum=0.1, affine=True, track_running_stats=False)
      )
      (shortcut): Sequential()
    )
  )
  (layer2): Sequential(
    (0): ResidualBlock(
      (left): Sequential(
        (0): Conv2d(96, 128, kernel_size=(3, 3), stride=(2, 2), padding=(1, 1), bias=False)
        (1): BatchNorm2d(128, eps=1e-05, momentum=0.1, affine=True, track_running_stats=False)
        (2): ReLU(inplace=True)
        (3): Conv2d(128, 128, kernel_size=(3, 3), stride=(1, 1), padding=(1, 1), bias=False)
        (4): BatchNorm2d(128, eps=1e-05, momentum=0.1, affine=True, track_running_stats=False)
      )
      (shortcut): Sequential(
        (0): Conv2d(96, 128, kernel_size=(1, 1), stride=(2, 2), bias=False)
        (1): BatchNorm2d(128, eps=1e-05, momentum=0.1, affine=True, track_running_stats=False)
      )
    )
    (1): ResidualBlock(
      (left): Sequential(
        (0): Conv2d(128, 128, kernel_size=(3, 3), stride=(1, 1), padding=(1, 1), bias=False)
        (1): BatchNorm2d(128, eps=1e-05, momentum=0.1, affine=True, track_running_stats=False)
        (2): ReLU(inplace=True)
        (3): Conv2d(128, 128, kernel_size=(3, 3), stride=(1, 1), padding=(1, 1), bias=False)
        (4): BatchNorm2d(128, eps=1e-05, momentum=0.1, affine=True, track_running_stats=False)
      )
      (shortcut): Sequential()
    )
  )
  (layer3): Sequential(
    (0): ResidualBlock(
      (left): Sequential(
        (0): Conv2d(128, 256, kernel_size=(3, 3), stride=(2, 2), padding=(1, 1), bias=False)
        (1): BatchNorm2d(256, eps=1e-05, momentum=0.1, affine=True, track_running_stats=False)
        (2): ReLU(inplace=True)
        (3): Conv2d(256, 256, kernel_size=(3, 3), stride=(1, 1), padding=(1, 1), bias=False)
        (4): BatchNorm2d(256, eps=1e-05, momentum=0.1, affine=True, track_running_stats=False)
      )
      (shortcut): Sequential(
        (0): Conv2d(128, 256, kernel_size=(1, 1), stride=(2, 2), bias=False)
        (1): BatchNorm2d(256, eps=1e-05, momentum=0.1, affine=True, track_running_stats=False)
      )
    )
    (1): ResidualBlock(
      (left): Sequential(
        (0): Conv2d(256, 256, kernel_size=(3, 3), stride=(1, 1), padding=(1, 1), bias=False)
        (1): BatchNorm2d(256, eps=1e-05, momentum=0.1, affine=True, track_running_stats=False)
        (2): ReLU(inplace=True)
        (3): Conv2d(256, 256, kernel_size=(3, 3), stride=(1, 1), padding=(1, 1), bias=False)
        (4): BatchNorm2d(256, eps=1e-05, momentum=0.1, affine=True, track_running_stats=False)
      )
      (shortcut): Sequential()
    )
  )
  (layer4): Sequential(
    (0): ResidualBlock(
      (left): Sequential(
        (0): Conv2d(256, 337, kernel_size=(3, 3), stride=(2, 2), padding=(1, 1), bias=False)
        (1): BatchNorm2d(337, eps=1e-05, momentum=0.1, affine=True, track_running_stats=False)
        (2): ReLU(inplace=True)
        (3): Conv2d(337, 337, kernel_size=(3, 3), stride=(1, 1), padding=(1, 1), bias=False)
        (4): BatchNorm2d(337, eps=1e-05, momentum=0.1, affine=True, track_running_stats=False)
      )
      (shortcut): Sequential(
        (0): Conv2d(256, 337, kernel_size=(1, 1), stride=(2, 2), bias=False)
        (1): BatchNorm2d(337, eps=1e-05, momentum=0.1, affine=True, track_running_stats=False)
      )
    )
    (1): ResidualBlock(
      (left): Sequential(
        (0): Conv2d(337, 337, kernel_size=(3, 3), stride=(1, 1), padding=(1, 1), bias=False)
        (1): BatchNorm2d(337, eps=1e-05, momentum=0.1, affine=True, track_running_stats=False)
        (2): ReLU(inplace=True)
        (3): Conv2d(337, 337, kernel_size=(3, 3), stride=(1, 1), padding=(1, 1), bias=False)
        (4): BatchNorm2d(337, eps=1e-05, momentum=0.1, affine=True, track_running_stats=False)
      )
      (shortcut): Sequential()
    )
  )
  (fc): Linear(in_features=337, out_features=100, bias=True)
)
2026-09-04 15:35:08,208 - INFO - ====================================================================================================
2026-09-04 15:35:08,208 - INFO - ¡¾model config¡¿  model_name:resnet, width:1.0 , depth:2, param:45.697424MB
2026-09-04 15:35:08,208 - INFO - ResNet(
  (conv1): Sequential(
    (0): Conv2d(3, 64, kernel_size=(3, 3), stride=(1, 1), padding=(1, 1), bias=False)
    (1): BatchNorm2d(64, eps=1e-05, momentum=0.1, affine=True, track_running_stats=False)
    (2): ReLU()
  )
  (layer1): Sequential(
    (0): ResidualBlock(
      (left): Sequential(
        (0): Conv2d(64, 96, kernel_size=(3, 3), stride=(1, 1), padding=(1, 1), bias=False)
        (1): BatchNorm2d(96, eps=1e-05, momentum=0.1, affine=True, track_running_stats=False)
        (2): ReLU(inplace=True)
        (3): Conv2d(96, 96, kernel_size=(3, 3), stride=(1, 1), padding=(1, 1), bias=False)
        (4): BatchNorm2d(96, eps=1e-05, momentum=0.1, affine=True, track_running_stats=False)
      )
      (shortcut): Sequential(
        (0): Conv2d(64, 96, kernel_size=(1, 1), stride=(1, 1), bias=False)
        (1): BatchNorm2d(96, eps=1e-05, momentum=0.1, affine=True, track_running_stats=False)
      )
    )
    (1): ResidualBlock(
      (left): Sequential(
        (0): Conv2d(96, 96, kernel_size=(3, 3), stride=(1, 1), padding=(1, 1), bias=False)
        (1): BatchNorm2d(96, eps=1e-05, momentum=0.1, affine=True, track_running_stats=False)
        (2): ReLU(inplace=True)
        (3): Conv2d(96, 96, kernel_size=(3, 3), stride=(1, 1), padding=(1, 1), bias=False)
        (4): BatchNorm2d(96, eps=1e-05, momentum=0.1, affine=True, track_running_stats=False)
      )
      (shortcut): Sequential()
    )
  )
  (layer2): Sequential(
    (0): ResidualBlock(
      (left): Sequential(
        (0): Conv2d(96, 128, kernel_size=(3, 3), stride=(2, 2), padding=(1, 1), bias=False)
        (1): BatchNorm2d(128, eps=1e-05, momentum=0.1, affine=True, track_running_stats=False)
        (2): ReLU(inplace=True)
        (3): Conv2d(128, 128, kernel_size=(3, 3), stride=(1, 1), padding=(1, 1), bias=False)
        (4): BatchNorm2d(128, eps=1e-05, momentum=0.1, affine=True, track_running_stats=False)
      )
      (shortcut): Sequential(
        (0): Conv2d(96, 128, kernel_size=(1, 1), stride=(2, 2), bias=False)
        (1): BatchNorm2d(128, eps=1e-05, momentum=0.1, affine=True, track_running_stats=False)
      )
    )
    (1): ResidualBlock(
      (left): Sequential(
        (0): Conv2d(128, 128, kernel_size=(3, 3), stride=(1, 1), padding=(1, 1), bias=False)
        (1): BatchNorm2d(128, eps=1e-05, momentum=0.1, affine=True, track_running_stats=False)
        (2): ReLU(inplace=True)
        (3): Conv2d(128, 128, kernel_size=(3, 3), stride=(1, 1), padding=(1, 1), bias=False)
        (4): BatchNorm2d(128, eps=1e-05, momentum=0.1, affine=True, track_running_stats=False)
      )
      (shortcut): Sequential()
    )
  )
  (layer3): Sequential(
    (0): ResidualBlock(
      (left): Sequential(
        (0): Conv2d(128, 256, kernel_size=(3, 3), stride=(2, 2), padding=(1, 1), bias=False)
        (1): BatchNorm2d(256, eps=1e-05, momentum=0.1, affine=True, track_running_stats=False)
        (2): ReLU(inplace=True)
        (3): Conv2d(256, 256, kernel_size=(3, 3), stride=(1, 1), padding=(1, 1), bias=False)
        (4): BatchNorm2d(256, eps=1e-05, momentum=0.1, affine=True, track_running_stats=False)
      )
      (shortcut): Sequential(
        (0): Conv2d(128, 256, kernel_size=(1, 1), stride=(2, 2), bias=False)
        (1): BatchNorm2d(256, eps=1e-05, momentum=0.1, affine=True, track_running_stats=False)
      )
    )
    (1): ResidualBlock(
      (left): Sequential(
        (0): Conv2d(256, 256, kernel_size=(3, 3), stride=(1, 1), padding=(1, 1), bias=False)
        (1): BatchNorm2d(256, eps=1e-05, momentum=0.1, affine=True, track_running_stats=False)
        (2): ReLU(inplace=True)
        (3): Conv2d(256, 256, kernel_size=(3, 3), stride=(1, 1), padding=(1, 1), bias=False)
        (4): BatchNorm2d(256, eps=1e-05, momentum=0.1, affine=True, track_running_stats=False)
      )
      (shortcut): Sequential()
    )
  )
  (layer4): Sequential(
    (0): ResidualBlock(
      (left): Sequential(
        (0): Conv2d(256, 512, kernel_size=(3, 3), stride=(2, 2), padding=(1, 1), bias=False)
        (1): BatchNorm2d(512, eps=1e-05, momentum=0.1, affine=True, track_running_stats=False)
        (2): ReLU(inplace=True)
        (3): Conv2d(512, 512, kernel_size=(3, 3), stride=(1, 1), padding=(1, 1), bias=False)
        (4): BatchNorm2d(512, eps=1e-05, momentum=0.1, affine=True, track_running_stats=False)
      )
      (shortcut): Sequential(
        (0): Conv2d(256, 512, kernel_size=(1, 1), stride=(2, 2), bias=False)
        (1): BatchNorm2d(512, eps=1e-05, momentum=0.1, affine=True, track_running_stats=False)
      )
    )
    (1): ResidualBlock(
      (left): Sequential(
        (0): Conv2d(512, 512, kernel_size=(3, 3), stride=(1, 1), padding=(1, 1), bias=False)
        (1): BatchNorm2d(512, eps=1e-05, momentum=0.1, affine=True, track_running_stats=False)
        (2): ReLU(inplace=True)
        (3): Conv2d(512, 512, kernel_size=(3, 3), stride=(1, 1), padding=(1, 1), bias=False)
        (4): BatchNorm2d(512, eps=1e-05, momentum=0.1, affine=True, track_running_stats=False)
      )
      (shortcut): Sequential()
    )
  )
  (fc): Linear(in_features=512, out_features=100, bias=True)
)
2026-09-04 15:35:08,208 - INFO - Full evaluation model: (1.0, 2, 11.424356)
2026-09-04 15:35:08,255 - INFO - ********************************************************************************
2026-09-04 15:35:08,255 - INFO - Round   0
2026-09-04 15:35:19,511 - INFO - this epoch cost time:2.2330000400543213
2026-09-04 15:35:19,511 - INFO - this epoch choose: [48, 76, 94, 97, 8, 56, 47, 63, 97, 57]
2026-09-04 15:35:19,511 - INFO - this epoch dispatch models: [5 3 4 0 1 3 5 0 0 1]
2026-09-04 15:35:19,511 - INFO - this epoch received models: [np.int64(5), np.int64(3), np.int64(4), np.int64(0), np.int64(1), np.int64(3), np.int64(5), np.int64(0), np.int64(0), np.int64(1)]
2026-09-04 15:35:19,511 - INFO - hetero_proportion: 	4:3:3
2026-09-04 15:35:19,712 - INFO - Full evaluation profile: (1.0, 2, 11.424356)
2026-09-04 15:35:21,614 - INFO - Testing accuracy: 1.05
2026-09-04 15:35:21,616 - INFO - ********************************************************************************
2026-09-04 15:35:21,616 - INFO - Round   1
2026-09-04 15:35:21,709 - INFO - Round 1 prefix consistency assertion: PASSED
2026-09-04 15:35:35,692 - INFO - this epoch cost time:1.8969993591308594
2026-09-04 15:35:35,692 - INFO - this epoch choose: [70, 81, 64, 95, 26, 12, 71, 70, 97, 49]
2026-09-04 15:35:35,692 - INFO - this epoch dispatch models: [4 5 4 6 1 2 4 6 5 2]
2026-09-04 15:35:35,692 - INFO - this epoch received models: [np.int64(4), np.int64(5), np.int64(4), np.int64(6), np.int64(1), np.int64(2), np.int64(4), np.int64(6), np.int64(5), np.int64(2)]
2026-09-04 15:35:35,692 - INFO - hetero_proportion: 	4:3:3
2026-09-04 15:35:36,087 - INFO - Support aggregation diagnostics: min_nonzero=0.192587, mean=0.573877, P25=0.192587, P50=0.617620, P75=0.918793; coordinate_ratio(s<0.3/0.3<=s<0.8/s>=0.8)=0.392037/0.314968/0.292995; update_l2(s<0.3/0.3<=s<0.8/s>=0.8)=0.319645/0.354912/0.470282; global_update_l2=0.670299
2026-09-04 15:35:36,105 - INFO - Full evaluation profile: (1.0, 2, 11.424356)
2026-09-04 15:35:37,989 - INFO - Testing accuracy: 2.65
2026-09-04 15:35:37,990 - INFO - ********************************************************************************
2026-09-04 15:35:37,990 - INFO - Round   2
2026-09-04 15:35:48,959 - INFO - this epoch cost time:1.499000072479248
2026-09-04 15:35:48,959 - INFO - this epoch choose: [67, 78, 88, 98, 40, 84, 84, 34, 86, 29]
2026-09-04 15:35:48,960 - INFO - this epoch dispatch models: [4 3 4 2 4 5 6 2 4 1]
2026-09-04 15:35:48,960 - INFO - this epoch received models: [np.int64(4), np.int64(3), np.int64(4), np.int64(2), np.int64(4), np.int64(5), np.int64(6), np.int64(2), np.int64(4), np.int64(1)]
2026-09-04 15:35:48,960 - INFO - hetero_proportion: 	4:3:3
2026-09-04 15:35:50,113 - INFO - Support aggregation diagnostics: min_nonzero=0.091520, mean=0.497532, P25=0.091520, P50=0.402949, P75=0.899154; coordinate_ratio(s<0.3/0.3<=s<0.8/s>=0.8)=0.402282/0.304723/0.292995; update_l2(s<0.3/0.3<=s<0.8/s>=0.8)=0.238094/0.340579/0.474861; global_update_l2=0.631011
2026-09-04 15:35:50,132 - INFO - Full evaluation profile: (1.0, 2, 11.424356)
2026-09-04 15:35:52,334 - INFO - Testing accuracy: 4.41
2026-09-04 15:35:52,336 - INFO - ********************************************************************************
2026-09-04 15:35:52,336 - INFO - Round   3
2026-09-04 15:36:06,092 - INFO - this epoch cost time:1.5890002250671387
2026-09-04 15:36:06,092 - INFO - this epoch choose: [75, 73, 40, 70, 41, 3, 83, 74, 70, 48]
2026-09-04 15:36:06,092 - INFO - this epoch dispatch models: [1 6 0 6 5 1 1 5 6 1]
2026-09-04 15:36:06,092 - INFO - this epoch received models: [np.int64(1), np.int64(6), np.int64(0), np.int64(6), np.int64(5), np.int64(1), np.int64(1), np.int64(5), np.int64(6), np.int64(1)]
2026-09-04 15:36:06,092 - INFO - hetero_proportion: 	4:3:3
2026-09-04 15:36:07,282 - INFO - Support aggregation diagnostics: min_nonzero=0.291694, mean=0.526397, P25=0.291694, P50=0.489246, P75=0.489246; coordinate_ratio(s<0.3/0.3<=s<0.8/s>=0.8)=0.392037/0.376321/0.231642; update_l2(s<0.3/0.3<=s<0.8/s>=0.8)=0.384118/0.421414/0.528281; global_update_l2=0.777314
2026-09-04 15:36:07,299 - INFO - Full evaluation profile: (1.0, 2, 11.424356)
2026-09-04 15:36:09,625 - INFO - Testing accuracy: 6.78
2026-09-04 15:36:09,627 - INFO - ********************************************************************************
2026-09-04 15:36:09,627 - INFO - Round   4
2026-09-04 15:36:20,051 - INFO - this epoch cost time:1.4330074787139893
2026-09-04 15:36:20,051 - INFO - this epoch choose: [87, 27, 67, 92, 3, 67, 54, 88, 56, 63]
2026-09-04 15:36:20,051 - INFO - this epoch dispatch models: [1 0 4 1 0 0 5 3 2 1]
2026-09-04 15:36:20,051 - INFO - this epoch received models: [np.int64(1), np.int64(0), np.int64(4), np.int64(1), np.int64(0), np.int64(0), np.int64(5), np.int64(3), np.int64(2), np.int64(1)]
2026-09-04 15:36:20,051 - INFO - hetero_proportion: 	4:3:3
2026-09-04 15:36:20,434 - INFO - Support aggregation diagnostics: min_nonzero=0.118820, mean=0.326079, P25=0.000000, P50=0.227456, P75=0.417356; coordinate_ratio(s<0.3/0.3<=s<0.8/s>=0.8)=0.516115/0.298231/0.185655; update_l2(s<0.3/0.3<=s<0.8/s>=0.8)=0.230916/0.458085/0.508568; global_update_l2=0.722361
2026-09-04 15:36:20,452 - INFO - Full evaluation profile: (1.0, 2, 11.424356)
2026-09-04 15:36:22,387 - INFO - Testing accuracy: 7.63
2026-09-04 15:36:22,389 - INFO - ********************************************************************************
2026-09-04 15:36:22,389 - INFO - Round   5
2026-09-04 15:36:35,660 - INFO - this epoch cost time:2.2849996089935303
2026-09-04 15:36:35,660 - INFO - this epoch choose: [70, 77, 62, 77, 83, 28, 97, 69, 58, 2]
2026-09-04 15:36:35,660 - INFO - this epoch dispatch models: [0 6 3 6 5 1 1 3 4 0]
2026-09-04 15:36:35,660 - INFO - this epoch received models: [np.int64(0), np.int64(6), np.int64(3), np.int64(6), np.int64(5), np.int64(1), np.int64(1), np.int64(3), np.int64(4), np.int64(0)]
2026-09-04 15:36:35,660 - INFO - hetero_proportion: 	4:3:3
2026-09-04 15:36:35,956 - INFO - Support aggregation diagnostics: min_nonzero=0.155689, mean=0.464174, P25=0.155689, P50=0.293050, P75=0.601524; coordinate_ratio(s<0.3/0.3<=s<0.8/s>=0.8)=0.516115/0.298231/0.185655; update_l2(s<0.3/0.3<=s<0.8/s>=0.8)=0.423323/0.511358/0.535931; global_update_l2=0.853177
2026-09-04 15:36:35,975 - INFO - Full evaluation profile: (1.0, 2, 11.424356)
2026-09-04 15:36:37,980 - INFO - Testing accuracy: 8.68
2026-09-04 15:36:37,980 - INFO - ********************************************************************************
2026-09-04 15:36:37,980 - INFO - Round   6
2026-09-04 15:36:49,784 - INFO - this epoch cost time:1.8060002326965332
2026-09-04 15:36:49,784 - INFO - this epoch choose: [53, 93, 98, 71, 99, 82, 46, 51, 80, 92]
2026-09-04 15:36:49,784 - INFO - this epoch dispatch models: [1 3 4 2 4 0 5 3 1 2]
2026-09-04 15:36:49,785 - INFO - this epoch received models: [np.int64(1), np.int64(3), np.int64(4), np.int64(2), np.int64(4), np.int64(0), np.int64(5), np.int64(3), np.int64(1), np.int64(2)]
2026-09-04 15:36:49,785 - INFO - hetero_proportion: 	4:3:3
2026-09-04 15:36:51,338 - INFO - Support aggregation diagnostics: min_nonzero=0.109962, mean=0.384721, P25=0.000000, P50=0.308610, P75=0.651621; coordinate_ratio(s<0.3/0.3<=s<0.8/s>=0.8)=0.402282/0.395786/0.201932; update_l2(s<0.3/0.3<=s<0.8/s>=0.8)=0.058180/0.488816/0.551715; global_update_l2=0.739402
2026-09-04 15:36:51,359 - INFO - Full evaluation profile: (1.0, 2, 11.424356)
2026-09-04 15:36:53,440 - INFO - Testing accuracy: 10.20
2026-09-04 15:36:53,441 - INFO - ********************************************************************************
2026-09-04 15:36:53,441 - INFO - Round   7
2026-09-04 15:37:02,868 - INFO - this epoch cost time:1.1419999599456787
2026-09-04 15:37:02,868 - INFO - this epoch choose: [37, 47, 95, 42, 92, 91, 64, 99, 54, 72]
2026-09-04 15:37:02,868 - INFO - this epoch dispatch models: [0 4 1 2 2 1 0 6 1 3]
2026-09-04 15:37:02,868 - INFO - this epoch received models: [np.int64(0), np.int64(4), np.int64(1), np.int64(2), np.int64(2), np.int64(1), np.int64(0), np.int64(6), np.int64(1), np.int64(3)]
2026-09-04 15:37:02,868 - INFO - hetero_proportion: 	4:3:3
2026-09-04 15:37:03,255 - INFO - Support aggregation diagnostics: min_nonzero=0.101898, mean=0.376714, P25=0.101898, P50=0.266201, P75=0.477417; coordinate_ratio(s<0.3/0.3<=s<0.8/s>=0.8)=0.593173/0.221173/0.185655; update_l2(s<0.3/0.3<=s<0.8/s>=0.8)=0.347610/0.374775/0.496386; global_update_l2=0.712522
2026-09-04 15:37:03,273 - INFO - Full evaluation profile: (1.0, 2, 11.424356)
2026-09-04 15:37:05,186 - INFO - Testing accuracy: 10.71
2026-09-04 15:37:05,186 - INFO - ********************************************************************************
2026-09-04 15:37:05,186 - INFO - Round   8
2026-09-04 15:37:17,317 - INFO - this epoch cost time:1.7319998741149902
2026-09-04 15:37:17,317 - INFO - this epoch choose: [96, 98, 82, 52, 59, 36, 77, 98, 63, 64]
2026-09-04 15:37:17,318 - INFO - this epoch dispatch models: [6 5 4 3 5 1 3 6 0 0]
2026-09-04 15:37:17,318 - INFO - this epoch received models: [np.int64(6), np.int64(5), np.int64(4), np.int64(3), np.int64(5), np.int64(1), np.int64(3), np.int64(6), np.int64(0), np.int64(0)]
2026-09-04 15:37:17,318 - INFO - hetero_proportion: 	4:3:3
2026-09-04 15:37:17,665 - INFO - Support aggregation diagnostics: min_nonzero=0.200807, mean=0.512270, P25=0.200807, P50=0.395878, P75=0.664896; coordinate_ratio(s<0.3/0.3<=s<0.8/s>=0.8)=0.392037/0.422308/0.185655; update_l2(s<0.3/0.3<=s<0.8/s>=0.8)=0.282781/0.513530/0.462866; global_update_l2=0.746942
2026-09-04 15:37:17,683 - INFO - Full evaluation profile: (1.0, 2, 11.424356)
2026-09-04 15:37:19,687 - INFO - Testing accuracy: 10.93
2026-09-04 15:37:19,688 - INFO - ********************************************************************************
2026-09-04 15:37:19,688 - INFO - Round   9
2026-09-04 15:37:31,405 - INFO - this epoch cost time:1.4900000095367432
2026-09-04 15:37:31,405 - INFO - this epoch choose: [50, 75, 4, 70, 55, 95, 95, 82, 53, 85]
2026-09-04 15:37:31,405 - INFO - this epoch dispatch models: [2 2 1 3 4 2 6 6 0 0]
2026-09-04 15:37:31,406 - INFO - this epoch received models: [np.int64(2), np.int64(2), np.int64(1), np.int64(3), np.int64(4), np.int64(2), np.int64(6), np.int64(6), np.int64(0), np.int64(0)]
2026-09-04 15:37:31,406 - INFO - hetero_proportion: 	4:3:3
2026-09-04 15:37:32,738 - INFO - Support aggregation diagnostics: min_nonzero=0.170586, mean=0.456162, P25=0.170586, P50=0.413910, P75=0.680151; coordinate_ratio(s<0.3/0.3<=s<0.8/s>=0.8)=0.402282/0.412063/0.185655; update_l2(s<0.3/0.3<=s<0.8/s>=0.8)=0.214713/0.515184/0.520123; global_update_l2=0.762918
2026-09-04 15:37:32,758 - INFO - Full evaluation profile: (1.0, 2, 11.424356)
2026-09-04 15:37:34,843 - INFO - Testing accuracy: 12.34
2026-09-04 15:37:34,843 - INFO - ********************************************************************************
2026-09-04 15:37:34,843 - INFO - Round  10
2026-09-04 15:37:46,692 - INFO - this epoch cost time:1.9069998264312744
2026-09-04 15:37:46,692 - INFO - this epoch choose: [22, 46, 75, 96, 89, 99, 83, 87, 81, 45]
2026-09-04 15:37:46,692 - INFO - this epoch dispatch models: [1 1 5 3 0 0 5 5 6 4]
2026-09-04 15:37:46,693 - INFO - this epoch received models: [np.int64(1), np.int64(1), np.int64(5), np.int64(3), np.int64(0), np.int64(0), np.int64(5), np.int64(5), np.int64(6), np.int64(4)]
2026-09-04 15:37:46,693 - INFO - hetero_proportion: 	4:3:3
2026-09-04 15:37:47,103 - INFO - Support aggregation diagnostics: min_nonzero=0.127434, mean=0.487399, P25=0.127434, P50=0.445075, P75=0.638684; coordinate_ratio(s<0.3/0.3<=s<0.8/s>=0.8)=0.392037/0.406031/0.201932; update_l2(s<0.3/0.3<=s<0.8/s>=0.8)=0.315775/0.584013/0.529104; global_update_l2=0.848961
2026-09-04 15:37:47,122 - INFO - Full evaluation profile: (1.0, 2, 11.424356)
2026-09-04 15:37:49,536 - INFO - Testing accuracy: 15.49
2026-09-04 15:37:49,536 - INFO - ********************************************************************************
2026-09-04 15:37:49,536 - INFO - Round  11
2026-09-04 15:38:00,594 - INFO - this epoch cost time:1.7559998035430908
2026-09-04 15:38:00,594 - INFO - this epoch choose: [68, 91, 65, 46, 89, 50, 73, 93, 50, 63]
2026-09-04 15:38:00,594 - INFO - this epoch dispatch models: [5 6 2 4 3 5 3 5 0 3]
2026-09-04 15:38:00,594 - INFO - this epoch received models: [np.int64(5), np.int64(6), np.int64(2), np.int64(4), np.int64(3), np.int64(5), np.int64(3), np.int64(5), np.int64(0), np.int64(3)]
2026-09-04 15:38:00,594 - INFO - hetero_proportion: 	4:3:3
2026-09-04 15:38:00,934 - INFO - Support aggregation diagnostics: min_nonzero=0.120110, mean=0.537625, P25=0.120110, P50=0.483413, P75=0.920156; coordinate_ratio(s<0.3/0.3<=s<0.8/s>=0.8)=0.392037/0.156329/0.451633; update_l2(s<0.3/0.3<=s<0.8/s>=0.8)=0.252687/0.365914/0.547822; global_update_l2=0.705587
2026-09-04 15:38:00,953 - INFO - Full evaluation profile: (1.0, 2, 11.424356)
2026-09-04 15:38:02,977 - INFO - Testing accuracy: 15.92
2026-09-04 15:38:02,977 - INFO - ********************************************************************************
2026-09-04 15:38:02,977 - INFO - Round  12
2026-09-04 15:38:15,443 - INFO - this epoch cost time:1.5199999809265137
2026-09-04 15:38:15,443 - INFO - this epoch choose: [71, 86, 41, 85, 42, 59, 85, 78, 75, 77]
2026-09-04 15:38:15,443 - INFO - this epoch dispatch models: [4 3 4 6 4 5 4 1 0 4]
2026-09-04 15:38:15,443 - INFO - this epoch received models: [np.int64(4), np.int64(3), np.int64(4), np.int64(6), np.int64(4), np.int64(5), np.int64(4), np.int64(1), np.int64(0), np.int64(4)]
2026-09-04 15:38:15,443 - INFO - hetero_proportion: 	4:3:3
2026-09-04 15:38:16,769 - INFO - Support aggregation diagnostics: min_nonzero=0.100869, mean=0.491019, P25=0.100869, P50=0.197987, P75=0.809317; coordinate_ratio(s<0.3/0.3<=s<0.8/s>=0.8)=0.516115/0.032252/0.451633; update_l2(s<0.3/0.3<=s<0.8/s>=0.8)=0.366297/0.260770/0.619401; global_update_l2=0.765397
2026-09-04 15:38:16,789 - INFO - Full evaluation profile: (1.0, 2, 11.424356)
2026-09-04 15:38:18,727 - INFO - Testing accuracy: 14.61
2026-09-04 15:38:18,728 - INFO - ********************************************************************************
2026-09-04 15:38:18,728 - INFO - Round  13
2026-09-04 15:38:27,868 - INFO - this epoch cost time:1.2730002403259277
2026-09-04 15:38:27,868 - INFO - this epoch choose: [50, 82, 50, 21, 72, 29, 1, 98, 25, 74]
2026-09-04 15:38:27,868 - INFO - this epoch dispatch models: [2 0 5 2 4 1 1 0 2 4]
2026-09-04 15:38:27,868 - INFO - this epoch received models: [np.int64(2), np.int64(0), np.int64(5), np.int64(2), np.int64(4), np.int64(1), np.int64(1), np.int64(0), np.int64(2), np.int64(4)]
2026-09-04 15:38:27,868 - INFO - hetero_proportion: 	4:3:3
2026-09-04 15:38:28,169 - INFO - Support aggregation diagnostics: min_nonzero=0.077607, mean=0.358520, P25=0.000000, P50=0.278408, P75=0.599066; coordinate_ratio(s<0.3/0.3<=s<0.8/s>=0.8)=0.593173/0.175186/0.231642; update_l2(s<0.3/0.3<=s<0.8/s>=0.8)=0.230953/0.350419/0.551222; global_update_l2=0.692805
2026-09-04 15:38:28,187 - INFO - Full evaluation profile: (1.0, 2, 11.424356)
2026-09-04 15:38:30,062 - INFO - Testing accuracy: 17.16
2026-09-04 15:38:30,062 - INFO - ********************************************************************************
2026-09-04 15:38:30,063 - INFO - Round  14
2026-09-04 15:38:41,100 - INFO - this epoch cost time:1.4210000038146973
2026-09-04 15:38:41,100 - INFO - this epoch choose: [98, 70, 54, 51, 86, 62, 73, 45, 58, 98]
2026-09-04 15:38:41,100 - INFO - this epoch dispatch models: [4 0 4 1 6 4 1 0 2 3]
2026-09-04 15:38:41,101 - INFO - this epoch received models: [np.int64(4), np.int64(0), np.int64(4), np.int64(1), np.int64(6), np.int64(4), np.int64(1), np.int64(0), np.int64(2), np.int64(3)]
2026-09-04 15:38:41,101 - INFO - hetero_proportion: 	4:3:3
2026-09-04 15:38:41,425 - INFO - Support aggregation diagnostics: min_nonzero=0.104782, mean=0.409407, P25=0.104782, P50=0.210537, P75=0.574067; coordinate_ratio(s<0.3/0.3<=s<0.8/s>=0.8)=0.516115/0.298231/0.185655; update_l2(s<0.3/0.3<=s<0.8/s>=0.8)=0.372589/0.479287/0.494020; global_update_l2=0.782684
2026-09-04 15:38:41,443 - INFO - Full evaluation profile: (1.0, 2, 11.424356)
2026-09-04 15:38:43,315 - INFO - Testing accuracy: 16.92
2026-09-04 15:38:43,315 - INFO - ********************************************************************************
2026-09-04 15:38:43,315 - INFO - Round  15
2026-09-04 15:38:53,637 - INFO - this epoch cost time:1.5699996948242188
2026-09-04 15:38:53,637 - INFO - this epoch choose: [34, 84, 75, 78, 93, 0, 82, 94, 65, 16]
2026-09-04 15:38:53,638 - INFO - this epoch dispatch models: [1 2 4 4 2 2 6 0 1 2]
2026-09-04 15:38:53,638 - INFO - this epoch received models: [np.int64(1), np.int64(2), np.int64(4), np.int64(4), np.int64(2), np.int64(2), np.int64(6), np.int64(0), np.int64(1), np.int64(2)]
2026-09-04 15:38:53,638 - INFO - hetero_proportion: 	4:3:3
2026-09-04 15:38:54,705 - INFO - Support aggregation diagnostics: min_nonzero=0.100774, mean=0.424117, P25=0.100774, P50=0.308337, P75=0.690374; coordinate_ratio(s<0.3/0.3<=s<0.8/s>=0.8)=0.402282/0.366076/0.231642; update_l2(s<0.3/0.3<=s<0.8/s>=0.8)=0.172675/0.404918/0.531031; global_update_l2=0.689760
2026-09-04 15:38:54,723 - INFO - Full evaluation profile: (1.0, 2, 11.424356)
2026-09-04 15:38:56,373 - INFO - Testing accuracy: 17.55
2026-09-04 15:38:56,374 - INFO - ********************************************************************************
2026-09-04 15:38:56,374 - INFO - Round  16
2026-09-04 15:39:06,878 - INFO - this epoch cost time:1.858999490737915
2026-09-04 15:39:06,878 - INFO - this epoch choose: [86, 94, 71, 26, 83, 43, 61, 46, 76, 87]
2026-09-04 15:39:06,878 - INFO - this epoch dispatch models: [6 6 2 0 6 5 1 2 4 6]
2026-09-04 15:39:06,878 - INFO - this epoch received models: [np.int64(6), np.int64(6), np.int64(2), np.int64(0), np.int64(6), np.int64(5), np.int64(1), np.int64(2), np.int64(4), np.int64(6)]
2026-09-04 15:39:06,878 - INFO - hetero_proportion: 	4:3:3
2026-09-04 15:39:07,256 - INFO - Support aggregation diagnostics: min_nonzero=0.413153, mean=0.644163, P25=0.413153, P50=0.607626, P75=0.821666; coordinate_ratio(s<0.3/0.3<=s<0.8/s>=0.8)=0.000000/0.707005/0.292995; update_l2(s<0.3/0.3<=s<0.8/s>=0.8)=0.000000/0.394579/0.538906; global_update_l2=0.667916
2026-09-04 15:39:07,274 - INFO - Full evaluation profile: (1.0, 2, 11.424356)
2026-09-04 15:39:09,577 - INFO - Testing accuracy: 18.97
2026-09-04 15:39:09,578 - INFO - ********************************************************************************
2026-09-04 15:39:09,578 - INFO - Round  17
2026-09-04 15:39:21,231 - INFO - this epoch cost time:1.3990001678466797
2026-09-04 15:39:21,231 - INFO - this epoch choose: [25, 86, 66, 71, 45, 53, 44, 40, 74, 69]
2026-09-04 15:39:21,231 - INFO - this epoch dispatch models: [0 6 5 5 1 2 1 5 4 2]
2026-09-04 15:39:21,231 - INFO - this epoch received models: [np.int64(0), np.int64(6), np.int64(5), np.int64(5), np.int64(1), np.int64(2), np.int64(1), np.int64(5), np.int64(4), np.int64(2)]
2026-09-04 15:39:21,231 - INFO - hetero_proportion: 	4:3:3
2026-09-04 15:39:21,536 - INFO - Support aggregation diagnostics: min_nonzero=0.100804, mean=0.476139, P25=0.100804, P50=0.476716, P75=0.724144; coordinate_ratio(s<0.3/0.3<=s<0.8/s>=0.8)=0.392037/0.376321/0.231642; update_l2(s<0.3/0.3<=s<0.8/s>=0.8)=0.165198/0.406362/0.535803; global_update_l2=0.692464
2026-09-04 15:39:21,556 - INFO - Full evaluation profile: (1.0, 2, 11.424356)
2026-09-04 15:39:23,442 - INFO - Testing accuracy: 19.02
2026-09-04 15:39:23,442 - INFO - ********************************************************************************
2026-09-04 15:39:23,442 - INFO - Round  18
2026-09-04 15:39:34,866 - INFO - this epoch cost time:1.815000295639038
2026-09-04 15:39:34,866 - INFO - this epoch choose: [79, 90, 78, 42, 69, 76, 3, 91, 29, 81]
2026-09-04 15:39:34,866 - INFO - this epoch dispatch models: [0 5 0 1 5 0 1 3 1 1]
2026-09-04 15:39:34,866 - INFO - this epoch received models: [np.int64(0), np.int64(5), np.int64(0), np.int64(1), np.int64(5), np.int64(0), np.int64(1), np.int64(3), np.int64(1), np.int64(1)]
2026-09-04 15:39:34,866 - INFO - hetero_proportion: 	4:3:3
2026-09-04 15:39:35,181 - INFO - Support aggregation diagnostics: min_nonzero=0.239970, mean=0.332052, P25=0.000000, P50=0.239970, P75=0.337936; coordinate_ratio(s<0.3/0.3<=s<0.8/s>=0.8)=0.518657/0.295689/0.185655; update_l2(s<0.3/0.3<=s<0.8/s>=0.8)=0.408184/0.563513/0.499516; global_update_l2=0.856550
2026-09-04 15:39:35,199 - INFO - Full evaluation profile: (1.0, 2, 11.424356)
2026-09-04 15:39:36,922 - INFO - Testing accuracy: 19.25
2026-09-04 15:39:36,922 - INFO - ********************************************************************************
2026-09-04 15:39:36,922 - INFO - Round  19
2026-09-04 15:39:47,442 - INFO - this epoch cost time:1.4220006465911865
2026-09-04 15:39:47,442 - INFO - this epoch choose: [75, 75, 77, 51, 95, 72, 91, 70, 91, 32]
2026-09-04 15:39:47,442 - INFO - this epoch dispatch models: [6 5 4 4 3 6 5 0 3 0]
2026-09-04 15:39:47,442 - INFO - this epoch received models: [np.int64(6), np.int64(5), np.int64(4), np.int64(4), np.int64(3), np.int64(6), np.int64(5), np.int64(0), np.int64(3), np.int64(0)]
2026-09-04 15:39:47,442 - INFO - hetero_proportion: 	4:3:3
2026-09-04 15:39:48,185 - INFO - Support aggregation diagnostics: min_nonzero=0.189157, mean=0.543629, P25=0.189157, P50=0.415060, P75=0.798795; coordinate_ratio(s<0.3/0.3<=s<0.8/s>=0.8)=0.392037/0.422308/0.185655; update_l2(s<0.3/0.3<=s<0.8/s>=0.8)=0.194256/0.644966/0.460355; global_update_l2=0.815870
2026-09-04 15:39:48,203 - INFO - Full evaluation profile: (1.0, 2, 11.424356)
2026-09-04 15:39:50,391 - INFO - Testing accuracy: 18.82
2026-09-04 15:39:50,391 - INFO - ********************************************************************************
2026-09-04 15:39:50,391 - INFO - Round  20
2026-09-04 15:40:00,477 - INFO - this epoch cost time:1.295999526977539
2026-09-04 15:40:00,478 - INFO - this epoch choose: [42, 86, 9, 45, 95, 41, 68, 1, 88, 96]
2026-09-04 15:40:00,478 - INFO - this epoch dispatch models: [3 1 2 5 5 4 5 0 5 0]
2026-09-04 15:40:00,478 - INFO - this epoch received models: [np.int64(3), np.int64(1), np.int64(2), np.int64(5), np.int64(5), np.int64(4), np.int64(5), np.int64(0), np.int64(5), np.int64(0)]
2026-09-04 15:40:00,478 - INFO - hetero_proportion: 	4:3:3
2026-09-04 15:40:00,853 - INFO - Support aggregation diagnostics: min_nonzero=0.383300, mean=0.436797, P25=0.000000, P50=0.480915, P75=0.701590; coordinate_ratio(s<0.3/0.3<=s<0.8/s>=0.8)=0.392037/0.406031/0.201932; update_l2(s<0.3/0.3<=s<0.8/s>=0.8)=0.000000/0.512689/0.477608; global_update_l2=0.700685
2026-09-04 15:40:00,871 - INFO - Full evaluation profile: (1.0, 2, 11.424356)
2026-09-04 15:40:02,627 - INFO - Testing accuracy: 20.01
2026-09-04 15:40:02,628 - INFO - ********************************************************************************
2026-09-04 15:40:02,628 - INFO - Round  21
2026-09-04 15:40:14,897 - INFO - this epoch cost time:1.5909993648529053
2026-09-04 15:40:14,897 - INFO - this epoch choose: [57, 55, 34, 14, 91, 79, 75, 62, 37, 44]
2026-09-04 15:40:14,897 - INFO - this epoch dispatch models: [5 3 1 1 5 0 6 5 0 4]
2026-09-04 15:40:14,897 - INFO - this epoch received models: [np.int64(5), np.int64(3), np.int64(1), np.int64(1), np.int64(5), np.int64(0), np.int64(6), np.int64(5), np.int64(0), np.int64(4)]
2026-09-04 15:40:14,897 - INFO - hetero_proportion: 	4:3:3
2026-09-04 15:40:15,277 - INFO - Support aggregation diagnostics: min_nonzero=0.112339, mean=0.465116, P25=0.112339, P50=0.410223, P75=0.595956; coordinate_ratio(s<0.3/0.3<=s<0.8/s>=0.8)=0.392037/0.406031/0.201932; update_l2(s<0.3/0.3<=s<0.8/s>=0.8)=0.145386/0.491354/0.459224; global_update_l2=0.688079
2026-09-04 15:40:15,297 - INFO - Full evaluation profile: (1.0, 2, 11.424356)
2026-09-04 15:40:17,061 - INFO - Testing accuracy: 20.47
2026-09-04 15:40:17,061 - INFO - ********************************************************************************
2026-09-04 15:40:17,061 - INFO - Round  22
2026-09-04 15:40:28,201 - INFO - this epoch cost time:1.4840004444122314
2026-09-04 15:40:28,201 - INFO - this epoch choose: [21, 50, 56, 73, 21, 91, 78, 82, 85, 58]
2026-09-04 15:40:28,201 - INFO - this epoch dispatch models: [2 5 3 4 2 6 6 0 5 3]
2026-09-04 15:40:28,201 - INFO - this epoch received models: [np.int64(2), np.int64(5), np.int64(3), np.int64(4), np.int64(2), np.int64(6), np.int64(6), np.int64(0), np.int64(5), np.int64(3)]
2026-09-04 15:40:28,201 - INFO - hetero_proportion: 	4:3:3
2026-09-04 15:40:28,483 - INFO - Support aggregation diagnostics: min_nonzero=0.184587, mean=0.547954, P25=0.184587, P50=0.586907, P75=0.902838; coordinate_ratio(s<0.3/0.3<=s<0.8/s>=0.8)=0.392037/0.347220/0.260743; update_l2(s<0.3/0.3<=s<0.8/s>=0.8)=0.147387/0.423836/0.500517; global_update_l2=0.672218
2026-09-04 15:40:28,501 - INFO - Full evaluation profile: (1.0, 2, 11.424356)
2026-09-04 15:40:30,302 - INFO - Testing accuracy: 21.56
2026-09-04 15:40:30,303 - INFO - ********************************************************************************
2026-09-04 15:40:30,303 - INFO - Round  23
2026-09-04 15:40:40,160 - INFO - this epoch cost time:1.3319997787475586
2026-09-04 15:40:40,160 - INFO - this epoch choose: [69, 84, 60, 63, 60, 47, 41, 39, 82, 43]
2026-09-04 15:40:40,160 - INFO - this epoch dispatch models: [3 5 5 1 2 4 3 0 6 0]
2026-09-04 15:40:40,160 - INFO - this epoch received models: [np.int64(3), np.int64(5), np.int64(5), np.int64(1), np.int64(2), np.int64(4), np.int64(3), np.int64(0), np.int64(6), np.int64(0)]
2026-09-04 15:40:40,160 - INFO - hetero_proportion: 	4:3:3
2026-09-04 15:40:40,743 - INFO - Support aggregation diagnostics: min_nonzero=0.093650, mean=0.458487, P25=0.093650, P50=0.368011, P75=0.715855; coordinate_ratio(s<0.3/0.3<=s<0.8/s>=0.8)=0.402282/0.395786/0.201932; update_l2(s<0.3/0.3<=s<0.8/s>=0.8)=0.139965/0.528476/0.481783; global_update_l2=0.728692
2026-09-04 15:40:40,761 - INFO - Full evaluation profile: (1.0, 2, 11.424356)
2026-09-04 15:40:43,064 - INFO - Testing accuracy: 22.15
2026-09-04 15:40:43,064 - INFO - ********************************************************************************
2026-09-04 15:40:43,064 - INFO - Round  24
2026-09-04 15:40:52,735 - INFO - this epoch cost time:1.4800000190734863
2026-09-04 15:40:52,735 - INFO - this epoch choose: [66, 90, 24, 56, 73, 32, 93, 72, 53, 77]
2026-09-04 15:40:52,735 - INFO - this epoch dispatch models: [5 4 2 4 6 2 0 5 3 0]
2026-09-04 15:40:52,735 - INFO - this epoch received models: [np.int64(5), np.int64(4), np.int64(2), np.int64(4), np.int64(6), np.int64(2), np.int64(0), np.int64(5), np.int64(3), np.int64(0)]
2026-09-04 15:40:52,735 - INFO - hetero_proportion: 	4:3:3
2026-09-04 15:40:53,045 - INFO - Support aggregation diagnostics: min_nonzero=0.102964, mean=0.494212, P25=0.102964, P50=0.469594, P75=0.848299; coordinate_ratio(s<0.3/0.3<=s<0.8/s>=0.8)=0.402282/0.336975/0.260743; update_l2(s<0.3/0.3<=s<0.8/s>=0.8)=0.167010/0.409070/0.496165; global_update_l2=0.664387
2026-09-04 15:40:53,065 - INFO - Full evaluation profile: (1.0, 2, 11.424356)
2026-09-04 15:40:54,813 - INFO - Testing accuracy: 23.06
2026-09-04 15:40:54,814 - INFO - ********************************************************************************
2026-09-04 15:40:54,814 - INFO - Round  25
2026-09-04 15:41:05,889 - INFO - this epoch cost time:1.5939996242523193
2026-09-04 15:41:05,889 - INFO - this epoch choose: [55, 92, 41, 28, 2, 50, 49, 42, 92, 20]
2026-09-04 15:41:05,889 - INFO - this epoch dispatch models: [0 4 5 2 1 0 4 3 0 1]
2026-09-04 15:41:05,889 - INFO - this epoch received models: [np.int64(0), np.int64(4), np.int64(5), np.int64(2), np.int64(1), np.int64(0), np.int64(4), np.int64(3), np.int64(0), np.int64(1)]
2026-09-04 15:41:05,889 - INFO - hetero_proportion: 	4:3:3
2026-09-04 15:41:06,214 - INFO - Support aggregation diagnostics: min_nonzero=0.120274, mean=0.356499, P25=0.000000, P50=0.219457, P75=0.526696; coordinate_ratio(s<0.3/0.3<=s<0.8/s>=0.8)=0.516115/0.298231/0.185655; update_l2(s<0.3/0.3<=s<0.8/s>=0.8)=0.328035/0.499533/0.437055; global_update_l2=0.740377
2026-09-04 15:41:06,232 - INFO - Full evaluation profile: (1.0, 2, 11.424356)
2026-09-04 15:41:08,044 - INFO - Testing accuracy: 24.18
2026-09-04 15:41:08,045 - INFO - ********************************************************************************
2026-09-04 15:41:08,045 - INFO - Round  26
2026-09-04 15:41:18,021 - INFO - this epoch cost time:1.4449996948242188
2026-09-04 15:41:18,021 - INFO - this epoch choose: [57, 85, 72, 91, 67, 87, 93, 54, 80, 88]
2026-09-04 15:41:18,021 - INFO - this epoch dispatch models: [2 4 4 6 3 6 3 3 3 2]
2026-09-04 15:41:18,021 - INFO - this epoch received models: [np.int64(2), np.int64(4), np.int64(4), np.int64(6), np.int64(3), np.int64(6), np.int64(3), np.int64(3), np.int64(3), np.int64(2)]
2026-09-04 15:41:18,021 - INFO - hetero_proportion: 	4:3:3
2026-09-04 15:41:18,519 - INFO - Support aggregation diagnostics: min_nonzero=0.181042, mean=0.546348, P25=0.181042, P50=0.413962, P75=1.000000; coordinate_ratio(s<0.3/0.3<=s<0.8/s>=0.8)=0.402282/0.336975/0.260743; update_l2(s<0.3/0.3<=s<0.8/s>=0.8)=0.135564/0.401905/0.481801; global_update_l2=0.641902
2026-09-04 15:41:18,537 - INFO - Full evaluation profile: (1.0, 2, 11.424356)
2026-09-04 15:41:20,798 - INFO - Testing accuracy: 23.72
2026-09-04 15:41:20,799 - INFO - ********************************************************************************
2026-09-04 15:41:20,799 - INFO - Round  27
2026-09-04 15:41:31,492 - INFO - this epoch cost time:1.2890000343322754
2026-09-04 15:41:31,492 - INFO - this epoch choose: [73, 84, 54, 73, 90, 41, 65, 86, 76, 91]
2026-09-04 15:41:31,492 - INFO - this epoch dispatch models: [3 6 3 5 6 4 3 2 4 4]
2026-09-04 15:41:31,492 - INFO - this epoch received models: [np.int64(3), np.int64(6), np.int64(3), np.int64(5), np.int64(6), np.int64(4), np.int64(3), np.int64(2), np.int64(4), np.int64(4)]
2026-09-04 15:41:31,492 - INFO - hetero_proportion: 	4:3:3
2026-09-04 15:41:31,845 - INFO - Support aggregation diagnostics: min_nonzero=0.198389, mean=0.580344, P25=0.198389, P50=0.396386, P75=1.000000; coordinate_ratio(s<0.3/0.3<=s<0.8/s>=0.8)=0.402282/0.146084/0.451633; update_l2(s<0.3/0.3<=s<0.8/s>=0.8)=0.170874/0.386773/0.486204; global_update_l2=0.644349
2026-09-04 15:41:31,865 - INFO - Full evaluation profile: (1.0, 2, 11.424356)
2026-09-04 15:41:33,699 - INFO - Testing accuracy: 23.37
2026-09-04 15:41:33,700 - INFO - ********************************************************************************
2026-09-04 15:41:33,700 - INFO - Round  28
2026-09-04 15:41:45,339 - INFO - this epoch cost time:1.6510002613067627
2026-09-04 15:41:45,339 - INFO - this epoch choose: [41, 82, 80, 54, 43, 87, 79, 74, 53, 6]
2026-09-04 15:41:45,339 - INFO - this epoch dispatch models: [0 3 3 0 3 5 6 6 5 1]
2026-09-04 15:41:45,339 - INFO - this epoch received models: [np.int64(0), np.int64(3), np.int64(3), np.int64(0), np.int64(3), np.int64(5), np.int64(6), np.int64(6), np.int64(5), np.int64(1)]
2026-09-04 15:41:45,339 - INFO - hetero_proportion: 	4:3:3
2026-09-04 15:41:45,680 - INFO - Support aggregation diagnostics: min_nonzero=0.204250, mean=0.514968, P25=0.204250, P50=0.385720, P75=0.697550; coordinate_ratio(s<0.3/0.3<=s<0.8/s>=0.8)=0.392037/0.422308/0.185655; update_l2(s<0.3/0.3<=s<0.8/s>=0.8)=0.177240/0.573320/0.406919; global_update_l2=0.725047
2026-09-04 15:41:45,698 - INFO - Full evaluation profile: (1.0, 2, 11.424356)
2026-09-04 15:41:47,401 - INFO - Testing accuracy: 24.41
2026-09-04 15:41:47,401 - INFO - ********************************************************************************
2026-09-04 15:41:47,401 - INFO - Round  29
2026-09-04 15:41:57,443 - INFO - this epoch cost time:1.693000078201294
2026-09-04 15:41:57,443 - INFO - this epoch choose: [39, 9, 9, 39, 38, 95, 75, 53, 76, 32]
2026-09-04 15:41:57,443 - INFO - this epoch dispatch models: [0 2 2 2 0 2 6 1 4 0]
2026-09-04 15:41:57,443 - INFO - this epoch received models: [np.int64(0), np.int64(2), np.int64(2), np.int64(2), np.int64(0), np.int64(2), np.int64(6), np.int64(1), np.int64(4), np.int64(0)]
2026-09-04 15:41:57,443 - INFO - hetero_proportion: 	4:3:3
2026-09-04 15:41:58,454 - INFO - Support aggregation diagnostics: min_nonzero=0.127443, mean=0.408569, P25=0.127443, P50=0.225574, P75=0.604291; coordinate_ratio(s<0.3/0.3<=s<0.8/s>=0.8)=0.593173/0.221173/0.185655; update_l2(s<0.3/0.3<=s<0.8/s>=0.8)=0.234475/0.466597/0.397686; global_update_l2=0.656388
2026-09-04 15:41:58,472 - INFO - Full evaluation profile: (1.0, 2, 11.424356)
2026-09-04 15:42:00,405 - INFO - Testing accuracy: 23.86
2026-09-04 15:42:00,406 - INFO - ********************************************************************************
2026-09-04 15:42:00,406 - INFO - Round  30
2026-09-04 15:42:09,695 - INFO - this epoch cost time:1.2279994487762451
2026-09-04 15:42:09,695 - INFO - this epoch choose: [48, 40, 87, 4, 77, 27, 97, 88, 84, 21]
2026-09-04 15:42:09,695 - INFO - this epoch dispatch models: [4 4 6 1 3 1 4 6 6 1]
2026-09-04 15:42:09,695 - INFO - this epoch received models: [np.int64(4), np.int64(4), np.int64(6), np.int64(1), np.int64(3), np.int64(1), np.int64(4), np.int64(6), np.int64(6), np.int64(1)]
2026-09-04 15:42:09,695 - INFO - hetero_proportion: 	4:3:3
2026-09-04 15:42:09,916 - INFO - Support aggregation diagnostics: min_nonzero=0.260722, mean=0.539194, P25=0.260722, P50=0.260722, P75=0.697452; coordinate_ratio(s<0.3/0.3<=s<0.8/s>=0.8)=0.516115/0.252244/0.231642; update_l2(s<0.3/0.3<=s<0.8/s>=0.8)=0.300644/0.326311/0.472605; global_update_l2=0.648245
2026-09-04 15:42:09,939 - INFO - Full evaluation profile: (1.0, 2, 11.424356)
2026-09-04 15:42:12,176 - INFO - Testing accuracy: 24.99
2026-09-04 15:42:12,176 - INFO - ********************************************************************************
2026-09-04 15:42:12,176 - INFO - Round  31
2026-09-04 15:42:23,195 - INFO - this epoch cost time:1.444000244140625
2026-09-04 15:42:23,195 - INFO - this epoch choose: [99, 85, 89, 65, 71, 48, 25, 44, 73, 53]
2026-09-04 15:42:23,195 - INFO - this epoch dispatch models: [2 5 6 1 6 0 0 2 6 4]
2026-09-04 15:42:23,196 - INFO - this epoch received models: [np.int64(2), np.int64(5), np.int64(6), np.int64(1), np.int64(6), np.int64(0), np.int64(0), np.int64(2), np.int64(6), np.int64(4)]
2026-09-04 15:42:23,196 - INFO - hetero_proportion: 	4:3:3
2026-09-04 15:42:23,474 - INFO - Support aggregation diagnostics: min_nonzero=0.271509, mean=0.530292, P25=0.271509, P50=0.498800, P75=0.675870; coordinate_ratio(s<0.3/0.3<=s<0.8/s>=0.8)=0.392037/0.422308/0.185655; update_l2(s<0.3/0.3<=s<0.8/s>=0.8)=0.140501/0.468154/0.402307; global_update_l2=0.633056
2026-09-04 15:42:23,492 - INFO - Full evaluation profile: (1.0, 2, 11.424356)
2026-09-04 15:42:25,090 - INFO - Testing accuracy: 25.70
2026-09-04 15:42:25,090 - INFO - ********************************************************************************
2026-09-04 15:42:25,090 - INFO - Round  32
2026-09-04 15:42:36,397 - INFO - this epoch cost time:1.3599998950958252
2026-09-04 15:42:36,397 - INFO - this epoch choose: [73, 91, 55, 88, 24, 71, 13, 85, 64, 58]
2026-09-04 15:42:36,397 - INFO - this epoch dispatch models: [1 6 0 6 0 3 1 0 4 3]
2026-09-04 15:42:36,397 - INFO - this epoch received models: [np.int64(1), np.int64(6), np.int64(0), np.int64(6), np.int64(0), np.int64(3), np.int64(1), np.int64(0), np.int64(4), np.int64(3)]
2026-09-04 15:42:36,397 - INFO - hetero_proportion: 	4:3:3
2026-09-04 15:42:36,684 - INFO - Support aggregation diagnostics: min_nonzero=0.195500, mean=0.435029, P25=0.195500, P50=0.195500, P75=0.489139; coordinate_ratio(s<0.3/0.3<=s<0.8/s>=0.8)=0.518657/0.295689/0.185655; update_l2(s<0.3/0.3<=s<0.8/s>=0.8)=0.282290/0.449938/0.419179; global_update_l2=0.676641
2026-09-04 15:42:36,702 - INFO - Full evaluation profile: (1.0, 2, 11.424356)
2026-09-04 15:42:38,542 - INFO - Testing accuracy: 24.99
2026-09-04 15:42:38,543 - INFO - ********************************************************************************
2026-09-04 15:42:38,543 - INFO - Round  33
2026-09-04 15:42:49,357 - INFO - this epoch cost time:1.552999496459961
2026-09-04 15:42:49,357 - INFO - this epoch choose: [64, 71, 41, 80, 79, 97, 65, 97, 36, 2]
2026-09-04 15:42:49,357 - INFO - this epoch dispatch models: [2 3 4 6 5 6 4 3 0 0]
2026-09-04 15:42:49,357 - INFO - this epoch received models: [np.int64(2), np.int64(3), np.int64(4), np.int64(6), np.int64(5), np.int64(6), np.int64(4), np.int64(3), np.int64(0), np.int64(0)]
2026-09-04 15:42:49,357 - INFO - hetero_proportion: 	4:3:3
2026-09-04 15:42:49,909 - INFO - Support aggregation diagnostics: min_nonzero=0.216836, mean=0.530994, P25=0.216836, P50=0.398722, P75=0.785983; coordinate_ratio(s<0.3/0.3<=s<0.8/s>=0.8)=0.392037/0.422308/0.185655; update_l2(s<0.3/0.3<=s<0.8/s>=0.8)=0.180084/0.546597/0.392684; global_update_l2=0.696706
2026-09-04 15:42:49,927 - INFO - Full evaluation profile: (1.0, 2, 11.424356)
2026-09-04 15:42:52,201 - INFO - Testing accuracy: 26.05
2026-09-04 15:42:52,202 - INFO - ********************************************************************************
2026-09-04 15:42:52,202 - INFO - Round  34
2026-09-04 15:43:01,846 - INFO - this epoch cost time:1.18399977684021
2026-09-04 15:43:01,846 - INFO - this epoch choose: [20, 76, 97, 60, 95, 76, 17, 61, 67, 27]
2026-09-04 15:43:01,846 - INFO - this epoch dispatch models: [0 6 6 4 6 5 1 5 4 1]
2026-09-04 15:43:01,846 - INFO - this epoch received models: [np.int64(0), np.int64(6), np.int64(6), np.int64(4), np.int64(6), np.int64(5), np.int64(1), np.int64(5), np.int64(4), np.int64(1)]
2026-09-04 15:43:01,846 - INFO - hetero_proportion: 	4:3:3
2026-09-04 15:43:02,209 - INFO - Support aggregation diagnostics: min_nonzero=0.292901, mean=0.574581, P25=0.292901, P50=0.491071, P75=0.684451; coordinate_ratio(s<0.3/0.3<=s<0.8/s>=0.8)=0.392037/0.376321/0.231642; update_l2(s<0.3/0.3<=s<0.8/s>=0.8)=0.134467/0.412602/0.474541; global_update_l2=0.643048
2026-09-04 15:43:02,228 - INFO - Full evaluation profile: (1.0, 2, 11.424356)
2026-09-04 15:43:04,026 - INFO - Testing accuracy: 25.88
2026-09-04 15:43:04,026 - INFO - ********************************************************************************
2026-09-04 15:43:04,026 - INFO - Round  35
2026-09-04 15:43:16,950 - INFO - this epoch cost time:1.7760000228881836
2026-09-04 15:43:16,950 - INFO - this epoch choose: [34, 83, 12, 96, 64, 99, 75, 81, 98, 98]
2026-09-04 15:43:16,950 - INFO - this epoch dispatch models: [2 5 2 6 5 4 5 6 3 6]
2026-09-04 15:43:16,950 - INFO - this epoch received models: [np.int64(2), np.int64(5), np.int64(2), np.int64(6), np.int64(5), np.int64(4), np.int64(5), np.int64(6), np.int64(3), np.int64(6)]
2026-09-04 15:43:16,950 - INFO - hetero_proportion: 	4:3:3
2026-09-04 15:43:17,323 - INFO - Support aggregation diagnostics: min_nonzero=0.300818, mean=0.663476, P25=0.300818, P50=0.804719, P75=1.000000; coordinate_ratio(s<0.3/0.3<=s<0.8/s>=0.8)=0.000000/0.402282/0.597718; update_l2(s<0.3/0.3<=s<0.8/s>=0.8)=0.000000/0.185160/0.598149; global_update_l2=0.626152
2026-09-04 15:43:17,341 - INFO - Full evaluation profile: (1.0, 2, 11.424356)
2026-09-04 15:43:19,183 - INFO - Testing accuracy: 27.27
2026-09-04 15:43:19,183 - INFO - ********************************************************************************
2026-09-04 15:43:19,183 - INFO - Round  36
2026-09-04 15:43:30,611 - INFO - this epoch cost time:1.5970008373260498
2026-09-04 15:43:30,611 - INFO - this epoch choose: [93, 83, 68, 71, 98, 74, 55, 44, 86, 5]
2026-09-04 15:43:30,611 - INFO - this epoch dispatch models: [4 4 0 3 2 4 5 3 4 2]
2026-09-04 15:43:30,611 - INFO - this epoch received models: [np.int64(4), np.int64(4), np.int64(0), np.int64(3), np.int64(2), np.int64(4), np.int64(5), np.int64(3), np.int64(4), np.int64(2)]
2026-09-04 15:43:30,611 - INFO - hetero_proportion: 	4:3:3
2026-09-04 15:43:31,655 - INFO - Support aggregation diagnostics: min_nonzero=0.111456, mean=0.445258, P25=0.000000, P50=0.301359, P75=0.892621; coordinate_ratio(s<0.3/0.3<=s<0.8/s>=0.8)=0.402282/0.336975/0.260743; update_l2(s<0.3/0.3<=s<0.8/s>=0.8)=0.048157/0.429861/0.483941; global_update_l2=0.649076
2026-09-04 15:43:31,674 - INFO - Full evaluation profile: (1.0, 2, 11.424356)
2026-09-04 15:43:33,536 - INFO - Testing accuracy: 26.89
2026-09-04 15:43:33,536 - INFO - ********************************************************************************
2026-09-04 15:43:33,536 - INFO - Round  37
2026-09-04 15:43:42,802 - INFO - this epoch cost time:1.2170000076293945
2026-09-04 15:43:42,802 - INFO - this epoch choose: [72, 48, 21, 50, 98, 68, 27, 57, 97, 42]
2026-09-04 15:43:42,802 - INFO - this epoch dispatch models: [6 3 0 5 5 2 1 3 2 0]
2026-09-04 15:43:42,802 - INFO - this epoch received models: [np.int64(6), np.int64(3), np.int64(0), np.int64(5), np.int64(5), np.int64(2), np.int64(1), np.int64(3), np.int64(2), np.int64(0)]
2026-09-04 15:43:42,802 - INFO - hetero_proportion: 	4:3:3
2026-09-04 15:43:43,128 - INFO - Support aggregation diagnostics: min_nonzero=0.070501, mean=0.430943, P25=0.070501, P50=0.446506, P75=0.704597; coordinate_ratio(s<0.3/0.3<=s<0.8/s>=0.8)=0.402282/0.412063/0.185655; update_l2(s<0.3/0.3<=s<0.8/s>=0.8)=0.097370/0.488019/0.382365; global_update_l2=0.627571
2026-09-04 15:43:43,147 - INFO - Full evaluation profile: (1.0, 2, 11.424356)
2026-09-04 15:43:45,007 - INFO - Testing accuracy: 26.95
2026-09-04 15:43:45,008 - INFO - ********************************************************************************
2026-09-04 15:43:45,008 - INFO - Round  38
2026-09-04 15:43:55,318 - INFO - this epoch cost time:1.3309996128082275
2026-09-04 15:43:55,318 - INFO - this epoch choose: [78, 64, 93, 32, 63, 61, 43, 14, 79, 30]
2026-09-04 15:43:55,318 - INFO - this epoch dispatch models: [5 1 4 1 3 3 1 2 6 0]
2026-09-04 15:43:55,318 - INFO - this epoch received models: [np.int64(5), np.int64(1), np.int64(4), np.int64(1), np.int64(3), np.int64(3), np.int64(1), np.int64(2), np.int64(6), np.int64(0)]
2026-09-04 15:43:55,318 - INFO - hetero_proportion: 	4:3:3
2026-09-04 15:43:55,596 - INFO - Support aggregation diagnostics: min_nonzero=0.112570, mean=0.428768, P25=0.112570, P50=0.328142, P75=0.598888; coordinate_ratio(s<0.3/0.3<=s<0.8/s>=0.8)=0.402282/0.395786/0.201932; update_l2(s<0.3/0.3<=s<0.8/s>=0.8)=0.148952/0.484111/0.413230; global_update_l2=0.653689
2026-09-04 15:43:55,616 - INFO - Full evaluation profile: (1.0, 2, 11.424356)
2026-09-04 15:43:57,449 - INFO - Testing accuracy: 28.12
2026-09-04 15:43:57,449 - INFO - ********************************************************************************
2026-09-04 15:43:57,449 - INFO - Round  39
2026-09-04 15:44:08,012 - INFO - this epoch cost time:1.3350000381469727
2026-09-04 15:44:08,012 - INFO - this epoch choose: [77, 89, 92, 62, 74, 74, 75, 89, 73, 60]
2026-09-04 15:44:08,012 - INFO - this epoch dispatch models: [2 4 6 0 6 2 4 3 6 4]
2026-09-04 15:44:08,012 - INFO - this epoch received models: [np.int64(2), np.int64(4), np.int64(6), np.int64(0), np.int64(6), np.int64(2), np.int64(4), np.int64(3), np.int64(6), np.int64(4)]
2026-09-04 15:44:08,012 - INFO - hetero_proportion: 	4:3:3
2026-09-04 15:44:08,654 - INFO - Support aggregation diagnostics: min_nonzero=0.316545, mean=0.600405, P25=0.316545, P50=0.522581, P75=0.904683; coordinate_ratio(s<0.3/0.3<=s<0.8/s>=0.8)=0.000000/0.707005/0.292995; update_l2(s<0.3/0.3<=s<0.8/s>=0.8)=0.000000/0.361515/0.527788; global_update_l2=0.639729
2026-09-04 15:44:08,674 - INFO - Full evaluation profile: (1.0, 2, 11.424356)
2026-09-04 15:44:10,848 - INFO - Testing accuracy: 27.06
2026-09-04 15:44:10,848 - INFO - ********************************************************************************
2026-09-04 15:44:10,848 - INFO - Round  40
2026-09-04 15:44:21,537 - INFO - this epoch cost time:1.3189997673034668
2026-09-04 15:44:21,537 - INFO - this epoch choose: [71, 66, 9, 64, 97, 90, 49, 96, 16, 43]
2026-09-04 15:44:21,537 - INFO - this epoch dispatch models: [6 3 0 5 6 5 4 6 2 2]
2026-09-04 15:44:21,537 - INFO - this epoch received models: [np.int64(6), np.int64(3), np.int64(0), np.int64(5), np.int64(6), np.int64(5), np.int64(4), np.int64(6), np.int64(2), np.int64(2)]
2026-09-04 15:44:21,537 - INFO - hetero_proportion: 	4:3:3
2026-09-04 15:44:21,785 - INFO - Support aggregation diagnostics: min_nonzero=0.297171, mean=0.616838, P25=0.297171, P50=0.689171, P75=0.904195; coordinate_ratio(s<0.3/0.3<=s<0.8/s>=0.8)=0.392037/0.314968/0.292995; update_l2(s<0.3/0.3<=s<0.8/s>=0.8)=0.137926/0.287763/0.504094; global_update_l2=0.596609
2026-09-04 15:44:21,804 - INFO - Full evaluation profile: (1.0, 2, 11.424356)
2026-09-04 15:44:24,024 - INFO - Testing accuracy: 28.74
2026-09-04 15:44:24,024 - INFO - ********************************************************************************
2026-09-04 15:44:24,024 - INFO - Round  41
2026-09-04 15:44:35,319 - INFO - this epoch cost time:1.7860002517700195
2026-09-04 15:44:35,319 - INFO - this epoch choose: [47, 78, 75, 90, 48, 9, 73, 70, 54, 88]
2026-09-04 15:44:35,319 - INFO - this epoch dispatch models: [4 1 2 5 1 1 1 0 5 6]
2026-09-04 15:44:35,319 - INFO - this epoch received models: [np.int64(4), np.int64(1), np.int64(2), np.int64(5), np.int64(1), np.int64(1), np.int64(1), np.int64(0), np.int64(5), np.int64(6)]
2026-09-04 15:44:35,319 - INFO - hetero_proportion: 	4:3:3
2026-09-04 15:44:35,647 - INFO - Support aggregation diagnostics: min_nonzero=0.091843, mean=0.418400, P25=0.091843, P50=0.388287, P75=0.502377; coordinate_ratio(s<0.3/0.3<=s<0.8/s>=0.8)=0.392037/0.376321/0.231642; update_l2(s<0.3/0.3<=s<0.8/s>=0.8)=0.109346/0.377022/0.461428; global_update_l2=0.605820
2026-09-04 15:44:35,666 - INFO - Full evaluation profile: (1.0, 2, 11.424356)
2026-09-04 15:44:37,585 - INFO - Testing accuracy: 28.41
2026-09-04 15:44:37,585 - INFO - ********************************************************************************
2026-09-04 15:44:37,585 - INFO - Round  42
2026-09-04 15:44:49,325 - INFO - this epoch cost time:1.511000156402588
2026-09-04 15:44:49,325 - INFO - this epoch choose: [45, 57, 63, 37, 72, 74, 14, 69, 35, 13]
2026-09-04 15:44:49,325 - INFO - this epoch dispatch models: [5 4 4 2 2 3 1 4 0 0]
2026-09-04 15:44:49,325 - INFO - this epoch received models: [np.int64(5), np.int64(4), np.int64(4), np.int64(2), np.int64(2), np.int64(3), np.int64(1), np.int64(4), np.int64(0), np.int64(0)]
2026-09-04 15:44:49,326 - INFO - hetero_proportion: 	4:3:3
2026-09-04 15:44:49,599 - INFO - Support aggregation diagnostics: min_nonzero=0.094907, mean=0.393981, P25=0.000000, P50=0.245818, P75=0.691975; coordinate_ratio(s<0.3/0.3<=s<0.8/s>=0.8)=0.516115/0.281953/0.201932; update_l2(s<0.3/0.3<=s<0.8/s>=0.8)=0.270823/0.439064/0.452822; global_update_l2=0.686418
2026-09-04 15:44:49,619 - INFO - Full evaluation profile: (1.0, 2, 11.424356)
2026-09-04 15:44:51,484 - INFO - Testing accuracy: 28.42
2026-09-04 15:44:51,485 - INFO - ********************************************************************************
2026-09-04 15:44:51,485 - INFO - Round  43
2026-09-04 15:45:00,660 - INFO - this epoch cost time:1.174999713897705
2026-09-04 15:45:00,660 - INFO - this epoch choose: [95, 42, 37, 40, 78, 82, 1, 11, 52, 47]
2026-09-04 15:45:00,660 - INFO - this epoch dispatch models: [6 3 2 4 1 3 1 1 2 5]
2026-09-04 15:45:00,660 - INFO - this epoch received models: [np.int64(6), np.int64(3), np.int64(2), np.int64(4), np.int64(1), np.int64(3), np.int64(1), np.int64(1), np.int64(2), np.int64(5)]
2026-09-04 15:45:00,660 - INFO - hetero_proportion: 	4:3:3
2026-09-04 15:45:01,290 - INFO - Support aggregation diagnostics: min_nonzero=0.088095, mean=0.442991, P25=0.088095, P50=0.370362, P75=0.696790; coordinate_ratio(s<0.3/0.3<=s<0.8/s>=0.8)=0.402282/0.395786/0.201932; update_l2(s<0.3/0.3<=s<0.8/s>=0.8)=0.110021/0.438698/0.378076; global_update_l2=0.589493
2026-09-04 15:45:01,308 - INFO - Full evaluation profile: (1.0, 2, 11.424356)
2026-09-04 15:45:03,496 - INFO - Testing accuracy: 28.83
2026-09-04 15:45:03,496 - INFO - ********************************************************************************
2026-09-04 15:45:03,496 - INFO - Round  44
2026-09-04 15:45:13,893 - INFO - this epoch cost time:1.2089998722076416
2026-09-04 15:45:13,894 - INFO - this epoch choose: [92, 96, 90, 71, 24, 55, 75, 66, 20, 47]
2026-09-04 15:45:13,894 - INFO - this epoch dispatch models: [5 4 5 6 0 3 0 4 2 3]
2026-09-04 15:45:13,894 - INFO - this epoch received models: [np.int64(5), np.int64(4), np.int64(5), np.int64(6), np.int64(0), np.int64(3), np.int64(0), np.int64(4), np.int64(2), np.int64(3)]
2026-09-04 15:45:13,894 - INFO - hetero_proportion: 	4:3:3
2026-09-04 15:45:14,221 - INFO - Support aggregation diagnostics: min_nonzero=0.097505, mean=0.481621, P25=0.097505, P50=0.409405, P75=0.785029; coordinate_ratio(s<0.3/0.3<=s<0.8/s>=0.8)=0.392037/0.422308/0.185655; update_l2(s<0.3/0.3<=s<0.8/s>=0.8)=0.109010/0.473911/0.362124; global_update_l2=0.606307
2026-09-04 15:45:14,241 - INFO - Full evaluation profile: (1.0, 2, 11.424356)
2026-09-04 15:45:16,049 - INFO - Testing accuracy: 29.75
2026-09-04 15:45:16,049 - INFO - ********************************************************************************
2026-09-04 15:45:16,049 - INFO - Round  45
2026-09-04 15:45:26,943 - INFO - this epoch cost time:1.5040006637573242
2026-09-04 15:45:26,943 - INFO - this epoch choose: [68, 21, 87, 55, 50, 95, 13, 55, 99, 64]
2026-09-04 15:45:26,944 - INFO - this epoch dispatch models: [5 1 1 4 4 0 2 1 6 3]
2026-09-04 15:45:26,944 - INFO - this epoch received models: [np.int64(5), np.int64(1), np.int64(1), np.int64(4), np.int64(4), np.int64(0), np.int64(2), np.int64(1), np.int64(6), np.int64(3)]
2026-09-04 15:45:26,944 - INFO - hetero_proportion: 	4:3:3
2026-09-04 15:45:27,299 - INFO - Support aggregation diagnostics: min_nonzero=0.097495, mean=0.436588, P25=0.097495, P50=0.329854, P75=0.618998; coordinate_ratio(s<0.3/0.3<=s<0.8/s>=0.8)=0.402282/0.366076/0.231642; update_l2(s<0.3/0.3<=s<0.8/s>=0.8)=0.141245/0.438306/0.474666; global_update_l2=0.661339
2026-09-04 15:45:27,317 - INFO - Full evaluation profile: (1.0, 2, 11.424356)
2026-09-04 15:45:29,029 - INFO - Testing accuracy: 29.05
2026-09-04 15:45:29,030 - INFO - ********************************************************************************
2026-09-04 15:45:29,030 - INFO - Round  46
2026-09-04 15:45:39,814 - INFO - this epoch cost time:1.5450000762939453
2026-09-04 15:45:39,814 - INFO - this epoch choose: [95, 69, 37, 70, 56, 91, 61, 60, 73, 53]
2026-09-04 15:45:39,814 - INFO - this epoch dispatch models: [6 0 1 0 5 2 2 4 6 3]
2026-09-04 15:45:39,814 - INFO - this epoch received models: [np.int64(6), np.int64(0), np.int64(1), np.int64(0), np.int64(5), np.int64(2), np.int64(2), np.int64(4), np.int64(6), np.int64(3)]
2026-09-04 15:45:39,814 - INFO - hetero_proportion: 	4:3:3
2026-09-04 15:45:40,472 - INFO - Support aggregation diagnostics: min_nonzero=0.163110, mean=0.463455, P25=0.163110, P50=0.446075, P75=0.655869; coordinate_ratio(s<0.3/0.3<=s<0.8/s>=0.8)=0.402282/0.412063/0.185655; update_l2(s<0.3/0.3<=s<0.8/s>=0.8)=0.097391/0.445136/0.410872; global_update_l2=0.613552
2026-09-04 15:45:40,493 - INFO - Full evaluation profile: (1.0, 2, 11.424356)
2026-09-04 15:45:42,621 - INFO - Testing accuracy: 29.43
2026-09-04 15:45:42,621 - INFO - ********************************************************************************
2026-09-04 15:45:42,621 - INFO - Round  47
2026-09-04 15:45:52,957 - INFO - this epoch cost time:1.6030004024505615
2026-09-04 15:45:52,957 - INFO - this epoch choose: [83, 40, 5, 3, 40, 37, 92, 78, 60, 57]
2026-09-04 15:45:52,957 - INFO - this epoch dispatch models: [2 2 2 0 5 2 0 4 5 1]
2026-09-04 15:45:52,957 - INFO - this epoch received models: [np.int64(2), np.int64(2), np.int64(2), np.int64(0), np.int64(5), np.int64(2), np.int64(0), np.int64(4), np.int64(5), np.int64(1)]
2026-09-04 15:45:52,957 - INFO - hetero_proportion: 	4:3:3
2026-09-04 15:45:53,211 - INFO - Support aggregation diagnostics: min_nonzero=0.182403, mean=0.383124, P25=0.000000, P50=0.251656, P75=0.678903; coordinate_ratio(s<0.3/0.3<=s<0.8/s>=0.8)=0.593173/0.221173/0.185655; update_l2(s<0.3/0.3<=s<0.8/s>=0.8)=0.157170/0.466188/0.393763; global_update_l2=0.630145
2026-09-04 15:45:53,229 - INFO - Full evaluation profile: (1.0, 2, 11.424356)
2026-09-04 15:45:54,990 - INFO - Testing accuracy: 29.21
2026-09-04 15:45:54,990 - INFO - ********************************************************************************
2026-09-04 15:45:54,990 - INFO - Round  48
2026-09-04 15:46:05,495 - INFO - this epoch cost time:1.543999433517456
2026-09-04 15:46:05,495 - INFO - this epoch choose: [65, 40, 51, 44, 72, 99, 40, 89, 69, 47]
2026-09-04 15:46:05,495 - INFO - this epoch dispatch models: [5 0 2 3 6 6 0 6 4 3]
2026-09-04 15:46:05,495 - INFO - this epoch received models: [np.int64(5), np.int64(0), np.int64(2), np.int64(3), np.int64(6), np.int64(6), np.int64(0), np.int64(6), np.int64(4), np.int64(3)]
2026-09-04 15:46:05,495 - INFO - hetero_proportion: 	4:3:3
2026-09-04 15:46:05,778 - INFO - Support aggregation diagnostics: min_nonzero=0.253735, mean=0.548874, P25=0.253735, P50=0.465856, P75=0.791720; coordinate_ratio(s<0.3/0.3<=s<0.8/s>=0.8)=0.392037/0.422308/0.185655; update_l2(s<0.3/0.3<=s<0.8/s>=0.8)=0.103844/0.501030/0.385490; global_update_l2=0.640638
2026-09-04 15:46:05,797 - INFO - Full evaluation profile: (1.0, 2, 11.424356)
2026-09-04 15:46:07,557 - INFO - Testing accuracy: 30.13
2026-09-04 15:46:07,557 - INFO - ********************************************************************************
2026-09-04 15:46:07,557 - INFO - Round  49
2026-09-04 15:46:19,145 - INFO - this epoch cost time:1.5929999351501465
2026-09-04 15:46:19,145 - INFO - this epoch choose: [56, 53, 79, 94, 97, 69, 97, 88, 60, 91]
2026-09-04 15:46:19,145 - INFO - this epoch dispatch models: [3 3 0 6 3 1 6 2 0 6]
2026-09-04 15:46:19,145 - INFO - this epoch received models: [np.int64(3), np.int64(3), np.int64(0), np.int64(6), np.int64(3), np.int64(1), np.int64(6), np.int64(2), np.int64(0), np.int64(6)]
2026-09-04 15:46:19,145 - INFO - hetero_proportion: 	4:3:3
2026-09-04 15:46:19,495 - INFO - Support aggregation diagnostics: min_nonzero=0.276401, mean=0.520018, P25=0.276401, P50=0.368471, P75=0.679756; coordinate_ratio(s<0.3/0.3<=s<0.8/s>=0.8)=0.402282/0.395786/0.201932; update_l2(s<0.3/0.3<=s<0.8/s>=0.8)=0.113087/0.425066/0.410509; global_update_l2=0.601654
2026-09-04 15:46:19,514 - INFO - Full evaluation profile: (1.0, 2, 11.424356)
2026-09-04 15:46:21,346 - INFO - Testing accuracy: 29.00
2026-09-04 15:46:21,347 - INFO - ********************************************************************************
2026-09-04 15:46:21,347 - INFO - Round  50
2026-09-04 15:46:32,739 - INFO - this epoch cost time:1.6259996891021729
2026-09-04 15:46:32,739 - INFO - this epoch choose: [45, 78, 51, 69, 53, 59, 52, 55, 81, 10]
2026-09-04 15:46:32,739 - INFO - this epoch dispatch models: [1 6 4 2 3 4 5 4 6 2]
2026-09-04 15:46:32,739 - INFO - this epoch received models: [np.int64(1), np.int64(6), np.int64(4), np.int64(2), np.int64(3), np.int64(4), np.int64(5), np.int64(4), np.int64(6), np.int64(2)]
2026-09-04 15:46:32,739 - INFO - hetero_proportion: 	4:3:3
2026-09-04 15:46:33,308 - INFO - Support aggregation diagnostics: min_nonzero=0.192343, mean=0.546742, P25=0.192343, P50=0.488441, P75=0.906603; coordinate_ratio(s<0.3/0.3<=s<0.8/s>=0.8)=0.402282/0.307265/0.290453; update_l2(s<0.3/0.3<=s<0.8/s>=0.8)=0.173608/0.334240/0.489838; global_update_l2=0.617897
2026-09-04 15:46:33,327 - INFO - Full evaluation profile: (1.0, 2, 11.424356)
2026-09-04 15:46:35,573 - INFO - Testing accuracy: 30.41
2026-09-04 15:46:35,574 - INFO - ********************************************************************************
2026-09-04 15:46:35,574 - INFO - Round  51
2026-09-04 15:46:46,664 - INFO - this epoch cost time:1.5149993896484375
2026-09-04 15:46:46,664 - INFO - this epoch choose: [96, 35, 11, 94, 68, 11, 81, 76, 81, 61]
2026-09-04 15:46:46,664 - INFO - this epoch dispatch models: [6 1 2 6 5 0 5 3 5 3]
2026-09-04 15:46:46,664 - INFO - this epoch received models: [np.int64(6), np.int64(1), np.int64(2), np.int64(6), np.int64(5), np.int64(0), np.int64(5), np.int64(3), np.int64(5), np.int64(3)]
2026-09-04 15:46:46,664 - INFO - hetero_proportion: 	4:3:3
2026-09-04 15:46:47,036 - INFO - Support aggregation diagnostics: min_nonzero=0.179511, mean=0.555738, P25=0.179511, P50=0.638515, P75=0.810831; coordinate_ratio(s<0.3/0.3<=s<0.8/s>=0.8)=0.392037/0.347220/0.260743; update_l2(s<0.3/0.3<=s<0.8/s>=0.8)=0.129411/0.467634/0.494611; global_update_l2=0.692870
2026-09-04 15:46:47,054 - INFO - Full evaluation profile: (1.0, 2, 11.424356)
2026-09-04 15:46:48,849 - INFO - Testing accuracy: 29.04
2026-09-04 15:46:48,849 - INFO - ********************************************************************************
2026-09-04 15:46:48,849 - INFO - Round  52
2026-09-04 15:46:59,822 - INFO - this epoch cost time:1.3990001678466797
2026-09-04 15:46:59,822 - INFO - this epoch choose: [29, 82, 39, 71, 41, 23, 40, 95, 74, 97]
2026-09-04 15:46:59,822 - INFO - this epoch dispatch models: [2 6 0 6 0 0 0 6 2 4]
2026-09-04 15:46:59,822 - INFO - this epoch received models: [np.int64(2), np.int64(6), np.int64(0), np.int64(6), np.int64(0), np.int64(0), np.int64(0), np.int64(6), np.int64(2), np.int64(4)]
2026-09-04 15:46:59,822 - INFO - hetero_proportion: 	4:3:3
2026-09-04 15:47:00,104 - INFO - Support aggregation diagnostics: min_nonzero=0.269672, mean=0.479370, P25=0.269672, P50=0.367734, P75=0.570581; coordinate_ratio(s<0.3/0.3<=s<0.8/s>=0.8)=0.402282/0.412063/0.185655; update_l2(s<0.3/0.3<=s<0.8/s>=0.8)=0.119005/0.431379/0.408620; global_update_l2=0.605987
2026-09-04 15:47:00,121 - INFO - Full evaluation profile: (1.0, 2, 11.424356)
2026-09-04 15:47:02,001 - INFO - Testing accuracy: 29.81
2026-09-04 15:47:02,001 - INFO - ********************************************************************************
2026-09-04 15:47:02,001 - INFO - Round  53
2026-09-04 15:47:12,708 - INFO - this epoch cost time:1.6019999980926514
2026-09-04 15:47:12,708 - INFO - this epoch choose: [38, 55, 42, 12, 69, 78, 77, 76, 45, 55]
2026-09-04 15:47:12,708 - INFO - this epoch dispatch models: [0 4 1 2 1 2 4 1 3 5]
2026-09-04 15:47:12,708 - INFO - this epoch received models: [np.int64(0), np.int64(4), np.int64(1), np.int64(2), np.int64(1), np.int64(2), np.int64(4), np.int64(1), np.int64(3), np.int64(5)]
2026-09-04 15:47:12,708 - INFO - hetero_proportion: 	4:3:3
2026-09-04 15:47:13,798 - INFO - Support aggregation diagnostics: min_nonzero=0.114411, mean=0.371918, P25=0.000000, P50=0.279649, P75=0.580227; coordinate_ratio(s<0.3/0.3<=s<0.8/s>=0.8)=0.516115/0.252244/0.231642; update_l2(s<0.3/0.3<=s<0.8/s>=0.8)=0.270758/0.324818/0.476052; global_update_l2=0.636744
2026-09-04 15:47:13,816 - INFO - Full evaluation profile: (1.0, 2, 11.424356)
2026-09-04 15:47:15,704 - INFO - Testing accuracy: 30.49
2026-09-04 15:47:15,704 - INFO - ********************************************************************************
2026-09-04 15:47:15,705 - INFO - Round  54
2026-09-04 15:47:25,391 - INFO - this epoch cost time:1.4090001583099365
2026-09-04 15:47:25,391 - INFO - this epoch choose: [28, 41, 31, 51, 72, 57, 70, 9, 93, 9]
2026-09-04 15:47:25,391 - INFO - this epoch dispatch models: [1 5 1 2 6 4 1 0 6 2]
2026-09-04 15:47:25,391 - INFO - this epoch received models: [np.int64(1), np.int64(5), np.int64(1), np.int64(2), np.int64(6), np.int64(4), np.int64(1), np.int64(0), np.int64(6), np.int64(2)]
2026-09-04 15:47:25,391 - INFO - hetero_proportion: 	4:3:3
2026-09-04 15:47:25,591 - INFO - Support aggregation diagnostics: min_nonzero=0.122242, mean=0.437866, P25=0.122242, P50=0.373406, P75=0.588140; coordinate_ratio(s<0.3/0.3<=s<0.8/s>=0.8)=0.402282/0.366076/0.231642; update_l2(s<0.3/0.3<=s<0.8/s>=0.8)=0.097209/0.409498/0.481789; global_update_l2=0.639733
2026-09-04 15:47:25,610 - INFO - Full evaluation profile: (1.0, 2, 11.424356)
2026-09-04 15:47:27,838 - INFO - Testing accuracy: 31.40
2026-09-04 15:47:27,839 - INFO - ********************************************************************************
2026-09-04 15:47:27,839 - INFO - Round  55
2026-09-04 15:47:38,890 - INFO - this epoch cost time:1.682999849319458
2026-09-04 15:47:38,890 - INFO - this epoch choose: [41, 81, 1, 37, 96, 90, 62, 71, 60, 95]
2026-09-04 15:47:38,890 - INFO - this epoch dispatch models: [5 1 2 0 0 5 3 4 1 5]
2026-09-04 15:47:38,890 - INFO - this epoch received models: [np.int64(5), np.int64(1), np.int64(2), np.int64(0), np.int64(0), np.int64(5), np.int64(3), np.int64(4), np.int64(1), np.int64(5)]
2026-09-04 15:47:38,890 - INFO - hetero_proportion: 	4:3:3
2026-09-04 15:47:39,157 - INFO - Support aggregation diagnostics: min_nonzero=0.312415, mean=0.400004, P25=0.000000, P50=0.398485, P75=0.586167; coordinate_ratio(s<0.3/0.3<=s<0.8/s>=0.8)=0.392037/0.406031/0.201932; update_l2(s<0.3/0.3<=s<0.8/s>=0.8)=0.000000/0.414949/0.403151; global_update_l2=0.578545
2026-09-04 15:47:39,176 - INFO - Full evaluation profile: (1.0, 2, 11.424356)
2026-09-04 15:47:40,936 - INFO - Testing accuracy: 29.84
2026-09-04 15:47:40,936 - INFO - ********************************************************************************
2026-09-04 15:47:40,936 - INFO - Round  56
2026-09-04 15:47:52,232 - INFO - this epoch cost time:1.7169992923736572
2026-09-04 15:47:52,232 - INFO - this epoch choose: [19, 46, 64, 94, 90, 41, 44, 72, 85, 51]
2026-09-04 15:47:52,232 - INFO - this epoch dispatch models: [0 4 0 6 3 2 4 3 2 4]
2026-09-04 15:47:52,232 - INFO - this epoch received models: [np.int64(0), np.int64(4), np.int64(0), np.int64(6), np.int64(3), np.int64(2), np.int64(4), np.int64(3), np.int64(2), np.int64(4)]
2026-09-04 15:47:52,233 - INFO - hetero_proportion: 	4:3:3
2026-09-04 15:47:52,547 - INFO - Support aggregation diagnostics: min_nonzero=0.085475, mean=0.446525, P25=0.085475, P50=0.313409, P75=0.805738; coordinate_ratio(s<0.3/0.3<=s<0.8/s>=0.8)=0.402282/0.336975/0.260743; update_l2(s<0.3/0.3<=s<0.8/s>=0.8)=0.102707/0.370300/0.456903; global_update_l2=0.597018
2026-09-04 15:47:52,565 - INFO - Full evaluation profile: (1.0, 2, 11.424356)
2026-09-04 15:47:54,324 - INFO - Testing accuracy: 30.55
2026-09-04 15:47:54,325 - INFO - ********************************************************************************
2026-09-04 15:47:54,325 - INFO - Round  57
2026-09-04 15:48:03,851 - INFO - this epoch cost time:1.476999282836914
2026-09-04 15:48:03,851 - INFO - this epoch choose: [22, 89, 19, 18, 92, 95, 40, 39, 46, 90]
2026-09-04 15:48:03,851 - INFO - this epoch dispatch models: [2 4 0 0 5 4 2 2 4 2]
2026-09-04 15:48:03,851 - INFO - this epoch received models: [np.int64(2), np.int64(4), np.int64(0), np.int64(0), np.int64(5), np.int64(4), np.int64(2), np.int64(2), np.int64(4), np.int64(2)]
2026-09-04 15:48:03,851 - INFO - hetero_proportion: 	4:3:3
2026-09-04 15:48:04,365 - INFO - Support aggregation diagnostics: min_nonzero=0.102313, mean=0.403113, P25=0.000000, P50=0.377370, P75=0.794332; coordinate_ratio(s<0.3/0.3<=s<0.8/s>=0.8)=0.402282/0.412063/0.185655; update_l2(s<0.3/0.3<=s<0.8/s>=0.8)=0.037948/0.423163/0.330274; global_update_l2=0.538134
2026-09-04 15:48:04,383 - INFO - Full evaluation profile: (1.0, 2, 11.424356)
2026-09-04 15:48:06,674 - INFO - Testing accuracy: 31.18
2026-09-04 15:48:06,675 - INFO - ********************************************************************************
2026-09-04 15:48:06,675 - INFO - Round  58
2026-09-04 15:48:17,547 - INFO - this epoch cost time:1.4180004596710205
2026-09-04 15:48:17,547 - INFO - this epoch choose: [86, 93, 98, 77, 37, 48, 97, 53, 49, 74]
2026-09-04 15:48:17,547 - INFO - this epoch dispatch models: [6 3 5 0 0 4 3 4 3 3]
2026-09-04 15:48:17,547 - INFO - this epoch received models: [np.int64(6), np.int64(3), np.int64(5), np.int64(0), np.int64(0), np.int64(4), np.int64(3), np.int64(4), np.int64(3), np.int64(3)]
2026-09-04 15:48:17,547 - INFO - hetero_proportion: 	4:3:3
2026-09-04 15:48:17,916 - INFO - Support aggregation diagnostics: min_nonzero=0.105852, mean=0.484307, P25=0.105852, P50=0.189513, P75=0.825216; coordinate_ratio(s<0.3/0.3<=s<0.8/s>=0.8)=0.516115/0.032252/0.451633; update_l2(s<0.3/0.3<=s<0.8/s>=0.8)=0.341747/0.307556/0.537693; global_update_l2=0.707457
2026-09-04 15:48:17,936 - INFO - Full evaluation profile: (1.0, 2, 11.424356)
2026-09-04 15:48:19,949 - INFO - Testing accuracy: 30.65
2026-09-04 15:48:19,949 - INFO - ********************************************************************************
2026-09-04 15:48:19,949 - INFO - Round  59
2026-09-04 15:48:32,809 - INFO - this epoch cost time:2.313999652862549
2026-09-04 15:48:32,809 - INFO - this epoch choose: [98, 92, 71, 89, 60, 92, 79, 91, 83, 98]
2026-09-04 15:48:32,809 - INFO - this epoch dispatch models: [4 0 6 5 3 5 1 4 4 3]
2026-09-04 15:48:32,809 - INFO - this epoch received models: [np.int64(4), np.int64(0), np.int64(6), np.int64(5), np.int64(3), np.int64(5), np.int64(1), np.int64(4), np.int64(4), np.int64(3)]
2026-09-04 15:48:32,809 - INFO - hetero_proportion: 	4:3:3
2026-09-04 15:48:33,242 - INFO - Support aggregation diagnostics: min_nonzero=0.101885, mean=0.497343, P25=0.101885, P50=0.276574, P75=0.800040; coordinate_ratio(s<0.3/0.3<=s<0.8/s>=0.8)=0.516115/0.032252/0.451633; update_l2(s<0.3/0.3<=s<0.8/s>=0.8)=0.217120/0.248498/0.496878; global_update_l2=0.596473
2026-09-04 15:48:33,261 - INFO - Full evaluation profile: (1.0, 2, 11.424356)
2026-09-04 15:48:35,173 - INFO - Testing accuracy: 30.71
2026-09-04 15:48:35,173 - INFO - ********************************************************************************
2026-09-04 15:48:35,173 - INFO - Round  60
2026-09-04 15:48:46,935 - INFO - this epoch cost time:1.9059972763061523
2026-09-04 15:48:46,935 - INFO - this epoch choose: [70, 95, 88, 76, 22, 79, 83, 68, 20, 6]
2026-09-04 15:48:46,935 - INFO - this epoch dispatch models: [2 2 2 6 2 6 6 2 0 2]
2026-09-04 15:48:46,935 - INFO - this epoch received models: [np.int64(2), np.int64(2), np.int64(2), np.int64(6), np.int64(2), np.int64(6), np.int64(6), np.int64(2), np.int64(0), np.int64(2)]
2026-09-04 15:48:46,935 - INFO - hetero_proportion: 	4:3:3
2026-09-04 15:48:47,564 - INFO - Support aggregation diagnostics: min_nonzero=0.329261, mean=0.579086, P25=0.329261, P50=0.329261, P75=0.895782; coordinate_ratio(s<0.3/0.3<=s<0.8/s>=0.8)=0.000000/0.593173/0.406827; update_l2(s<0.3/0.3<=s<0.8/s>=0.8)=0.000000/0.203147/0.509896; global_update_l2=0.548873
2026-09-04 15:48:47,581 - INFO - Full evaluation profile: (1.0, 2, 11.424356)
2026-09-04 15:48:49,849 - INFO - Testing accuracy: 31.20
2026-09-04 15:48:49,849 - INFO - ********************************************************************************
2026-09-04 15:48:49,849 - INFO - Round  61
2026-09-04 15:48:59,271 - INFO - this epoch cost time:1.2780001163482666
2026-09-04 15:48:59,271 - INFO - this epoch choose: [91, 97, 82, 31, 78, 89, 44, 87, 57, 91]
2026-09-04 15:48:59,271 - INFO - this epoch dispatch models: [1 6 5 2 6 3 5 0 0 5]
2026-09-04 15:48:59,271 - INFO - this epoch received models: [np.int64(1), np.int64(6), np.int64(5), np.int64(2), np.int64(6), np.int64(3), np.int64(5), np.int64(0), np.int64(0), np.int64(5)]
2026-09-04 15:48:59,271 - INFO - hetero_proportion: 	4:3:3
2026-09-04 15:48:59,535 - INFO - Support aggregation diagnostics: min_nonzero=0.192196, mean=0.521534, P25=0.192196, P50=0.590635, P75=0.675362; coordinate_ratio(s<0.3/0.3<=s<0.8/s>=0.8)=0.392037/0.422308/0.185655; update_l2(s<0.3/0.3<=s<0.8/s>=0.8)=0.096433/0.398675/0.344763; global_update_l2=0.535820
2026-09-04 15:48:59,553 - INFO - Full evaluation profile: (1.0, 2, 11.424356)
2026-09-04 15:49:01,352 - INFO - Testing accuracy: 31.22
2026-09-04 15:49:01,353 - INFO - ********************************************************************************
2026-09-04 15:49:01,353 - INFO - Round  62
2026-09-04 15:49:13,047 - INFO - this epoch cost time:1.7200000286102295
2026-09-04 15:49:13,047 - INFO - this epoch choose: [67, 87, 56, 69, 84, 68, 69, 40, 65, 96]
2026-09-04 15:49:13,047 - INFO - this epoch dispatch models: [5 6 5 1 6 1 3 3 5 6]
2026-09-04 15:49:13,047 - INFO - this epoch received models: [np.int64(5), np.int64(6), np.int64(5), np.int64(1), np.int64(6), np.int64(1), np.int64(3), np.int64(3), np.int64(5), np.int64(6)]
2026-09-04 15:49:13,047 - INFO - hetero_proportion: 	4:3:3
2026-09-04 15:49:13,382 - INFO - Support aggregation diagnostics: min_nonzero=0.250347, mean=0.576145, P25=0.250347, P50=0.517330, P75=0.752228; coordinate_ratio(s<0.3/0.3<=s<0.8/s>=0.8)=0.392037/0.406031/0.201932; update_l2(s<0.3/0.3<=s<0.8/s>=0.8)=0.118517/0.454966/0.427455; global_update_l2=0.635420
2026-09-04 15:49:13,400 - INFO - Full evaluation profile: (1.0, 2, 11.424356)
2026-09-04 15:49:15,195 - INFO - Testing accuracy: 31.83
2026-09-04 15:49:15,196 - INFO - ********************************************************************************
2026-09-04 15:49:15,196 - INFO - Round  63
2026-09-04 15:49:26,364 - INFO - this epoch cost time:1.438000202178955
2026-09-04 15:49:26,364 - INFO - this epoch choose: [61, 75, 33, 71, 41, 90, 90, 53, 76, 2]
2026-09-04 15:49:26,364 - INFO - this epoch dispatch models: [3 6 1 3 3 3 6 1 3 0]
2026-09-04 15:49:26,364 - INFO - this epoch received models: [np.int64(3), np.int64(6), np.int64(1), np.int64(3), np.int64(3), np.int64(3), np.int64(6), np.int64(1), np.int64(3), np.int64(0)]
2026-09-04 15:49:26,364 - INFO - hetero_proportion: 	4:3:3
2026-09-04 15:49:27,128 - INFO - Support aggregation diagnostics: min_nonzero=0.221106, mean=0.505036, P25=0.221106, P50=0.221106, P75=0.712265; coordinate_ratio(s<0.3/0.3<=s<0.8/s>=0.8)=0.518657/0.279412/0.201932; update_l2(s<0.3/0.3<=s<0.8/s>=0.8)=0.269685/0.382414/0.406747; global_update_l2=0.620011
2026-09-04 15:49:27,146 - INFO - Full evaluation profile: (1.0, 2, 11.424356)
2026-09-04 15:49:29,257 - INFO - Testing accuracy: 31.38
2026-09-04 15:49:29,258 - INFO - ********************************************************************************
2026-09-04 15:49:29,258 - INFO - Round  64
2026-09-04 15:49:39,870 - INFO - this epoch cost time:1.3929998874664307
2026-09-04 15:49:39,870 - INFO - this epoch choose: [43, 84, 45, 77, 48, 75, 74, 74, 56, 93]
2026-09-04 15:49:39,870 - INFO - this epoch dispatch models: [4 5 0 5 5 2 6 6 4 4]
2026-09-04 15:49:39,870 - INFO - this epoch received models: [np.int64(4), np.int64(5), np.int64(0), np.int64(5), np.int64(5), np.int64(2), np.int64(6), np.int64(6), np.int64(4), np.int64(4)]
2026-09-04 15:49:39,870 - INFO - hetero_proportion: 	4:3:3
2026-09-04 15:49:40,180 - INFO - Support aggregation diagnostics: min_nonzero=0.224490, mean=0.597478, P25=0.224490, P50=0.643657, P75=0.898960; coordinate_ratio(s<0.3/0.3<=s<0.8/s>=0.8)=0.392037/0.314968/0.292995; update_l2(s<0.3/0.3<=s<0.8/s>=0.8)=0.152557/0.298552/0.474835; global_update_l2=0.581271
2026-09-04 15:49:40,199 - INFO - Full evaluation profile: (1.0, 2, 11.424356)
2026-09-04 15:49:42,338 - INFO - Testing accuracy: 31.07
2026-09-04 15:49:42,339 - INFO - ********************************************************************************
2026-09-04 15:49:42,339 - INFO - Round  65
2026-09-04 15:49:52,846 - INFO - this epoch cost time:1.437999963760376
2026-09-04 15:49:52,846 - INFO - this epoch choose: [35, 50, 88, 65, 51, 78, 45, 54, 62, 40]
2026-09-04 15:49:52,846 - INFO - this epoch dispatch models: [2 0 6 3 5 2 4 5 0 4]
2026-09-04 15:49:52,846 - INFO - this epoch received models: [np.int64(2), np.int64(0), np.int64(6), np.int64(3), np.int64(5), np.int64(2), np.int64(4), np.int64(5), np.int64(0), np.int64(4)]
2026-09-04 15:49:52,846 - INFO - hetero_proportion: 	4:3:3
2026-09-04 15:49:53,123 - INFO - Support aggregation diagnostics: min_nonzero=0.103227, mean=0.498901, P25=0.103227, P50=0.524685, P75=0.827527; coordinate_ratio(s<0.3/0.3<=s<0.8/s>=0.8)=0.392037/0.347220/0.260743; update_l2(s<0.3/0.3<=s<0.8/s>=0.8)=0.101255/0.391498/0.433969; global_update_l2=0.593172
2026-09-04 15:49:53,142 - INFO - Full evaluation profile: (1.0, 2, 11.424356)
2026-09-04 15:49:54,969 - INFO - Testing accuracy: 32.27
2026-09-04 15:49:54,970 - INFO - ********************************************************************************
2026-09-04 15:49:54,970 - INFO - Round  66
2026-09-04 15:50:07,197 - INFO - this epoch cost time:2.05899977684021
2026-09-04 15:50:07,197 - INFO - this epoch choose: [75, 73, 40, 72, 97, 83, 98, 56, 99, 83]
2026-09-04 15:50:07,197 - INFO - this epoch dispatch models: [6 5 2 3 4 2 4 1 3 4]
2026-09-04 15:50:07,197 - INFO - this epoch received models: [np.int64(6), np.int64(5), np.int64(2), np.int64(3), np.int64(4), np.int64(2), np.int64(4), np.int64(1), np.int64(3), np.int64(4)]
2026-09-04 15:50:07,197 - INFO - hetero_proportion: 	4:3:3
2026-09-04 15:50:07,484 - INFO - Support aggregation diagnostics: min_nonzero=0.112909, mean=0.505843, P25=0.112909, P50=0.435454, P75=0.903651; coordinate_ratio(s<0.3/0.3<=s<0.8/s>=0.8)=0.402282/0.307265/0.290453; update_l2(s<0.3/0.3<=s<0.8/s>=0.8)=0.066289/0.266331/0.482467; global_update_l2=0.555068
2026-09-04 15:50:07,503 - INFO - Full evaluation profile: (1.0, 2, 11.424356)
2026-09-04 15:50:09,265 - INFO - Testing accuracy: 30.30
2026-09-04 15:50:09,266 - INFO - ********************************************************************************
2026-09-04 15:50:09,266 - INFO - Round  67
2026-09-04 15:50:19,651 - INFO - this epoch cost time:1.3640000820159912
2026-09-04 15:50:19,651 - INFO - this epoch choose: [80, 93, 54, 30, 60, 85, 91, 70, 28, 92]
2026-09-04 15:50:19,651 - INFO - this epoch dispatch models: [3 0 3 0 4 6 6 3 0 6]
2026-09-04 15:50:19,651 - INFO - this epoch received models: [np.int64(3), np.int64(0), np.int64(3), np.int64(0), np.int64(4), np.int64(6), np.int64(6), np.int64(3), np.int64(0), np.int64(6)]
2026-09-04 15:50:19,651 - INFO - hetero_proportion: 	4:3:3
2026-09-04 15:50:20,433 - INFO - Support aggregation diagnostics: min_nonzero=0.297313, mean=0.551993, P25=0.297313, P50=0.297313, P75=0.753115; coordinate_ratio(s<0.3/0.3<=s<0.8/s>=0.8)=0.516115/0.298231/0.185655; update_l2(s<0.3/0.3<=s<0.8/s>=0.8)=0.274361/0.464851/0.375487; global_update_l2=0.657534
2026-09-04 15:50:20,452 - INFO - Full evaluation profile: (1.0, 2, 11.424356)
2026-09-04 15:50:22,709 - INFO - Testing accuracy: 32.54
2026-09-04 15:50:22,709 - INFO - ********************************************************************************
2026-09-04 15:50:22,709 - INFO - Round  68
2026-09-04 15:50:34,059 - INFO - this epoch cost time:2.0739996433258057
2026-09-04 15:50:34,059 - INFO - this epoch choose: [83, 61, 75, 78, 99, 86, 98, 81, 78, 90]
2026-09-04 15:50:34,059 - INFO - this epoch dispatch models: [6 5 3 1 6 4 4 5 6 6]
2026-09-04 15:50:34,059 - INFO - this epoch received models: [np.int64(6), np.int64(5), np.int64(3), np.int64(1), np.int64(6), np.int64(4), np.int64(4), np.int64(5), np.int64(6), np.int64(6)]
2026-09-04 15:50:34,059 - INFO - hetero_proportion: 	4:3:3
2026-09-04 15:50:34,382 - INFO - Support aggregation diagnostics: min_nonzero=0.416364, mean=0.704042, P25=0.416364, P50=0.630855, P75=0.930032; coordinate_ratio(s<0.3/0.3<=s<0.8/s>=0.8)=0.000000/0.516115/0.483885; update_l2(s<0.3/0.3<=s<0.8/s>=0.8)=0.000000/0.222313/0.431066; global_update_l2=0.485016
2026-09-04 15:50:34,401 - INFO - Full evaluation profile: (1.0, 2, 11.424356)
2026-09-04 15:50:36,350 - INFO - Testing accuracy: 31.59
2026-09-04 15:50:36,350 - INFO - ********************************************************************************
2026-09-04 15:50:36,350 - INFO - Round  69
2026-09-04 15:50:46,789 - INFO - this epoch cost time:1.4150009155273438
2026-09-04 15:50:46,789 - INFO - this epoch choose: [28, 43, 98, 9, 88, 65, 82, 47, 50, 65]
2026-09-04 15:50:46,789 - INFO - this epoch dispatch models: [2 5 5 2 4 2 1 2 3 1]
2026-09-04 15:50:46,789 - INFO - this epoch received models: [np.int64(2), np.int64(5), np.int64(5), np.int64(2), np.int64(4), np.int64(2), np.int64(1), np.int64(2), np.int64(3), np.int64(1)]
2026-09-04 15:50:46,789 - INFO - hetero_proportion: 	4:3:3
2026-09-04 15:50:47,063 - INFO - Support aggregation diagnostics: min_nonzero=0.206176, mean=0.425283, P25=0.000000, P50=0.391024, P75=0.801600; coordinate_ratio(s<0.3/0.3<=s<0.8/s>=0.8)=0.402282/0.307265/0.290453; update_l2(s<0.3/0.3<=s<0.8/s>=0.8)=0.038038/0.282765/0.448661; global_update_l2=0.531695
2026-09-04 15:50:47,083 - INFO - Full evaluation profile: (1.0, 2, 11.424356)
2026-09-04 15:50:48,896 - INFO - Testing accuracy: 31.99
2026-09-04 15:50:48,896 - INFO - ********************************************************************************
2026-09-04 15:50:48,896 - INFO - Round  70
2026-09-04 15:51:00,344 - INFO - this epoch cost time:1.7899999618530273
2026-09-04 15:51:00,344 - INFO - this epoch choose: [89, 90, 96, 53, 79, 38, 84, 59, 94, 75]
2026-09-04 15:51:00,344 - INFO - this epoch dispatch models: [5 5 3 3 6 0 4 3 3 5]
2026-09-04 15:51:00,344 - INFO - this epoch received models: [np.int64(5), np.int64(5), np.int64(3), np.int64(3), np.int64(6), np.int64(0), np.int64(4), np.int64(3), np.int64(3), np.int64(5)]
2026-09-04 15:51:00,344 - INFO - hetero_proportion: 	4:3:3
2026-09-04 15:51:00,896 - INFO - Support aggregation diagnostics: min_nonzero=0.100596, mean=0.533435, P25=0.100596, P50=0.412326, P75=0.906759; coordinate_ratio(s<0.3/0.3<=s<0.8/s>=0.8)=0.392037/0.156329/0.451633; update_l2(s<0.3/0.3<=s<0.8/s>=0.8)=0.110309/0.257887/0.418988; global_update_l2=0.504207
2026-09-04 15:51:00,914 - INFO - Full evaluation profile: (1.0, 2, 11.424356)
2026-09-04 15:51:02,670 - INFO - Testing accuracy: 32.52
2026-09-04 15:51:02,671 - INFO - ********************************************************************************
2026-09-04 15:51:02,671 - INFO - Round  71
2026-09-04 15:51:11,494 - INFO - this epoch cost time:1.1519999504089355
2026-09-04 15:51:11,494 - INFO - this epoch choose: [63, 50, 92, 89, 94, 84, 78, 45, 15, 97]
2026-09-04 15:51:11,494 - INFO - this epoch dispatch models: [3 3 6 0 2 6 3 5 1 5]
2026-09-04 15:51:11,494 - INFO - this epoch received models: [np.int64(3), np.int64(3), np.int64(6), np.int64(0), np.int64(2), np.int64(6), np.int64(3), np.int64(5), np.int64(1), np.int64(5)]
2026-09-04 15:51:11,494 - INFO - hetero_proportion: 	4:3:3
2026-09-04 15:51:11,751 - INFO - Support aggregation diagnostics: min_nonzero=0.209212, mean=0.553529, P25=0.209212, P50=0.536893, P75=0.816911; coordinate_ratio(s<0.3/0.3<=s<0.8/s>=0.8)=0.392037/0.347220/0.260743; update_l2(s<0.3/0.3<=s<0.8/s>=0.8)=0.088229/0.317686/0.375491; global_update_l2=0.499703
2026-09-04 15:51:11,769 - INFO - Full evaluation profile: (1.0, 2, 11.424356)
2026-09-04 15:51:13,955 - INFO - Testing accuracy: 32.83
2026-09-04 15:51:13,955 - INFO - ********************************************************************************
2026-09-04 15:51:13,955 - INFO - Round  72
2026-09-04 15:51:24,000 - INFO - this epoch cost time:1.3429999351501465
2026-09-04 15:51:24,000 - INFO - this epoch choose: [78, 65, 88, 64, 51, 19, 78, 67, 27, 72]
2026-09-04 15:51:24,000 - INFO - this epoch dispatch models: [3 2 6 5 3 2 6 5 2 0]
2026-09-04 15:51:24,000 - INFO - this epoch received models: [np.int64(3), np.int64(2), np.int64(6), np.int64(5), np.int64(3), np.int64(2), np.int64(6), np.int64(5), np.int64(2), np.int64(0)]
2026-09-04 15:51:24,000 - INFO - hetero_proportion: 	4:3:3
2026-09-04 15:51:24,333 - INFO - Support aggregation diagnostics: min_nonzero=0.195038, mean=0.555160, P25=0.195038, P50=0.610843, P75=0.921433; coordinate_ratio(s<0.3/0.3<=s<0.8/s>=0.8)=0.392037/0.347220/0.260743; update_l2(s<0.3/0.3<=s<0.8/s>=0.8)=0.068284/0.330994/0.391721; global_update_l2=0.517364
2026-09-04 15:51:24,351 - INFO - Full evaluation profile: (1.0, 2, 11.424356)
2026-09-04 15:51:26,198 - INFO - Testing accuracy: 33.50
2026-09-04 15:51:26,199 - INFO - ********************************************************************************
2026-09-04 15:51:26,199 - INFO - Round  73
2026-09-04 15:51:36,398 - INFO - this epoch cost time:1.7519991397857666
2026-09-04 15:51:36,398 - INFO - this epoch choose: [86, 96, 6, 71, 87, 82, 91, 81, 44, 49]
2026-09-04 15:51:36,398 - INFO - this epoch dispatch models: [4 0 1 3 0 6 0 0 1 2]
2026-09-04 15:51:36,398 - INFO - this epoch received models: [np.int64(4), np.int64(0), np.int64(1), np.int64(3), np.int64(0), np.int64(6), np.int64(0), np.int64(0), np.int64(1), np.int64(2)]
2026-09-04 15:51:36,398 - INFO - hetero_proportion: 	4:3:3
2026-09-04 15:51:37,220 - INFO - Support aggregation diagnostics: min_nonzero=0.093594, mean=0.356948, P25=0.093594, P50=0.223109, P75=0.432050; coordinate_ratio(s<0.3/0.3<=s<0.8/s>=0.8)=0.516115/0.298231/0.185655; update_l2(s<0.3/0.3<=s<0.8/s>=0.8)=0.323513/0.434547/0.399558; global_update_l2=0.673155
2026-09-04 15:51:37,239 - INFO - Full evaluation profile: (1.0, 2, 11.424356)
2026-09-04 15:51:39,154 - INFO - Testing accuracy: 31.87
2026-09-04 15:51:39,154 - INFO - ********************************************************************************
2026-09-04 15:51:39,154 - INFO - Round  74
2026-09-04 15:51:47,842 - INFO - this epoch cost time:1.3799993991851807
2026-09-04 15:51:47,842 - INFO - this epoch choose: [72, 97, 50, 69, 93, 5, 67, 11, 91, 78]
2026-09-04 15:51:47,842 - INFO - this epoch dispatch models: [4 6 4 2 0 1 0 0 5 6]
2026-09-04 15:51:47,842 - INFO - this epoch received models: [np.int64(4), np.int64(6), np.int64(4), np.int64(2), np.int64(0), np.int64(1), np.int64(0), np.int64(0), np.int64(5), np.int64(6)]
2026-09-04 15:51:47,842 - INFO - hetero_proportion: 	4:3:3
2026-09-04 15:51:48,169 - INFO - Support aggregation diagnostics: min_nonzero=0.190497, mean=0.475051, P25=0.190497, P50=0.459227, P75=0.613481; coordinate_ratio(s<0.3/0.3<=s<0.8/s>=0.8)=0.392037/0.422308/0.185655; update_l2(s<0.3/0.3<=s<0.8/s>=0.8)=0.058876/0.377666/0.321906; global_update_l2=0.499722
2026-09-04 15:51:48,190 - INFO - Full evaluation profile: (1.0, 2, 11.424356)
2026-09-04 15:51:50,336 - INFO - Testing accuracy: 32.88
2026-09-04 15:51:50,337 - INFO - ********************************************************************************
2026-09-04 15:51:50,337 - INFO - Round  75
2026-09-04 15:52:01,053 - INFO - this epoch cost time:1.8269999027252197
2026-09-04 15:52:01,053 - INFO - this epoch choose: [80, 73, 57, 87, 98, 10, 74, 99, 78, 93]
2026-09-04 15:52:01,054 - INFO - this epoch dispatch models: [2 6 5 4 3 0 6 2 1 3]
2026-09-04 15:52:01,054 - INFO - this epoch received models: [np.int64(2), np.int64(6), np.int64(5), np.int64(4), np.int64(3), np.int64(0), np.int64(6), np.int64(2), np.int64(1), np.int64(3)]
2026-09-04 15:52:01,054 - INFO - hetero_proportion: 	4:3:3
2026-09-04 15:52:01,394 - INFO - Support aggregation diagnostics: min_nonzero=0.220321, mean=0.536566, P25=0.220321, P50=0.566631, P75=0.807273; coordinate_ratio(s<0.3/0.3<=s<0.8/s>=0.8)=0.392037/0.347220/0.260743; update_l2(s<0.3/0.3<=s<0.8/s>=0.8)=0.088609/0.367224/0.404072; global_update_l2=0.553154
2026-09-04 15:52:01,412 - INFO - Full evaluation profile: (1.0, 2, 11.424356)
2026-09-04 15:52:03,133 - INFO - Testing accuracy: 32.85
2026-09-04 15:52:03,134 - INFO - ********************************************************************************
2026-09-04 15:52:03,134 - INFO - Round  76
2026-09-04 15:52:13,645 - INFO - this epoch cost time:1.435999870300293
2026-09-04 15:52:13,645 - INFO - this epoch choose: [82, 87, 84, 45, 68, 94, 30, 48, 55, 82]
2026-09-04 15:52:13,645 - INFO - this epoch dispatch models: [3 1 4 4 4 5 0 1 0 6]
2026-09-04 15:52:13,645 - INFO - this epoch received models: [np.int64(3), np.int64(1), np.int64(4), np.int64(4), np.int64(4), np.int64(5), np.int64(0), np.int64(1), np.int64(0), np.int64(6)]
2026-09-04 15:52:13,646 - INFO - hetero_proportion: 	4:3:3
2026-09-04 15:52:14,500 - INFO - Support aggregation diagnostics: min_nonzero=0.096264, mean=0.426560, P25=0.096264, P50=0.184319, P75=0.584360; coordinate_ratio(s<0.3/0.3<=s<0.8/s>=0.8)=0.516115/0.298231/0.185655; update_l2(s<0.3/0.3<=s<0.8/s>=0.8)=0.194264/0.401857/0.366205; global_update_l2=0.577350
2026-09-04 15:52:14,518 - INFO - Full evaluation profile: (1.0, 2, 11.424356)
2026-09-04 15:52:16,215 - INFO - Testing accuracy: 31.48
2026-09-04 15:52:16,216 - INFO - ********************************************************************************
2026-09-04 15:52:16,216 - INFO - Round  77
2026-09-04 15:52:26,490 - INFO - this epoch cost time:1.2599995136260986
2026-09-04 15:52:26,490 - INFO - this epoch choose: [21, 41, 56, 48, 79, 98, 85, 27, 47, 67]
2026-09-04 15:52:26,490 - INFO - this epoch dispatch models: [1 2 2 4 5 5 6 2 4 5]
2026-09-04 15:52:26,490 - INFO - this epoch received models: [np.int64(1), np.int64(2), np.int64(2), np.int64(4), np.int64(5), np.int64(5), np.int64(6), np.int64(2), np.int64(4), np.int64(5)]
2026-09-04 15:52:26,490 - INFO - hetero_proportion: 	4:3:3
2026-09-04 15:52:26,708 - INFO - Support aggregation diagnostics: min_nonzero=0.101976, mean=0.518573, P25=0.101976, P50=0.580722, P75=0.892038; coordinate_ratio(s<0.3/0.3<=s<0.8/s>=0.8)=0.392037/0.314968/0.292995; update_l2(s<0.3/0.3<=s<0.8/s>=0.8)=0.108384/0.246452/0.424729; global_update_l2=0.502872
2026-09-04 15:52:26,726 - INFO - Full evaluation profile: (1.0, 2, 11.424356)
2026-09-04 15:52:28,933 - INFO - Testing accuracy: 32.69
2026-09-04 15:52:28,934 - INFO - ********************************************************************************
2026-09-04 15:52:28,934 - INFO - Round  78
2026-09-04 15:52:39,590 - INFO - this epoch cost time:1.3400003910064697
2026-09-04 15:52:39,590 - INFO - this epoch choose: [89, 68, 66, 15, 82, 58, 57, 31, 48, 95]
2026-09-04 15:52:39,590 - INFO - this epoch dispatch models: [6 0 5 2 5 4 4 1 1 1]
2026-09-04 15:52:39,590 - INFO - this epoch received models: [np.int64(6), np.int64(0), np.int64(5), np.int64(2), np.int64(5), np.int64(4), np.int64(4), np.int64(1), np.int64(1), np.int64(1)]
2026-09-04 15:52:39,590 - INFO - hetero_proportion: 	4:3:3
2026-09-04 15:52:39,907 - INFO - Support aggregation diagnostics: min_nonzero=0.078642, mean=0.433939, P25=0.078642, P50=0.356167, P75=0.594578; coordinate_ratio(s<0.3/0.3<=s<0.8/s>=0.8)=0.402282/0.366076/0.231642; update_l2(s<0.3/0.3<=s<0.8/s>=0.8)=0.083452/0.364573/0.407555; global_update_l2=0.553154
2026-09-04 15:52:39,927 - INFO - Full evaluation profile: (1.0, 2, 11.424356)
2026-09-04 15:52:41,781 - INFO - Testing accuracy: 33.01
2026-09-04 15:52:41,782 - INFO - ********************************************************************************
2026-09-04 15:52:41,782 - INFO - Round  79
2026-09-04 15:52:53,927 - INFO - this epoch cost time:1.7800002098083496
2026-09-04 15:52:53,927 - INFO - this epoch choose: [71, 40, 52, 86, 68, 77, 70, 41, 80, 77]
2026-09-04 15:52:53,927 - INFO - this epoch dispatch models: [1 5 4 6 5 3 6 4 1 1]
2026-09-04 15:52:53,927 - INFO - this epoch received models: [np.int64(1), np.int64(5), np.int64(4), np.int64(6), np.int64(5), np.int64(3), np.int64(6), np.int64(4), np.int64(1), np.int64(1)]
2026-09-04 15:52:53,927 - INFO - hetero_proportion: 	4:3:3
2026-09-04 15:52:54,240 - INFO - Support aggregation diagnostics: min_nonzero=0.225819, mean=0.545788, P25=0.225819, P50=0.424029, P75=0.696306; coordinate_ratio(s<0.3/0.3<=s<0.8/s>=0.8)=0.392037/0.376321/0.231642; update_l2(s<0.3/0.3<=s<0.8/s>=0.8)=0.153342/0.388911/0.426359; global_update_l2=0.597115
2026-09-04 15:52:54,263 - INFO - Full evaluation profile: (1.0, 2, 11.424356)
2026-09-04 15:52:56,022 - INFO - Testing accuracy: 32.39
2026-09-04 15:52:56,023 - INFO - ********************************************************************************
2026-09-04 15:52:56,023 - INFO - Round  80
2026-09-04 15:53:06,434 - INFO - this epoch cost time:1.5379993915557861
2026-09-04 15:53:06,434 - INFO - this epoch choose: [77, 93, 33, 26, 75, 58, 49, 69, 52, 57]
2026-09-04 15:53:06,434 - INFO - this epoch dispatch models: [6 5 1 2 6 4 3 2 3 3]
2026-09-04 15:53:06,434 - INFO - this epoch received models: [np.int64(6), np.int64(5), np.int64(1), np.int64(2), np.int64(6), np.int64(4), np.int64(3), np.int64(2), np.int64(3), np.int64(3)]
2026-09-04 15:53:06,434 - INFO - hetero_proportion: 	4:3:3
2026-09-04 15:53:06,977 - INFO - Support aggregation diagnostics: min_nonzero=0.206461, mean=0.549179, P25=0.206461, P50=0.486557, P75=0.921750; coordinate_ratio(s<0.3/0.3<=s<0.8/s>=0.8)=0.402282/0.336975/0.260743; update_l2(s<0.3/0.3<=s<0.8/s>=0.8)=0.086260/0.300251/0.403791; global_update_l2=0.510528
2026-09-04 15:53:06,995 - INFO - Full evaluation profile: (1.0, 2, 11.424356)
2026-09-04 15:53:09,282 - INFO - Testing accuracy: 33.79
2026-09-04 15:53:09,282 - INFO - ********************************************************************************
2026-09-04 15:53:09,282 - INFO - Round  81
2026-09-04 15:53:20,480 - INFO - this epoch cost time:1.7940001487731934
2026-09-04 15:53:20,480 - INFO - this epoch choose: [39, 77, 96, 32, 87, 57, 90, 21, 74, 81]
2026-09-04 15:53:20,480 - INFO - this epoch dispatch models: [2 3 0 2 0 1 5 0 5 6]
2026-09-04 15:53:20,480 - INFO - this epoch received models: [np.int64(2), np.int64(3), np.int64(0), np.int64(2), np.int64(0), np.int64(1), np.int64(5), np.int64(0), np.int64(5), np.int64(6)]
2026-09-04 15:53:20,480 - INFO - hetero_proportion: 	4:3:3
2026-09-04 15:53:20,813 - INFO - Support aggregation diagnostics: min_nonzero=0.134477, mean=0.454259, P25=0.134477, P50=0.449322, P75=0.602753; coordinate_ratio(s<0.3/0.3<=s<0.8/s>=0.8)=0.392037/0.422308/0.185655; update_l2(s<0.3/0.3<=s<0.8/s>=0.8)=0.121611/0.391884/0.321994; global_update_l2=0.521577
2026-09-04 15:53:20,833 - INFO - Full evaluation profile: (1.0, 2, 11.424356)
2026-09-04 15:53:22,704 - INFO - Testing accuracy: 33.05
2026-09-04 15:53:22,705 - INFO - ********************************************************************************
2026-09-04 15:53:22,705 - INFO - Round  82
2026-09-04 15:53:33,447 - INFO - this epoch cost time:1.678999900817871
2026-09-04 15:53:33,447 - INFO - this epoch choose: [62, 66, 94, 15, 98, 53, 73, 49, 26, 36]
2026-09-04 15:53:33,447 - INFO - this epoch dispatch models: [0 3 4 0 0 5 0 0 1 0]
2026-09-04 15:53:33,447 - INFO - this epoch received models: [np.int64(0), np.int64(3), np.int64(4), np.int64(0), np.int64(0), np.int64(5), np.int64(0), np.int64(0), np.int64(1), np.int64(0)]
2026-09-04 15:53:33,447 - INFO - hetero_proportion: 	4:3:3
2026-09-04 15:53:33,768 - INFO - Support aggregation diagnostics: min_nonzero=0.125704, mean=0.292739, P25=0.000000, P50=0.125704, P75=0.303097; coordinate_ratio(s<0.3/0.3<=s<0.8/s>=0.8)=0.548367/0.265979/0.185655; update_l2(s<0.3/0.3<=s<0.8/s>=0.8)=0.458903/0.406642/0.433550; global_update_l2=0.750943
2026-09-04 15:53:33,786 - INFO - Full evaluation profile: (1.0, 2, 11.424356)
2026-09-04 15:53:35,412 - INFO - Testing accuracy: 32.88
2026-09-04 15:53:35,413 - INFO - ********************************************************************************
2026-09-04 15:53:35,413 - INFO - Round  83
2026-09-04 15:53:45,409 - INFO - this epoch cost time:1.2299997806549072
2026-09-04 15:53:45,409 - INFO - this epoch choose: [91, 13, 97, 95, 41, 73, 76, 93, 40, 69]
2026-09-04 15:53:45,409 - INFO - this epoch dispatch models: [5 1 3 6 3 6 4 6 5 0]
2026-09-04 15:53:45,409 - INFO - this epoch received models: [np.int64(5), np.int64(1), np.int64(3), np.int64(6), np.int64(3), np.int64(6), np.int64(4), np.int64(6), np.int64(5), np.int64(0)]
2026-09-04 15:53:45,409 - INFO - hetero_proportion: 	4:3:3
2026-09-04 15:53:45,944 - INFO - Support aggregation diagnostics: min_nonzero=0.224498, mean=0.547514, P25=0.224498, P50=0.427912, P75=0.747389; coordinate_ratio(s<0.3/0.3<=s<0.8/s>=0.8)=0.392037/0.406031/0.201932; update_l2(s<0.3/0.3<=s<0.8/s>=0.8)=0.075029/0.341167/0.382854; global_update_l2=0.518268
2026-09-04 15:53:45,962 - INFO - Full evaluation profile: (1.0, 2, 11.424356)
2026-09-04 15:53:48,280 - INFO - Testing accuracy: 33.01
2026-09-04 15:53:48,280 - INFO - ********************************************************************************
2026-09-04 15:53:48,280 - INFO - Round  84
2026-09-04 15:53:58,301 - INFO - this epoch cost time:2.1020002365112305
2026-09-04 15:53:58,301 - INFO - this epoch choose: [37, 83, 97, 93, 81, 17, 9, 64, 47, 73]
2026-09-04 15:53:58,302 - INFO - this epoch dispatch models: [1 5 0 6 3 2 1 1 0 0]
2026-09-04 15:53:58,302 - INFO - this epoch received models: [np.int64(1), np.int64(5), np.int64(0), np.int64(6), np.int64(3), np.int64(2), np.int64(1), np.int64(1), np.int64(0), np.int64(0)]
2026-09-04 15:53:58,302 - INFO - hetero_proportion: 	4:3:3
2026-09-04 15:53:58,627 - INFO - Support aggregation diagnostics: min_nonzero=0.052706, mean=0.363742, P25=0.052706, P50=0.303158, P75=0.438745; coordinate_ratio(s<0.3/0.3<=s<0.8/s>=0.8)=0.402282/0.412063/0.185655; update_l2(s<0.3/0.3<=s<0.8/s>=0.8)=0.054553/0.533136/0.363844; global_update_l2=0.647760
2026-09-04 15:53:58,648 - INFO - Full evaluation profile: (1.0, 2, 11.424356)
2026-09-04 15:54:00,470 - INFO - Testing accuracy: 32.19
2026-09-04 15:54:00,471 - INFO - ********************************************************************************
2026-09-04 15:54:00,471 - INFO - Round  85
2026-09-04 15:54:12,354 - INFO - this epoch cost time:1.8950002193450928
2026-09-04 15:54:12,354 - INFO - this epoch choose: [39, 83, 86, 86, 62, 88, 73, 60, 40, 47]
2026-09-04 15:54:12,354 - INFO - this epoch dispatch models: [1 6 6 1 3 3 5 3 4 5]
2026-09-04 15:54:12,354 - INFO - this epoch received models: [np.int64(1), np.int64(6), np.int64(6), np.int64(1), np.int64(3), np.int64(3), np.int64(5), np.int64(3), np.int64(4), np.int64(5)]
2026-09-04 15:54:12,354 - INFO - hetero_proportion: 	4:3:3
2026-09-04 15:54:12,677 - INFO - Support aggregation diagnostics: min_nonzero=0.257449, mean=0.581617, P25=0.257449, P50=0.432261, P75=0.810687; coordinate_ratio(s<0.3/0.3<=s<0.8/s>=0.8)=0.392037/0.156329/0.451633; update_l2(s<0.3/0.3<=s<0.8/s>=0.8)=0.073389/0.239050/0.380212; global_update_l2=0.455074
2026-09-04 15:54:12,695 - INFO - Full evaluation profile: (1.0, 2, 11.424356)
2026-09-04 15:54:14,566 - INFO - Testing accuracy: 32.07
2026-09-04 15:54:14,566 - INFO - ********************************************************************************
2026-09-04 15:54:14,566 - INFO - Round  86
2026-09-04 15:54:25,045 - INFO - this epoch cost time:1.5189998149871826
2026-09-04 15:54:25,045 - INFO - this epoch choose: [56, 85, 68, 44, 39, 69, 51, 43, 93, 91]
2026-09-04 15:54:25,045 - INFO - this epoch dispatch models: [2 5 3 0 2 2 0 2 2 6]
2026-09-04 15:54:25,045 - INFO - this epoch received models: [np.int64(2), np.int64(5), np.int64(3), np.int64(0), np.int64(2), np.int64(2), np.int64(0), np.int64(2), np.int64(2), np.int64(6)]
2026-09-04 15:54:25,046 - INFO - hetero_proportion: 	4:3:3
2026-09-04 15:54:25,652 - INFO - Support aggregation diagnostics: min_nonzero=0.105740, mean=0.451229, P25=0.105740, P50=0.320040, P75=0.801007; coordinate_ratio(s<0.3/0.3<=s<0.8/s>=0.8)=0.402282/0.336975/0.260743; update_l2(s<0.3/0.3<=s<0.8/s>=0.8)=0.063387/0.284389/0.382968; global_update_l2=0.481206
2026-09-04 15:54:25,671 - INFO - Full evaluation profile: (1.0, 2, 11.424356)
2026-09-04 15:54:27,841 - INFO - Testing accuracy: 33.29
2026-09-04 15:54:27,842 - INFO - ********************************************************************************
2026-09-04 15:54:27,842 - INFO - Round  87
2026-09-04 15:54:38,474 - INFO - this epoch cost time:1.31600022315979
2026-09-04 15:54:38,474 - INFO - this epoch choose: [73, 63, 14, 81, 99, 64, 48, 53, 71, 0]
2026-09-04 15:54:38,474 - INFO - this epoch dispatch models: [1 0 1 4 6 3 1 4 0 0]
2026-09-04 15:54:38,474 - INFO - this epoch received models: [np.int64(1), np.int64(0), np.int64(1), np.int64(4), np.int64(6), np.int64(3), np.int64(1), np.int64(4), np.int64(0), np.int64(0)]
2026-09-04 15:54:38,474 - INFO - hetero_proportion: 	4:3:3
2026-09-04 15:54:38,771 - INFO - Support aggregation diagnostics: min_nonzero=0.083452, mean=0.358903, P25=0.083452, P50=0.083452, P75=0.398142; coordinate_ratio(s<0.3/0.3<=s<0.8/s>=0.8)=0.516115/0.298231/0.185655; update_l2(s<0.3/0.3<=s<0.8/s>=0.8)=0.208546/0.390131/0.368318; global_update_l2=0.575632
2026-09-04 15:54:38,789 - INFO - Full evaluation profile: (1.0, 2, 11.424356)
2026-09-04 15:54:40,651 - INFO - Testing accuracy: 32.14
2026-09-04 15:54:40,652 - INFO - ********************************************************************************
2026-09-04 15:54:40,652 - INFO - Round  88
2026-09-04 15:54:51,066 - INFO - this epoch cost time:1.5560002326965332
2026-09-04 15:54:51,067 - INFO - this epoch choose: [35, 90, 89, 92, 94, 96, 86, 65, 52, 59]
2026-09-04 15:54:51,067 - INFO - this epoch dispatch models: [0 6 6 2 0 6 4 1 4 0]
2026-09-04 15:54:51,067 - INFO - this epoch received models: [np.int64(0), np.int64(6), np.int64(6), np.int64(2), np.int64(0), np.int64(6), np.int64(4), np.int64(1), np.int64(4), np.int64(0)]
2026-09-04 15:54:51,067 - INFO - hetero_proportion: 	4:3:3
2026-09-04 15:54:51,349 - INFO - Support aggregation diagnostics: min_nonzero=0.315980, mean=0.527669, P25=0.315980, P50=0.420314, P75=0.613047; coordinate_ratio(s<0.3/0.3<=s<0.8/s>=0.8)=0.000000/0.814345/0.185655; update_l2(s<0.3/0.3<=s<0.8/s>=0.8)=0.000000/0.404354/0.319225; global_update_l2=0.515176
2026-09-04 15:54:51,367 - INFO - Full evaluation profile: (1.0, 2, 11.424356)
2026-09-04 15:54:53,242 - INFO - Testing accuracy: 33.32
2026-09-04 15:54:53,243 - INFO - ********************************************************************************
2026-09-04 15:54:53,243 - INFO - Round  89
2026-09-04 15:55:02,507 - INFO - this epoch cost time:1.4689996242523193
2026-09-04 15:55:02,507 - INFO - this epoch choose: [76, 93, 73, 52, 99, 93, 91, 79, 84, 50]
2026-09-04 15:55:02,507 - INFO - this epoch dispatch models: [2 5 3 2 5 6 1 6 5 3]
2026-09-04 15:55:02,507 - INFO - this epoch received models: [np.int64(2), np.int64(5), np.int64(3), np.int64(2), np.int64(5), np.int64(6), np.int64(1), np.int64(6), np.int64(5), np.int64(3)]
2026-09-04 15:55:02,507 - INFO - hetero_proportion: 	4:3:3
2026-09-04 15:55:03,610 - INFO - Support aggregation diagnostics: min_nonzero=0.187683, mean=0.561212, P25=0.187683, P50=0.668866, P75=0.871701; coordinate_ratio(s<0.3/0.3<=s<0.8/s>=0.8)=0.392037/0.317510/0.290453; update_l2(s<0.3/0.3<=s<0.8/s>=0.8)=0.093693/0.227089/0.408118; global_update_l2=0.476349
2026-09-04 15:55:03,628 - INFO - Full evaluation profile: (1.0, 2, 11.424356)
2026-09-04 15:55:05,569 - INFO - Testing accuracy: 32.95
2026-09-04 15:55:05,570 - INFO - ********************************************************************************
2026-09-04 15:55:05,570 - INFO - Round  90
2026-09-04 15:55:16,482 - INFO - this epoch cost time:1.36899995803833
2026-09-04 15:55:16,482 - INFO - this epoch choose: [57, 79, 82, 86, 76, 46, 73, 70, 86, 64]
2026-09-04 15:55:16,482 - INFO - this epoch dispatch models: [1 1 5 6 6 2 5 6 0 4]
2026-09-04 15:55:16,482 - INFO - this epoch received models: [np.int64(1), np.int64(1), np.int64(5), np.int64(6), np.int64(6), np.int64(2), np.int64(5), np.int64(6), np.int64(0), np.int64(4)]
2026-09-04 15:55:16,482 - INFO - hetero_proportion: 	4:3:3
2026-09-04 15:55:17,109 - INFO - Support aggregation diagnostics: min_nonzero=0.313666, mean=0.575736, P25=0.313666, P50=0.580129, P75=0.685383; coordinate_ratio(s<0.3/0.3<=s<0.8/s>=0.8)=0.000000/0.768358/0.231642; update_l2(s<0.3/0.3<=s<0.8/s>=0.8)=0.000000/0.318962/0.388110; global_update_l2=0.502361
2026-09-04 15:55:17,130 - INFO - Full evaluation profile: (1.0, 2, 11.424356)
2026-09-04 15:55:19,472 - INFO - Testing accuracy: 32.85
2026-09-04 15:55:19,472 - INFO - ********************************************************************************
2026-09-04 15:55:19,472 - INFO - Round  91
2026-09-04 15:55:28,764 - INFO - this epoch cost time:1.556999683380127
2026-09-04 15:55:28,764 - INFO - this epoch choose: [77, 54, 51, 61, 79, 74, 93, 84, 97, 93]
2026-09-04 15:55:28,764 - INFO - this epoch dispatch models: [4 2 2 4 0 0 6 3 4 6]
2026-09-04 15:55:28,764 - INFO - this epoch received models: [np.int64(4), np.int64(2), np.int64(2), np.int64(4), np.int64(0), np.int64(0), np.int64(6), np.int64(3), np.int64(4), np.int64(6)]
2026-09-04 15:55:28,764 - INFO - hetero_proportion: 	4:3:3
2026-09-04 15:55:29,048 - INFO - Support aggregation diagnostics: min_nonzero=0.116032, mean=0.451012, P25=0.116032, P50=0.366253, P75=0.763729; coordinate_ratio(s<0.3/0.3<=s<0.8/s>=0.8)=0.402282/0.412063/0.185655; update_l2(s<0.3/0.3<=s<0.8/s>=0.8)=0.041319/0.429334/0.343045; global_update_l2=0.551103
2026-09-04 15:55:29,067 - INFO - Full evaluation profile: (1.0, 2, 11.424356)
2026-09-04 15:55:30,774 - INFO - Testing accuracy: 33.70
2026-09-04 15:55:30,775 - INFO - ********************************************************************************
2026-09-04 15:55:30,775 - INFO - Round  92
2026-09-04 15:55:42,229 - INFO - this epoch cost time:1.7370004653930664
2026-09-04 15:55:42,229 - INFO - this epoch choose: [44, 71, 87, 31, 81, 81, 79, 80, 2, 52]
2026-09-04 15:55:42,230 - INFO - this epoch dispatch models: [4 3 5 1 0 3 6 5 1 2]
2026-09-04 15:55:42,230 - INFO - this epoch received models: [np.int64(4), np.int64(3), np.int64(5), np.int64(1), np.int64(0), np.int64(3), np.int64(6), np.int64(5), np.int64(1), np.int64(2)]
2026-09-04 15:55:42,230 - INFO - hetero_proportion: 	4:3:3
2026-09-04 15:55:42,555 - INFO - Support aggregation diagnostics: min_nonzero=0.100497, mean=0.461414, P25=0.100497, P50=0.368421, P75=0.686197; coordinate_ratio(s<0.3/0.3<=s<0.8/s>=0.8)=0.402282/0.395786/0.201932; update_l2(s<0.3/0.3<=s<0.8/s>=0.8)=0.062818/0.430887/0.410704; global_update_l2=0.598572
2026-09-04 15:55:42,574 - INFO - Full evaluation profile: (1.0, 2, 11.424356)
2026-09-04 15:55:44,398 - INFO - Testing accuracy: 33.45
2026-09-04 15:55:44,399 - INFO - ********************************************************************************
2026-09-04 15:55:44,399 - INFO - Round  93
2026-09-04 15:55:54,956 - INFO - this epoch cost time:1.3350002765655518
2026-09-04 15:55:54,956 - INFO - this epoch choose: [86, 90, 49, 81, 99, 99, 50, 34, 22, 94]
2026-09-04 15:55:54,956 - INFO - this epoch dispatch models: [3 6 3 1 0 4 0 1 1 6]
2026-09-04 15:55:54,956 - INFO - this epoch received models: [np.int64(3), np.int64(6), np.int64(3), np.int64(1), np.int64(0), np.int64(4), np.int64(0), np.int64(1), np.int64(1), np.int64(6)]
2026-09-04 15:55:54,956 - INFO - hetero_proportion: 	4:3:3
2026-09-04 15:55:56,016 - INFO - Support aggregation diagnostics: min_nonzero=0.193309, mean=0.445107, P25=0.193309, P50=0.193309, P75=0.507888; coordinate_ratio(s<0.3/0.3<=s<0.8/s>=0.8)=0.518657/0.279412/0.201932; update_l2(s<0.3/0.3<=s<0.8/s>=0.8)=0.160391/0.364739/0.386730; global_update_l2=0.555265
2026-09-04 15:55:56,034 - INFO - Full evaluation profile: (1.0, 2, 11.424356)
2026-09-04 15:55:58,042 - INFO - Testing accuracy: 33.64
2026-09-04 15:55:58,042 - INFO - ********************************************************************************
2026-09-04 15:55:58,042 - INFO - Round  94
2026-09-04 15:56:07,171 - INFO - this epoch cost time:1.1529998779296875
2026-09-04 15:56:07,171 - INFO - this epoch choose: [72, 92, 89, 78, 40, 62, 98, 33, 91, 92]
2026-09-04 15:56:07,171 - INFO - this epoch dispatch models: [6 5 3 5 5 4 4 2 5 6]
2026-09-04 15:56:07,171 - INFO - this epoch received models: [np.int64(6), np.int64(5), np.int64(3), np.int64(5), np.int64(5), np.int64(4), np.int64(4), np.int64(2), np.int64(5), np.int64(6)]
2026-09-04 15:56:07,171 - INFO - hetero_proportion: 	4:3:3
2026-09-04 15:56:07,471 - INFO - Support aggregation diagnostics: min_nonzero=0.191187, mean=0.626102, P25=0.191187, P50=0.709892, P75=1.000000; coordinate_ratio(s<0.3/0.3<=s<0.8/s>=0.8)=0.392037/0.124077/0.483885; update_l2(s<0.3/0.3<=s<0.8/s>=0.8)=0.079011/0.164503/0.364659; global_update_l2=0.407775
2026-09-04 15:56:07,490 - INFO - Full evaluation profile: (1.0, 2, 11.424356)
2026-09-04 15:56:09,501 - INFO - Testing accuracy: 34.13
2026-09-04 15:56:09,502 - INFO - ********************************************************************************
2026-09-04 15:56:09,502 - INFO - Round  95
2026-09-04 15:56:21,134 - INFO - this epoch cost time:1.5530002117156982
2026-09-04 15:56:21,134 - INFO - this epoch choose: [52, 87, 74, 38, 49, 69, 33, 71, 21, 69]
2026-09-04 15:56:21,134 - INFO - this epoch dispatch models: [2 2 5 2 3 4 1 3 1 5]
2026-09-04 15:56:21,134 - INFO - this epoch received models: [np.int64(2), np.int64(2), np.int64(5), np.int64(2), np.int64(3), np.int64(4), np.int64(1), np.int64(3), np.int64(1), np.int64(5)]
2026-09-04 15:56:21,134 - INFO - hetero_proportion: 	4:3:3
2026-09-04 15:56:21,396 - INFO - Support aggregation diagnostics: min_nonzero=0.241883, mean=0.444437, P25=0.000000, P50=0.464745, P75=0.821133; coordinate_ratio(s<0.3/0.3<=s<0.8/s>=0.8)=0.402282/0.336975/0.260743; update_l2(s<0.3/0.3<=s<0.8/s>=0.8)=0.025635/0.293603/0.358906; global_update_l2=0.464406
2026-09-04 15:56:21,415 - INFO - Full evaluation profile: (1.0, 2, 11.424356)
2026-09-04 15:56:23,013 - INFO - Testing accuracy: 33.75
2026-09-04 15:56:23,013 - INFO - ********************************************************************************
2026-09-04 15:56:23,013 - INFO - Round  96
2026-09-04 15:56:32,610 - INFO - this epoch cost time:1.300999641418457
2026-09-04 15:56:32,610 - INFO - this epoch choose: [65, 42, 34, 72, 12, 87, 75, 67, 72, 45]
2026-09-04 15:56:32,610 - INFO - this epoch dispatch models: [1 4 1 3 0 4 0 4 6 1]
2026-09-04 15:56:32,611 - INFO - this epoch received models: [np.int64(1), np.int64(4), np.int64(1), np.int64(3), np.int64(0), np.int64(4), np.int64(0), np.int64(4), np.int64(6), np.int64(1)]
2026-09-04 15:56:32,611 - INFO - hetero_proportion: 	4:3:3
2026-09-04 15:56:33,181 - INFO - Support aggregation diagnostics: min_nonzero=0.076408, mean=0.364539, P25=0.076408, P50=0.076408, P75=0.423593; coordinate_ratio(s<0.3/0.3<=s<0.8/s>=0.8)=0.516115/0.298231/0.185655; update_l2(s<0.3/0.3<=s<0.8/s>=0.8)=0.154472/0.417104/0.389588; global_update_l2=0.591283
2026-09-04 15:56:33,199 - INFO - Full evaluation profile: (1.0, 2, 11.424356)
2026-09-04 15:56:34,955 - INFO - Testing accuracy: 33.92
2026-09-04 15:56:34,955 - INFO - ********************************************************************************
2026-09-04 15:56:34,955 - INFO - Round  97
2026-09-04 15:56:44,735 - INFO - this epoch cost time:1.2529997825622559
2026-09-04 15:56:44,736 - INFO - this epoch choose: [8, 84, 56, 41, 50, 86, 90, 20, 88, 45]
2026-09-04 15:56:44,736 - INFO - this epoch dispatch models: [2 0 2 4 4 6 1 0 1 4]
2026-09-04 15:56:44,736 - INFO - this epoch received models: [np.int64(2), np.int64(0), np.int64(2), np.int64(4), np.int64(4), np.int64(6), np.int64(1), np.int64(0), np.int64(1), np.int64(4)]
2026-09-04 15:56:44,736 - INFO - hetero_proportion: 	4:3:3
2026-09-04 15:56:45,122 - INFO - Support aggregation diagnostics: min_nonzero=0.104966, mean=0.413173, P25=0.104966, P50=0.313340, P75=0.602921; coordinate_ratio(s<0.3/0.3<=s<0.8/s>=0.8)=0.402282/0.366076/0.231642; update_l2(s<0.3/0.3<=s<0.8/s>=0.8)=0.053252/0.332890/0.413596; global_update_l2=0.533585
2026-09-04 15:56:45,141 - INFO - Full evaluation profile: (1.0, 2, 11.424356)
2026-09-04 15:56:47,406 - INFO - Testing accuracy: 33.88
2026-09-04 15:56:47,407 - INFO - ********************************************************************************
2026-09-04 15:56:47,407 - INFO - Round  98
2026-09-04 15:56:57,658 - INFO - this epoch cost time:1.7799997329711914
2026-09-04 15:56:57,658 - INFO - this epoch choose: [51, 80, 92, 35, 77, 59, 26, 67, 26, 77]
2026-09-04 15:56:57,658 - INFO - this epoch dispatch models: [1 3 6 0 2 5 1 1 1 6]
2026-09-04 15:56:57,658 - INFO - this epoch received models: [np.int64(1), np.int64(3), np.int64(6), np.int64(0), np.int64(2), np.int64(5), np.int64(1), np.int64(1), np.int64(1), np.int64(6)]
2026-09-04 15:56:57,658 - INFO - hetero_proportion: 	4:3:3
2026-09-04 15:56:57,983 - INFO - Support aggregation diagnostics: min_nonzero=0.190516, mean=0.457373, P25=0.190516, P50=0.381238, P75=0.517498; coordinate_ratio(s<0.3/0.3<=s<0.8/s>=0.8)=0.402282/0.395786/0.201932; update_l2(s<0.3/0.3<=s<0.8/s>=0.8)=0.082427/0.437797/0.392497; global_update_l2=0.593729
2026-09-04 15:56:58,001 - INFO - Full evaluation profile: (1.0, 2, 11.424356)
2026-09-04 15:56:59,788 - INFO - Testing accuracy: 34.54
2026-09-04 15:56:59,788 - INFO - ********************************************************************************
2026-09-04 15:56:59,788 - INFO - Round  99
2026-09-04 15:57:10,758 - INFO - this epoch cost time:1.4399998188018799
2026-09-04 15:57:10,758 - INFO - this epoch choose: [42, 57, 8, 9, 84, 93, 66, 82, 47, 69]
2026-09-04 15:57:10,758 - INFO - this epoch dispatch models: [2 4 0 2 5 5 0 4 2 3]
2026-09-04 15:57:10,758 - INFO - this epoch received models: [np.int64(2), np.int64(4), np.int64(0), np.int64(2), np.int64(5), np.int64(5), np.int64(0), np.int64(4), np.int64(2), np.int64(3)]
2026-09-04 15:57:10,758 - INFO - hetero_proportion: 	4:3:3
2026-09-04 15:57:11,039 - INFO - Support aggregation diagnostics: min_nonzero=0.141060, mean=0.412651, P25=0.000000, P50=0.425449, P75=0.791503; coordinate_ratio(s<0.3/0.3<=s<0.8/s>=0.8)=0.402282/0.412063/0.185655; update_l2(s<0.3/0.3<=s<0.8/s>=0.8)=0.019955/0.405703/0.322705; global_update_l2=0.518779
2026-09-04 15:57:11,058 - INFO - Full evaluation profile: (1.0, 2, 11.424356)
2026-09-04 15:57:12,891 - INFO - Testing accuracy: 34.23
2026-09-04 15:57:12,891 - INFO - ********************************************************************************
2026-09-04 15:57:12,891 - INFO - Round 100
2026-09-04 15:57:21,640 - INFO - this epoch cost time:1.3799996376037598
2026-09-04 15:57:21,640 - INFO - this epoch choose: [65, 75, 93, 6, 50, 38, 81, 93, 91, 71]
2026-09-04 15:57:21,640 - INFO - this epoch dispatch models: [2 5 6 0 4 2 3 6 1 0]
2026-09-04 15:57:21,640 - INFO - this epoch received models: [np.int64(2), np.int64(5), np.int64(6), np.int64(0), np.int64(4), np.int64(2), np.int64(3), np.int64(6), np.int64(1), np.int64(0)]
2026-09-04 15:57:21,640 - INFO - hetero_proportion: 	4:3:3
2026-09-04 15:57:21,885 - INFO - Support aggregation diagnostics: min_nonzero=0.117489, mean=0.451373, P25=0.117489, P50=0.452242, P75=0.681614; coordinate_ratio(s<0.3/0.3<=s<0.8/s>=0.8)=0.402282/0.412063/0.185655; update_l2(s<0.3/0.3<=s<0.8/s>=0.8)=0.043417/0.370163/0.291153; global_update_l2=0.472944
2026-09-04 15:57:21,903 - INFO - Full evaluation profile: (1.0, 2, 11.424356)
2026-09-04 15:57:24,108 - INFO - Testing accuracy: 34.20
2026-09-04 15:57:24,109 - INFO - ********************************************************************************
2026-09-04 15:57:24,109 - INFO - Round 101
2026-09-04 15:57:34,187 - INFO - this epoch cost time:1.3650000095367432
2026-09-04 15:57:34,187 - INFO - this epoch choose: [78, 62, 78, 94, 29, 50, 71, 65, 22, 70]
2026-09-04 15:57:34,188 - INFO - this epoch dispatch models: [6 5 0 2 2 2 0 3 1 5]
2026-09-04 15:57:34,188 - INFO - this epoch received models: [np.int64(6), np.int64(5), np.int64(0), np.int64(2), np.int64(2), np.int64(2), np.int64(0), np.int64(3), np.int64(1), np.int64(5)]
2026-09-04 15:57:34,188 - INFO - hetero_proportion: 	4:3:3
2026-09-04 15:57:34,510 - INFO - Support aggregation diagnostics: min_nonzero=0.080920, mean=0.445635, P25=0.080920, P50=0.418970, P75=0.693787; coordinate_ratio(s<0.3/0.3<=s<0.8/s>=0.8)=0.392037/0.406031/0.201932; update_l2(s<0.3/0.3<=s<0.8/s>=0.8)=0.050234/0.429514/0.359035; global_update_l2=0.562060
2026-09-04 15:57:34,531 - INFO - Full evaluation profile: (1.0, 2, 11.424356)
2026-09-04 15:57:36,209 - INFO - Testing accuracy: 33.88
2026-09-04 15:57:36,209 - INFO - ********************************************************************************
2026-09-04 15:57:36,209 - INFO - Round 102
2026-09-04 15:57:46,451 - INFO - this epoch cost time:1.5269997119903564
2026-09-04 15:57:46,451 - INFO - this epoch choose: [33, 78, 80, 85, 77, 33, 78, 90, 31, 94]
2026-09-04 15:57:46,451 - INFO - this epoch dispatch models: [1 1 6 3 6 2 1 1 2 5]
2026-09-04 15:57:46,451 - INFO - this epoch received models: [np.int64(1), np.int64(1), np.int64(6), np.int64(3), np.int64(6), np.int64(2), np.int64(1), np.int64(1), np.int64(2), np.int64(5)]
2026-09-04 15:57:46,451 - INFO - hetero_proportion: 	4:3:3
2026-09-04 15:57:47,146 - INFO - Support aggregation diagnostics: min_nonzero=0.241448, mean=0.507759, P25=0.241448, P50=0.450244, P75=0.620169; coordinate_ratio(s<0.3/0.3<=s<0.8/s>=0.8)=0.392037/0.376321/0.231642; update_l2(s<0.3/0.3<=s<0.8/s>=0.8)=0.095977/0.312010/0.383598; global_update_l2=0.503696
2026-09-04 15:57:47,164 - INFO - Full evaluation profile: (1.0, 2, 11.424356)
2026-09-04 15:57:48,992 - INFO - Testing accuracy: 33.78
2026-09-04 15:57:48,992 - INFO - ********************************************************************************
2026-09-04 15:57:48,992 - INFO - Round 103
2026-09-04 15:57:58,299 - INFO - this epoch cost time:1.1409997940063477
2026-09-04 15:57:58,299 - INFO - this epoch choose: [82, 3, 97, 97, 95, 79, 65, 60, 99, 67]
2026-09-04 15:57:58,299 - INFO - this epoch dispatch models: [5 2 6 4 3 1 4 5 3 3]
2026-09-04 15:57:58,299 - INFO - this epoch received models: [np.int64(5), np.int64(2), np.int64(6), np.int64(4), np.int64(3), np.int64(1), np.int64(4), np.int64(5), np.int64(3), np.int64(3)]
2026-09-04 15:57:58,299 - INFO - hetero_proportion: 	4:3:3
2026-09-04 15:57:58,613 - INFO - Support aggregation diagnostics: min_nonzero=0.104840, mean=0.517430, P25=0.104840, P50=0.430987, P75=0.893046; coordinate_ratio(s<0.3/0.3<=s<0.8/s>=0.8)=0.392037/0.347220/0.260743; update_l2(s<0.3/0.3<=s<0.8/s>=0.8)=0.070343/0.335414/0.379976; global_update_l2=0.511696
2026-09-04 15:57:58,633 - INFO - Full evaluation profile: (1.0, 2, 11.424356)
2026-09-04 15:58:00,816 - INFO - Testing accuracy: 34.11
2026-09-04 15:58:00,816 - INFO - ********************************************************************************
2026-09-04 15:58:00,816 - INFO - Round 104
2026-09-04 15:58:11,081 - INFO - this epoch cost time:1.6520001888275146
2026-09-04 15:58:11,081 - INFO - this epoch choose: [99, 88, 31, 34, 24, 44, 90, 93, 50, 97]
2026-09-04 15:58:11,081 - INFO - this epoch dispatch models: [5 5 0 2 1 4 6 1 4 6]
2026-09-04 15:58:11,081 - INFO - this epoch received models: [np.int64(5), np.int64(5), np.int64(0), np.int64(2), np.int64(1), np.int64(4), np.int64(6), np.int64(1), np.int64(4), np.int64(6)]
2026-09-04 15:58:11,081 - INFO - hetero_proportion: 	4:3:3
2026-09-04 15:58:11,441 - INFO - Support aggregation diagnostics: min_nonzero=0.238451, mean=0.554924, P25=0.238451, P50=0.576771, P75=0.745491; coordinate_ratio(s<0.3/0.3<=s<0.8/s>=0.8)=0.392037/0.376321/0.231642; update_l2(s<0.3/0.3<=s<0.8/s>=0.8)=0.037756/0.243785/0.317367; global_update_l2=0.401969
2026-09-04 15:58:11,462 - INFO - Full evaluation profile: (1.0, 2, 11.424356)
2026-09-04 15:58:13,370 - INFO - Testing accuracy: 34.27
2026-09-04 15:58:13,370 - INFO - ********************************************************************************
2026-09-04 15:58:13,370 - INFO - Round 105
2026-09-04 15:58:25,678 - INFO - this epoch cost time:2.138000011444092
2026-09-04 15:58:25,678 - INFO - this epoch choose: [74, 68, 77, 93, 18, 78, 33, 69, 73, 75]
2026-09-04 15:58:25,679 - INFO - this epoch dispatch models: [1 3 3 2 0 4 0 5 4 6]
2026-09-04 15:58:25,679 - INFO - this epoch received models: [np.int64(1), np.int64(3), np.int64(3), np.int64(2), np.int64(0), np.int64(4), np.int64(0), np.int64(5), np.int64(4), np.int64(6)]
2026-09-04 15:58:25,679 - INFO - hetero_proportion: 	4:3:3
2026-09-04 15:58:26,085 - INFO - Support aggregation diagnostics: min_nonzero=0.124948, mean=0.472481, P25=0.124948, P50=0.324865, P75=0.703249; coordinate_ratio(s<0.3/0.3<=s<0.8/s>=0.8)=0.402282/0.395786/0.201932; update_l2(s<0.3/0.3<=s<0.8/s>=0.8)=0.054044/0.289839/0.320265; global_update_l2=0.435313
2026-09-04 15:58:26,103 - INFO - Full evaluation profile: (1.0, 2, 11.424356)
2026-09-04 15:58:27,780 - INFO - Testing accuracy: 34.10
2026-09-04 15:58:27,781 - INFO - ********************************************************************************
2026-09-04 15:58:27,781 - INFO - Round 106
2026-09-04 15:58:36,936 - INFO - this epoch cost time:1.0949997901916504
2026-09-04 15:58:36,937 - INFO - this epoch choose: [17, 89, 17, 97, 91, 56, 46, 39, 96, 65]
2026-09-04 15:58:36,937 - INFO - this epoch dispatch models: [1 3 0 5 2 0 1 2 2 5]
2026-09-04 15:58:36,937 - INFO - this epoch received models: [np.int64(1), np.int64(3), np.int64(0), np.int64(5), np.int64(2), np.int64(0), np.int64(1), np.int64(2), np.int64(2), np.int64(5)]
2026-09-04 15:58:36,937 - INFO - hetero_proportion: 	4:3:3
2026-09-04 15:58:37,366 - INFO - Support aggregation diagnostics: min_nonzero=0.191707, mean=0.364846, P25=0.000000, P50=0.270890, P75=0.574703; coordinate_ratio(s<0.3/0.3<=s<0.8/s>=0.8)=0.593173/0.221173/0.185655; update_l2(s<0.3/0.3<=s<0.8/s>=0.8)=0.081531/0.308672/0.325905; global_update_l2=0.456223
2026-09-04 15:58:37,385 - INFO - Full evaluation profile: (1.0, 2, 11.424356)
2026-09-04 15:58:39,679 - INFO - Testing accuracy: 34.11
2026-09-04 15:58:39,679 - INFO - ********************************************************************************
2026-09-04 15:58:39,679 - INFO - Round 107
2026-09-04 15:58:50,869 - INFO - this epoch cost time:1.4449996948242188
2026-09-04 15:58:50,869 - INFO - this epoch choose: [30, 73, 85, 53, 85, 87, 39, 44, 13, 54]
2026-09-04 15:58:50,869 - INFO - this epoch dispatch models: [2 6 5 3 5 1 2 5 2 5]
2026-09-04 15:58:50,869 - INFO - this epoch received models: [np.int64(2), np.int64(6), np.int64(5), np.int64(3), np.int64(5), np.int64(1), np.int64(2), np.int64(5), np.int64(2), np.int64(5)]
2026-09-04 15:58:50,869 - INFO - hetero_proportion: 	4:3:3
2026-09-04 15:58:51,181 - INFO - Support aggregation diagnostics: min_nonzero=0.096205, mean=0.540548, P25=0.096205, P50=0.634667, P75=0.933744; coordinate_ratio(s<0.3/0.3<=s<0.8/s>=0.8)=0.392037/0.201135/0.406827; update_l2(s<0.3/0.3<=s<0.8/s>=0.8)=0.038967/0.124726/0.472368; global_update_l2=0.490109
2026-09-04 15:58:51,200 - INFO - Full evaluation profile: (1.0, 2, 11.424356)
2026-09-04 15:58:52,886 - INFO - Testing accuracy: 34.63
2026-09-04 15:58:52,887 - INFO - ********************************************************************************
2026-09-04 15:58:52,887 - INFO - Round 108
2026-09-04 15:59:03,892 - INFO - this epoch cost time:1.5030004978179932
2026-09-04 15:59:03,892 - INFO - this epoch choose: [65, 60, 63, 99, 73, 23, 42, 7, 76, 2]
2026-09-04 15:59:03,892 - INFO - this epoch dispatch models: [5 4 1 6 6 1 5 0 1 0]
2026-09-04 15:59:03,892 - INFO - this epoch received models: [np.int64(5), np.int64(4), np.int64(1), np.int64(6), np.int64(6), np.int64(1), np.int64(5), np.int64(0), np.int64(1), np.int64(0)]
2026-09-04 15:59:03,892 - INFO - hetero_proportion: 	4:3:3
2026-09-04 15:59:04,264 - INFO - Support aggregation diagnostics: min_nonzero=0.190437, mean=0.462061, P25=0.190437, P50=0.373754, P75=0.470600; coordinate_ratio(s<0.3/0.3<=s<0.8/s>=0.8)=0.392037/0.422308/0.185655; update_l2(s<0.3/0.3<=s<0.8/s>=0.8)=0.042984/0.344240/0.339442; global_update_l2=0.485356
2026-09-04 15:59:04,283 - INFO - Full evaluation profile: (1.0, 2, 11.424356)
2026-09-04 15:59:06,090 - INFO - Testing accuracy: 33.99
2026-09-04 15:59:06,090 - INFO - ********************************************************************************
2026-09-04 15:59:06,090 - INFO - Round 109
2026-09-04 15:59:15,883 - INFO - this epoch cost time:1.3449995517730713
2026-09-04 15:59:15,883 - INFO - this epoch choose: [96, 76, 87, 71, 63, 90, 73, 92, 96, 89]
2026-09-04 15:59:15,883 - INFO - this epoch dispatch models: [1 6 2 6 1 0 3 0 5 6]
2026-09-04 15:59:15,883 - INFO - this epoch received models: [np.int64(1), np.int64(6), np.int64(2), np.int64(6), np.int64(1), np.int64(0), np.int64(3), np.int64(0), np.int64(5), np.int64(6)]
2026-09-04 15:59:15,883 - INFO - hetero_proportion: 	4:3:3
2026-09-04 15:59:16,430 - INFO - Support aggregation diagnostics: min_nonzero=0.283256, mean=0.513374, P25=0.283256, P50=0.459924, P75=0.558330; coordinate_ratio(s<0.3/0.3<=s<0.8/s>=0.8)=0.392037/0.422308/0.185655; update_l2(s<0.3/0.3<=s<0.8/s>=0.8)=0.080772/0.357458/0.316580; global_update_l2=0.484276
2026-09-04 15:59:16,448 - INFO - Full evaluation profile: (1.0, 2, 11.424356)
2026-09-04 15:59:18,683 - INFO - Testing accuracy: 34.54
2026-09-04 15:59:18,684 - INFO - ********************************************************************************
2026-09-04 15:59:18,684 - INFO - Round 110
2026-09-04 15:59:27,720 - INFO - this epoch cost time:1.1779999732971191
2026-09-04 15:59:27,720 - INFO - this epoch choose: [56, 43, 84, 93, 35, 47, 79, 84, 22, 12]
2026-09-04 15:59:27,720 - INFO - this epoch dispatch models: [0 0 2 3 1 3 5 3 2 2]
2026-09-04 15:59:27,720 - INFO - this epoch received models: [np.int64(0), np.int64(0), np.int64(2), np.int64(3), np.int64(1), np.int64(3), np.int64(5), np.int64(3), np.int64(2), np.int64(2)]
2026-09-04 15:59:27,721 - INFO - hetero_proportion: 	4:3:3
2026-09-04 15:59:27,987 - INFO - Support aggregation diagnostics: min_nonzero=0.112770, mean=0.371877, P25=0.000000, P50=0.356809, P75=0.667930; coordinate_ratio(s<0.3/0.3<=s<0.8/s>=0.8)=0.402282/0.412063/0.185655; update_l2(s<0.3/0.3<=s<0.8/s>=0.8)=0.026058/0.437112/0.333147; global_update_l2=0.550212
2026-09-04 15:59:28,006 - INFO - Full evaluation profile: (1.0, 2, 11.424356)
2026-09-04 15:59:29,842 - INFO - Testing accuracy: 34.77
2026-09-04 15:59:29,843 - INFO - ********************************************************************************
2026-09-04 15:59:29,843 - INFO - Round 111
2026-09-04 15:59:42,098 - INFO - this epoch cost time:1.8220000267028809
2026-09-04 15:59:42,098 - INFO - this epoch choose: [54, 51, 54, 71, 57, 48, 88, 50, 29, 55]
2026-09-04 15:59:42,098 - INFO - this epoch dispatch models: [5 1 3 3 2 2 3 5 2 3]
2026-09-04 15:59:42,098 - INFO - this epoch received models: [np.int64(5), np.int64(1), np.int64(3), np.int64(3), np.int64(2), np.int64(2), np.int64(3), np.int64(5), np.int64(2), np.int64(3)]
2026-09-04 15:59:42,098 - INFO - hetero_proportion: 	4:3:3
2026-09-04 15:59:42,424 - INFO - Support aggregation diagnostics: min_nonzero=0.170833, mean=0.440315, P25=0.000000, P50=0.493516, P75=0.892877; coordinate_ratio(s<0.3/0.3<=s<0.8/s>=0.8)=0.402282/0.336975/0.260743; update_l2(s<0.3/0.3<=s<0.8/s>=0.8)=0.027276/0.337907/0.401546; global_update_l2=0.525513
2026-09-04 15:59:42,442 - INFO - Full evaluation profile: (1.0, 2, 11.424356)
2026-09-04 15:59:44,334 - INFO - Testing accuracy: 36.00
2026-09-04 15:59:44,334 - INFO - ********************************************************************************
2026-09-04 15:59:44,334 - INFO - Round 112
2026-09-04 15:59:54,624 - INFO - this epoch cost time:1.2869999408721924
2026-09-04 15:59:54,624 - INFO - this epoch choose: [92, 58, 84, 70, 77, 64, 53, 57, 91, 33]
2026-09-04 15:59:54,625 - INFO - this epoch dispatch models: [3 3 6 1 5 3 4 0 1 0]
2026-09-04 15:59:54,625 - INFO - this epoch received models: [np.int64(3), np.int64(3), np.int64(6), np.int64(1), np.int64(5), np.int64(3), np.int64(4), np.int64(0), np.int64(1), np.int64(0)]
2026-09-04 15:59:54,625 - INFO - hetero_proportion: 	4:3:3
2026-09-04 15:59:55,361 - INFO - Support aggregation diagnostics: min_nonzero=0.082053, mean=0.411843, P25=0.082053, P50=0.165468, P75=0.578067; coordinate_ratio(s<0.3/0.3<=s<0.8/s>=0.8)=0.518657/0.279412/0.201932; update_l2(s<0.3/0.3<=s<0.8/s>=0.8)=0.115827/0.318216/0.359963; global_update_l2=0.494218
2026-09-04 15:59:55,379 - INFO - Full evaluation profile: (1.0, 2, 11.424356)
2026-09-04 15:59:57,483 - INFO - Testing accuracy: 34.94
2026-09-04 15:59:57,483 - INFO - ********************************************************************************
2026-09-04 15:59:57,483 - INFO - Round 113
2026-09-04 16:00:07,750 - INFO - this epoch cost time:1.4469995498657227
2026-09-04 16:00:07,750 - INFO - this epoch choose: [80, 71, 88, 47, 27, 45, 42, 40, 0, 94]
2026-09-04 16:00:07,750 - INFO - this epoch dispatch models: [6 4 6 4 1 5 4 3 2 3]
2026-09-04 16:00:07,750 - INFO - this epoch received models: [np.int64(6), np.int64(4), np.int64(6), np.int64(4), np.int64(1), np.int64(5), np.int64(4), np.int64(3), np.int64(2), np.int64(3)]
2026-09-04 16:00:07,750 - INFO - hetero_proportion: 	4:3:3
2026-09-04 16:00:07,969 - INFO - Support aggregation diagnostics: min_nonzero=0.227699, mean=0.577320, P25=0.227699, P50=0.455598, P75=0.917182; coordinate_ratio(s<0.3/0.3<=s<0.8/s>=0.8)=0.392037/0.317510/0.290453; update_l2(s<0.3/0.3<=s<0.8/s>=0.8)=0.075209/0.267476/0.407874; global_update_l2=0.493519
2026-09-04 16:00:07,987 - INFO - Full evaluation profile: (1.0, 2, 11.424356)
2026-09-04 16:00:10,202 - INFO - Testing accuracy: 36.13
2026-09-04 16:00:10,202 - INFO - ********************************************************************************
2026-09-04 16:00:10,202 - INFO - Round 114
2026-09-04 16:00:20,736 - INFO - this epoch cost time:1.2420003414154053
2026-09-04 16:00:20,736 - INFO - this epoch choose: [61, 40, 98, 64, 74, 58, 25, 65, 20, 97]
2026-09-04 16:00:20,737 - INFO - this epoch dispatch models: [2 0 6 3 2 4 0 5 1 2]
2026-09-04 16:00:20,737 - INFO - this epoch received models: [np.int64(2), np.int64(0), np.int64(6), np.int64(3), np.int64(2), np.int64(4), np.int64(0), np.int64(5), np.int64(1), np.int64(2)]
2026-09-04 16:00:20,737 - INFO - hetero_proportion: 	4:3:3
2026-09-04 16:00:21,042 - INFO - Support aggregation diagnostics: min_nonzero=0.086113, mean=0.421972, P25=0.086113, P50=0.375177, P75=0.679402; coordinate_ratio(s<0.3/0.3<=s<0.8/s>=0.8)=0.402282/0.412063/0.185655; update_l2(s<0.3/0.3<=s<0.8/s>=0.8)=0.081536/0.344273/0.297277; global_update_l2=0.462110
2026-09-04 16:00:21,060 - INFO - Full evaluation profile: (1.0, 2, 11.424356)
2026-09-04 16:00:22,829 - INFO - Testing accuracy: 35.08
2026-09-04 16:00:22,830 - INFO - ********************************************************************************
2026-09-04 16:00:22,830 - INFO - Round 115
2026-09-04 16:00:34,696 - INFO - this epoch cost time:1.553999423980713
2026-09-04 16:00:34,696 - INFO - this epoch choose: [81, 19, 90, 98, 3, 1, 64, 49, 96, 85]
2026-09-04 16:00:34,696 - INFO - this epoch dispatch models: [4 1 4 5 2 1 4 3 3 1]
2026-09-04 16:00:34,696 - INFO - this epoch received models: [np.int64(4), np.int64(1), np.int64(4), np.int64(5), np.int64(2), np.int64(1), np.int64(4), np.int64(3), np.int64(3), np.int64(1)]
2026-09-04 16:00:34,696 - INFO - hetero_proportion: 	4:3:3
2026-09-04 16:00:35,049 - INFO - Support aggregation diagnostics: min_nonzero=0.079138, mean=0.409404, P25=0.000000, P50=0.190228, P75=0.727475; coordinate_ratio(s<0.3/0.3<=s<0.8/s>=0.8)=0.516115/0.281953/0.201932; update_l2(s<0.3/0.3<=s<0.8/s>=0.8)=0.234257/0.322604/0.336712; global_update_l2=0.521847
2026-09-04 16:00:35,067 - INFO - Full evaluation profile: (1.0, 2, 11.424356)
2026-09-04 16:00:36,945 - INFO - Testing accuracy: 35.09
2026-09-04 16:00:36,946 - INFO - ********************************************************************************
2026-09-04 16:00:36,946 - INFO - Round 116
2026-09-04 16:00:48,162 - INFO - this epoch cost time:1.7590014934539795
2026-09-04 16:00:48,162 - INFO - this epoch choose: [74, 43, 72, 82, 56, 16, 10, 84, 83, 38]
2026-09-04 16:00:48,162 - INFO - this epoch dispatch models: [5 5 2 6 5 1 1 6 1 2]
2026-09-04 16:00:48,162 - INFO - this epoch received models: [np.int64(5), np.int64(5), np.int64(2), np.int64(6), np.int64(5), np.int64(1), np.int64(1), np.int64(6), np.int64(1), np.int64(2)]
2026-09-04 16:00:48,162 - INFO - hetero_proportion: 	4:3:3
2026-09-04 16:00:48,824 - INFO - Support aggregation diagnostics: min_nonzero=0.177278, mean=0.514051, P25=0.177278, P50=0.490649, P75=0.652010; coordinate_ratio(s<0.3/0.3<=s<0.8/s>=0.8)=0.392037/0.376321/0.231642; update_l2(s<0.3/0.3<=s<0.8/s>=0.8)=0.050355/0.252858/0.382176; global_update_l2=0.461012
2026-09-04 16:00:48,842 - INFO - Full evaluation profile: (1.0, 2, 11.424356)
2026-09-04 16:00:51,059 - INFO - Testing accuracy: 35.19
2026-09-04 16:00:51,059 - INFO - ********************************************************************************
2026-09-04 16:00:51,059 - INFO - Round 117
2026-09-04 16:01:00,780 - INFO - this epoch cost time:1.2820000648498535
2026-09-04 16:01:00,780 - INFO - this epoch choose: [98, 40, 4, 74, 43, 73, 93, 48, 5, 35]
2026-09-04 16:01:00,781 - INFO - this epoch dispatch models: [6 5 0 5 4 4 3 3 2 0]
2026-09-04 16:01:00,781 - INFO - this epoch received models: [np.int64(6), np.int64(5), np.int64(0), np.int64(5), np.int64(4), np.int64(4), np.int64(3), np.int64(3), np.int64(2), np.int64(0)]
2026-09-04 16:01:00,781 - INFO - hetero_proportion: 	4:3:3
2026-09-04 16:01:01,105 - INFO - Support aggregation diagnostics: min_nonzero=0.087853, mean=0.483151, P25=0.087853, P50=0.418024, P75=0.805115; coordinate_ratio(s<0.3/0.3<=s<0.8/s>=0.8)=0.392037/0.347220/0.260743; update_l2(s<0.3/0.3<=s<0.8/s>=0.8)=0.036539/0.264930/0.392121; global_update_l2=0.474638
2026-09-04 16:01:01,123 - INFO - Full evaluation profile: (1.0, 2, 11.424356)
2026-09-04 16:01:03,156 - INFO - Testing accuracy: 34.66
2026-09-04 16:01:03,157 - INFO - ********************************************************************************
2026-09-04 16:01:03,157 - INFO - Round 118
2026-09-04 16:01:14,210 - INFO - this epoch cost time:1.3199996948242188
2026-09-04 16:01:14,210 - INFO - this epoch choose: [89, 15, 67, 45, 24, 3, 63, 80, 48, 87]
2026-09-04 16:01:14,210 - INFO - this epoch dispatch models: [5 2 4 4 1 2 2 3 5 5]
2026-09-04 16:01:14,210 - INFO - this epoch received models: [np.int64(5), np.int64(2), np.int64(4), np.int64(4), np.int64(1), np.int64(2), np.int64(2), np.int64(3), np.int64(5), np.int64(5)]
2026-09-04 16:01:14,210 - INFO - hetero_proportion: 	4:3:3
2026-09-04 16:01:14,511 - INFO - Support aggregation diagnostics: min_nonzero=0.271244, mean=0.463206, P25=0.000000, P50=0.578131, P75=0.895288; coordinate_ratio(s<0.3/0.3<=s<0.8/s>=0.8)=0.402282/0.307265/0.290453; update_l2(s<0.3/0.3<=s<0.8/s>=0.8)=0.025688/0.231427/0.396764; global_update_l2=0.460044
2026-09-04 16:01:14,530 - INFO - Full evaluation profile: (1.0, 2, 11.424356)
2026-09-04 16:01:16,310 - INFO - Testing accuracy: 35.62
2026-09-04 16:01:16,311 - INFO - ********************************************************************************
2026-09-04 16:01:16,311 - INFO - Round 119
2026-09-04 16:01:27,734 - INFO - this epoch cost time:1.8000001907348633
2026-09-04 16:01:27,734 - INFO - this epoch choose: [35, 91, 92, 94, 52, 82, 68, 49, 42, 80]
2026-09-04 16:01:27,734 - INFO - this epoch dispatch models: [1 6 4 3 3 5 4 1 0 2]
2026-09-04 16:01:27,734 - INFO - this epoch received models: [np.int64(1), np.int64(6), np.int64(4), np.int64(3), np.int64(3), np.int64(5), np.int64(4), np.int64(1), np.int64(0), np.int64(2)]
2026-09-04 16:01:27,734 - INFO - hetero_proportion: 	4:3:3
2026-09-04 16:01:28,056 - INFO - Support aggregation diagnostics: min_nonzero=0.103042, mean=0.449874, P25=0.103042, P50=0.324239, P75=0.685574; coordinate_ratio(s<0.3/0.3<=s<0.8/s>=0.8)=0.402282/0.395786/0.201932; update_l2(s<0.3/0.3<=s<0.8/s>=0.8)=0.042834/0.310662/0.321199; global_update_l2=0.448904
2026-09-04 16:01:28,074 - INFO - Full evaluation profile: (1.0, 2, 11.424356)
2026-09-04 16:01:29,918 - INFO - Testing accuracy: 35.11
2026-09-04 16:01:29,918 - INFO - ********************************************************************************
2026-09-04 16:01:29,918 - INFO - Round 120
2026-09-04 16:01:40,518 - INFO - this epoch cost time:1.3179998397827148
2026-09-04 16:01:40,518 - INFO - this epoch choose: [34, 56, 82, 80, 55, 31, 43, 88, 75, 51]
2026-09-04 16:01:40,518 - INFO - this epoch dispatch models: [0 3 2 3 5 1 3 6 2 3]
2026-09-04 16:01:40,518 - INFO - this epoch received models: [np.int64(0), np.int64(3), np.int64(2), np.int64(3), np.int64(5), np.int64(1), np.int64(3), np.int64(6), np.int64(2), np.int64(3)]
2026-09-04 16:01:40,518 - INFO - hetero_proportion: 	4:3:3
2026-09-04 16:01:41,204 - INFO - Support aggregation diagnostics: min_nonzero=0.090602, mean=0.464352, P25=0.090602, P50=0.398799, P75=0.819359; coordinate_ratio(s<0.3/0.3<=s<0.8/s>=0.8)=0.402282/0.336975/0.260743; update_l2(s<0.3/0.3<=s<0.8/s>=0.8)=0.058919/0.283557/0.382204; global_update_l2=0.479537
2026-09-04 16:01:41,222 - INFO - Full evaluation profile: (1.0, 2, 11.424356)
2026-09-04 16:01:43,495 - INFO - Testing accuracy: 35.54
2026-09-04 16:01:43,496 - INFO - ********************************************************************************
2026-09-04 16:01:43,496 - INFO - Round 121
2026-09-04 16:01:53,761 - INFO - this epoch cost time:1.384000301361084
2026-09-04 16:01:53,761 - INFO - this epoch choose: [44, 54, 78, 89, 71, 90, 86, 7, 45, 75]
2026-09-04 16:01:53,761 - INFO - this epoch dispatch models: [0 0 4 0 2 6 6 2 0 3]
2026-09-04 16:01:53,761 - INFO - this epoch received models: [np.int64(0), np.int64(0), np.int64(4), np.int64(0), np.int64(2), np.int64(6), np.int64(6), np.int64(2), np.int64(0), np.int64(3)]
2026-09-04 16:01:53,761 - INFO - hetero_proportion: 	4:3:3
2026-09-04 16:01:54,119 - INFO - Support aggregation diagnostics: min_nonzero=0.228647, mean=0.470034, P25=0.228647, P50=0.424630, P75=0.622033; coordinate_ratio(s<0.3/0.3<=s<0.8/s>=0.8)=0.402282/0.412063/0.185655; update_l2(s<0.3/0.3<=s<0.8/s>=0.8)=0.066624/0.377327/0.311848; global_update_l2=0.494028
2026-09-04 16:01:54,137 - INFO - Full evaluation profile: (1.0, 2, 11.424356)
2026-09-04 16:01:55,923 - INFO - Testing accuracy: 34.77
2026-09-04 16:01:55,923 - INFO - ********************************************************************************
2026-09-04 16:01:55,923 - INFO - Round 122
2026-09-04 16:02:09,368 - INFO - this epoch cost time:2.2909998893737793
2026-09-04 16:02:09,368 - INFO - this epoch choose: [83, 68, 52, 85, 68, 83, 99, 82, 8, 85]
2026-09-04 16:02:09,368 - INFO - this epoch dispatch models: [6 2 3 4 1 6 6 3 2 4]
2026-09-04 16:02:09,368 - INFO - this epoch received models: [np.int64(6), np.int64(2), np.int64(3), np.int64(4), np.int64(1), np.int64(6), np.int64(6), np.int64(3), np.int64(2), np.int64(4)]
2026-09-04 16:02:09,368 - INFO - hetero_proportion: 	4:3:3
2026-09-04 16:02:09,692 - INFO - Support aggregation diagnostics: min_nonzero=0.359920, mean=0.623843, P25=0.359920, P50=0.561773, P75=0.899528; coordinate_ratio(s<0.3/0.3<=s<0.8/s>=0.8)=0.000000/0.709547/0.290453; update_l2(s<0.3/0.3<=s<0.8/s>=0.8)=0.000000/0.288544/0.444321; global_update_l2=0.529791
2026-09-04 16:02:09,710 - INFO - Full evaluation profile: (1.0, 2, 11.424356)
2026-09-04 16:02:11,428 - INFO - Testing accuracy: 33.69
2026-09-04 16:02:11,429 - INFO - ********************************************************************************
2026-09-04 16:02:11,429 - INFO - Round 123
2026-09-04 16:02:22,656 - INFO - this epoch cost time:1.6750004291534424
2026-09-04 16:02:22,656 - INFO - this epoch choose: [34, 95, 79, 92, 88, 44, 32, 75, 12, 49]
2026-09-04 16:02:22,656 - INFO - this epoch dispatch models: [1 2 3 1 5 5 2 6 1 4]
2026-09-04 16:02:22,656 - INFO - this epoch received models: [np.int64(1), np.int64(2), np.int64(3), np.int64(1), np.int64(5), np.int64(5), np.int64(2), np.int64(6), np.int64(1), np.int64(4)]
2026-09-04 16:02:22,656 - INFO - hetero_proportion: 	4:3:3
2026-09-04 16:02:22,944 - INFO - Support aggregation diagnostics: min_nonzero=0.121457, mean=0.475587, P25=0.121457, P50=0.454049, P75=0.687854; coordinate_ratio(s<0.3/0.3<=s<0.8/s>=0.8)=0.392037/0.376321/0.231642; update_l2(s<0.3/0.3<=s<0.8/s>=0.8)=0.029304/0.283945/0.360615; global_update_l2=0.459920
2026-09-04 16:02:22,963 - INFO - Full evaluation profile: (1.0, 2, 11.424356)
2026-09-04 16:02:24,748 - INFO - Testing accuracy: 34.73
2026-09-04 16:02:24,748 - INFO - ********************************************************************************
2026-09-04 16:02:24,748 - INFO - Round 124
2026-09-04 16:02:35,951 - INFO - this epoch cost time:1.4170002937316895
2026-09-04 16:02:35,951 - INFO - this epoch choose: [71, 98, 26, 94, 54, 5, 43, 80, 45, 99]
2026-09-04 16:02:35,951 - INFO - this epoch dispatch models: [6 3 0 5 2 2 5 3 5 6]
2026-09-04 16:02:35,951 - INFO - this epoch received models: [np.int64(6), np.int64(3), np.int64(0), np.int64(5), np.int64(2), np.int64(2), np.int64(5), np.int64(3), np.int64(5), np.int64(6)]
2026-09-04 16:02:35,951 - INFO - hetero_proportion: 	4:3:3
2026-09-04 16:02:36,684 - INFO - Support aggregation diagnostics: min_nonzero=0.193337, mean=0.569293, P25=0.193337, P50=0.693040, P75=0.913544; coordinate_ratio(s<0.3/0.3<=s<0.8/s>=0.8)=0.392037/0.347220/0.260743; update_l2(s<0.3/0.3<=s<0.8/s>=0.8)=0.040597/0.228388/0.281668; global_update_l2=0.364892
2026-09-04 16:02:36,702 - INFO - Full evaluation profile: (1.0, 2, 11.424356)
2026-09-04 16:02:38,932 - INFO - Testing accuracy: 35.02
2026-09-04 16:02:38,932 - INFO - ********************************************************************************
2026-09-04 16:02:38,932 - INFO - Round 125
2026-09-04 16:02:48,225 - INFO - this epoch cost time:1.2530004978179932
2026-09-04 16:02:48,225 - INFO - this epoch choose: [92, 72, 70, 72, 47, 12, 40, 42, 48, 68]
2026-09-04 16:02:48,225 - INFO - this epoch dispatch models: [4 3 4 5 1 2 2 4 3 0]
2026-09-04 16:02:48,225 - INFO - this epoch received models: [np.int64(4), np.int64(3), np.int64(4), np.int64(5), np.int64(1), np.int64(2), np.int64(2), np.int64(4), np.int64(3), np.int64(0)]
2026-09-04 16:02:48,225 - INFO - hetero_proportion: 	4:3:3
2026-09-04 16:02:48,526 - INFO - Support aggregation diagnostics: min_nonzero=0.070399, mean=0.415700, P25=0.000000, P50=0.266159, P75=0.801564; coordinate_ratio(s<0.3/0.3<=s<0.8/s>=0.8)=0.516115/0.223142/0.260743; update_l2(s<0.3/0.3<=s<0.8/s>=0.8)=0.179994/0.233844/0.400432; global_update_l2=0.497420
2026-09-04 16:02:48,544 - INFO - Full evaluation profile: (1.0, 2, 11.424356)
2026-09-04 16:02:50,299 - INFO - Testing accuracy: 34.89
2026-09-04 16:02:50,299 - INFO - ********************************************************************************
2026-09-04 16:02:50,299 - INFO - Round 126
2026-09-04 16:03:02,833 - INFO - this epoch cost time:1.6040003299713135
2026-09-04 16:03:02,833 - INFO - this epoch choose: [4, 68, 85, 48, 97, 65, 97, 85, 57, 41]
2026-09-04 16:03:02,833 - INFO - this epoch dispatch models: [2 5 2 3 3 4 2 5 2 4]
2026-09-04 16:03:02,833 - INFO - this epoch received models: [np.int64(2), np.int64(5), np.int64(2), np.int64(3), np.int64(3), np.int64(4), np.int64(2), np.int64(5), np.int64(2), np.int64(4)]
2026-09-04 16:03:02,833 - INFO - hetero_proportion: 	4:3:3
2026-09-04 16:03:03,161 - INFO - Support aggregation diagnostics: min_nonzero=0.199065, mean=0.471661, P25=0.000000, P50=0.588962, P75=1.000000; coordinate_ratio(s<0.3/0.3<=s<0.8/s>=0.8)=0.402282/0.336975/0.260743; update_l2(s<0.3/0.3<=s<0.8/s>=0.8)=0.014363/0.233178/0.287137; global_update_l2=0.370170
2026-09-04 16:03:03,179 - INFO - Full evaluation profile: (1.0, 2, 11.424356)
2026-09-04 16:03:04,977 - INFO - Testing accuracy: 34.49
2026-09-04 16:03:04,978 - INFO - ********************************************************************************
2026-09-04 16:03:04,978 - INFO - Round 127
2026-09-04 16:03:16,463 - INFO - this epoch cost time:1.4519996643066406
2026-09-04 16:03:16,463 - INFO - this epoch choose: [94, 86, 57, 11, 32, 95, 41, 45, 38, 71]
2026-09-04 16:03:16,463 - INFO - this epoch dispatch models: [2 6 4 2 0 6 0 5 2 6]
2026-09-04 16:03:16,463 - INFO - this epoch received models: [np.int64(2), np.int64(6), np.int64(4), np.int64(2), np.int64(0), np.int64(6), np.int64(0), np.int64(5), np.int64(2), np.int64(6)]
2026-09-04 16:03:16,463 - INFO - hetero_proportion: 	4:3:3
2026-09-04 16:03:16,798 - INFO - Support aggregation diagnostics: min_nonzero=0.289346, mean=0.564316, P25=0.289346, P50=0.513923, P75=0.800646; coordinate_ratio(s<0.3/0.3<=s<0.8/s>=0.8)=0.392037/0.314968/0.292995; update_l2(s<0.3/0.3<=s<0.8/s>=0.8)=0.047861/0.166657/0.344233; global_update_l2=0.385437
2026-09-04 16:03:16,817 - INFO - Full evaluation profile: (1.0, 2, 11.424356)
2026-09-04 16:03:18,591 - INFO - Testing accuracy: 35.09
2026-09-04 16:03:18,591 - INFO - ********************************************************************************
2026-09-04 16:03:18,591 - INFO - Round 128
2026-09-04 16:03:27,872 - INFO - this epoch cost time:1.4019999504089355
2026-09-04 16:03:27,872 - INFO - this epoch choose: [95, 64, 7, 86, 56, 60, 87, 48, 33, 48]
2026-09-04 16:03:27,872 - INFO - this epoch dispatch models: [4 3 0 4 3 4 4 5 1 0]
2026-09-04 16:03:27,872 - INFO - this epoch received models: [np.int64(4), np.int64(3), np.int64(0), np.int64(4), np.int64(3), np.int64(4), np.int64(4), np.int64(5), np.int64(1), np.int64(0)]
2026-09-04 16:03:27,872 - INFO - hetero_proportion: 	4:3:3
2026-09-04 16:03:28,466 - INFO - Support aggregation diagnostics: min_nonzero=0.133003, mean=0.405277, P25=0.000000, P50=0.133003, P75=0.690417; coordinate_ratio(s<0.3/0.3<=s<0.8/s>=0.8)=0.516115/0.298231/0.185655; update_l2(s<0.3/0.3<=s<0.8/s>=0.8)=0.167764/0.319600/0.313907; global_update_l2=0.478358
2026-09-04 16:03:28,484 - INFO - Full evaluation profile: (1.0, 2, 11.424356)
2026-09-04 16:03:30,801 - INFO - Testing accuracy: 33.34
2026-09-04 16:03:30,801 - INFO - ********************************************************************************
2026-09-04 16:03:30,801 - INFO - Round 129
2026-09-04 16:03:40,942 - INFO - this epoch cost time:1.3670008182525635
2026-09-04 16:03:40,942 - INFO - this epoch choose: [91, 47, 94, 91, 59, 12, 67, 31, 64, 75]
2026-09-04 16:03:40,943 - INFO - this epoch dispatch models: [3 5 3 6 5 2 3 0 1 4]
2026-09-04 16:03:40,943 - INFO - this epoch received models: [np.int64(3), np.int64(5), np.int64(3), np.int64(6), np.int64(5), np.int64(2), np.int64(3), np.int64(0), np.int64(1), np.int64(4)]
2026-09-04 16:03:40,943 - INFO - hetero_proportion: 	4:3:3
2026-09-04 16:03:41,280 - INFO - Support aggregation diagnostics: min_nonzero=0.111845, mean=0.499841, P25=0.111845, P50=0.402855, P75=0.821687; coordinate_ratio(s<0.3/0.3<=s<0.8/s>=0.8)=0.392037/0.347220/0.260743; update_l2(s<0.3/0.3<=s<0.8/s>=0.8)=0.042460/0.328944/0.397171; global_update_l2=0.517447
2026-09-04 16:03:41,300 - INFO - Full evaluation profile: (1.0, 2, 11.424356)
2026-09-04 16:03:42,902 - INFO - Testing accuracy: 34.49
2026-09-04 16:03:42,903 - INFO - ********************************************************************************
2026-09-04 16:03:42,903 - INFO - Round 130
2026-09-04 16:03:53,513 - INFO - this epoch cost time:1.305999755859375
2026-09-04 16:03:53,513 - INFO - this epoch choose: [53, 61, 43, 72, 50, 97, 77, 85, 46, 16]
2026-09-04 16:03:53,513 - INFO - this epoch dispatch models: [4 5 0 3 1 5 4 6 4 1]
2026-09-04 16:03:53,513 - INFO - this epoch received models: [np.int64(4), np.int64(5), np.int64(0), np.int64(3), np.int64(1), np.int64(5), np.int64(4), np.int64(6), np.int64(4), np.int64(1)]
2026-09-04 16:03:53,513 - INFO - hetero_proportion: 	4:3:3
2026-09-04 16:03:53,791 - INFO - Support aggregation diagnostics: min_nonzero=0.108447, mean=0.487453, P25=0.108447, P50=0.308786, P75=0.722411; coordinate_ratio(s<0.3/0.3<=s<0.8/s>=0.8)=0.392037/0.376321/0.231642; update_l2(s<0.3/0.3<=s<0.8/s>=0.8)=0.027799/0.283592/0.347639; global_update_l2=0.449500
2026-09-04 16:03:53,809 - INFO - Full evaluation profile: (1.0, 2, 11.424356)
2026-09-04 16:03:55,656 - INFO - Testing accuracy: 35.14
2026-09-04 16:03:55,656 - INFO - ********************************************************************************
2026-09-04 16:03:55,656 - INFO - Round 131
2026-09-04 16:04:05,317 - INFO - this epoch cost time:1.235999584197998
2026-09-04 16:04:05,317 - INFO - this epoch choose: [90, 57, 73, 87, 86, 94, 93, 77, 84, 73]
2026-09-04 16:04:05,317 - INFO - this epoch dispatch models: [6 1 3 6 4 3 3 4 5 4]
2026-09-04 16:04:05,317 - INFO - this epoch received models: [np.int64(6), np.int64(1), np.int64(3), np.int64(6), np.int64(4), np.int64(3), np.int64(3), np.int64(4), np.int64(5), np.int64(4)]
2026-09-04 16:04:05,317 - INFO - hetero_proportion: 	4:3:3
2026-09-04 16:04:06,085 - INFO - Support aggregation diagnostics: min_nonzero=0.200749, mean=0.556993, P25=0.200749, P50=0.293742, P75=0.866020; coordinate_ratio(s<0.3/0.3<=s<0.8/s>=0.8)=0.516115/0.032252/0.451633; update_l2(s<0.3/0.3<=s<0.8/s>=0.8)=0.122594/0.126061/0.279619; global_update_l2=0.330314
2026-09-04 16:04:06,103 - INFO - Full evaluation profile: (1.0, 2, 11.424356)
2026-09-04 16:04:08,230 - INFO - Testing accuracy: 33.33
2026-09-04 16:04:08,231 - INFO - ********************************************************************************
2026-09-04 16:04:08,231 - INFO - Round 132
2026-09-04 16:04:16,626 - INFO - this epoch cost time:1.1530005931854248
2026-09-04 16:04:16,626 - INFO - this epoch choose: [68, 3, 97, 93, 58, 87, 50, 52, 47, 82]
2026-09-04 16:04:16,626 - INFO - this epoch dispatch models: [0 2 3 4 3 4 4 4 2 6]
2026-09-04 16:04:16,626 - INFO - this epoch received models: [np.int64(0), np.int64(2), np.int64(3), np.int64(4), np.int64(3), np.int64(4), np.int64(4), np.int64(4), np.int64(2), np.int64(6)]
2026-09-04 16:04:16,626 - INFO - hetero_proportion: 	4:3:3
2026-09-04 16:04:16,938 - INFO - Support aggregation diagnostics: min_nonzero=0.107249, mean=0.476074, P25=0.107249, P50=0.337983, P75=0.873542; coordinate_ratio(s<0.3/0.3<=s<0.8/s>=0.8)=0.402282/0.336975/0.260743; update_l2(s<0.3/0.3<=s<0.8/s>=0.8)=0.036127/0.257769/0.353619; global_update_l2=0.439086
2026-09-04 16:04:16,956 - INFO - Full evaluation profile: (1.0, 2, 11.424356)
2026-09-04 16:04:18,825 - INFO - Testing accuracy: 33.77
2026-09-04 16:04:18,826 - INFO - ********************************************************************************
2026-09-04 16:04:18,826 - INFO - Round 133
2026-09-04 16:04:30,685 - INFO - this epoch cost time:1.8259992599487305
2026-09-04 16:04:30,685 - INFO - this epoch choose: [73, 41, 46, 52, 81, 16, 76, 8, 71, 59]
2026-09-04 16:04:30,685 - INFO - this epoch dispatch models: [3 0 4 2 6 2 4 1 6 3]
2026-09-04 16:04:30,685 - INFO - this epoch received models: [np.int64(3), np.int64(0), np.int64(4), np.int64(2), np.int64(6), np.int64(2), np.int64(4), np.int64(1), np.int64(6), np.int64(3)]
2026-09-04 16:04:30,685 - INFO - hetero_proportion: 	4:3:3
2026-09-04 16:04:30,996 - INFO - Support aggregation diagnostics: min_nonzero=0.228450, mean=0.519824, P25=0.228450, P50=0.387901, P75=0.769811; coordinate_ratio(s<0.3/0.3<=s<0.8/s>=0.8)=0.402282/0.395786/0.201932; update_l2(s<0.3/0.3<=s<0.8/s>=0.8)=0.066995/0.343823/0.331199; global_update_l2=0.482074
2026-09-04 16:04:31,014 - INFO - Full evaluation profile: (1.0, 2, 11.424356)
2026-09-04 16:04:32,704 - INFO - Testing accuracy: 34.73
2026-09-04 16:04:32,705 - INFO - ********************************************************************************
2026-09-04 16:04:32,705 - INFO - Round 134
2026-09-04 16:04:44,070 - INFO - this epoch cost time:1.6029994487762451
2026-09-04 16:04:44,070 - INFO - this epoch choose: [83, 87, 40, 53, 38, 40, 45, 34, 41, 95]
2026-09-04 16:04:44,070 - INFO - this epoch dispatch models: [0 6 2 1 2 1 0 2 1 2]
2026-09-04 16:04:44,070 - INFO - this epoch received models: [np.int64(0), np.int64(6), np.int64(2), np.int64(1), np.int64(2), np.int64(1), np.int64(0), np.int64(2), np.int64(1), np.int64(2)]
2026-09-04 16:04:44,070 - INFO - hetero_proportion: 	4:3:3
2026-09-04 16:04:44,422 - INFO - Support aggregation diagnostics: min_nonzero=0.061372, mean=0.332079, P25=0.061372, P50=0.061372, P75=0.428463; coordinate_ratio(s<0.3/0.3<=s<0.8/s>=0.8)=0.593173/0.221173/0.185655; update_l2(s<0.3/0.3<=s<0.8/s>=0.8)=0.032364/0.329892/0.356305; global_update_l2=0.486652
2026-09-04 16:04:44,440 - INFO - Full evaluation profile: (1.0, 2, 11.424356)
2026-09-04 16:04:46,256 - INFO - Testing accuracy: 34.15
2026-09-04 16:04:46,256 - INFO - ********************************************************************************
2026-09-04 16:04:46,256 - INFO - Round 135
2026-09-04 16:04:55,648 - INFO - this epoch cost time:1.438000202178955
2026-09-04 16:04:55,648 - INFO - this epoch choose: [87, 86, 64, 70, 73, 47, 49, 40, 98, 93]
2026-09-04 16:04:55,648 - INFO - this epoch dispatch models: [4 6 0 6 5 4 5 0 3 0]
2026-09-04 16:04:55,648 - INFO - this epoch received models: [np.int64(4), np.int64(6), np.int64(0), np.int64(6), np.int64(5), np.int64(4), np.int64(5), np.int64(0), np.int64(3), np.int64(0)]
2026-09-04 16:04:55,648 - INFO - hetero_proportion: 	4:3:3
2026-09-04 16:04:56,309 - INFO - Support aggregation diagnostics: min_nonzero=0.253636, mean=0.564218, P25=0.253636, P50=0.492729, P75=0.740804; coordinate_ratio(s<0.3/0.3<=s<0.8/s>=0.8)=0.392037/0.422308/0.185655; update_l2(s<0.3/0.3<=s<0.8/s>=0.8)=0.081366/0.401183/0.269385; global_update_l2=0.490038
2026-09-04 16:04:56,327 - INFO - Full evaluation profile: (1.0, 2, 11.424356)
2026-09-04 16:04:58,608 - INFO - Testing accuracy: 33.87
2026-09-04 16:04:58,609 - INFO - ********************************************************************************
2026-09-04 16:04:58,609 - INFO - Round 136
2026-09-04 16:05:10,042 - INFO - this epoch cost time:1.7859997749328613
2026-09-04 16:05:10,042 - INFO - this epoch choose: [41, 41, 88, 44, 57, 35, 61, 69, 98, 46]
2026-09-04 16:05:10,042 - INFO - this epoch dispatch models: [2 2 6 4 2 2 1 5 5 0]
2026-09-04 16:05:10,042 - INFO - this epoch received models: [np.int64(2), np.int64(2), np.int64(6), np.int64(4), np.int64(2), np.int64(2), np.int64(1), np.int64(5), np.int64(5), np.int64(0)]
2026-09-04 16:05:10,042 - INFO - hetero_proportion: 	4:3:3
2026-09-04 16:05:10,349 - INFO - Support aggregation diagnostics: min_nonzero=0.089844, mean=0.470815, P25=0.089844, P50=0.376674, P75=0.813802; coordinate_ratio(s<0.3/0.3<=s<0.8/s>=0.8)=0.402282/0.304723/0.292995; update_l2(s<0.3/0.3<=s<0.8/s>=0.8)=0.050767/0.171599/0.331690; global_update_l2=0.376884
2026-09-04 16:05:10,368 - INFO - Full evaluation profile: (1.0, 2, 11.424356)
2026-09-04 16:05:12,269 - INFO - Testing accuracy: 34.82
2026-09-04 16:05:12,269 - INFO - ********************************************************************************
2026-09-04 16:05:12,269 - INFO - Round 137
2026-09-04 16:05:23,590 - INFO - this epoch cost time:1.448000192642212
2026-09-04 16:05:23,590 - INFO - this epoch choose: [94, 64, 92, 10, 99, 77, 91, 7, 74, 6]
2026-09-04 16:05:23,590 - INFO - this epoch dispatch models: [2 4 5 2 6 3 5 1 6 2]
2026-09-04 16:05:23,590 - INFO - this epoch received models: [np.int64(2), np.int64(4), np.int64(5), np.int64(2), np.int64(6), np.int64(3), np.int64(5), np.int64(1), np.int64(6), np.int64(2)]
2026-09-04 16:05:23,590 - INFO - hetero_proportion: 	4:3:3
2026-09-04 16:05:23,928 - INFO - Support aggregation diagnostics: min_nonzero=0.216375, mean=0.572581, P25=0.216375, P50=0.617765, P75=0.902126; coordinate_ratio(s<0.3/0.3<=s<0.8/s>=0.8)=0.392037/0.314968/0.292995; update_l2(s<0.3/0.3<=s<0.8/s>=0.8)=0.051122/0.161011/0.308388; global_update_l2=0.351627
2026-09-04 16:05:23,946 - INFO - Full evaluation profile: (1.0, 2, 11.424356)
2026-09-04 16:05:25,698 - INFO - Testing accuracy: 35.09
2026-09-04 16:05:25,698 - INFO - ********************************************************************************
2026-09-04 16:05:25,698 - INFO - Round 138
2026-09-04 16:05:36,500 - INFO - this epoch cost time:1.4160003662109375
2026-09-04 16:05:36,500 - INFO - this epoch choose: [86, 71, 76, 94, 32, 90, 55, 89, 76, 87]
2026-09-04 16:05:36,500 - INFO - this epoch dispatch models: [6 4 5 5 2 3 4 1 5 5]
2026-09-04 16:05:36,500 - INFO - this epoch received models: [np.int64(6), np.int64(4), np.int64(5), np.int64(5), np.int64(2), np.int64(3), np.int64(4), np.int64(1), np.int64(5), np.int64(5)]
2026-09-04 16:05:36,500 - INFO - hetero_proportion: 	4:3:3
2026-09-04 16:05:37,233 - INFO - Support aggregation diagnostics: min_nonzero=0.116667, mean=0.558337, P25=0.116667, P50=0.556277, P75=0.917749; coordinate_ratio(s<0.3/0.3<=s<0.8/s>=0.8)=0.392037/0.126619/0.481343; update_l2(s<0.3/0.3<=s<0.8/s>=0.8)=0.027552/0.151706/0.379281; global_update_l2=0.409424
2026-09-04 16:05:37,253 - INFO - Full evaluation profile: (1.0, 2, 11.424356)
2026-09-04 16:05:39,094 - INFO - Testing accuracy: 34.80
2026-09-04 16:05:39,094 - INFO - ********************************************************************************
2026-09-04 16:05:39,094 - INFO - Round 139
2026-09-04 16:05:48,581 - INFO - this epoch cost time:1.5909998416900635
2026-09-04 16:05:48,581 - INFO - this epoch choose: [43, 46, 91, 82, 47, 51, 39, 59, 78, 80]
2026-09-04 16:05:48,581 - INFO - this epoch dispatch models: [2 0 3 2 1 0 0 0 4 6]
2026-09-04 16:05:48,581 - INFO - this epoch received models: [np.int64(2), np.int64(0), np.int64(3), np.int64(2), np.int64(1), np.int64(0), np.int64(0), np.int64(0), np.int64(4), np.int64(6)]
2026-09-04 16:05:48,581 - INFO - hetero_proportion: 	4:3:3
2026-09-04 16:05:48,783 - INFO - Support aggregation diagnostics: min_nonzero=0.132661, mean=0.390955, P25=0.132661, P50=0.312298, P75=0.508065; coordinate_ratio(s<0.3/0.3<=s<0.8/s>=0.8)=0.402282/0.412063/0.185655; update_l2(s<0.3/0.3<=s<0.8/s>=0.8)=0.062688/0.328049/0.314567; global_update_l2=0.458801
2026-09-04 16:05:48,801 - INFO - Full evaluation profile: (1.0, 2, 11.424356)
2026-09-04 16:05:51,048 - INFO - Testing accuracy: 34.62
2026-09-04 16:05:51,048 - INFO - ********************************************************************************
2026-09-04 16:05:51,048 - INFO - Round 140
2026-09-04 16:06:02,736 - INFO - this epoch cost time:1.6740002632141113
2026-09-04 16:06:02,736 - INFO - this epoch choose: [74, 64, 75, 3, 49, 56, 87, 28, 88, 17]
2026-09-04 16:06:02,736 - INFO - this epoch dispatch models: [4 2 6 0 5 5 2 1 6 2]
2026-09-04 16:06:02,736 - INFO - this epoch received models: [np.int64(4), np.int64(2), np.int64(6), np.int64(0), np.int64(5), np.int64(5), np.int64(2), np.int64(1), np.int64(6), np.int64(2)]
2026-09-04 16:06:02,736 - INFO - hetero_proportion: 	4:3:3
2026-09-04 16:06:03,046 - INFO - Support aggregation diagnostics: min_nonzero=0.208349, mean=0.540618, P25=0.208349, P50=0.539631, P75=0.784532; coordinate_ratio(s<0.3/0.3<=s<0.8/s>=0.8)=0.392037/0.376321/0.231642; update_l2(s<0.3/0.3<=s<0.8/s>=0.8)=0.035305/0.235994/0.337521; global_update_l2=0.413352
2026-09-04 16:06:03,064 - INFO - Full evaluation profile: (1.0, 2, 11.424356)
2026-09-04 16:06:04,873 - INFO - Testing accuracy: 35.12
2026-09-04 16:06:04,873 - INFO - ********************************************************************************
2026-09-04 16:06:04,873 - INFO - Round 141
2026-09-04 16:06:15,019 - INFO - this epoch cost time:1.3230013847351074
2026-09-04 16:06:15,019 - INFO - this epoch choose: [98, 73, 51, 98, 52, 93, 79, 6, 91, 46]
2026-09-04 16:06:15,019 - INFO - this epoch dispatch models: [5 6 3 2 2 0 0 1 4 3]
2026-09-04 16:06:15,019 - INFO - this epoch received models: [np.int64(5), np.int64(6), np.int64(3), np.int64(2), np.int64(2), np.int64(0), np.int64(0), np.int64(1), np.int64(4), np.int64(3)]
2026-09-04 16:06:15,019 - INFO - hetero_proportion: 	4:3:3
2026-09-04 16:06:15,335 - INFO - Support aggregation diagnostics: min_nonzero=0.104408, mean=0.455135, P25=0.104408, P50=0.376002, P75=0.742876; coordinate_ratio(s<0.3/0.3<=s<0.8/s>=0.8)=0.402282/0.395786/0.201932; update_l2(s<0.3/0.3<=s<0.8/s>=0.8)=0.033422/0.273918/0.300826; global_update_l2=0.408221
2026-09-04 16:06:15,354 - INFO - Full evaluation profile: (1.0, 2, 11.424356)
2026-09-04 16:06:17,258 - INFO - Testing accuracy: 34.68
2026-09-04 16:06:17,259 - INFO - ********************************************************************************
2026-09-04 16:06:17,259 - INFO - Round 142
2026-09-04 16:06:28,785 - INFO - this epoch cost time:1.5859999656677246
2026-09-04 16:06:28,785 - INFO - this epoch choose: [74, 87, 57, 92, 13, 53, 56, 8, 80, 76]
2026-09-04 16:06:28,785 - INFO - this epoch dispatch models: [3 1 5 6 2 3 5 2 4 4]
2026-09-04 16:06:28,785 - INFO - this epoch received models: [np.int64(3), np.int64(1), np.int64(5), np.int64(6), np.int64(2), np.int64(3), np.int64(5), np.int64(2), np.int64(4), np.int64(4)]
2026-09-04 16:06:28,785 - INFO - hetero_proportion: 	4:3:3
2026-09-04 16:06:29,507 - INFO - Support aggregation diagnostics: min_nonzero=0.091639, mean=0.518694, P25=0.091639, P50=0.509332, P75=0.939716; coordinate_ratio(s<0.3/0.3<=s<0.8/s>=0.8)=0.392037/0.347220/0.260743; update_l2(s<0.3/0.3<=s<0.8/s>=0.8)=0.039313/0.272784/0.333165; global_update_l2=0.432383
2026-09-04 16:06:29,525 - INFO - Full evaluation profile: (1.0, 2, 11.424356)
2026-09-04 16:06:31,743 - INFO - Testing accuracy: 34.74
2026-09-04 16:06:31,744 - INFO - ********************************************************************************
2026-09-04 16:06:31,744 - INFO - Round 143
2026-09-04 16:06:41,698 - INFO - this epoch cost time:1.365999698638916
2026-09-04 16:06:41,698 - INFO - this epoch choose: [73, 81, 10, 97, 44, 95, 97, 27, 90, 93]
2026-09-04 16:06:41,698 - INFO - this epoch dispatch models: [3 5 2 6 5 6 6 1 6 3]
2026-09-04 16:06:41,698 - INFO - this epoch received models: [np.int64(3), np.int64(5), np.int64(2), np.int64(6), np.int64(5), np.int64(6), np.int64(6), np.int64(1), np.int64(6), np.int64(3)]
2026-09-04 16:06:41,698 - INFO - hetero_proportion: 	4:3:3
2026-09-04 16:06:42,015 - INFO - Support aggregation diagnostics: min_nonzero=0.414979, mean=0.690891, P25=0.414979, P50=0.758228, P75=0.912447; coordinate_ratio(s<0.3/0.3<=s<0.8/s>=0.8)=0.000000/0.709547/0.290453; update_l2(s<0.3/0.3<=s<0.8/s>=0.8)=0.000000/0.149011/0.264940; global_update_l2=0.303969
2026-09-04 16:06:42,035 - INFO - Full evaluation profile: (1.0, 2, 11.424356)
2026-09-04 16:06:44,004 - INFO - Testing accuracy: 34.91
2026-09-04 16:06:44,004 - INFO - ********************************************************************************
2026-09-04 16:06:44,004 - INFO - Round 144
2026-09-04 16:06:55,549 - INFO - this epoch cost time:2.086000442504883
2026-09-04 16:06:55,550 - INFO - this epoch choose: [22, 72, 95, 83, 41, 75, 47, 62, 90, 36]
2026-09-04 16:06:55,550 - INFO - this epoch dispatch models: [0 4 3 6 5 0 2 2 1 1]
2026-09-04 16:06:55,550 - INFO - this epoch received models: [np.int64(0), np.int64(4), np.int64(3), np.int64(6), np.int64(5), np.int64(0), np.int64(2), np.int64(2), np.int64(1), np.int64(1)]
2026-09-04 16:06:55,550 - INFO - hetero_proportion: 	4:3:3
2026-09-04 16:06:55,879 - INFO - Support aggregation diagnostics: min_nonzero=0.142965, mean=0.437951, P25=0.142965, P50=0.400189, P75=0.564306; coordinate_ratio(s<0.3/0.3<=s<0.8/s>=0.8)=0.402282/0.412063/0.185655; update_l2(s<0.3/0.3<=s<0.8/s>=0.8)=0.060174/0.318356/0.318274; global_update_l2=0.454170
2026-09-04 16:06:55,897 - INFO - Full evaluation profile: (1.0, 2, 11.424356)
2026-09-04 16:06:57,726 - INFO - Testing accuracy: 34.86
2026-09-04 16:06:57,727 - INFO - ********************************************************************************
2026-09-04 16:06:57,727 - INFO - Round 145
2026-09-04 16:07:09,424 - INFO - this epoch cost time:1.8159995079040527
2026-09-04 16:07:09,424 - INFO - this epoch choose: [54, 97, 25, 78, 63, 30, 54, 68, 86, 81]
2026-09-04 16:07:09,424 - INFO - this epoch dispatch models: [4 3 2 5 1 1 0 3 1 6]
2026-09-04 16:07:09,424 - INFO - this epoch received models: [np.int64(4), np.int64(3), np.int64(2), np.int64(5), np.int64(1), np.int64(1), np.int64(0), np.int64(3), np.int64(1), np.int64(6)]
2026-09-04 16:07:09,424 - INFO - hetero_proportion: 	4:3:3
2026-09-04 16:07:09,713 - INFO - Support aggregation diagnostics: min_nonzero=0.127386, mean=0.439274, P25=0.127386, P50=0.300888, P75=0.604990; coordinate_ratio(s<0.3/0.3<=s<0.8/s>=0.8)=0.402282/0.395786/0.201932; update_l2(s<0.3/0.3<=s<0.8/s>=0.8)=0.038577/0.351224/0.341050; global_update_l2=0.491082
2026-09-04 16:07:09,731 - INFO - Full evaluation profile: (1.0, 2, 11.424356)
2026-09-04 16:07:11,467 - INFO - Testing accuracy: 34.52
2026-09-04 16:07:11,467 - INFO - ********************************************************************************
2026-09-04 16:07:11,467 - INFO - Round 146
2026-09-04 16:07:19,986 - INFO - this epoch cost time:1.114999771118164
2026-09-04 16:07:19,986 - INFO - this epoch choose: [74, 98, 52, 91, 61, 86, 44, 32, 52, 52]
2026-09-04 16:07:19,986 - INFO - this epoch dispatch models: [3 5 5 3 1 3 3 0 2 4]
2026-09-04 16:07:19,986 - INFO - this epoch received models: [np.int64(3), np.int64(5), np.int64(5), np.int64(3), np.int64(1), np.int64(3), np.int64(3), np.int64(0), np.int64(2), np.int64(4)]
2026-09-04 16:07:19,986 - INFO - hetero_proportion: 	4:3:3
2026-09-04 16:07:20,237 - INFO - Support aggregation diagnostics: min_nonzero=0.181444, mean=0.434843, P25=0.000000, P50=0.265539, P75=0.816499; coordinate_ratio(s<0.3/0.3<=s<0.8/s>=0.8)=0.516115/0.223142/0.260743; update_l2(s<0.3/0.3<=s<0.8/s>=0.8)=0.119541/0.190747/0.354433; global_update_l2=0.419878
2026-09-04 16:07:20,256 - INFO - Full evaluation profile: (1.0, 2, 11.424356)
2026-09-04 16:07:22,416 - INFO - Testing accuracy: 33.47
2026-09-04 16:07:22,416 - INFO - ********************************************************************************
2026-09-04 16:07:22,416 - INFO - Round 147
2026-09-04 16:07:32,355 - INFO - this epoch cost time:1.3579998016357422
2026-09-04 16:07:32,355 - INFO - this epoch choose: [40, 93, 68, 98, 82, 65, 62, 44, 82, 78]
2026-09-04 16:07:32,355 - INFO - this epoch dispatch models: [5 6 1 0 6 1 2 5 6 0]
2026-09-04 16:07:32,355 - INFO - this epoch received models: [np.int64(5), np.int64(6), np.int64(1), np.int64(0), np.int64(6), np.int64(1), np.int64(2), np.int64(5), np.int64(6), np.int64(0)]
2026-09-04 16:07:32,355 - INFO - hetero_proportion: 	4:3:3
2026-09-04 16:07:32,688 - INFO - Support aggregation diagnostics: min_nonzero=0.276944, mean=0.533232, P25=0.276944, P50=0.486037, P75=0.591738; coordinate_ratio(s<0.3/0.3<=s<0.8/s>=0.8)=0.392037/0.376321/0.231642; update_l2(s<0.3/0.3<=s<0.8/s>=0.8)=0.044619/0.163931/0.285530; global_update_l2=0.332253
2026-09-04 16:07:32,706 - INFO - Full evaluation profile: (1.0, 2, 11.424356)
2026-09-04 16:07:34,470 - INFO - Testing accuracy: 33.93
2026-09-04 16:07:34,470 - INFO - ********************************************************************************
2026-09-04 16:07:34,470 - INFO - Round 148
2026-09-04 16:07:45,397 - INFO - this epoch cost time:1.476999282836914
2026-09-04 16:07:45,397 - INFO - this epoch choose: [96, 72, 90, 77, 74, 54, 71, 45, 94, 84]
2026-09-04 16:07:45,397 - INFO - this epoch dispatch models: [3 3 5 3 1 0 6 2 5 6]
2026-09-04 16:07:45,397 - INFO - this epoch received models: [np.int64(3), np.int64(3), np.int64(5), np.int64(3), np.int64(1), np.int64(0), np.int64(6), np.int64(2), np.int64(5), np.int64(6)]
2026-09-04 16:07:45,397 - INFO - hetero_proportion: 	4:3:3
2026-09-04 16:07:46,299 - INFO - Support aggregation diagnostics: min_nonzero=0.191240, mean=0.528536, P25=0.191240, P50=0.504215, P75=0.769484; coordinate_ratio(s<0.3/0.3<=s<0.8/s>=0.8)=0.392037/0.406031/0.201932; update_l2(s<0.3/0.3<=s<0.8/s>=0.8)=0.043189/0.239654/0.272619; global_update_l2=0.365541
2026-09-04 16:07:46,317 - INFO - Full evaluation profile: (1.0, 2, 11.424356)
2026-09-04 16:07:48,076 - INFO - Testing accuracy: 34.59
2026-09-04 16:07:48,076 - INFO - ********************************************************************************
2026-09-04 16:07:48,076 - INFO - Round 149
2026-09-04 16:07:57,955 - INFO - this epoch cost time:1.3969993591308594
2026-09-04 16:07:57,955 - INFO - this epoch choose: [0, 52, 38, 84, 84, 90, 0, 69, 15, 38]
2026-09-04 16:07:57,955 - INFO - this epoch dispatch models: [2 3 2 3 5 6 0 2 2 0]
2026-09-04 16:07:57,955 - INFO - this epoch received models: [np.int64(2), np.int64(3), np.int64(2), np.int64(3), np.int64(5), np.int64(6), np.int64(0), np.int64(2), np.int64(2), np.int64(0)]
2026-09-04 16:07:57,955 - INFO - hetero_proportion: 	4:3:3
2026-09-04 16:07:58,393 - INFO - Support aggregation diagnostics: min_nonzero=0.114642, mean=0.450587, P25=0.114642, P50=0.350946, P75=0.784363; coordinate_ratio(s<0.3/0.3<=s<0.8/s>=0.8)=0.402282/0.412063/0.185655; update_l2(s<0.3/0.3<=s<0.8/s>=0.8)=0.016543/0.333864/0.315808; global_update_l2=0.459863
2026-09-04 16:07:58,413 - INFO - Full evaluation profile: (1.0, 2, 11.424356)
2026-09-04 16:08:00,719 - INFO - Testing accuracy: 35.10
2026-09-04 16:08:00,720 - INFO - ********************************************************************************
2026-09-04 16:08:00,720 - INFO - Round 150
2026-09-04 16:08:10,149 - INFO - this epoch cost time:1.2130002975463867
2026-09-04 16:08:10,150 - INFO - this epoch choose: [72, 95, 40, 89, 87, 82, 88, 75, 58, 67]
2026-09-04 16:08:10,150 - INFO - this epoch dispatch models: [4 2 0 5 6 2 6 3 3 0]
2026-09-04 16:08:10,150 - INFO - this epoch received models: [np.int64(4), np.int64(2), np.int64(0), np.int64(5), np.int64(6), np.int64(2), np.int64(6), np.int64(3), np.int64(3), np.int64(0)]
2026-09-04 16:08:10,150 - INFO - hetero_proportion: 	4:3:3
2026-09-04 16:08:10,466 - INFO - Support aggregation diagnostics: min_nonzero=0.182023, mean=0.504633, P25=0.182023, P50=0.461156, P75=0.796748; coordinate_ratio(s<0.3/0.3<=s<0.8/s>=0.8)=0.402282/0.412063/0.185655; update_l2(s<0.3/0.3<=s<0.8/s>=0.8)=0.044888/0.299930/0.265236; global_update_l2=0.402893
2026-09-04 16:08:10,486 - INFO - Full evaluation profile: (1.0, 2, 11.424356)
2026-09-04 16:08:12,288 - INFO - Testing accuracy: 34.50
2026-09-04 16:08:12,288 - INFO - ********************************************************************************
2026-09-04 16:08:12,288 - INFO - Round 151
2026-09-04 16:08:24,032 - INFO - this epoch cost time:1.936000108718872
2026-09-04 16:08:24,032 - INFO - this epoch choose: [52, 74, 66, 52, 89, 90, 74, 39, 57, 59]
2026-09-04 16:08:24,032 - INFO - this epoch dispatch models: [2 4 0 0 6 6 2 1 2 4]
2026-09-04 16:08:24,032 - INFO - this epoch received models: [np.int64(2), np.int64(4), np.int64(0), np.int64(0), np.int64(6), np.int64(6), np.int64(2), np.int64(1), np.int64(2), np.int64(4)]
2026-09-04 16:08:24,032 - INFO - hetero_proportion: 	4:3:3
2026-09-04 16:08:24,501 - INFO - Support aggregation diagnostics: min_nonzero=0.201961, mean=0.490538, P25=0.201961, P50=0.421657, P75=0.742333; coordinate_ratio(s<0.3/0.3<=s<0.8/s>=0.8)=0.402282/0.366076/0.231642; update_l2(s<0.3/0.3<=s<0.8/s>=0.8)=0.033244/0.169792/0.268073; global_update_l2=0.319058
2026-09-04 16:08:24,520 - INFO - Full evaluation profile: (1.0, 2, 11.424356)
2026-09-04 16:08:26,518 - INFO - Testing accuracy: 34.75
2026-09-04 16:08:26,518 - INFO - ********************************************************************************
2026-09-04 16:08:26,518 - INFO - Round 152
2026-09-04 16:08:37,101 - INFO - this epoch cost time:1.5580005645751953
2026-09-04 16:08:37,101 - INFO - this epoch choose: [16, 72, 56, 77, 48, 70, 98, 75, 32, 81]
2026-09-04 16:08:37,102 - INFO - this epoch dispatch models: [2 5 0 3 4 0 2 6 1 0]
2026-09-04 16:08:37,102 - INFO - this epoch received models: [np.int64(2), np.int64(5), np.int64(0), np.int64(3), np.int64(4), np.int64(0), np.int64(2), np.int64(6), np.int64(1), np.int64(0)]
2026-09-04 16:08:37,102 - INFO - hetero_proportion: 	4:3:3
2026-09-04 16:08:37,400 - INFO - Support aggregation diagnostics: min_nonzero=0.117971, mean=0.411927, P25=0.117971, P50=0.358828, P75=0.569799; coordinate_ratio(s<0.3/0.3<=s<0.8/s>=0.8)=0.402282/0.412063/0.185655; update_l2(s<0.3/0.3<=s<0.8/s>=0.8)=0.019345/0.278860/0.326475; global_update_l2=0.429794
2026-09-04 16:08:37,418 - INFO - Full evaluation profile: (1.0, 2, 11.424356)
2026-09-04 16:08:39,807 - INFO - Testing accuracy: 34.56
2026-09-04 16:08:39,807 - INFO - ********************************************************************************
2026-09-04 16:08:39,807 - INFO - Round 153
2026-09-04 16:08:51,396 - INFO - this epoch cost time:1.386000156402588
2026-09-04 16:08:51,396 - INFO - this epoch choose: [1, 67, 94, 82, 72, 71, 63, 53, 82, 58]
2026-09-04 16:08:51,396 - INFO - this epoch dispatch models: [1 4 0 3 1 6 4 2 6 4]
2026-09-04 16:08:51,396 - INFO - this epoch received models: [np.int64(1), np.int64(4), np.int64(0), np.int64(3), np.int64(1), np.int64(6), np.int64(4), np.int64(2), np.int64(6), np.int64(4)]
2026-09-04 16:08:51,396 - INFO - hetero_proportion: 	4:3:3
2026-09-04 16:08:51,696 - INFO - Support aggregation diagnostics: min_nonzero=0.205771, mean=0.508107, P25=0.205771, P50=0.337405, P75=0.744313; coordinate_ratio(s<0.3/0.3<=s<0.8/s>=0.8)=0.402282/0.366076/0.231642; update_l2(s<0.3/0.3<=s<0.8/s>=0.8)=0.024618/0.253882/0.323528; global_update_l2=0.411986
2026-09-04 16:08:51,715 - INFO - Full evaluation profile: (1.0, 2, 11.424356)
2026-09-04 16:08:53,455 - INFO - Testing accuracy: 34.41
2026-09-04 16:08:53,455 - INFO - ********************************************************************************
2026-09-04 16:08:53,455 - INFO - Round 154
2026-09-04 16:09:04,471 - INFO - this epoch cost time:1.4009990692138672
2026-09-04 16:09:04,471 - INFO - this epoch choose: [84, 96, 85, 2, 97, 45, 11, 0, 64, 78]
2026-09-04 16:09:04,471 - INFO - this epoch dispatch models: [1 0 1 2 5 3 2 0 3 6]
2026-09-04 16:09:04,472 - INFO - this epoch received models: [np.int64(1), np.int64(0), np.int64(1), np.int64(2), np.int64(5), np.int64(3), np.int64(2), np.int64(0), np.int64(3), np.int64(6)]
2026-09-04 16:09:04,472 - INFO - hetero_proportion: 	4:3:3
2026-09-04 16:09:04,796 - INFO - Support aggregation diagnostics: min_nonzero=0.073612, mean=0.394974, P25=0.073612, P50=0.367860, P75=0.579847; coordinate_ratio(s<0.3/0.3<=s<0.8/s>=0.8)=0.402282/0.412063/0.185655; update_l2(s<0.3/0.3<=s<0.8/s>=0.8)=0.033894/0.413597/0.325103; global_update_l2=0.527165
2026-09-04 16:09:04,816 - INFO - Full evaluation profile: (1.0, 2, 11.424356)
2026-09-04 16:09:06,666 - INFO - Testing accuracy: 35.28
2026-09-04 16:09:06,666 - INFO - ********************************************************************************
2026-09-04 16:09:06,666 - INFO - Round 155
2026-09-04 16:09:17,366 - INFO - this epoch cost time:1.5180001258850098
2026-09-04 16:09:17,366 - INFO - this epoch choose: [69, 57, 47, 80, 95, 94, 85, 98, 43, 49]
2026-09-04 16:09:17,366 - INFO - this epoch dispatch models: [3 4 1 5 0 3 6 1 1 1]
2026-09-04 16:09:17,366 - INFO - this epoch received models: [np.int64(3), np.int64(4), np.int64(1), np.int64(5), np.int64(0), np.int64(3), np.int64(6), np.int64(1), np.int64(1), np.int64(1)]
2026-09-04 16:09:17,366 - INFO - hetero_proportion: 	4:3:3
2026-09-04 16:09:17,985 - INFO - Support aggregation diagnostics: min_nonzero=0.096799, mean=0.425570, P25=0.096799, P50=0.221443, P75=0.550104; coordinate_ratio(s<0.3/0.3<=s<0.8/s>=0.8)=0.516115/0.281953/0.201932; update_l2(s<0.3/0.3<=s<0.8/s>=0.8)=0.094969/0.274686/0.309077; global_update_l2=0.424265
2026-09-04 16:09:18,004 - INFO - Full evaluation profile: (1.0, 2, 11.424356)
2026-09-04 16:09:20,271 - INFO - Testing accuracy: 35.76
2026-09-04 16:09:20,272 - INFO - ********************************************************************************
2026-09-04 16:09:20,272 - INFO - Round 156
2026-09-04 16:09:31,198 - INFO - this epoch cost time:1.4229998588562012
2026-09-04 16:09:31,198 - INFO - this epoch choose: [84, 14, 61, 45, 74, 66, 49, 41, 75, 33]
2026-09-04 16:09:31,198 - INFO - this epoch dispatch models: [6 0 2 1 6 4 3 4 6 1]
2026-09-04 16:09:31,198 - INFO - this epoch received models: [np.int64(6), np.int64(0), np.int64(2), np.int64(1), np.int64(6), np.int64(4), np.int64(3), np.int64(4), np.int64(6), np.int64(1)]
2026-09-04 16:09:31,198 - INFO - hetero_proportion: 	4:3:3
2026-09-04 16:09:31,484 - INFO - Support aggregation diagnostics: min_nonzero=0.300722, mean=0.551508, P25=0.300722, P50=0.385828, P75=0.715426; coordinate_ratio(s<0.3/0.3<=s<0.8/s>=0.8)=0.000000/0.798068/0.201932; update_l2(s<0.3/0.3<=s<0.8/s>=0.8)=0.000000/0.227927/0.260378; global_update_l2=0.346046
2026-09-04 16:09:31,503 - INFO - Full evaluation profile: (1.0, 2, 11.424356)
2026-09-04 16:09:33,322 - INFO - Testing accuracy: 35.49
2026-09-04 16:09:33,323 - INFO - ********************************************************************************
2026-09-04 16:09:33,323 - INFO - Round 157
2026-09-04 16:09:43,658 - INFO - this epoch cost time:1.4069993495941162
2026-09-04 16:09:43,658 - INFO - this epoch choose: [47, 94, 16, 77, 95, 79, 52, 56, 72, 36]
2026-09-04 16:09:43,658 - INFO - this epoch dispatch models: [2 3 1 3 6 6 2 5 4 1]
2026-09-04 16:09:43,658 - INFO - this epoch received models: [np.int64(2), np.int64(3), np.int64(1), np.int64(3), np.int64(6), np.int64(6), np.int64(2), np.int64(5), np.int64(4), np.int64(1)]
2026-09-04 16:09:43,658 - INFO - hetero_proportion: 	4:3:3
2026-09-04 16:09:43,986 - INFO - Support aggregation diagnostics: min_nonzero=0.200719, mean=0.521664, P25=0.200719, P50=0.490897, P75=0.760620; coordinate_ratio(s<0.3/0.3<=s<0.8/s>=0.8)=0.392037/0.376321/0.231642; update_l2(s<0.3/0.3<=s<0.8/s>=0.8)=0.054124/0.162909/0.300083; global_update_l2=0.345715
2026-09-04 16:09:44,006 - INFO - Full evaluation profile: (1.0, 2, 11.424356)
2026-09-04 16:09:45,842 - INFO - Testing accuracy: 34.83
2026-09-04 16:09:45,842 - INFO - ********************************************************************************
2026-09-04 16:09:45,842 - INFO - Round 158
2026-09-04 16:09:56,583 - INFO - this epoch cost time:1.7830002307891846
2026-09-04 16:09:56,583 - INFO - this epoch choose: [87, 83, 84, 35, 55, 80, 89, 62, 27, 85]
2026-09-04 16:09:56,583 - INFO - this epoch dispatch models: [3 6 5 0 2 6 4 0 2 3]
2026-09-04 16:09:56,583 - INFO - this epoch received models: [np.int64(3), np.int64(6), np.int64(5), np.int64(0), np.int64(2), np.int64(6), np.int64(4), np.int64(0), np.int64(2), np.int64(3)]
2026-09-04 16:09:56,583 - INFO - hetero_proportion: 	4:3:3
2026-09-04 16:09:57,172 - INFO - Support aggregation diagnostics: min_nonzero=0.284479, mean=0.564506, P25=0.284479, P50=0.568154, P75=0.812223; coordinate_ratio(s<0.3/0.3<=s<0.8/s>=0.8)=0.392037/0.347220/0.260743; update_l2(s<0.3/0.3<=s<0.8/s>=0.8)=0.041731/0.216983/0.321879; global_update_l2=0.390421
2026-09-04 16:09:57,190 - INFO - Full evaluation profile: (1.0, 2, 11.424356)
2026-09-04 16:09:59,401 - INFO - Testing accuracy: 35.32
2026-09-04 16:09:59,401 - INFO - ********************************************************************************
2026-09-04 16:09:59,401 - INFO - Round 159
2026-09-04 16:10:09,727 - INFO - this epoch cost time:1.363999605178833
2026-09-04 16:10:09,727 - INFO - this epoch choose: [62, 65, 91, 54, 11, 44, 74, 76, 49, 54]
2026-09-04 16:10:09,728 - INFO - this epoch dispatch models: [1 3 0 2 0 4 6 6 4 3]
2026-09-04 16:10:09,728 - INFO - this epoch received models: [np.int64(1), np.int64(3), np.int64(0), np.int64(2), np.int64(0), np.int64(4), np.int64(6), np.int64(6), np.int64(4), np.int64(3)]
2026-09-04 16:10:09,728 - INFO - hetero_proportion: 	4:3:3
2026-09-04 16:10:10,015 - INFO - Support aggregation diagnostics: min_nonzero=0.199027, mean=0.488754, P25=0.199027, P50=0.307977, P75=0.707004; coordinate_ratio(s<0.3/0.3<=s<0.8/s>=0.8)=0.402282/0.412063/0.185655; update_l2(s<0.3/0.3<=s<0.8/s>=0.8)=0.041558/0.270056/0.265707; global_update_l2=0.381127
2026-09-04 16:10:10,033 - INFO - Full evaluation profile: (1.0, 2, 11.424356)
2026-09-04 16:10:11,929 - INFO - Testing accuracy: 35.16
2026-09-04 16:10:11,929 - INFO - ********************************************************************************
2026-09-04 16:10:11,929 - INFO - Round 160
2026-09-04 16:10:24,506 - INFO - this epoch cost time:1.6830010414123535
2026-09-04 16:10:24,506 - INFO - this epoch choose: [86, 41, 46, 78, 19, 70, 99, 12, 51, 83]
2026-09-04 16:10:24,506 - INFO - this epoch dispatch models: [5 5 4 6 2 5 2 2 0 1]
2026-09-04 16:10:24,506 - INFO - this epoch received models: [np.int64(5), np.int64(5), np.int64(4), np.int64(6), np.int64(2), np.int64(5), np.int64(2), np.int64(2), np.int64(0), np.int64(1)]
2026-09-04 16:10:24,506 - INFO - hetero_proportion: 	4:3:3
2026-09-04 16:10:24,808 - INFO - Support aggregation diagnostics: min_nonzero=0.066449, mean=0.473439, P25=0.066449, P50=0.497095, P75=0.759078; coordinate_ratio(s<0.3/0.3<=s<0.8/s>=0.8)=0.392037/0.376321/0.231642; update_l2(s<0.3/0.3<=s<0.8/s>=0.8)=0.020792/0.225138/0.341271; global_update_l2=0.409372
2026-09-04 16:10:24,828 - INFO - Full evaluation profile: (1.0, 2, 11.424356)
2026-09-04 16:10:26,755 - INFO - Testing accuracy: 35.36
2026-09-04 16:10:26,755 - INFO - ********************************************************************************
2026-09-04 16:10:26,755 - INFO - Round 161
2026-09-04 16:10:38,737 - INFO - this epoch cost time:1.6459999084472656
2026-09-04 16:10:38,737 - INFO - this epoch choose: [92, 51, 0, 45, 54, 78, 6, 75, 53, 68]
2026-09-04 16:10:38,737 - INFO - this epoch dispatch models: [1 5 2 5 1 0 1 3 3 2]
2026-09-04 16:10:38,737 - INFO - this epoch received models: [np.int64(1), np.int64(5), np.int64(2), np.int64(5), np.int64(1), np.int64(0), np.int64(1), np.int64(3), np.int64(3), np.int64(2)]
2026-09-04 16:10:38,737 - INFO - hetero_proportion: 	4:3:3
2026-09-04 16:10:39,156 - INFO - Support aggregation diagnostics: min_nonzero=0.203060, mean=0.395162, P25=0.000000, P50=0.427843, P75=0.659237; coordinate_ratio(s<0.3/0.3<=s<0.8/s>=0.8)=0.402282/0.395786/0.201932; update_l2(s<0.3/0.3<=s<0.8/s>=0.8)=0.024980/0.328775/0.275644; global_update_l2=0.429764
2026-09-04 16:10:39,174 - INFO - Full evaluation profile: (1.0, 2, 11.424356)
2026-09-04 16:10:40,948 - INFO - Testing accuracy: 35.33
2026-09-04 16:10:40,949 - INFO - ********************************************************************************
2026-09-04 16:10:40,949 - INFO - Round 162
2026-09-04 16:10:52,154 - INFO - this epoch cost time:1.9120001792907715
2026-09-04 16:10:52,154 - INFO - this epoch choose: [54, 44, 6, 81, 13, 94, 75, 83, 83, 93]
2026-09-04 16:10:52,154 - INFO - this epoch dispatch models: [2 0 2 3 2 2 3 4 6 3]
2026-09-04 16:10:52,154 - INFO - this epoch received models: [np.int64(2), np.int64(0), np.int64(2), np.int64(3), np.int64(2), np.int64(2), np.int64(3), np.int64(4), np.int64(6), np.int64(3)]
2026-09-04 16:10:52,154 - INFO - hetero_proportion: 	4:3:3
2026-09-04 16:10:52,798 - INFO - Support aggregation diagnostics: min_nonzero=0.140081, mean=0.496342, P25=0.140081, P50=0.498335, P75=0.922650; coordinate_ratio(s<0.3/0.3<=s<0.8/s>=0.8)=0.402282/0.336975/0.260743; update_l2(s<0.3/0.3<=s<0.8/s>=0.8)=0.026367/0.229317/0.293778; global_update_l2=0.373614
2026-09-04 16:10:52,817 - INFO - Full evaluation profile: (1.0, 2, 11.424356)
2026-09-04 16:10:55,102 - INFO - Testing accuracy: 34.38
2026-09-04 16:10:55,102 - INFO - ********************************************************************************
2026-09-04 16:10:55,103 - INFO - Round 163
2026-09-04 16:11:06,518 - INFO - this epoch cost time:1.6329998970031738
2026-09-04 16:11:06,518 - INFO - this epoch choose: [82, 87, 73, 78, 83, 57, 22, 70, 90, 94]
2026-09-04 16:11:06,519 - INFO - this epoch dispatch models: [4 4 6 6 5 4 2 5 2 5]
2026-09-04 16:11:06,519 - INFO - this epoch received models: [np.int64(4), np.int64(4), np.int64(6), np.int64(6), np.int64(5), np.int64(4), np.int64(2), np.int64(5), np.int64(2), np.int64(5)]
2026-09-04 16:11:06,519 - INFO - hetero_proportion: 	4:3:3
2026-09-04 16:11:06,830 - INFO - Support aggregation diagnostics: min_nonzero=0.161602, mean=0.594917, P25=0.161602, P50=0.729050, P75=1.000000; coordinate_ratio(s<0.3/0.3<=s<0.8/s>=0.8)=0.392037/0.314968/0.292995; update_l2(s<0.3/0.3<=s<0.8/s>=0.8)=0.035002/0.122209/0.214625; global_update_l2=0.249447
2026-09-04 16:11:06,847 - INFO - Full evaluation profile: (1.0, 2, 11.424356)
2026-09-04 16:11:08,687 - INFO - Testing accuracy: 34.33
2026-09-04 16:11:08,688 - INFO - ********************************************************************************
2026-09-04 16:11:08,688 - INFO - Round 164
2026-09-04 16:11:20,643 - INFO - this epoch cost time:1.6459999084472656
2026-09-04 16:11:20,643 - INFO - this epoch choose: [71, 27, 86, 81, 45, 95, 49, 15, 91, 68]
2026-09-04 16:11:20,643 - INFO - this epoch dispatch models: [6 0 1 4 3 4 2 2 6 5]
2026-09-04 16:11:20,643 - INFO - this epoch received models: [np.int64(6), np.int64(0), np.int64(1), np.int64(4), np.int64(3), np.int64(4), np.int64(2), np.int64(2), np.int64(6), np.int64(5)]
2026-09-04 16:11:20,643 - INFO - hetero_proportion: 	4:3:3
2026-09-04 16:11:20,980 - INFO - Support aggregation diagnostics: min_nonzero=0.199652, mean=0.530938, P25=0.199652, P50=0.512949, P75=0.815617; coordinate_ratio(s<0.3/0.3<=s<0.8/s>=0.8)=0.392037/0.317510/0.290453; update_l2(s<0.3/0.3<=s<0.8/s>=0.8)=0.027063/0.137003/0.277051; global_update_l2=0.310257
2026-09-04 16:11:21,000 - INFO - Full evaluation profile: (1.0, 2, 11.424356)
2026-09-04 16:11:22,786 - INFO - Testing accuracy: 34.62
2026-09-04 16:11:22,786 - INFO - ********************************************************************************
2026-09-04 16:11:22,787 - INFO - Round 165
2026-09-04 16:11:32,905 - INFO - this epoch cost time:1.5339999198913574
2026-09-04 16:11:32,905 - INFO - this epoch choose: [37, 83, 72, 85, 97, 50, 47, 89, 94, 85]
2026-09-04 16:11:32,905 - INFO - this epoch dispatch models: [1 4 4 6 4 1 3 6 3 6]
2026-09-04 16:11:32,905 - INFO - this epoch received models: [np.int64(1), np.int64(4), np.int64(4), np.int64(6), np.int64(4), np.int64(1), np.int64(3), np.int64(6), np.int64(3), np.int64(6)]
2026-09-04 16:11:32,905 - INFO - hetero_proportion: 	4:3:3
2026-09-04 16:11:33,899 - INFO - Support aggregation diagnostics: min_nonzero=0.301700, mean=0.589800, P25=0.301700, P50=0.301700, P75=0.825694; coordinate_ratio(s<0.3/0.3<=s<0.8/s>=0.8)=0.000000/0.518657/0.481343; update_l2(s<0.3/0.3<=s<0.8/s>=0.8)=0.000000/0.094374/0.258642; global_update_l2=0.275322
2026-09-04 16:11:33,918 - INFO - Full evaluation profile: (1.0, 2, 11.424356)
2026-09-04 16:11:35,847 - INFO - Testing accuracy: 34.72
2026-09-04 16:11:35,848 - INFO - ********************************************************************************
2026-09-04 16:11:35,848 - INFO - Round 166
2026-09-04 16:11:45,476 - INFO - this epoch cost time:1.3320000171661377
2026-09-04 16:11:45,476 - INFO - this epoch choose: [13, 74, 49, 79, 97, 89, 25, 50, 73, 56]
2026-09-04 16:11:45,476 - INFO - this epoch dispatch models: [0 6 1 4 4 0 0 5 5 3]
2026-09-04 16:11:45,476 - INFO - this epoch received models: [np.int64(0), np.int64(6), np.int64(1), np.int64(4), np.int64(4), np.int64(0), np.int64(0), np.int64(5), np.int64(5), np.int64(3)]
2026-09-04 16:11:45,476 - INFO - hetero_proportion: 	4:3:3
2026-09-04 16:11:45,800 - INFO - Support aggregation diagnostics: min_nonzero=0.111442, mean=0.437373, P25=0.111442, P50=0.273937, P75=0.574692; coordinate_ratio(s<0.3/0.3<=s<0.8/s>=0.8)=0.516115/0.298231/0.185655; update_l2(s<0.3/0.3<=s<0.8/s>=0.8)=0.108473/0.275097/0.289385; global_update_l2=0.413749
2026-09-04 16:11:45,821 - INFO - Full evaluation profile: (1.0, 2, 11.424356)
2026-09-04 16:11:47,863 - INFO - Testing accuracy: 34.39
2026-09-04 16:11:47,863 - INFO - ********************************************************************************
2026-09-04 16:11:47,863 - INFO - Round 167
2026-09-04 16:12:00,427 - INFO - this epoch cost time:2.230999231338501
2026-09-04 16:12:00,427 - INFO - this epoch choose: [83, 95, 96, 68, 58, 63, 90, 97, 91, 69]
2026-09-04 16:12:00,427 - INFO - this epoch dispatch models: [6 2 4 2 5 0 6 3 3 1]
2026-09-04 16:12:00,427 - INFO - this epoch received models: [np.int64(6), np.int64(2), np.int64(4), np.int64(2), np.int64(5), np.int64(0), np.int64(6), np.int64(3), np.int64(3), np.int64(1)]
2026-09-04 16:12:00,427 - INFO - hetero_proportion: 	4:3:3
2026-09-04 16:12:00,713 - INFO - Support aggregation diagnostics: min_nonzero=0.241299, mean=0.542916, P25=0.241299, P50=0.507535, P75=0.783818; coordinate_ratio(s<0.3/0.3<=s<0.8/s>=0.8)=0.392037/0.406031/0.201932; update_l2(s<0.3/0.3<=s<0.8/s>=0.8)=0.017592/0.266240/0.261290; global_update_l2=0.373452
2026-09-04 16:12:00,732 - INFO - Full evaluation profile: (1.0, 2, 11.424356)
2026-09-04 16:12:02,519 - INFO - Testing accuracy: 34.56
2026-09-04 16:12:02,519 - INFO - ********************************************************************************
2026-09-04 16:12:02,519 - INFO - Round 168
2026-09-04 16:12:12,848 - INFO - this epoch cost time:1.5590002536773682
2026-09-04 16:12:12,848 - INFO - this epoch choose: [27, 97, 79, 43, 95, 62, 13, 40, 94, 93]
2026-09-04 16:12:12,848 - INFO - this epoch dispatch models: [2 0 5 2 4 1 2 4 6 0]
2026-09-04 16:12:12,848 - INFO - this epoch received models: [np.int64(2), np.int64(0), np.int64(5), np.int64(2), np.int64(4), np.int64(1), np.int64(2), np.int64(4), np.int64(6), np.int64(0)]
2026-09-04 16:12:12,848 - INFO - hetero_proportion: 	4:3:3
2026-09-04 16:12:13,175 - INFO - Support aggregation diagnostics: min_nonzero=0.095270, mean=0.445865, P25=0.095270, P50=0.401954, P75=0.729958; coordinate_ratio(s<0.3/0.3<=s<0.8/s>=0.8)=0.402282/0.366076/0.231642; update_l2(s<0.3/0.3<=s<0.8/s>=0.8)=0.021759/0.206773/0.285280; global_update_l2=0.353006
2026-09-04 16:12:13,194 - INFO - Full evaluation profile: (1.0, 2, 11.424356)
2026-09-04 16:12:14,887 - INFO - Testing accuracy: 34.28
2026-09-04 16:12:14,887 - INFO - ********************************************************************************
2026-09-04 16:12:14,887 - INFO - Round 169
2026-09-04 16:12:25,504 - INFO - this epoch cost time:1.2819998264312744
2026-09-04 16:12:25,504 - INFO - this epoch choose: [82, 44, 99, 90, 57, 7, 74, 80, 56, 38]
2026-09-04 16:12:25,504 - INFO - this epoch dispatch models: [4 2 4 1 3 1 5 4 0 2]
2026-09-04 16:12:25,504 - INFO - this epoch received models: [np.int64(4), np.int64(2), np.int64(4), np.int64(1), np.int64(3), np.int64(1), np.int64(5), np.int64(4), np.int64(0), np.int64(2)]
2026-09-04 16:12:25,504 - INFO - hetero_proportion: 	4:3:3
2026-09-04 16:12:25,965 - INFO - Support aggregation diagnostics: min_nonzero=0.107574, mean=0.400154, P25=0.000000, P50=0.277661, P75=0.699904; coordinate_ratio(s<0.3/0.3<=s<0.8/s>=0.8)=0.516115/0.281953/0.201932; update_l2(s<0.3/0.3<=s<0.8/s>=0.8)=0.111533/0.255464/0.285379; global_update_l2=0.398927
2026-09-04 16:12:25,984 - INFO - Full evaluation profile: (1.0, 2, 11.424356)
2026-09-04 16:12:28,242 - INFO - Testing accuracy: 34.72
2026-09-04 16:12:28,242 - INFO - ********************************************************************************
2026-09-04 16:12:28,242 - INFO - Round 170
2026-09-04 16:12:38,008 - INFO - this epoch cost time:1.3659999370574951
2026-09-04 16:12:38,008 - INFO - this epoch choose: [97, 97, 93, 12, 54, 72, 78, 57, 85, 55]
2026-09-04 16:12:38,008 - INFO - this epoch dispatch models: [2 3 4 0 5 4 6 4 4 4]
2026-09-04 16:12:38,008 - INFO - this epoch received models: [np.int64(2), np.int64(3), np.int64(4), np.int64(0), np.int64(5), np.int64(4), np.int64(6), np.int64(4), np.int64(4), np.int64(4)]
2026-09-04 16:12:38,008 - INFO - hetero_proportion: 	4:3:3
2026-09-04 16:12:38,295 - INFO - Support aggregation diagnostics: min_nonzero=0.078239, mean=0.498012, P25=0.078239, P50=0.303976, P75=0.901026; coordinate_ratio(s<0.3/0.3<=s<0.8/s>=0.8)=0.402282/0.336975/0.260743; update_l2(s<0.3/0.3<=s<0.8/s>=0.8)=0.022609/0.139703/0.230261; global_update_l2=0.270275
2026-09-04 16:12:38,313 - INFO - Full evaluation profile: (1.0, 2, 11.424356)
2026-09-04 16:12:40,116 - INFO - Testing accuracy: 34.49
2026-09-04 16:12:40,116 - INFO - ********************************************************************************
2026-09-04 16:12:40,116 - INFO - Round 171
2026-09-04 16:12:51,022 - INFO - this epoch cost time:1.4519994258880615
2026-09-04 16:12:51,022 - INFO - this epoch choose: [52, 49, 16, 56, 52, 66, 71, 80, 78, 97]
2026-09-04 16:12:51,022 - INFO - this epoch dispatch models: [2 3 2 4 4 3 0 2 3 5]
2026-09-04 16:12:51,023 - INFO - this epoch received models: [np.int64(2), np.int64(3), np.int64(2), np.int64(4), np.int64(4), np.int64(3), np.int64(0), np.int64(2), np.int64(3), np.int64(5)]
2026-09-04 16:12:51,023 - INFO - hetero_proportion: 	4:3:3
2026-09-04 16:12:51,277 - INFO - Support aggregation diagnostics: min_nonzero=0.102585, mean=0.431852, P25=0.000000, P50=0.409307, P75=0.894933; coordinate_ratio(s<0.3/0.3<=s<0.8/s>=0.8)=0.402282/0.336975/0.260743; update_l2(s<0.3/0.3<=s<0.8/s>=0.8)=0.003682/0.183779/0.288607; global_update_l2=0.342173
2026-09-04 16:12:51,296 - INFO - Full evaluation profile: (1.0, 2, 11.424356)
2026-09-04 16:12:53,047 - INFO - Testing accuracy: 35.03
2026-09-04 16:12:53,048 - INFO - ********************************************************************************
2026-09-04 16:12:53,048 - INFO - Round 172
2026-09-04 16:13:03,012 - INFO - this epoch cost time:1.5540001392364502
2026-09-04 16:13:03,013 - INFO - this epoch choose: [7, 68, 77, 72, 19, 66, 78, 57, 70, 84]
2026-09-04 16:13:03,013 - INFO - this epoch dispatch models: [1 0 1 3 0 4 6 3 4 3]
2026-09-04 16:13:03,013 - INFO - this epoch received models: [np.int64(1), np.int64(0), np.int64(1), np.int64(3), np.int64(0), np.int64(4), np.int64(6), np.int64(3), np.int64(4), np.int64(3)]
2026-09-04 16:13:03,013 - INFO - hetero_proportion: 	4:3:3
2026-09-04 16:13:03,868 - INFO - Support aggregation diagnostics: min_nonzero=0.076282, mean=0.400773, P25=0.076282, P50=0.076282, P75=0.591496; coordinate_ratio(s<0.3/0.3<=s<0.8/s>=0.8)=0.516115/0.298231/0.185655; update_l2(s<0.3/0.3<=s<0.8/s>=0.8)=0.035751/0.344062/0.297103; global_update_l2=0.455990
2026-09-04 16:13:03,886 - INFO - Full evaluation profile: (1.0, 2, 11.424356)
2026-09-04 16:13:05,950 - INFO - Testing accuracy: 34.47
2026-09-04 16:13:05,950 - INFO - ********************************************************************************
2026-09-04 16:13:05,950 - INFO - Round 173
2026-09-04 16:13:15,097 - INFO - this epoch cost time:1.2209999561309814
2026-09-04 16:13:15,097 - INFO - this epoch choose: [79, 34, 62, 27, 71, 63, 76, 60, 55, 61]
2026-09-04 16:13:15,097 - INFO - this epoch dispatch models: [6 0 0 0 5 4 0 0 3 3]
2026-09-04 16:13:15,097 - INFO - this epoch received models: [np.int64(6), np.int64(0), np.int64(0), np.int64(0), np.int64(5), np.int64(4), np.int64(0), np.int64(0), np.int64(3), np.int64(3)]
2026-09-04 16:13:15,098 - INFO - hetero_proportion: 	4:3:3
2026-09-04 16:13:15,425 - INFO - Support aggregation diagnostics: min_nonzero=0.102388, mean=0.398043, P25=0.102388, P50=0.205180, P75=0.514569; coordinate_ratio(s<0.3/0.3<=s<0.8/s>=0.8)=0.516115/0.298231/0.185655; update_l2(s<0.3/0.3<=s<0.8/s>=0.8)=0.096518/0.380801/0.344026; global_update_l2=0.522187
2026-09-04 16:13:15,443 - INFO - Full evaluation profile: (1.0, 2, 11.424356)
2026-09-04 16:13:17,440 - INFO - Testing accuracy: 35.21
2026-09-04 16:13:17,440 - INFO - ********************************************************************************
2026-09-04 16:13:17,441 - INFO - Round 174
2026-09-04 16:13:28,848 - INFO - this epoch cost time:1.795999526977539
2026-09-04 16:13:28,848 - INFO - this epoch choose: [22, 89, 97, 23, 87, 74, 84, 84, 74, 49]
2026-09-04 16:13:28,848 - INFO - this epoch dispatch models: [2 6 1 2 4 2 5 6 4 3]
2026-09-04 16:13:28,848 - INFO - this epoch received models: [np.int64(2), np.int64(6), np.int64(1), np.int64(2), np.int64(4), np.int64(2), np.int64(5), np.int64(6), np.int64(4), np.int64(3)]
2026-09-04 16:13:28,848 - INFO - hetero_proportion: 	4:3:3
2026-09-04 16:13:29,159 - INFO - Support aggregation diagnostics: min_nonzero=0.161628, mean=0.521884, P25=0.161628, P50=0.555623, P75=0.900040; coordinate_ratio(s<0.3/0.3<=s<0.8/s>=0.8)=0.402282/0.307265/0.290453; update_l2(s<0.3/0.3<=s<0.8/s>=0.8)=0.033059/0.192296/0.306277; global_update_l2=0.363148
2026-09-04 16:13:29,179 - INFO - Full evaluation profile: (1.0, 2, 11.424356)
2026-09-04 16:13:30,995 - INFO - Testing accuracy: 35.09
2026-09-04 16:13:30,996 - INFO - ********************************************************************************
2026-09-04 16:13:30,996 - INFO - Round 175
2026-09-04 16:13:41,336 - INFO - this epoch cost time:1.5259997844696045
2026-09-04 16:13:41,336 - INFO - this epoch choose: [7, 72, 60, 73, 88, 48, 82, 88, 27, 60]
2026-09-04 16:13:41,336 - INFO - this epoch dispatch models: [0 3 3 3 1 3 2 5 0 3]
2026-09-04 16:13:41,336 - INFO - this epoch received models: [np.int64(0), np.int64(3), np.int64(3), np.int64(3), np.int64(1), np.int64(3), np.int64(2), np.int64(5), np.int64(0), np.int64(3)]
2026-09-04 16:13:41,336 - INFO - hetero_proportion: 	4:3:3
2026-09-04 16:13:41,597 - INFO - Support aggregation diagnostics: min_nonzero=0.102287, mean=0.391103, P25=0.000000, P50=0.201609, P75=0.711351; coordinate_ratio(s<0.3/0.3<=s<0.8/s>=0.8)=0.518657/0.279412/0.201932; update_l2(s<0.3/0.3<=s<0.8/s>=0.8)=0.108831/0.309048/0.339191; global_update_l2=0.471599
2026-09-04 16:13:41,618 - INFO - Full evaluation profile: (1.0, 2, 11.424356)
2026-09-04 16:13:43,618 - INFO - Testing accuracy: 33.74
2026-09-04 16:13:43,618 - INFO - ********************************************************************************
2026-09-04 16:13:43,618 - INFO - Round 176
2026-09-04 16:13:54,923 - INFO - this epoch cost time:1.5059995651245117
2026-09-04 16:13:54,923 - INFO - this epoch choose: [79, 71, 70, 42, 15, 74, 96, 17, 84, 56]
2026-09-04 16:13:54,923 - INFO - this epoch dispatch models: [4 5 5 0 0 6 4 1 5 4]
2026-09-04 16:13:54,923 - INFO - this epoch received models: [np.int64(4), np.int64(5), np.int64(5), np.int64(0), np.int64(0), np.int64(6), np.int64(4), np.int64(1), np.int64(5), np.int64(4)]
2026-09-04 16:13:54,923 - INFO - hetero_proportion: 	4:3:3
2026-09-04 16:13:55,757 - INFO - Support aggregation diagnostics: min_nonzero=0.110891, mean=0.502644, P25=0.110891, P50=0.422613, P75=0.726428; coordinate_ratio(s<0.3/0.3<=s<0.8/s>=0.8)=0.392037/0.376321/0.231642; update_l2(s<0.3/0.3<=s<0.8/s>=0.8)=0.014960/0.159420/0.270678; global_update_l2=0.314492
2026-09-04 16:13:55,779 - INFO - Full evaluation profile: (1.0, 2, 11.424356)
2026-09-04 16:13:58,152 - INFO - Testing accuracy: 35.00
2026-09-04 16:13:58,153 - INFO - ********************************************************************************
2026-09-04 16:13:58,153 - INFO - Round 177
2026-09-04 16:14:08,764 - INFO - this epoch cost time:1.6120002269744873
2026-09-04 16:14:08,765 - INFO - this epoch choose: [28, 45, 80, 87, 96, 89, 71, 76, 51, 87]
2026-09-04 16:14:08,765 - INFO - this epoch dispatch models: [2 4 4 6 6 0 6 4 3 0]
2026-09-04 16:14:08,765 - INFO - this epoch received models: [np.int64(2), np.int64(4), np.int64(4), np.int64(6), np.int64(6), np.int64(0), np.int64(6), np.int64(4), np.int64(3), np.int64(0)]
2026-09-04 16:14:08,765 - INFO - hetero_proportion: 	4:3:3
2026-09-04 16:14:09,050 - INFO - Support aggregation diagnostics: min_nonzero=0.283019, mean=0.573716, P25=0.283019, P50=0.392453, P75=0.852621; coordinate_ratio(s<0.3/0.3<=s<0.8/s>=0.8)=0.402282/0.336975/0.260743; update_l2(s<0.3/0.3<=s<0.8/s>=0.8)=0.032976/0.223131/0.283445; global_update_l2=0.362237
2026-09-04 16:14:09,073 - INFO - Full evaluation profile: (1.0, 2, 11.424356)
2026-09-04 16:14:10,877 - INFO - Testing accuracy: 35.43
2026-09-04 16:14:10,877 - INFO - ********************************************************************************
2026-09-04 16:14:10,877 - INFO - Round 178
2026-09-04 16:14:21,957 - INFO - this epoch cost time:1.3819997310638428
2026-09-04 16:14:21,957 - INFO - this epoch choose: [14, 28, 88, 76, 64, 76, 84, 96, 39, 54]
2026-09-04 16:14:21,957 - INFO - this epoch dispatch models: [0 0 6 6 0 5 1 3 1 2]
2026-09-04 16:14:21,958 - INFO - this epoch received models: [np.int64(0), np.int64(0), np.int64(6), np.int64(6), np.int64(0), np.int64(5), np.int64(1), np.int64(3), np.int64(1), np.int64(2)]
2026-09-04 16:14:21,958 - INFO - hetero_proportion: 	4:3:3
2026-09-04 16:14:22,249 - INFO - Support aggregation diagnostics: min_nonzero=0.192504, mean=0.443346, P25=0.192504, P50=0.392341, P75=0.506417; coordinate_ratio(s<0.3/0.3<=s<0.8/s>=0.8)=0.402282/0.412063/0.185655; update_l2(s<0.3/0.3<=s<0.8/s>=0.8)=0.028177/0.206856/0.278155; global_update_l2=0.347784
2026-09-04 16:14:22,270 - INFO - Full evaluation profile: (1.0, 2, 11.424356)
2026-09-04 16:14:24,076 - INFO - Testing accuracy: 35.19
2026-09-04 16:14:24,077 - INFO - ********************************************************************************
2026-09-04 16:14:24,077 - INFO - Round 179
2026-09-04 16:14:34,834 - INFO - this epoch cost time:1.5829994678497314
2026-09-04 16:14:34,834 - INFO - this epoch choose: [80, 0, 89, 2, 96, 59, 92, 78, 28, 45]
2026-09-04 16:14:34,834 - INFO - this epoch dispatch models: [6 1 5 0 6 5 3 1 1 3]
2026-09-04 16:14:34,834 - INFO - this epoch received models: [np.int64(6), np.int64(1), np.int64(5), np.int64(0), np.int64(6), np.int64(5), np.int64(3), np.int64(1), np.int64(1), np.int64(3)]
2026-09-04 16:14:34,834 - INFO - hetero_proportion: 	4:3:3
2026-09-04 16:14:35,544 - INFO - Support aggregation diagnostics: min_nonzero=0.230739, mean=0.511430, P25=0.230739, P50=0.401686, P75=0.596942; coordinate_ratio(s<0.3/0.3<=s<0.8/s>=0.8)=0.392037/0.406031/0.201932; update_l2(s<0.3/0.3<=s<0.8/s>=0.8)=0.021408/0.287481/0.301087; global_update_l2=0.416842
2026-09-04 16:14:35,564 - INFO - Full evaluation profile: (1.0, 2, 11.424356)
2026-09-04 16:14:37,702 - INFO - Testing accuracy: 35.89
2026-09-04 16:14:37,702 - INFO - ********************************************************************************
2026-09-04 16:14:37,702 - INFO - Round 180
2026-09-04 16:14:47,268 - INFO - this epoch cost time:1.3050057888031006
2026-09-04 16:14:47,268 - INFO - this epoch choose: [95, 54, 57, 87, 90, 43, 57, 78, 93, 66]
2026-09-04 16:14:47,268 - INFO - this epoch dispatch models: [1 5 3 2 6 1 3 5 6 0]
2026-09-04 16:14:47,268 - INFO - this epoch received models: [np.int64(1), np.int64(5), np.int64(3), np.int64(2), np.int64(6), np.int64(1), np.int64(3), np.int64(5), np.int64(6), np.int64(0)]
2026-09-04 16:14:47,268 - INFO - hetero_proportion: 	4:3:3
2026-09-04 16:14:47,607 - INFO - Support aggregation diagnostics: min_nonzero=0.182521, mean=0.511831, P25=0.182521, P50=0.450719, P75=0.711832; coordinate_ratio(s<0.3/0.3<=s<0.8/s>=0.8)=0.392037/0.406031/0.201932; update_l2(s<0.3/0.3<=s<0.8/s>=0.8)=0.028133/0.183182/0.235331; global_update_l2=0.299546
2026-09-04 16:14:47,627 - INFO - Full evaluation profile: (1.0, 2, 11.424356)
2026-09-04 16:14:49,334 - INFO - Testing accuracy: 34.92
2026-09-04 16:14:49,335 - INFO - ********************************************************************************
2026-09-04 16:14:49,335 - INFO - Round 181
2026-09-04 16:15:00,380 - INFO - this epoch cost time:1.553999662399292
2026-09-04 16:15:00,380 - INFO - this epoch choose: [64, 41, 15, 42, 44, 74, 14, 56, 97, 89]
2026-09-04 16:15:00,380 - INFO - this epoch dispatch models: [3 3 0 1 0 6 1 5 4 3]
2026-09-04 16:15:00,381 - INFO - this epoch received models: [np.int64(3), np.int64(3), np.int64(0), np.int64(1), np.int64(0), np.int64(6), np.int64(1), np.int64(5), np.int64(4), np.int64(3)]
2026-09-04 16:15:00,381 - INFO - hetero_proportion: 	4:3:3
2026-09-04 16:15:00,708 - INFO - Support aggregation diagnostics: min_nonzero=0.113082, mean=0.440236, P25=0.113082, P50=0.216287, P75=0.613586; coordinate_ratio(s<0.3/0.3<=s<0.8/s>=0.8)=0.516115/0.281953/0.201932; update_l2(s<0.3/0.3<=s<0.8/s>=0.8)=0.073365/0.247678/0.294575; global_update_l2=0.391792
2026-09-04 16:15:00,727 - INFO - Full evaluation profile: (1.0, 2, 11.424356)
2026-09-04 16:15:02,501 - INFO - Testing accuracy: 35.51
2026-09-04 16:15:02,501 - INFO - ********************************************************************************
2026-09-04 16:15:02,501 - INFO - Round 182
2026-09-04 16:15:13,309 - INFO - this epoch cost time:1.556999921798706
2026-09-04 16:15:13,309 - INFO - this epoch choose: [49, 83, 73, 5, 44, 72, 72, 92, 73, 79]
2026-09-04 16:15:13,310 - INFO - this epoch dispatch models: [4 4 2 0 0 6 6 0 6 6]
2026-09-04 16:15:13,310 - INFO - this epoch received models: [np.int64(4), np.int64(4), np.int64(2), np.int64(0), np.int64(0), np.int64(6), np.int64(6), np.int64(0), np.int64(6), np.int64(6)]
2026-09-04 16:15:13,310 - INFO - hetero_proportion: 	4:3:3
2026-09-04 16:15:14,206 - INFO - Support aggregation diagnostics: min_nonzero=0.332132, mean=0.560838, P25=0.332132, P50=0.426026, P75=0.707507; coordinate_ratio(s<0.3/0.3<=s<0.8/s>=0.8)=0.000000/0.814345/0.185655; update_l2(s<0.3/0.3<=s<0.8/s>=0.8)=0.000000/0.228414/0.237065; global_update_l2=0.329200
2026-09-04 16:15:14,224 - INFO - Full evaluation profile: (1.0, 2, 11.424356)
2026-09-04 16:15:16,196 - INFO - Testing accuracy: 34.97
2026-09-04 16:15:16,197 - INFO - ********************************************************************************
2026-09-04 16:15:16,197 - INFO - Round 183
2026-09-04 16:15:25,955 - INFO - this epoch cost time:1.2239997386932373
2026-09-04 16:15:25,955 - INFO - this epoch choose: [60, 31, 34, 86, 43, 63, 3, 72, 17, 99]
2026-09-04 16:15:25,955 - INFO - this epoch dispatch models: [3 0 2 6 5 3 2 6 2 3]
2026-09-04 16:15:25,955 - INFO - this epoch received models: [np.int64(3), np.int64(0), np.int64(2), np.int64(6), np.int64(5), np.int64(3), np.int64(2), np.int64(6), np.int64(2), np.int64(3)]
2026-09-04 16:15:25,955 - INFO - hetero_proportion: 	4:3:3
2026-09-04 16:15:26,228 - INFO - Support aggregation diagnostics: min_nonzero=0.180459, mean=0.530872, P25=0.180459, P50=0.580295, P75=0.923187; coordinate_ratio(s<0.3/0.3<=s<0.8/s>=0.8)=0.402282/0.336975/0.260743; update_l2(s<0.3/0.3<=s<0.8/s>=0.8)=0.033448/0.269701/0.338152; global_update_l2=0.433826
2026-09-04 16:15:26,247 - INFO - Full evaluation profile: (1.0, 2, 11.424356)
2026-09-04 16:15:28,491 - INFO - Testing accuracy: 35.35
2026-09-04 16:15:28,492 - INFO - ********************************************************************************
2026-09-04 16:15:28,492 - INFO - Round 184
2026-09-04 16:15:39,807 - INFO - this epoch cost time:1.558000087738037
2026-09-04 16:15:39,807 - INFO - this epoch choose: [51, 63, 92, 81, 84, 55, 12, 83, 42, 78]
2026-09-04 16:15:39,807 - INFO - this epoch dispatch models: [1 5 1 1 4 5 1 4 0 6]
2026-09-04 16:15:39,807 - INFO - this epoch received models: [np.int64(1), np.int64(5), np.int64(1), np.int64(1), np.int64(4), np.int64(5), np.int64(1), np.int64(4), np.int64(0), np.int64(6)]
2026-09-04 16:15:39,807 - INFO - hetero_proportion: 	4:3:3
2026-09-04 16:15:40,089 - INFO - Support aggregation diagnostics: min_nonzero=0.069044, mean=0.413396, P25=0.069044, P50=0.272967, P75=0.495378; coordinate_ratio(s<0.3/0.3<=s<0.8/s>=0.8)=0.516115/0.252244/0.231642; update_l2(s<0.3/0.3<=s<0.8/s>=0.8)=0.176057/0.144612/0.302443; global_update_l2=0.378656
2026-09-04 16:15:40,110 - INFO - Full evaluation profile: (1.0, 2, 11.424356)
2026-09-04 16:15:41,865 - INFO - Testing accuracy: 35.21
2026-09-04 16:15:41,866 - INFO - ********************************************************************************
2026-09-04 16:15:41,866 - INFO - Round 185
2026-09-04 16:15:52,457 - INFO - this epoch cost time:1.3079993724822998
2026-09-04 16:15:52,457 - INFO - this epoch choose: [40, 72, 96, 41, 14, 62, 99, 95, 95, 82]
2026-09-04 16:15:52,457 - INFO - this epoch dispatch models: [5 3 5 0 0 5 6 6 6 0]
2026-09-04 16:15:52,457 - INFO - this epoch received models: [np.int64(5), np.int64(3), np.int64(5), np.int64(0), np.int64(0), np.int64(5), np.int64(6), np.int64(6), np.int64(6), np.int64(0)]
2026-09-04 16:15:52,457 - INFO - hetero_proportion: 	4:3:3
2026-09-04 16:15:52,780 - INFO - Support aggregation diagnostics: min_nonzero=0.261098, mean=0.547584, P25=0.261098, P50=0.569325, P75=0.641279; coordinate_ratio(s<0.3/0.3<=s<0.8/s>=0.8)=0.392037/0.422308/0.185655; update_l2(s<0.3/0.3<=s<0.8/s>=0.8)=0.030876/0.224048/0.267116; global_update_l2=0.350002
2026-09-04 16:15:52,799 - INFO - Full evaluation profile: (1.0, 2, 11.424356)
2026-09-04 16:15:54,674 - INFO - Testing accuracy: 34.77
2026-09-04 16:15:54,675 - INFO - ********************************************************************************
2026-09-04 16:15:54,675 - INFO - Round 186
2026-09-04 16:16:04,556 - INFO - this epoch cost time:1.761000394821167
2026-09-04 16:16:04,556 - INFO - this epoch choose: [93, 16, 78, 34, 65, 45, 83, 76, 79, 92]
2026-09-04 16:16:04,556 - INFO - this epoch dispatch models: [6 2 4 0 4 4 5 4 1 2]
2026-09-04 16:16:04,556 - INFO - this epoch received models: [np.int64(6), np.int64(2), np.int64(4), np.int64(0), np.int64(4), np.int64(4), np.int64(5), np.int64(4), np.int64(1), np.int64(2)]
2026-09-04 16:16:04,556 - INFO - hetero_proportion: 	4:3:3
2026-09-04 16:16:05,074 - INFO - Support aggregation diagnostics: min_nonzero=0.054379, mean=0.453396, P25=0.054379, P50=0.408261, P75=0.772935; coordinate_ratio(s<0.3/0.3<=s<0.8/s>=0.8)=0.402282/0.366076/0.231642; update_l2(s<0.3/0.3<=s<0.8/s>=0.8)=0.021392/0.150207/0.250325; global_update_l2=0.292715
2026-09-04 16:16:05,092 - INFO - Full evaluation profile: (1.0, 2, 11.424356)
2026-09-04 16:16:07,405 - INFO - Testing accuracy: 34.54
2026-09-04 16:16:07,405 - INFO - ********************************************************************************
2026-09-04 16:16:07,405 - INFO - Round 187
2026-09-04 16:16:18,213 - INFO - this epoch cost time:1.8829996585845947
2026-09-04 16:16:18,213 - INFO - this epoch choose: [67, 60, 76, 83, 68, 50, 38, 97, 28, 90]
2026-09-04 16:16:18,213 - INFO - this epoch dispatch models: [0 2 3 6 0 2 1 3 1 6]
2026-09-04 16:16:18,213 - INFO - this epoch received models: [np.int64(0), np.int64(2), np.int64(3), np.int64(6), np.int64(0), np.int64(2), np.int64(1), np.int64(3), np.int64(1), np.int64(6)]
2026-09-04 16:16:18,213 - INFO - hetero_proportion: 	4:3:3
2026-09-04 16:16:18,547 - INFO - Support aggregation diagnostics: min_nonzero=0.264555, mean=0.496068, P25=0.264555, P50=0.426829, P75=0.615264; coordinate_ratio(s<0.3/0.3<=s<0.8/s>=0.8)=0.402282/0.395786/0.201932; update_l2(s<0.3/0.3<=s<0.8/s>=0.8)=0.016037/0.211717/0.264962; global_update_l2=0.339538
2026-09-04 16:16:18,565 - INFO - Full evaluation profile: (1.0, 2, 11.424356)
2026-09-04 16:16:20,267 - INFO - Testing accuracy: 34.91
2026-09-04 16:16:20,267 - INFO - ********************************************************************************
2026-09-04 16:16:20,267 - INFO - Round 188
2026-09-04 16:16:31,770 - INFO - this epoch cost time:1.6720004081726074
2026-09-04 16:16:31,771 - INFO - this epoch choose: [38, 70, 48, 6, 78, 65, 73, 22, 55, 27]
2026-09-04 16:16:31,771 - INFO - this epoch dispatch models: [2 2 3 1 5 2 6 2 4 2]
2026-09-04 16:16:31,771 - INFO - this epoch received models: [np.int64(2), np.int64(2), np.int64(3), np.int64(1), np.int64(5), np.int64(2), np.int64(6), np.int64(2), np.int64(4), np.int64(2)]
2026-09-04 16:16:31,771 - INFO - hetero_proportion: 	4:3:3
2026-09-04 16:16:32,143 - INFO - Support aggregation diagnostics: min_nonzero=0.095597, mean=0.479616, P25=0.095597, P50=0.418467, P75=0.921117; coordinate_ratio(s<0.3/0.3<=s<0.8/s>=0.8)=0.402282/0.307265/0.290453; update_l2(s<0.3/0.3<=s<0.8/s>=0.8)=0.011926/0.135062/0.251500; global_update_l2=0.285720
2026-09-04 16:16:32,161 - INFO - Full evaluation profile: (1.0, 2, 11.424356)
2026-09-04 16:16:33,994 - INFO - Testing accuracy: 34.84
2026-09-04 16:16:33,995 - INFO - ********************************************************************************
2026-09-04 16:16:33,995 - INFO - Round 189
2026-09-04 16:16:45,953 - INFO - this epoch cost time:1.5890002250671387
2026-09-04 16:16:45,953 - INFO - this epoch choose: [55, 35, 69, 41, 56, 68, 57, 86, 33, 70]
2026-09-04 16:16:45,953 - INFO - this epoch dispatch models: [1 1 1 5 4 0 4 6 2 3]
2026-09-04 16:16:45,953 - INFO - this epoch received models: [np.int64(1), np.int64(1), np.int64(1), np.int64(5), np.int64(4), np.int64(0), np.int64(4), np.int64(6), np.int64(2), np.int64(3)]
2026-09-04 16:16:45,953 - INFO - hetero_proportion: 	4:3:3
2026-09-04 16:16:47,019 - INFO - Support aggregation diagnostics: min_nonzero=0.095737, mean=0.430593, P25=0.095737, P50=0.277442, P75=0.591297; coordinate_ratio(s<0.3/0.3<=s<0.8/s>=0.8)=0.516115/0.281953/0.201932; update_l2(s<0.3/0.3<=s<0.8/s>=0.8)=0.128167/0.233652/0.269403; global_update_l2=0.378944
2026-09-04 16:16:47,037 - INFO - Full evaluation profile: (1.0, 2, 11.424356)
2026-09-04 16:16:48,887 - INFO - Testing accuracy: 35.53
2026-09-04 16:16:48,888 - INFO - ********************************************************************************
2026-09-04 16:16:48,888 - INFO - Round 190
2026-09-04 16:16:58,322 - INFO - this epoch cost time:1.3090004920959473
2026-09-04 16:16:58,322 - INFO - this epoch choose: [16, 65, 92, 13, 95, 47, 44, 90, 69, 46]
2026-09-04 16:16:58,322 - INFO - this epoch dispatch models: [0 5 6 0 2 1 4 6 0 0]
2026-09-04 16:16:58,322 - INFO - this epoch received models: [np.int64(0), np.int64(5), np.int64(6), np.int64(0), np.int64(2), np.int64(1), np.int64(4), np.int64(6), np.int64(0), np.int64(0)]
2026-09-04 16:16:58,322 - INFO - hetero_proportion: 	4:3:3
2026-09-04 16:16:58,579 - INFO - Support aggregation diagnostics: min_nonzero=0.216363, mean=0.443704, P25=0.216363, P50=0.378985, P75=0.462803; coordinate_ratio(s<0.3/0.3<=s<0.8/s>=0.8)=0.392037/0.422308/0.185655; update_l2(s<0.3/0.3<=s<0.8/s>=0.8)=0.026346/0.153352/0.320622; global_update_l2=0.356383
2026-09-04 16:16:58,598 - INFO - Full evaluation profile: (1.0, 2, 11.424356)
2026-09-04 16:17:00,770 - INFO - Testing accuracy: 34.81
2026-09-04 16:17:00,771 - INFO - ********************************************************************************
2026-09-04 16:17:00,771 - INFO - Round 191
2026-09-04 16:17:12,279 - INFO - this epoch cost time:1.6079998016357422
2026-09-04 16:17:12,280 - INFO - this epoch choose: [74, 75, 94, 92, 86, 91, 74, 3, 79, 79]
2026-09-04 16:17:12,280 - INFO - this epoch dispatch models: [3 3 4 1 6 6 0 0 0 6]
2026-09-04 16:17:12,280 - INFO - this epoch received models: [np.int64(3), np.int64(3), np.int64(4), np.int64(1), np.int64(6), np.int64(6), np.int64(0), np.int64(0), np.int64(0), np.int64(6)]
2026-09-04 16:17:12,280 - INFO - hetero_proportion: 	4:3:3
2026-09-04 16:17:12,539 - INFO - Support aggregation diagnostics: min_nonzero=0.295335, mean=0.512563, P25=0.295335, P50=0.295335, P75=0.594432; coordinate_ratio(s<0.3/0.3<=s<0.8/s>=0.8)=0.516115/0.298231/0.185655; update_l2(s<0.3/0.3<=s<0.8/s>=0.8)=0.062321/0.221378/0.286576; global_update_l2=0.367448
2026-09-04 16:17:12,557 - INFO - Full evaluation profile: (1.0, 2, 11.424356)
2026-09-04 16:17:14,307 - INFO - Testing accuracy: 34.55
2026-09-04 16:17:14,307 - INFO - ********************************************************************************
2026-09-04 16:17:14,307 - INFO - Round 192
2026-09-04 16:17:26,406 - INFO - this epoch cost time:1.738006830215454
2026-09-04 16:17:26,407 - INFO - this epoch choose: [57, 83, 16, 19, 44, 74, 74, 86, 27, 70]
2026-09-04 16:17:26,407 - INFO - this epoch dispatch models: [0 5 2 0 4 0 6 1 1 5]
2026-09-04 16:17:26,407 - INFO - this epoch received models: [np.int64(0), np.int64(5), np.int64(2), np.int64(0), np.int64(4), np.int64(0), np.int64(6), np.int64(1), np.int64(1), np.int64(5)]
2026-09-04 16:17:26,407 - INFO - hetero_proportion: 	4:3:3
2026-09-04 16:17:26,737 - INFO - Support aggregation diagnostics: min_nonzero=0.102447, mean=0.426593, P25=0.102447, P50=0.435172, P75=0.518627; coordinate_ratio(s<0.3/0.3<=s<0.8/s>=0.8)=0.392037/0.422308/0.185655; update_l2(s<0.3/0.3<=s<0.8/s>=0.8)=0.009399/0.141115/0.240579; global_update_l2=0.279070
2026-09-04 16:17:26,755 - INFO - Full evaluation profile: (1.0, 2, 11.424356)
2026-09-04 16:17:28,593 - INFO - Testing accuracy: 34.10
2026-09-04 16:17:28,593 - INFO - ********************************************************************************
2026-09-04 16:17:28,593 - INFO - Round 193
2026-09-04 16:17:38,688 - INFO - this epoch cost time:1.3150007724761963
2026-09-04 16:17:38,688 - INFO - this epoch choose: [98, 61, 46, 37, 20, 49, 97, 90, 48, 56]
2026-09-04 16:17:38,688 - INFO - this epoch dispatch models: [0 4 0 0 1 3 6 5 1 2]
2026-09-04 16:17:38,688 - INFO - this epoch received models: [np.int64(0), np.int64(4), np.int64(0), np.int64(0), np.int64(1), np.int64(3), np.int64(6), np.int64(5), np.int64(1), np.int64(2)]
2026-09-04 16:17:38,688 - INFO - hetero_proportion: 	4:3:3
2026-09-04 16:17:39,293 - INFO - Support aggregation diagnostics: min_nonzero=0.093181, mean=0.397269, P25=0.093181, P50=0.299831, P75=0.505918; coordinate_ratio(s<0.3/0.3<=s<0.8/s>=0.8)=0.516115/0.298231/0.185655; update_l2(s<0.3/0.3<=s<0.8/s>=0.8)=0.060846/0.242555/0.267665; global_update_l2=0.366305
2026-09-04 16:17:39,311 - INFO - Full evaluation profile: (1.0, 2, 11.424356)
2026-09-04 16:17:41,614 - INFO - Testing accuracy: 34.70
2026-09-04 16:17:41,614 - INFO - ********************************************************************************
2026-09-04 16:17:41,614 - INFO - Round 194
2026-09-04 16:17:52,715 - INFO - this epoch cost time:1.753000020980835
2026-09-04 16:17:52,715 - INFO - this epoch choose: [82, 73, 78, 18, 34, 37, 91, 83, 81, 77]
2026-09-04 16:17:52,716 - INFO - this epoch dispatch models: [6 6 3 2 1 0 6 5 2 1]
2026-09-04 16:17:52,716 - INFO - this epoch received models: [np.int64(6), np.int64(6), np.int64(3), np.int64(2), np.int64(1), np.int64(0), np.int64(6), np.int64(5), np.int64(2), np.int64(1)]
2026-09-04 16:17:52,716 - INFO - hetero_proportion: 	4:3:3
2026-09-04 16:17:53,043 - INFO - Support aggregation diagnostics: min_nonzero=0.280698, mean=0.551944, P25=0.280698, P50=0.496163, P75=0.716424; coordinate_ratio(s<0.3/0.3<=s<0.8/s>=0.8)=0.392037/0.376321/0.231642; update_l2(s<0.3/0.3<=s<0.8/s>=0.8)=0.017209/0.155510/0.256750; global_update_l2=0.300666
2026-09-04 16:17:53,061 - INFO - Full evaluation profile: (1.0, 2, 11.424356)
2026-09-04 16:17:54,968 - INFO - Testing accuracy: 34.29
2026-09-04 16:17:54,968 - INFO - ********************************************************************************
2026-09-04 16:17:54,968 - INFO - Round 195
2026-09-04 16:18:05,805 - INFO - this epoch cost time:1.3799998760223389
2026-09-04 16:18:05,805 - INFO - this epoch choose: [1, 74, 40, 82, 16, 82, 87, 75, 96, 12]
2026-09-04 16:18:05,805 - INFO - this epoch dispatch models: [1 4 5 1 2 6 4 3 4 0]
2026-09-04 16:18:05,805 - INFO - this epoch received models: [np.int64(1), np.int64(4), np.int64(5), np.int64(1), np.int64(2), np.int64(6), np.int64(4), np.int64(3), np.int64(4), np.int64(0)]
2026-09-04 16:18:05,805 - INFO - hetero_proportion: 	4:3:3
2026-09-04 16:18:06,180 - INFO - Support aggregation diagnostics: min_nonzero=0.097871, mean=0.458826, P25=0.097871, P50=0.295075, P75=0.713063; coordinate_ratio(s<0.3/0.3<=s<0.8/s>=0.8)=0.516115/0.281953/0.201932; update_l2(s<0.3/0.3<=s<0.8/s>=0.8)=0.071148/0.137288/0.206080; global_update_l2=0.257641
2026-09-04 16:18:06,197 - INFO - Full evaluation profile: (1.0, 2, 11.424356)
2026-09-04 16:18:07,953 - INFO - Testing accuracy: 34.42
2026-09-04 16:18:07,953 - INFO - ********************************************************************************
2026-09-04 16:18:07,953 - INFO - Round 196
2026-09-04 16:18:21,346 - INFO - this epoch cost time:1.9820001125335693
2026-09-04 16:18:21,346 - INFO - this epoch choose: [69, 41, 89, 83, 78, 86, 67, 57, 47, 66]
2026-09-04 16:18:21,346 - INFO - this epoch dispatch models: [5 4 5 6 3 2 4 4 1 4]
2026-09-04 16:18:21,346 - INFO - this epoch received models: [np.int64(5), np.int64(4), np.int64(5), np.int64(6), np.int64(3), np.int64(2), np.int64(4), np.int64(4), np.int64(1), np.int64(4)]
2026-09-04 16:18:21,346 - INFO - hetero_proportion: 	4:3:3
2026-09-04 16:18:21,686 - INFO - Support aggregation diagnostics: min_nonzero=0.143998, mean=0.553781, P25=0.143998, P50=0.451588, P75=0.921818; coordinate_ratio(s<0.3/0.3<=s<0.8/s>=0.8)=0.392037/0.124077/0.483885; update_l2(s<0.3/0.3<=s<0.8/s>=0.8)=0.011222/0.072818/0.214463; global_update_l2=0.226766
2026-09-04 16:18:21,706 - INFO - Full evaluation profile: (1.0, 2, 11.424356)
2026-09-04 16:18:23,697 - INFO - Testing accuracy: 34.51
2026-09-04 16:18:23,699 - INFO - ********************************************************************************
2026-09-04 16:18:23,699 - INFO - Round 197
2026-09-04 16:18:34,518 - INFO - this epoch cost time:1.5779995918273926
2026-09-04 16:18:34,518 - INFO - this epoch choose: [65, 89, 69, 43, 46, 60, 99, 4, 81, 85]
2026-09-04 16:18:34,518 - INFO - this epoch dispatch models: [3 6 5 4 4 1 1 1 4 3]
2026-09-04 16:18:34,518 - INFO - this epoch received models: [np.int64(3), np.int64(6), np.int64(5), np.int64(4), np.int64(4), np.int64(1), np.int64(1), np.int64(1), np.int64(4), np.int64(3)]
2026-09-04 16:18:34,518 - INFO - hetero_proportion: 	4:3:3
2026-09-04 16:18:35,183 - INFO - Support aggregation diagnostics: min_nonzero=0.073729, mean=0.463786, P25=0.073729, P50=0.209158, P75=0.726038; coordinate_ratio(s<0.3/0.3<=s<0.8/s>=0.8)=0.516115/0.252244/0.231642; update_l2(s<0.3/0.3<=s<0.8/s>=0.8)=0.064963/0.189334/0.297027; global_update_l2=0.358179
2026-09-04 16:18:35,201 - INFO - Full evaluation profile: (1.0, 2, 11.424356)
2026-09-04 16:18:37,478 - INFO - Testing accuracy: 34.93
2026-09-04 16:18:37,478 - INFO - ********************************************************************************
2026-09-04 16:18:37,478 - INFO - Round 198
2026-09-04 16:18:48,113 - INFO - this epoch cost time:1.3980000019073486
2026-09-04 16:18:48,113 - INFO - this epoch choose: [92, 0, 5, 93, 73, 88, 48, 86, 65, 88]
2026-09-04 16:18:48,113 - INFO - this epoch dispatch models: [6 0 1 5 6 6 5 6 2 4]
2026-09-04 16:18:48,113 - INFO - this epoch received models: [np.int64(6), np.int64(0), np.int64(1), np.int64(5), np.int64(6), np.int64(6), np.int64(5), np.int64(6), np.int64(2), np.int64(4)]
2026-09-04 16:18:48,113 - INFO - hetero_proportion: 	4:3:3
2026-09-04 16:18:48,440 - INFO - Support aggregation diagnostics: min_nonzero=0.397673, mean=0.639076, P25=0.397673, P50=0.664526, P75=0.761437; coordinate_ratio(s<0.3/0.3<=s<0.8/s>=0.8)=0.000000/0.768358/0.231642; update_l2(s<0.3/0.3<=s<0.8/s>=0.8)=0.000000/0.144853/0.280861; global_update_l2=0.316015
2026-09-04 16:18:48,459 - INFO - Full evaluation profile: (1.0, 2, 11.424356)
2026-09-04 16:18:50,219 - INFO - Testing accuracy: 34.96
2026-09-04 16:18:50,219 - INFO - ********************************************************************************
2026-09-04 16:18:50,220 - INFO - Round 199
2026-09-04 16:19:01,627 - INFO - this epoch cost time:1.559000015258789
2026-09-04 16:19:01,628 - INFO - this epoch choose: [62, 75, 57, 72, 98, 90, 45, 91, 85, 89]
2026-09-04 16:19:01,628 - INFO - this epoch dispatch models: [5 3 4 1 5 6 1 4 6 2]
2026-09-04 16:19:01,628 - INFO - this epoch received models: [np.int64(5), np.int64(3), np.int64(4), np.int64(1), np.int64(5), np.int64(6), np.int64(1), np.int64(4), np.int64(6), np.int64(2)]
2026-09-04 16:19:01,628 - INFO - hetero_proportion: 	4:3:3
2026-09-04 16:19:01,993 - INFO - Support aggregation diagnostics: min_nonzero=0.222335, mean=0.567764, P25=0.222335, P50=0.478050, P75=0.828647; coordinate_ratio(s<0.3/0.3<=s<0.8/s>=0.8)=0.392037/0.317510/0.290453; update_l2(s<0.3/0.3<=s<0.8/s>=0.8)=0.016104/0.097762/0.192524; global_update_l2=0.216523
2026-09-04 16:19:02,011 - INFO - Full evaluation profile: (1.0, 2, 11.424356)
2026-09-04 16:19:03,851 - INFO - Testing accuracy: 34.89
2026-09-04 16:19:03,852 - INFO - ********************************************************************************
2026-09-04 16:19:03,852 - INFO - Round 200
2026-09-04 16:19:14,360 - INFO - this epoch cost time:1.6570000648498535
2026-09-04 16:19:14,360 - INFO - this epoch choose: [31, 99, 79, 55, 13, 71, 45, 95, 75, 47]
2026-09-04 16:19:14,360 - INFO - this epoch dispatch models: [0 4 0 4 1 1 0 4 6 5]
2026-09-04 16:19:14,360 - INFO - this epoch received models: [np.int64(0), np.int64(4), np.int64(0), np.int64(4), np.int64(1), np.int64(1), np.int64(0), np.int64(4), np.int64(6), np.int64(5)]
2026-09-04 16:19:14,360 - INFO - hetero_proportion: 	4:3:3
2026-09-04 16:19:15,053 - INFO - Support aggregation diagnostics: min_nonzero=0.122624, mean=0.418061, P25=0.122624, P50=0.206622, P75=0.498467; coordinate_ratio(s<0.3/0.3<=s<0.8/s>=0.8)=0.516115/0.298231/0.185655; update_l2(s<0.3/0.3<=s<0.8/s>=0.8)=0.065417/0.199884/0.251721; global_update_l2=0.328019
2026-09-04 16:19:15,074 - INFO - Full evaluation profile: (1.0, 2, 11.424356)
2026-09-04 16:19:16,915 - INFO - Testing accuracy: 34.97
2026-09-04 16:19:16,915 - INFO - ********************************************************************************
2026-09-04 16:19:16,915 - INFO - Round 201
2026-09-04 16:19:26,216 - INFO - this epoch cost time:1.1100001335144043
2026-09-04 16:19:26,216 - INFO - this epoch choose: [99, 5, 90, 60, 67, 96, 86, 44, 32, 91]
2026-09-04 16:19:26,216 - INFO - this epoch dispatch models: [1 1 0 3 4 3 3 2 2 6]
2026-09-04 16:19:26,216 - INFO - this epoch received models: [np.int64(1), np.int64(1), np.int64(0), np.int64(3), np.int64(4), np.int64(3), np.int64(3), np.int64(2), np.int64(2), np.int64(6)]
2026-09-04 16:19:26,216 - INFO - hetero_proportion: 	4:3:3
2026-09-04 16:19:26,607 - INFO - Support aggregation diagnostics: min_nonzero=0.108225, mean=0.428129, P25=0.108225, P50=0.267574, P75=0.668728; coordinate_ratio(s<0.3/0.3<=s<0.8/s>=0.8)=0.516115/0.281953/0.201932; update_l2(s<0.3/0.3<=s<0.8/s>=0.8)=0.115891/0.232972/0.284297; global_update_l2=0.385398
2026-09-04 16:19:26,625 - INFO - Full evaluation profile: (1.0, 2, 11.424356)
2026-09-04 16:19:28,893 - INFO - Testing accuracy: 34.82
2026-09-04 16:19:28,893 - INFO - ********************************************************************************
2026-09-04 16:19:28,893 - INFO - Round 202
2026-09-04 16:19:39,574 - INFO - this epoch cost time:1.544999599456787
2026-09-04 16:19:39,574 - INFO - this epoch choose: [80, 98, 7, 78, 67, 66, 64, 62, 58, 96]
2026-09-04 16:19:39,574 - INFO - this epoch dispatch models: [1 2 2 1 5 3 5 5 3 2]
2026-09-04 16:19:39,574 - INFO - this epoch received models: [np.int64(1), np.int64(2), np.int64(2), np.int64(1), np.int64(5), np.int64(3), np.int64(5), np.int64(5), np.int64(3), np.int64(2)]
2026-09-04 16:19:39,574 - INFO - hetero_proportion: 	4:3:3
2026-09-04 16:19:39,905 - INFO - Support aggregation diagnostics: min_nonzero=0.279656, mean=0.434792, P25=0.000000, P50=0.488978, P75=0.785009; coordinate_ratio(s<0.3/0.3<=s<0.8/s>=0.8)=0.402282/0.395786/0.201932; update_l2(s<0.3/0.3<=s<0.8/s>=0.8)=0.027583/0.313305/0.290247; global_update_l2=0.427977
2026-09-04 16:19:39,923 - INFO - Full evaluation profile: (1.0, 2, 11.424356)
2026-09-04 16:19:41,827 - INFO - Testing accuracy: 34.75
2026-09-04 16:19:41,827 - INFO - ********************************************************************************
2026-09-04 16:19:41,827 - INFO - Round 203
2026-09-04 16:19:53,391 - INFO - this epoch cost time:1.874000072479248
2026-09-04 16:19:53,391 - INFO - this epoch choose: [92, 61, 68, 91, 84, 30, 80, 79, 73, 49]
2026-09-04 16:19:53,392 - INFO - this epoch dispatch models: [3 3 3 3 3 0 5 5 3 3]
2026-09-04 16:19:53,392 - INFO - this epoch received models: [np.int64(3), np.int64(3), np.int64(3), np.int64(3), np.int64(3), np.int64(0), np.int64(5), np.int64(5), np.int64(3), np.int64(3)]
2026-09-04 16:19:53,392 - INFO - hetero_proportion: 	4:3:3
2026-09-04 16:19:53,673 - INFO - Support aggregation diagnostics: min_nonzero=0.223631, mean=0.461861, P25=0.000000, P50=0.223631, P75=0.907013; coordinate_ratio(s<0.3/0.3<=s<0.8/s>=0.8)=0.548367/0.000000/0.451633; update_l2(s<0.3/0.3<=s<0.8/s>=0.8)=0.060992/0.000000/0.297859; global_update_l2=0.304039
2026-09-04 16:19:53,691 - INFO - Full evaluation profile: (1.0, 2, 11.424356)
2026-09-04 16:19:55,384 - INFO - Testing accuracy: 35.31
2026-09-04 16:19:55,384 - INFO - ********************************************************************************
2026-09-04 16:19:55,384 - INFO - Round 204
2026-09-04 16:20:06,964 - INFO - this epoch cost time:1.8389999866485596
2026-09-04 16:20:06,964 - INFO - this epoch choose: [7, 43, 91, 73, 97, 72, 22, 69, 81, 80]
2026-09-04 16:20:06,964 - INFO - this epoch dispatch models: [1 0 6 6 4 3 1 2 5 3]
2026-09-04 16:20:06,964 - INFO - this epoch received models: [np.int64(1), np.int64(0), np.int64(6), np.int64(6), np.int64(4), np.int64(3), np.int64(1), np.int64(2), np.int64(5), np.int64(3)]
2026-09-04 16:20:06,964 - INFO - hetero_proportion: 	4:3:3
2026-09-04 16:20:08,039 - INFO - Support aggregation diagnostics: min_nonzero=0.186142, mean=0.505366, P25=0.186142, P50=0.443071, P75=0.723221; coordinate_ratio(s<0.3/0.3<=s<0.8/s>=0.8)=0.392037/0.406031/0.201932; update_l2(s<0.3/0.3<=s<0.8/s>=0.8)=0.009785/0.150218/0.203557; global_update_l2=0.253173
2026-09-04 16:20:08,057 - INFO - Full evaluation profile: (1.0, 2, 11.424356)
2026-09-04 16:20:09,989 - INFO - Testing accuracy: 35.20
2026-09-04 16:20:09,990 - INFO - ********************************************************************************
2026-09-04 16:20:09,990 - INFO - Round 205
2026-09-04 16:20:20,059 - INFO - this epoch cost time:1.3259999752044678
2026-09-04 16:20:20,059 - INFO - this epoch choose: [71, 43, 94, 90, 47, 74, 70, 61, 26, 49]
2026-09-04 16:20:20,059 - INFO - this epoch dispatch models: [5 1 6 2 5 0 6 2 2 0]
2026-09-04 16:20:20,059 - INFO - this epoch received models: [np.int64(5), np.int64(1), np.int64(6), np.int64(2), np.int64(5), np.int64(0), np.int64(6), np.int64(2), np.int64(2), np.int64(0)]
2026-09-04 16:20:20,059 - INFO - hetero_proportion: 	4:3:3
2026-09-04 16:20:20,283 - INFO - Support aggregation diagnostics: min_nonzero=0.207762, mean=0.497102, P25=0.207762, P50=0.385210, P75=0.669434; coordinate_ratio(s<0.3/0.3<=s<0.8/s>=0.8)=0.392037/0.422308/0.185655; update_l2(s<0.3/0.3<=s<0.8/s>=0.8)=0.029100/0.172956/0.234604; global_update_l2=0.292915
2026-09-04 16:20:20,304 - INFO - Full evaluation profile: (1.0, 2, 11.424356)
2026-09-04 16:20:22,538 - INFO - Testing accuracy: 35.41
2026-09-04 16:20:22,538 - INFO - ********************************************************************************
2026-09-04 16:20:22,538 - INFO - Round 206
2026-09-04 16:20:32,968 - INFO - this epoch cost time:1.8199999332427979
2026-09-04 16:20:32,968 - INFO - this epoch choose: [80, 22, 65, 91, 54, 12, 31, 42, 42, 84]
2026-09-04 16:20:32,968 - INFO - this epoch dispatch models: [2 0 5 0 4 0 2 2 2 0]
2026-09-04 16:20:32,968 - INFO - this epoch received models: [np.int64(2), np.int64(0), np.int64(5), np.int64(0), np.int64(4), np.int64(0), np.int64(2), np.int64(2), np.int64(2), np.int64(0)]
2026-09-04 16:20:32,968 - INFO - hetero_proportion: 	4:3:3
2026-09-04 16:20:33,257 - INFO - Support aggregation diagnostics: min_nonzero=0.086672, mean=0.346231, P25=0.000000, P50=0.201145, P75=0.607318; coordinate_ratio(s<0.3/0.3<=s<0.8/s>=0.8)=0.593173/0.221173/0.185655; update_l2(s<0.3/0.3<=s<0.8/s>=0.8)=0.081578/0.310974/0.287472; global_update_l2=0.431277
2026-09-04 16:20:33,275 - INFO - Full evaluation profile: (1.0, 2, 11.424356)
2026-09-04 16:20:34,996 - INFO - Testing accuracy: 35.35
2026-09-04 16:20:34,997 - INFO - ********************************************************************************
2026-09-04 16:20:34,997 - INFO - Round 207
2026-09-04 16:20:46,927 - INFO - this epoch cost time:1.9369993209838867
2026-09-04 16:20:46,927 - INFO - this epoch choose: [31, 90, 86, 59, 95, 85, 81, 71, 81, 98]
2026-09-04 16:20:46,927 - INFO - this epoch dispatch models: [1 4 1 2 1 6 6 5 5 0]
2026-09-04 16:20:46,927 - INFO - this epoch received models: [np.int64(1), np.int64(4), np.int64(1), np.int64(2), np.int64(1), np.int64(6), np.int64(6), np.int64(5), np.int64(5), np.int64(0)]
2026-09-04 16:20:46,927 - INFO - hetero_proportion: 	4:3:3
2026-09-04 16:20:47,303 - INFO - Support aggregation diagnostics: min_nonzero=0.229030, mean=0.535128, P25=0.229030, P50=0.552571, P75=0.666216; coordinate_ratio(s<0.3/0.3<=s<0.8/s>=0.8)=0.392037/0.376321/0.231642; update_l2(s<0.3/0.3<=s<0.8/s>=0.8)=0.020535/0.135620/0.210519; global_update_l2=0.251263
2026-09-04 16:20:47,322 - INFO - Full evaluation profile: (1.0, 2, 11.424356)
2026-09-04 16:20:49,090 - INFO - Testing accuracy: 34.91
2026-09-04 16:20:49,091 - INFO - ********************************************************************************
2026-09-04 16:20:49,091 - INFO - Round 208
2026-09-04 16:20:58,956 - INFO - this epoch cost time:1.1969916820526123
2026-09-04 16:20:58,956 - INFO - this epoch choose: [91, 92, 99, 24, 55, 68, 82, 87, 15, 76]
2026-09-04 16:20:58,956 - INFO - this epoch dispatch models: [6 1 6 0 1 3 6 6 2 5]
2026-09-04 16:20:58,956 - INFO - this epoch received models: [np.int64(6), np.int64(1), np.int64(6), np.int64(0), np.int64(1), np.int64(3), np.int64(6), np.int64(6), np.int64(2), np.int64(5)]
2026-09-04 16:20:58,956 - INFO - hetero_proportion: 	4:3:3
2026-09-04 16:20:59,418 - INFO - Support aggregation diagnostics: min_nonzero=0.371435, mean=0.588868, P25=0.371435, P50=0.554862, P75=0.669998; coordinate_ratio(s<0.3/0.3<=s<0.8/s>=0.8)=0.000000/0.798068/0.201932; update_l2(s<0.3/0.3<=s<0.8/s>=0.8)=0.000000/0.168985/0.224619; global_update_l2=0.281087
2026-09-04 16:20:59,437 - INFO - Full evaluation profile: (1.0, 2, 11.424356)
2026-09-04 16:21:01,716 - INFO - Testing accuracy: 35.66
2026-09-04 16:21:01,716 - INFO - ********************************************************************************
2026-09-04 16:21:01,716 - INFO - Round 209
2026-09-04 16:21:12,481 - INFO - this epoch cost time:1.508000135421753
2026-09-04 16:21:12,482 - INFO - this epoch choose: [71, 99, 57, 93, 16, 19, 40, 48, 53, 73]
2026-09-04 16:21:12,482 - INFO - this epoch dispatch models: [4 6 3 4 2 1 3 2 0 6]
2026-09-04 16:21:12,482 - INFO - this epoch received models: [np.int64(4), np.int64(6), np.int64(3), np.int64(4), np.int64(2), np.int64(1), np.int64(3), np.int64(2), np.int64(0), np.int64(6)]
2026-09-04 16:21:12,482 - INFO - hetero_proportion: 	4:3:3
2026-09-04 16:21:12,818 - INFO - Support aggregation diagnostics: min_nonzero=0.185677, mean=0.493229, P25=0.185677, P50=0.404087, P75=0.774251; coordinate_ratio(s<0.3/0.3<=s<0.8/s>=0.8)=0.402282/0.395786/0.201932; update_l2(s<0.3/0.3<=s<0.8/s>=0.8)=0.013526/0.194611/0.263734; global_update_l2=0.328043
2026-09-04 16:21:12,837 - INFO - Full evaluation profile: (1.0, 2, 11.424356)
2026-09-04 16:21:14,615 - INFO - Testing accuracy: 35.64
2026-09-04 16:21:14,615 - INFO - ********************************************************************************
2026-09-04 16:21:14,615 - INFO - Round 210
2026-09-04 16:21:27,163 - INFO - this epoch cost time:1.6629998683929443
2026-09-04 16:21:27,163 - INFO - this epoch choose: [91, 3, 81, 44, 51, 58, 89, 48, 85, 86]
2026-09-04 16:21:27,163 - INFO - this epoch dispatch models: [5 2 3 4 5 2 5 1 2 6]
2026-09-04 16:21:27,163 - INFO - this epoch received models: [np.int64(5), np.int64(2), np.int64(3), np.int64(4), np.int64(5), np.int64(2), np.int64(5), np.int64(1), np.int64(2), np.int64(6)]
2026-09-04 16:21:27,163 - INFO - hetero_proportion: 	4:3:3
2026-09-04 16:21:27,443 - INFO - Support aggregation diagnostics: min_nonzero=0.099759, mean=0.511581, P25=0.099759, P50=0.574866, P75=0.880807; coordinate_ratio(s<0.3/0.3<=s<0.8/s>=0.8)=0.392037/0.317510/0.290453; update_l2(s<0.3/0.3<=s<0.8/s>=0.8)=0.014772/0.137835/0.244385; global_update_l2=0.280964
2026-09-04 16:21:27,462 - INFO - Full evaluation profile: (1.0, 2, 11.424356)
2026-09-04 16:21:29,302 - INFO - Testing accuracy: 35.42
2026-09-04 16:21:29,302 - INFO - ********************************************************************************
2026-09-04 16:21:29,302 - INFO - Round 211
2026-09-04 16:21:41,397 - INFO - this epoch cost time:1.6070001125335693
2026-09-04 16:21:41,397 - INFO - this epoch choose: [95, 36, 98, 49, 49, 73, 92, 46, 56, 41]
2026-09-04 16:21:41,397 - INFO - this epoch dispatch models: [6 2 5 3 5 3 4 3 3 4]
2026-09-04 16:21:41,397 - INFO - this epoch received models: [np.int64(6), np.int64(2), np.int64(5), np.int64(3), np.int64(5), np.int64(3), np.int64(4), np.int64(3), np.int64(3), np.int64(4)]
2026-09-04 16:21:41,397 - INFO - hetero_proportion: 	4:3:3
2026-09-04 16:21:42,046 - INFO - Support aggregation diagnostics: min_nonzero=0.071973, mean=0.524031, P25=0.071973, P50=0.384973, P75=1.000000; coordinate_ratio(s<0.3/0.3<=s<0.8/s>=0.8)=0.402282/0.146084/0.451633; update_l2(s<0.3/0.3<=s<0.8/s>=0.8)=0.022663/0.249506/0.266619; global_update_l2=0.365859
2026-09-04 16:21:42,065 - INFO - Full evaluation profile: (1.0, 2, 11.424356)
2026-09-04 16:21:43,728 - INFO - Testing accuracy: 36.40
2026-09-04 16:21:43,728 - INFO - ********************************************************************************
2026-09-04 16:21:43,728 - INFO - Round 212
2026-09-04 16:21:53,162 - INFO - this epoch cost time:1.3960046768188477
2026-09-04 16:21:53,162 - INFO - this epoch choose: [59, 65, 81, 90, 87, 29, 74, 89, 82, 40]
2026-09-04 16:21:53,162 - INFO - this epoch dispatch models: [2 3 2 0 3 1 3 1 6 4]
2026-09-04 16:21:53,162 - INFO - this epoch received models: [np.int64(2), np.int64(3), np.int64(2), np.int64(0), np.int64(3), np.int64(1), np.int64(3), np.int64(1), np.int64(6), np.int64(4)]
2026-09-04 16:21:53,162 - INFO - hetero_proportion: 	4:3:3
2026-09-04 16:21:53,416 - INFO - Support aggregation diagnostics: min_nonzero=0.096423, mean=0.426631, P25=0.096423, P50=0.336143, P75=0.705386; coordinate_ratio(s<0.3/0.3<=s<0.8/s>=0.8)=0.402282/0.395786/0.201932; update_l2(s<0.3/0.3<=s<0.8/s>=0.8)=0.013196/0.205118/0.245154; global_update_l2=0.319919
2026-09-04 16:21:53,436 - INFO - Full evaluation profile: (1.0, 2, 11.424356)
2026-09-04 16:21:55,621 - INFO - Testing accuracy: 35.33
2026-09-04 16:21:55,622 - INFO - ********************************************************************************
2026-09-04 16:21:55,622 - INFO - Round 213
2026-09-04 16:22:06,139 - INFO - this epoch cost time:1.4570002555847168
2026-09-04 16:22:06,139 - INFO - this epoch choose: [87, 91, 55, 67, 20, 82, 51, 43, 84, 55]
2026-09-04 16:22:06,139 - INFO - this epoch dispatch models: [6 3 4 4 0 3 3 0 1 3]
2026-09-04 16:22:06,139 - INFO - this epoch received models: [np.int64(6), np.int64(3), np.int64(4), np.int64(4), np.int64(0), np.int64(3), np.int64(3), np.int64(0), np.int64(1), np.int64(3)]
2026-09-04 16:22:06,139 - INFO - hetero_proportion: 	4:3:3
2026-09-04 16:22:06,479 - INFO - Support aggregation diagnostics: min_nonzero=0.065690, mean=0.418552, P25=0.065690, P50=0.065690, P75=0.701037; coordinate_ratio(s<0.3/0.3<=s<0.8/s>=0.8)=0.518657/0.295689/0.185655; update_l2(s<0.3/0.3<=s<0.8/s>=0.8)=0.030262/0.227899/0.246500; global_update_l2=0.337070
2026-09-04 16:22:06,498 - INFO - Full evaluation profile: (1.0, 2, 11.424356)
2026-09-04 16:22:08,338 - INFO - Testing accuracy: 35.48
2026-09-04 16:22:08,338 - INFO - ********************************************************************************
2026-09-04 16:22:08,338 - INFO - Round 214
2026-09-04 16:22:18,363 - INFO - this epoch cost time:1.3909997940063477
2026-09-04 16:22:18,363 - INFO - this epoch choose: [72, 89, 74, 71, 20, 51, 64, 77, 2, 65]
2026-09-04 16:22:18,363 - INFO - this epoch dispatch models: [6 4 4 0 2 3 3 4 2 0]
2026-09-04 16:22:18,363 - INFO - this epoch received models: [np.int64(6), np.int64(4), np.int64(4), np.int64(0), np.int64(2), np.int64(3), np.int64(3), np.int64(4), np.int64(2), np.int64(0)]
2026-09-04 16:22:18,363 - INFO - hetero_proportion: 	4:3:3
2026-09-04 16:22:19,251 - INFO - Support aggregation diagnostics: min_nonzero=0.071955, mean=0.438079, P25=0.071955, P50=0.298548, P75=0.803913; coordinate_ratio(s<0.3/0.3<=s<0.8/s>=0.8)=0.516115/0.223142/0.260743; update_l2(s<0.3/0.3<=s<0.8/s>=0.8)=0.259733/0.189489/0.294582; global_update_l2=0.436057
2026-09-04 16:22:19,270 - INFO - Full evaluation profile: (1.0, 2, 11.424356)
2026-09-04 16:22:21,184 - INFO - Testing accuracy: 35.49
2026-09-04 16:22:21,185 - INFO - ********************************************************************************
2026-09-04 16:22:21,185 - INFO - Round 215
2026-09-04 16:22:30,911 - INFO - this epoch cost time:1.209010124206543
2026-09-04 16:22:30,911 - INFO - this epoch choose: [53, 54, 55, 95, 5, 99, 66, 92, 24, 84]
2026-09-04 16:22:30,911 - INFO - this epoch dispatch models: [3 2 4 6 2 5 0 0 0 4]
2026-09-04 16:22:30,911 - INFO - this epoch received models: [np.int64(3), np.int64(2), np.int64(4), np.int64(6), np.int64(2), np.int64(5), np.int64(0), np.int64(0), np.int64(0), np.int64(4)]
2026-09-04 16:22:30,911 - INFO - hetero_proportion: 	4:3:3
2026-09-04 16:22:31,206 - INFO - Support aggregation diagnostics: min_nonzero=0.076618, mean=0.427505, P25=0.076618, P50=0.389230, P75=0.710156; coordinate_ratio(s<0.3/0.3<=s<0.8/s>=0.8)=0.402282/0.412063/0.185655; update_l2(s<0.3/0.3<=s<0.8/s>=0.8)=0.027225/0.242146/0.225403; global_update_l2=0.331938
2026-09-04 16:22:31,226 - INFO - Full evaluation profile: (1.0, 2, 11.424356)
2026-09-04 16:22:33,154 - INFO - Testing accuracy: 35.36
2026-09-04 16:22:33,155 - INFO - ********************************************************************************
2026-09-04 16:22:33,155 - INFO - Round 216
2026-09-04 16:22:44,780 - INFO - this epoch cost time:1.7019999027252197
2026-09-04 16:22:44,780 - INFO - this epoch choose: [86, 84, 79, 81, 74, 9, 55, 65, 89, 59]
2026-09-04 16:22:44,780 - INFO - this epoch dispatch models: [6 3 4 4 5 1 4 4 5 2]
2026-09-04 16:22:44,780 - INFO - this epoch received models: [np.int64(6), np.int64(3), np.int64(4), np.int64(4), np.int64(5), np.int64(1), np.int64(4), np.int64(4), np.int64(5), np.int64(2)]
2026-09-04 16:22:44,780 - INFO - hetero_proportion: 	4:3:3
2026-09-04 16:22:45,107 - INFO - Support aggregation diagnostics: min_nonzero=0.106459, mean=0.527252, P25=0.106459, P50=0.389492, P75=0.903022; coordinate_ratio(s<0.3/0.3<=s<0.8/s>=0.8)=0.402282/0.113833/0.483885; update_l2(s<0.3/0.3<=s<0.8/s>=0.8)=0.018698/0.057251/0.192835; global_update_l2=0.202021
2026-09-04 16:22:45,125 - INFO - Full evaluation profile: (1.0, 2, 11.424356)
2026-09-04 16:22:46,906 - INFO - Testing accuracy: 34.96
2026-09-04 16:22:46,906 - INFO - ********************************************************************************
2026-09-04 16:22:46,906 - INFO - Round 217
2026-09-04 16:22:58,693 - INFO - this epoch cost time:1.5470001697540283
2026-09-04 16:22:58,693 - INFO - this epoch choose: [47, 72, 81, 71, 64, 11, 75, 46, 90, 96]
2026-09-04 16:22:58,693 - INFO - this epoch dispatch models: [4 0 5 6 3 0 4 3 6 6]
2026-09-04 16:22:58,693 - INFO - this epoch received models: [np.int64(4), np.int64(0), np.int64(5), np.int64(6), np.int64(3), np.int64(0), np.int64(4), np.int64(3), np.int64(6), np.int64(6)]
2026-09-04 16:22:58,693 - INFO - hetero_proportion: 	4:3:3
2026-09-04 16:22:59,472 - INFO - Support aggregation diagnostics: min_nonzero=0.311776, mean=0.604821, P25=0.311776, P50=0.441892, P75=0.833012; coordinate_ratio(s<0.3/0.3<=s<0.8/s>=0.8)=0.000000/0.548367/0.451633; update_l2(s<0.3/0.3<=s<0.8/s>=0.8)=0.000000/0.086663/0.226765; global_update_l2=0.242761
2026-09-04 16:22:59,492 - INFO - Full evaluation profile: (1.0, 2, 11.424356)
2026-09-04 16:23:01,269 - INFO - Testing accuracy: 35.84
2026-09-04 16:23:01,270 - INFO - ********************************************************************************
2026-09-04 16:23:01,270 - INFO - Round 218
2026-09-04 16:23:11,580 - INFO - this epoch cost time:1.398000955581665
2026-09-04 16:23:11,580 - INFO - this epoch choose: [70, 5, 73, 55, 94, 40, 41, 39, 59, 35]
2026-09-04 16:23:11,580 - INFO - this epoch dispatch models: [5 0 3 5 6 3 5 0 2 1]
2026-09-04 16:23:11,580 - INFO - this epoch received models: [np.int64(5), np.int64(0), np.int64(3), np.int64(5), np.int64(6), np.int64(3), np.int64(5), np.int64(0), np.int64(2), np.int64(1)]
2026-09-04 16:23:11,580 - INFO - hetero_proportion: 	4:3:3
2026-09-04 16:23:11,780 - INFO - Support aggregation diagnostics: min_nonzero=0.082915, mean=0.478960, P25=0.082915, P50=0.536335, P75=0.721299; coordinate_ratio(s<0.3/0.3<=s<0.8/s>=0.8)=0.392037/0.406031/0.201932; update_l2(s<0.3/0.3<=s<0.8/s>=0.8)=0.020324/0.148112/0.218847; global_update_l2=0.265037
2026-09-04 16:23:11,799 - INFO - Full evaluation profile: (1.0, 2, 11.424356)
2026-09-04 16:23:14,036 - INFO - Testing accuracy: 35.58
2026-09-04 16:23:14,036 - INFO - ********************************************************************************
2026-09-04 16:23:14,036 - INFO - Round 219
2026-09-04 16:23:23,493 - INFO - this epoch cost time:1.2380006313323975
2026-09-04 16:23:23,493 - INFO - this epoch choose: [93, 66, 21, 78, 17, 71, 90, 40, 89, 87]
2026-09-04 16:23:23,493 - INFO - this epoch dispatch models: [6 4 1 3 1 2 0 1 3 6]
2026-09-04 16:23:23,493 - INFO - this epoch received models: [np.int64(6), np.int64(4), np.int64(1), np.int64(3), np.int64(1), np.int64(2), np.int64(0), np.int64(1), np.int64(3), np.int64(6)]
2026-09-04 16:23:23,493 - INFO - hetero_proportion: 	4:3:3
2026-09-04 16:23:23,807 - INFO - Support aggregation diagnostics: min_nonzero=0.133045, mean=0.411269, P25=0.133045, P50=0.248579, P75=0.521264; coordinate_ratio(s<0.3/0.3<=s<0.8/s>=0.8)=0.516115/0.281953/0.201932; update_l2(s<0.3/0.3<=s<0.8/s>=0.8)=0.050904/0.215742/0.284782; global_update_l2=0.360884
2026-09-04 16:23:23,826 - INFO - Full evaluation profile: (1.0, 2, 11.424356)
2026-09-04 16:23:25,643 - INFO - Testing accuracy: 35.22
2026-09-04 16:23:25,643 - INFO - ********************************************************************************
2026-09-04 16:23:25,643 - INFO - Round 220
2026-09-04 16:23:36,210 - INFO - this epoch cost time:1.614999771118164
2026-09-04 16:23:36,210 - INFO - this epoch choose: [81, 68, 64, 91, 66, 70, 50, 89, 50, 84]
2026-09-04 16:23:36,210 - INFO - this epoch dispatch models: [1 5 1 4 5 2 5 0 2 4]
2026-09-04 16:23:36,210 - INFO - this epoch received models: [np.int64(1), np.int64(5), np.int64(1), np.int64(4), np.int64(5), np.int64(2), np.int64(5), np.int64(0), np.int64(2), np.int64(4)]
2026-09-04 16:23:36,210 - INFO - hetero_proportion: 	4:3:3
2026-09-04 16:23:36,892 - INFO - Support aggregation diagnostics: min_nonzero=0.281471, mean=0.419801, P25=0.000000, P50=0.478189, P75=0.685085; coordinate_ratio(s<0.3/0.3<=s<0.8/s>=0.8)=0.402282/0.366076/0.231642; update_l2(s<0.3/0.3<=s<0.8/s>=0.8)=0.022579/0.187662/0.246232; global_update_l2=0.310415
2026-09-04 16:23:36,914 - INFO - Full evaluation profile: (1.0, 2, 11.424356)
2026-09-04 16:23:38,776 - INFO - Testing accuracy: 35.15
2026-09-04 16:23:38,776 - INFO - ********************************************************************************
2026-09-04 16:23:38,776 - INFO - Round 221
2026-09-04 16:23:48,853 - INFO - this epoch cost time:1.2170000076293945
2026-09-04 16:23:48,853 - INFO - this epoch choose: [49, 25, 85, 92, 35, 46, 99, 19, 56, 76]
2026-09-04 16:23:48,853 - INFO - this epoch dispatch models: [1 0 6 3 1 0 6 2 3 3]
2026-09-04 16:23:48,853 - INFO - this epoch received models: [np.int64(1), np.int64(0), np.int64(6), np.int64(3), np.int64(1), np.int64(0), np.int64(6), np.int64(2), np.int64(3), np.int64(3)]
2026-09-04 16:23:48,853 - INFO - hetero_proportion: 	4:3:3
2026-09-04 16:23:49,203 - INFO - Support aggregation diagnostics: min_nonzero=0.188585, mean=0.446219, P25=0.188585, P50=0.287505, P75=0.569996; coordinate_ratio(s<0.3/0.3<=s<0.8/s>=0.8)=0.518657/0.295689/0.185655; update_l2(s<0.3/0.3<=s<0.8/s>=0.8)=0.159251/0.256652/0.252697; global_update_l2=0.393811
2026-09-04 16:23:49,221 - INFO - Full evaluation profile: (1.0, 2, 11.424356)
2026-09-04 16:23:51,501 - INFO - Testing accuracy: 35.89
2026-09-04 16:23:51,502 - INFO - ********************************************************************************
2026-09-04 16:23:51,502 - INFO - Round 222
2026-09-04 16:24:02,372 - INFO - this epoch cost time:1.498000144958496
2026-09-04 16:24:02,373 - INFO - this epoch choose: [78, 94, 22, 99, 86, 79, 45, 93, 63, 80]
2026-09-04 16:24:02,373 - INFO - this epoch dispatch models: [6 5 2 2 5 1 4 1 4 6]
2026-09-04 16:24:02,373 - INFO - this epoch received models: [np.int64(6), np.int64(5), np.int64(2), np.int64(2), np.int64(5), np.int64(1), np.int64(4), np.int64(1), np.int64(4), np.int64(6)]
2026-09-04 16:24:02,373 - INFO - hetero_proportion: 	4:3:3
2026-09-04 16:24:02,645 - INFO - Support aggregation diagnostics: min_nonzero=0.215579, mean=0.563785, P25=0.215579, P50=0.625263, P75=0.838316; coordinate_ratio(s<0.3/0.3<=s<0.8/s>=0.8)=0.392037/0.314968/0.292995; update_l2(s<0.3/0.3<=s<0.8/s>=0.8)=0.019735/0.092052/0.208887; global_update_l2=0.229122
2026-09-04 16:24:02,662 - INFO - Full evaluation profile: (1.0, 2, 11.424356)
2026-09-04 16:24:04,417 - INFO - Testing accuracy: 35.44
2026-09-04 16:24:04,417 - INFO - ********************************************************************************
2026-09-04 16:24:04,417 - INFO - Round 223
2026-09-04 16:24:16,086 - INFO - this epoch cost time:1.5899996757507324
2026-09-04 16:24:16,087 - INFO - this epoch choose: [18, 56, 56, 56, 44, 64, 57, 76, 69, 1]
2026-09-04 16:24:16,087 - INFO - this epoch dispatch models: [0 3 5 5 2 4 3 5 5 0]
2026-09-04 16:24:16,087 - INFO - this epoch received models: [np.int64(0), np.int64(3), np.int64(5), np.int64(5), np.int64(2), np.int64(4), np.int64(3), np.int64(5), np.int64(5), np.int64(0)]
2026-09-04 16:24:16,087 - INFO - hetero_proportion: 	4:3:3
2026-09-04 16:24:16,412 - INFO - Support aggregation diagnostics: min_nonzero=0.428151, mean=0.470001, P25=0.000000, P50=0.510096, P75=0.820231; coordinate_ratio(s<0.3/0.3<=s<0.8/s>=0.8)=0.392037/0.347220/0.260743; update_l2(s<0.3/0.3<=s<0.8/s>=0.8)=0.000000/0.119495/0.214220; global_update_l2=0.245294
2026-09-04 16:24:16,430 - INFO - Full evaluation profile: (1.0, 2, 11.424356)
2026-09-04 16:24:18,260 - INFO - Testing accuracy: 36.16
2026-09-04 16:24:18,260 - INFO - ********************************************************************************
2026-09-04 16:24:18,260 - INFO - Round 224
2026-09-04 16:24:27,606 - INFO - this epoch cost time:1.2020001411437988
2026-09-04 16:24:27,607 - INFO - this epoch choose: [19, 48, 56, 77, 52, 9, 74, 87, 79, 76]
2026-09-04 16:24:27,607 - INFO - this epoch dispatch models: [1 3 3 6 3 0 0 6 4 6]
2026-09-04 16:24:27,607 - INFO - this epoch received models: [np.int64(1), np.int64(3), np.int64(3), np.int64(6), np.int64(3), np.int64(0), np.int64(0), np.int64(6), np.int64(4), np.int64(6)]
2026-09-04 16:24:27,607 - INFO - hetero_proportion: 	4:3:3
2026-09-04 16:24:28,025 - INFO - Support aggregation diagnostics: min_nonzero=0.252443, mean=0.511806, P25=0.252443, P50=0.252443, P75=0.674569; coordinate_ratio(s<0.3/0.3<=s<0.8/s>=0.8)=0.516115/0.298231/0.185655; update_l2(s<0.3/0.3<=s<0.8/s>=0.8)=0.102661/0.205635/0.234431; global_update_l2=0.328303
2026-09-04 16:24:28,044 - INFO - Full evaluation profile: (1.0, 2, 11.424356)
2026-09-04 16:24:30,333 - INFO - Testing accuracy: 35.77
2026-09-04 16:24:30,333 - INFO - ********************************************************************************
2026-09-04 16:24:30,333 - INFO - Round 225
2026-09-04 16:24:41,984 - INFO - this epoch cost time:2.1449999809265137
2026-09-04 16:24:41,984 - INFO - this epoch choose: [69, 83, 85, 95, 55, 73, 74, 87, 69, 50]
2026-09-04 16:24:41,984 - INFO - this epoch dispatch models: [1 6 5 4 4 0 6 6 4 2]
2026-09-04 16:24:41,984 - INFO - this epoch received models: [np.int64(1), np.int64(6), np.int64(5), np.int64(4), np.int64(4), np.int64(0), np.int64(6), np.int64(6), np.int64(4), np.int64(2)]
2026-09-04 16:24:41,984 - INFO - hetero_proportion: 	4:3:3
2026-09-04 16:24:42,321 - INFO - Support aggregation diagnostics: min_nonzero=0.308053, mean=0.590421, P25=0.308053, P50=0.469495, P75=0.780927; coordinate_ratio(s<0.3/0.3<=s<0.8/s>=0.8)=0.000000/0.768358/0.231642; update_l2(s<0.3/0.3<=s<0.8/s>=0.8)=0.000000/0.088979/0.196686; global_update_l2=0.215876
2026-09-04 16:24:42,339 - INFO - Full evaluation profile: (1.0, 2, 11.424356)
2026-09-04 16:24:44,145 - INFO - Testing accuracy: 35.42
2026-09-04 16:24:44,145 - INFO - ********************************************************************************
2026-09-04 16:24:44,145 - INFO - Round 226
2026-09-04 16:24:56,318 - INFO - this epoch cost time:1.8489999771118164
2026-09-04 16:24:56,319 - INFO - this epoch choose: [85, 25, 10, 80, 99, 72, 19, 85, 43, 70]
2026-09-04 16:24:56,319 - INFO - this epoch dispatch models: [3 0 2 5 5 6 2 2 3 6]
2026-09-04 16:24:56,319 - INFO - this epoch received models: [np.int64(3), np.int64(0), np.int64(2), np.int64(5), np.int64(5), np.int64(6), np.int64(2), np.int64(2), np.int64(3), np.int64(6)]
2026-09-04 16:24:56,319 - INFO - hetero_proportion: 	4:3:3
2026-09-04 16:24:56,641 - INFO - Support aggregation diagnostics: min_nonzero=0.188813, mean=0.547382, P25=0.188813, P50=0.596984, P75=0.894616; coordinate_ratio(s<0.3/0.3<=s<0.8/s>=0.8)=0.392037/0.347220/0.260743; update_l2(s<0.3/0.3<=s<0.8/s>=0.8)=0.015877/0.160833/0.262628; global_update_l2=0.308371
2026-09-04 16:24:56,660 - INFO - Full evaluation profile: (1.0, 2, 11.424356)
2026-09-04 16:24:58,358 - INFO - Testing accuracy: 35.68
2026-09-04 16:24:58,359 - INFO - ********************************************************************************
2026-09-04 16:24:58,359 - INFO - Round 227
2026-09-04 16:25:10,474 - INFO - this epoch cost time:1.5639994144439697
2026-09-04 16:25:10,475 - INFO - this epoch choose: [95, 65, 64, 66, 83, 74, 75, 76, 74, 86]
2026-09-04 16:25:10,475 - INFO - this epoch dispatch models: [0 5 4 5 3 6 1 2 6 2]
2026-09-04 16:25:10,475 - INFO - this epoch received models: [np.int64(0), np.int64(5), np.int64(4), np.int64(5), np.int64(3), np.int64(6), np.int64(1), np.int64(2), np.int64(6), np.int64(2)]
2026-09-04 16:25:10,475 - INFO - hetero_proportion: 	4:3:3
2026-09-04 16:25:11,001 - INFO - Support aggregation diagnostics: min_nonzero=0.215521, mean=0.545273, P25=0.215521, P50=0.576258, P75=0.810411; coordinate_ratio(s<0.3/0.3<=s<0.8/s>=0.8)=0.392037/0.347220/0.260743; update_l2(s<0.3/0.3<=s<0.8/s>=0.8)=0.014446/0.151708/0.347315; global_update_l2=0.379278
2026-09-04 16:25:11,022 - INFO - Full evaluation profile: (1.0, 2, 11.424356)
2026-09-04 16:25:12,796 - INFO - Testing accuracy: 35.21
2026-09-04 16:25:12,797 - INFO - ********************************************************************************
2026-09-04 16:25:12,797 - INFO - Round 228
2026-09-04 16:25:24,364 - INFO - this epoch cost time:1.5230000019073486
2026-09-04 16:25:24,364 - INFO - this epoch choose: [74, 69, 44, 99, 55, 97, 48, 48, 79, 76]
2026-09-04 16:25:24,364 - INFO - this epoch dispatch models: [5 2 5 3 4 6 0 4 6 6]
2026-09-04 16:25:24,364 - INFO - this epoch received models: [np.int64(5), np.int64(2), np.int64(5), np.int64(3), np.int64(4), np.int64(6), np.int64(0), np.int64(4), np.int64(6), np.int64(6)]
2026-09-04 16:25:24,364 - INFO - hetero_proportion: 	4:3:3
2026-09-04 16:25:24,984 - INFO - Support aggregation diagnostics: min_nonzero=0.267642, mean=0.596528, P25=0.267642, P50=0.574223, P75=0.882267; coordinate_ratio(s<0.3/0.3<=s<0.8/s>=0.8)=0.392037/0.347220/0.260743; update_l2(s<0.3/0.3<=s<0.8/s>=0.8)=0.017318/0.071771/0.200298; global_update_l2=0.213472
2026-09-04 16:25:25,003 - INFO - Full evaluation profile: (1.0, 2, 11.424356)
2026-09-04 16:25:27,238 - INFO - Testing accuracy: 35.25
2026-09-04 16:25:27,239 - INFO - ********************************************************************************
2026-09-04 16:25:27,239 - INFO - Round 229
2026-09-04 16:25:37,678 - INFO - this epoch cost time:1.4279999732971191
2026-09-04 16:25:37,678 - INFO - this epoch choose: [84, 86, 65, 45, 95, 96, 75, 54, 38, 90]
2026-09-04 16:25:37,678 - INFO - this epoch dispatch models: [2 5 4 2 1 6 6 4 1 0]
2026-09-04 16:25:37,678 - INFO - this epoch received models: [np.int64(2), np.int64(5), np.int64(4), np.int64(2), np.int64(1), np.int64(6), np.int64(6), np.int64(4), np.int64(1), np.int64(0)]
2026-09-04 16:25:37,678 - INFO - hetero_proportion: 	4:3:3
2026-09-04 16:25:37,999 - INFO - Support aggregation diagnostics: min_nonzero=0.223220, mean=0.520130, P25=0.223220, P50=0.515659, P75=0.711949; coordinate_ratio(s<0.3/0.3<=s<0.8/s>=0.8)=0.392037/0.376321/0.231642; update_l2(s<0.3/0.3<=s<0.8/s>=0.8)=0.018289/0.103818/0.200697; global_update_l2=0.226698
2026-09-04 16:25:38,020 - INFO - Full evaluation profile: (1.0, 2, 11.424356)
2026-09-04 16:25:39,966 - INFO - Testing accuracy: 35.04
2026-09-04 16:25:39,967 - INFO - ********************************************************************************
2026-09-04 16:25:39,967 - INFO - Round 230
2026-09-04 16:25:50,557 - INFO - this epoch cost time:1.577000617980957
2026-09-04 16:25:50,557 - INFO - this epoch choose: [18, 62, 62, 74, 58, 72, 72, 96, 59, 26]
2026-09-04 16:25:50,558 - INFO - this epoch dispatch models: [1 4 1 5 4 6 5 6 3 2]
2026-09-04 16:25:50,558 - INFO - this epoch received models: [np.int64(1), np.int64(4), np.int64(1), np.int64(5), np.int64(4), np.int64(6), np.int64(5), np.int64(6), np.int64(3), np.int64(2)]
2026-09-04 16:25:50,558 - INFO - hetero_proportion: 	4:3:3
2026-09-04 16:25:50,835 - INFO - Support aggregation diagnostics: min_nonzero=0.186122, mean=0.542653, P25=0.186122, P50=0.475573, P75=0.798530; coordinate_ratio(s<0.3/0.3<=s<0.8/s>=0.8)=0.392037/0.376321/0.231642; update_l2(s<0.3/0.3<=s<0.8/s>=0.8)=0.013166/0.205516/0.308015; global_update_l2=0.370518
2026-09-04 16:25:50,855 - INFO - Full evaluation profile: (1.0, 2, 11.424356)
2026-09-04 16:25:52,630 - INFO - Testing accuracy: 36.22
2026-09-04 16:25:52,630 - INFO - ********************************************************************************
2026-09-04 16:25:52,630 - INFO - Round 231
2026-09-04 16:26:04,369 - INFO - this epoch cost time:1.563999891281128
2026-09-04 16:26:04,369 - INFO - this epoch choose: [92, 59, 41, 58, 79, 75, 46, 78, 47, 88]
2026-09-04 16:26:04,369 - INFO - this epoch dispatch models: [6 1 3 5 2 0 5 0 2 5]
2026-09-04 16:26:04,369 - INFO - this epoch received models: [np.int64(6), np.int64(1), np.int64(3), np.int64(5), np.int64(2), np.int64(0), np.int64(5), np.int64(0), np.int64(2), np.int64(5)]
2026-09-04 16:26:04,369 - INFO - hetero_proportion: 	4:3:3
2026-09-04 16:26:04,675 - INFO - Support aggregation diagnostics: min_nonzero=0.096673, mean=0.473289, P25=0.096673, P50=0.532388, P75=0.712936; coordinate_ratio(s<0.3/0.3<=s<0.8/s>=0.8)=0.392037/0.406031/0.201932; update_l2(s<0.3/0.3<=s<0.8/s>=0.8)=0.032621/0.246572/0.256919; global_update_l2=0.357589
2026-09-04 16:26:04,694 - INFO - Full evaluation profile: (1.0, 2, 11.424356)
2026-09-04 16:26:06,522 - INFO - Testing accuracy: 36.66
2026-09-04 16:26:06,522 - INFO - ********************************************************************************
2026-09-04 16:26:06,522 - INFO - Round 232
2026-09-04 16:26:16,123 - INFO - this epoch cost time:1.179999828338623
2026-09-04 16:26:16,123 - INFO - this epoch choose: [56, 56, 79, 71, 6, 40, 20, 16, 80, 13]
2026-09-04 16:26:16,123 - INFO - this epoch dispatch models: [0 3 4 6 1 0 2 0 1 0]
2026-09-04 16:26:16,123 - INFO - this epoch received models: [np.int64(0), np.int64(3), np.int64(4), np.int64(6), np.int64(1), np.int64(0), np.int64(2), np.int64(0), np.int64(1), np.int64(0)]
2026-09-04 16:26:16,123 - INFO - hetero_proportion: 	4:3:3
2026-09-04 16:26:16,727 - INFO - Support aggregation diagnostics: min_nonzero=0.098948, mean=0.355033, P25=0.098948, P50=0.205298, P75=0.403584; coordinate_ratio(s<0.3/0.3<=s<0.8/s>=0.8)=0.707005/0.107340/0.185655; update_l2(s<0.3/0.3<=s<0.8/s>=0.8)=0.185311/0.238775/0.283366; global_update_l2=0.414307
2026-09-04 16:26:16,745 - INFO - Full evaluation profile: (1.0, 2, 11.424356)
2026-09-04 16:26:19,076 - INFO - Testing accuracy: 36.00
2026-09-04 16:26:19,077 - INFO - ********************************************************************************
2026-09-04 16:26:19,077 - INFO - Round 233
2026-09-04 16:26:29,769 - INFO - this epoch cost time:1.4030005931854248
2026-09-04 16:26:29,769 - INFO - this epoch choose: [73, 55, 80, 88, 31, 87, 53, 64, 86, 65]
2026-09-04 16:26:29,769 - INFO - this epoch dispatch models: [6 0 4 6 1 3 5 2 6 3]
2026-09-04 16:26:29,769 - INFO - this epoch received models: [np.int64(6), np.int64(0), np.int64(4), np.int64(6), np.int64(1), np.int64(3), np.int64(5), np.int64(2), np.int64(6), np.int64(3)]
2026-09-04 16:26:29,769 - INFO - hetero_proportion: 	4:3:3
2026-09-04 16:26:30,144 - INFO - Support aggregation diagnostics: min_nonzero=0.302311, mean=0.589645, P25=0.302311, P50=0.522709, P75=0.807583; coordinate_ratio(s<0.3/0.3<=s<0.8/s>=0.8)=0.000000/0.739257/0.260743; update_l2(s<0.3/0.3<=s<0.8/s>=0.8)=0.000000/0.166430/0.228218; global_update_l2=0.282458
2026-09-04 16:26:30,162 - INFO - Full evaluation profile: (1.0, 2, 11.424356)
2026-09-04 16:26:31,938 - INFO - Testing accuracy: 35.96
2026-09-04 16:26:31,938 - INFO - ********************************************************************************
2026-09-04 16:26:31,938 - INFO - Round 234
2026-09-04 16:26:43,441 - INFO - this epoch cost time:1.5339984893798828
2026-09-04 16:26:43,441 - INFO - this epoch choose: [15, 90, 53, 49, 82, 66, 17, 92, 92, 74]
2026-09-04 16:26:43,441 - INFO - this epoch dispatch models: [2 2 3 0 5 1 1 3 6 2]
2026-09-04 16:26:43,441 - INFO - this epoch received models: [np.int64(2), np.int64(2), np.int64(3), np.int64(0), np.int64(5), np.int64(1), np.int64(1), np.int64(3), np.int64(6), np.int64(2)]
2026-09-04 16:26:43,441 - INFO - hetero_proportion: 	4:3:3
2026-09-04 16:26:43,753 - INFO - Support aggregation diagnostics: min_nonzero=0.093810, mean=0.431129, P25=0.093810, P50=0.396637, P75=0.696217; coordinate_ratio(s<0.3/0.3<=s<0.8/s>=0.8)=0.402282/0.395786/0.201932; update_l2(s<0.3/0.3<=s<0.8/s>=0.8)=0.019697/0.159214/0.220478; global_update_l2=0.272667
2026-09-04 16:26:43,771 - INFO - Full evaluation profile: (1.0, 2, 11.424356)
2026-09-04 16:26:45,484 - INFO - Testing accuracy: 35.03
2026-09-04 16:26:45,484 - INFO - ********************************************************************************
2026-09-04 16:26:45,484 - INFO - Round 235
2026-09-04 16:26:55,973 - INFO - this epoch cost time:1.316999912261963
2026-09-04 16:26:55,973 - INFO - this epoch choose: [78, 92, 0, 91, 73, 25, 94, 72, 48, 82]
2026-09-04 16:26:55,973 - INFO - this epoch dispatch models: [6 0 1 2 6 1 6 1 0 4]
2026-09-04 16:26:55,973 - INFO - this epoch received models: [np.int64(6), np.int64(0), np.int64(1), np.int64(2), np.int64(6), np.int64(1), np.int64(6), np.int64(1), np.int64(0), np.int64(4)]
2026-09-04 16:26:55,973 - INFO - hetero_proportion: 	4:3:3
2026-09-04 16:26:56,803 - INFO - Support aggregation diagnostics: min_nonzero=0.256702, mean=0.460985, P25=0.256702, P50=0.351950, P75=0.458570; coordinate_ratio(s<0.3/0.3<=s<0.8/s>=0.8)=0.402282/0.412063/0.185655; update_l2(s<0.3/0.3<=s<0.8/s>=0.8)=0.019211/0.194890/0.260702; global_update_l2=0.326062
2026-09-04 16:26:56,821 - INFO - Full evaluation profile: (1.0, 2, 11.424356)
2026-09-04 16:26:58,780 - INFO - Testing accuracy: 35.25
2026-09-04 16:26:58,780 - INFO - ********************************************************************************
2026-09-04 16:26:58,780 - INFO - Round 236
2026-09-04 16:27:09,152 - INFO - this epoch cost time:1.3310000896453857
2026-09-04 16:27:09,152 - INFO - this epoch choose: [85, 74, 79, 54, 78, 4, 90, 50, 91, 85]
2026-09-04 16:27:09,152 - INFO - this epoch dispatch models: [6 5 4 5 6 0 6 4 6 0]
2026-09-04 16:27:09,152 - INFO - this epoch received models: [np.int64(6), np.int64(5), np.int64(4), np.int64(5), np.int64(6), np.int64(0), np.int64(6), np.int64(4), np.int64(6), np.int64(0)]
2026-09-04 16:27:09,153 - INFO - hetero_proportion: 	4:3:3
2026-09-04 16:27:09,494 - INFO - Support aggregation diagnostics: min_nonzero=0.402345, mean=0.660572, P25=0.402345, P50=0.628993, P75=0.801860; coordinate_ratio(s<0.3/0.3<=s<0.8/s>=0.8)=0.000000/0.516115/0.483885; update_l2(s<0.3/0.3<=s<0.8/s>=0.8)=0.000000/0.028057/0.211894; global_update_l2=0.213743
2026-09-04 16:27:09,516 - INFO - Full evaluation profile: (1.0, 2, 11.424356)
2026-09-04 16:27:11,656 - INFO - Testing accuracy: 35.63
2026-09-04 16:27:11,656 - INFO - ********************************************************************************
2026-09-04 16:27:11,657 - INFO - Round 237
2026-09-04 16:27:21,276 - INFO - this epoch cost time:1.6630003452301025
2026-09-04 16:27:21,276 - INFO - this epoch choose: [98, 87, 72, 54, 52, 35, 89, 84, 66, 82]
2026-09-04 16:27:21,276 - INFO - this epoch dispatch models: [5 6 3 5 1 0 4 0 5 6]
2026-09-04 16:27:21,276 - INFO - this epoch received models: [np.int64(5), np.int64(6), np.int64(3), np.int64(5), np.int64(1), np.int64(0), np.int64(4), np.int64(0), np.int64(5), np.int64(6)]
2026-09-04 16:27:21,276 - INFO - hetero_proportion: 	4:3:3
2026-09-04 16:27:21,621 - INFO - Support aggregation diagnostics: min_nonzero=0.187722, mean=0.534998, P25=0.187722, P50=0.528798, P75=0.699929; coordinate_ratio(s<0.3/0.3<=s<0.8/s>=0.8)=0.392037/0.422308/0.185655; update_l2(s<0.3/0.3<=s<0.8/s>=0.8)=0.010835/0.124939/0.190022; global_update_l2=0.227674
2026-09-04 16:27:21,639 - INFO - Full evaluation profile: (1.0, 2, 11.424356)
2026-09-04 16:27:23,481 - INFO - Testing accuracy: 35.50
2026-09-04 16:27:23,482 - INFO - ********************************************************************************
2026-09-04 16:27:23,482 - INFO - Round 238
2026-09-04 16:27:34,483 - INFO - this epoch cost time:1.7699992656707764
2026-09-04 16:27:34,483 - INFO - this epoch choose: [34, 71, 46, 85, 93, 93, 16, 23, 75, 41]
2026-09-04 16:27:34,483 - INFO - this epoch dispatch models: [1 4 4 0 5 5 1 0 5 5]
2026-09-04 16:27:34,483 - INFO - this epoch received models: [np.int64(1), np.int64(4), np.int64(4), np.int64(0), np.int64(5), np.int64(5), np.int64(1), np.int64(0), np.int64(5), np.int64(5)]
2026-09-04 16:27:34,483 - INFO - hetero_proportion: 	4:3:3
2026-09-04 16:27:35,227 - INFO - Support aggregation diagnostics: min_nonzero=0.350629, mean=0.406464, P25=0.000000, P50=0.350629, P75=0.562363; coordinate_ratio(s<0.3/0.3<=s<0.8/s>=0.8)=0.392037/0.422308/0.185655; update_l2(s<0.3/0.3<=s<0.8/s>=0.8)=0.000000/0.168423/0.263025; global_update_l2=0.312328
2026-09-04 16:27:35,246 - INFO - Full evaluation profile: (1.0, 2, 11.424356)
2026-09-04 16:27:36,968 - INFO - Testing accuracy: 35.60
2026-09-04 16:27:36,968 - INFO - ********************************************************************************
2026-09-04 16:27:36,968 - INFO - Round 239
2026-09-04 16:27:46,558 - INFO - this epoch cost time:1.489999771118164
2026-09-04 16:27:46,558 - INFO - this epoch choose: [69, 88, 71, 62, 76, 50, 93, 74, 96, 43]
2026-09-04 16:27:46,558 - INFO - this epoch dispatch models: [5 4 6 0 6 0 1 3 6 0]
2026-09-04 16:27:46,558 - INFO - this epoch received models: [np.int64(5), np.int64(4), np.int64(6), np.int64(0), np.int64(6), np.int64(0), np.int64(1), np.int64(3), np.int64(6), np.int64(0)]
2026-09-04 16:27:46,558 - INFO - hetero_proportion: 	4:3:3
2026-09-04 16:27:46,934 - INFO - Support aggregation diagnostics: min_nonzero=0.310079, mean=0.563131, P25=0.310079, P50=0.455435, P75=0.672845; coordinate_ratio(s<0.3/0.3<=s<0.8/s>=0.8)=0.000000/0.814345/0.185655; update_l2(s<0.3/0.3<=s<0.8/s>=0.8)=0.000000/0.147759/0.184250; global_update_l2=0.236180
2026-09-04 16:27:46,952 - INFO - Full evaluation profile: (1.0, 2, 11.424356)
2026-09-04 16:27:49,249 - INFO - Testing accuracy: 35.29
2026-09-04 16:27:49,249 - INFO - ********************************************************************************
2026-09-04 16:27:49,250 - INFO - Round 240
2026-09-04 16:27:59,896 - INFO - this epoch cost time:1.7300000190734863
2026-09-04 16:27:59,896 - INFO - this epoch choose: [99, 31, 46, 44, 86, 95, 42, 97, 83, 93]
2026-09-04 16:27:59,896 - INFO - this epoch dispatch models: [6 1 4 5 2 1 3 6 6 4]
2026-09-04 16:27:59,896 - INFO - this epoch received models: [np.int64(6), np.int64(1), np.int64(4), np.int64(5), np.int64(2), np.int64(1), np.int64(3), np.int64(6), np.int64(6), np.int64(4)]
2026-09-04 16:27:59,896 - INFO - hetero_proportion: 	4:3:3
2026-09-04 16:28:00,236 - INFO - Support aggregation diagnostics: min_nonzero=0.363560, mean=0.629828, P25=0.363560, P50=0.565842, P75=0.838935; coordinate_ratio(s<0.3/0.3<=s<0.8/s>=0.8)=0.000000/0.709547/0.290453; update_l2(s<0.3/0.3<=s<0.8/s>=0.8)=0.000000/0.072495/0.195628; global_update_l2=0.208629
2026-09-04 16:28:00,254 - INFO - Full evaluation profile: (1.0, 2, 11.424356)
2026-09-04 16:28:02,039 - INFO - Testing accuracy: 35.94
2026-09-04 16:28:02,040 - INFO - ********************************************************************************
2026-09-04 16:28:02,040 - INFO - Round 241
2026-09-04 16:28:13,981 - INFO - this epoch cost time:1.434000015258789
2026-09-04 16:28:13,981 - INFO - this epoch choose: [68, 52, 75, 76, 86, 24, 65, 64, 73, 63]
2026-09-04 16:28:13,982 - INFO - this epoch dispatch models: [5 4 6 2 6 0 2 4 5 4]
2026-09-04 16:28:13,982 - INFO - this epoch received models: [np.int64(5), np.int64(4), np.int64(6), np.int64(2), np.int64(6), np.int64(0), np.int64(2), np.int64(4), np.int64(5), np.int64(4)]
2026-09-04 16:28:13,982 - INFO - hetero_proportion: 	4:3:3
2026-09-04 16:28:14,378 - INFO - Support aggregation diagnostics: min_nonzero=0.232259, mean=0.584071, P25=0.232259, P50=0.621330, P75=0.893964; coordinate_ratio(s<0.3/0.3<=s<0.8/s>=0.8)=0.392037/0.314968/0.292995; update_l2(s<0.3/0.3<=s<0.8/s>=0.8)=0.010001/0.068379/0.187219; global_update_l2=0.199566
2026-09-04 16:28:14,397 - INFO - Full evaluation profile: (1.0, 2, 11.424356)
2026-09-04 16:28:16,344 - INFO - Testing accuracy: 35.65
2026-09-04 16:28:16,344 - INFO - ********************************************************************************
2026-09-04 16:28:16,344 - INFO - Round 242
2026-09-04 16:28:26,587 - INFO - this epoch cost time:1.304999828338623
2026-09-04 16:28:26,587 - INFO - this epoch choose: [52, 29, 63, 84, 98, 77, 94, 99, 8, 43]
2026-09-04 16:28:26,587 - INFO - this epoch dispatch models: [3 0 5 2 6 3 6 0 2 1]
2026-09-04 16:28:26,587 - INFO - this epoch received models: [np.int64(3), np.int64(0), np.int64(5), np.int64(2), np.int64(6), np.int64(3), np.int64(6), np.int64(0), np.int64(2), np.int64(1)]
2026-09-04 16:28:26,587 - INFO - hetero_proportion: 	4:3:3
2026-09-04 16:28:27,596 - INFO - Support aggregation diagnostics: min_nonzero=0.186967, mean=0.483532, P25=0.186967, P50=0.472119, P75=0.686420; coordinate_ratio(s<0.3/0.3<=s<0.8/s>=0.8)=0.402282/0.412063/0.185655; update_l2(s<0.3/0.3<=s<0.8/s>=0.8)=0.022943/0.272204/0.227169; global_update_l2=0.355285
2026-09-04 16:28:27,615 - INFO - Full evaluation profile: (1.0, 2, 11.424356)
2026-09-04 16:28:30,022 - INFO - Testing accuracy: 36.23
2026-09-04 16:28:30,022 - INFO - ********************************************************************************
2026-09-04 16:28:30,022 - INFO - Round 243
2026-09-04 16:28:40,459 - INFO - this epoch cost time:1.636000156402588
2026-09-04 16:28:40,459 - INFO - this epoch choose: [6, 69, 42, 78, 75, 98, 49, 97, 36, 60]
2026-09-04 16:28:40,459 - INFO - this epoch dispatch models: [0 3 3 1 6 6 5 6 1 0]
2026-09-04 16:28:40,459 - INFO - this epoch received models: [np.int64(0), np.int64(3), np.int64(3), np.int64(1), np.int64(6), np.int64(6), np.int64(5), np.int64(6), np.int64(1), np.int64(0)]
2026-09-04 16:28:40,459 - INFO - hetero_proportion: 	4:3:3
2026-09-04 16:28:40,809 - INFO - Support aggregation diagnostics: min_nonzero=0.293652, mean=0.546609, P25=0.293652, P50=0.418869, P75=0.645572; coordinate_ratio(s<0.3/0.3<=s<0.8/s>=0.8)=0.392037/0.406031/0.201932; update_l2(s<0.3/0.3<=s<0.8/s>=0.8)=0.011481/0.209714/0.262850; global_update_l2=0.336455
2026-09-04 16:28:40,827 - INFO - Full evaluation profile: (1.0, 2, 11.424356)
2026-09-04 16:28:42,651 - INFO - Testing accuracy: 36.44
2026-09-04 16:28:42,651 - INFO - ********************************************************************************
2026-09-04 16:28:42,651 - INFO - Round 244
2026-09-04 16:28:53,436 - INFO - this epoch cost time:1.3470001220703125
2026-09-04 16:28:53,436 - INFO - this epoch choose: [42, 77, 64, 8, 97, 93, 76, 82, 45, 82]
2026-09-04 16:28:53,437 - INFO - this epoch dispatch models: [3 3 2 1 6 4 4 6 3 6]
2026-09-04 16:28:53,437 - INFO - this epoch received models: [np.int64(3), np.int64(3), np.int64(2), np.int64(1), np.int64(6), np.int64(4), np.int64(4), np.int64(6), np.int64(3), np.int64(6)]
2026-09-04 16:28:53,437 - INFO - hetero_proportion: 	4:3:3
2026-09-04 16:28:53,751 - INFO - Support aggregation diagnostics: min_nonzero=0.312486, mean=0.596818, P25=0.312486, P50=0.413162, P75=0.878405; coordinate_ratio(s<0.3/0.3<=s<0.8/s>=0.8)=0.000000/0.739257/0.260743; update_l2(s<0.3/0.3<=s<0.8/s>=0.8)=0.000000/0.129365/0.202079; global_update_l2=0.239940
2026-09-04 16:28:53,771 - INFO - Full evaluation profile: (1.0, 2, 11.424356)
2026-09-04 16:28:55,503 - INFO - Testing accuracy: 36.08
2026-09-04 16:28:55,503 - INFO - ********************************************************************************
2026-09-04 16:28:55,503 - INFO - Round 245
2026-09-04 16:29:06,489 - INFO - this epoch cost time:1.5260004997253418
2026-09-04 16:29:06,489 - INFO - this epoch choose: [90, 65, 73, 90, 38, 82, 34, 45, 70, 6]
2026-09-04 16:29:06,489 - INFO - this epoch dispatch models: [5 0 2 6 1 6 2 2 4 1]
2026-09-04 16:29:06,489 - INFO - this epoch received models: [np.int64(5), np.int64(0), np.int64(2), np.int64(6), np.int64(1), np.int64(6), np.int64(2), np.int64(2), np.int64(4), np.int64(1)]
2026-09-04 16:29:06,489 - INFO - hetero_proportion: 	4:3:3
2026-09-04 16:29:07,010 - INFO - Support aggregation diagnostics: min_nonzero=0.205882, mean=0.514223, P25=0.205882, P50=0.446436, P75=0.750682; coordinate_ratio(s<0.3/0.3<=s<0.8/s>=0.8)=0.392037/0.376321/0.231642; update_l2(s<0.3/0.3<=s<0.8/s>=0.8)=0.008602/0.133206/0.206338; global_update_l2=0.245750
2026-09-04 16:29:07,030 - INFO - Full evaluation profile: (1.0, 2, 11.424356)
2026-09-04 16:29:09,207 - INFO - Testing accuracy: 36.38
2026-09-04 16:29:09,207 - INFO - ********************************************************************************
2026-09-04 16:29:09,207 - INFO - Round 246
2026-09-04 16:29:19,153 - INFO - this epoch cost time:1.503999948501587
2026-09-04 16:29:19,153 - INFO - this epoch choose: [70, 61, 70, 54, 38, 75, 87, 60, 19, 78]
2026-09-04 16:29:19,153 - INFO - this epoch dispatch models: [2 2 6 2 1 0 4 5 0 4]
2026-09-04 16:29:19,153 - INFO - this epoch received models: [np.int64(2), np.int64(2), np.int64(6), np.int64(2), np.int64(1), np.int64(0), np.int64(4), np.int64(5), np.int64(0), np.int64(4)]
2026-09-04 16:29:19,153 - INFO - hetero_proportion: 	4:3:3
2026-09-04 16:29:19,462 - INFO - Support aggregation diagnostics: min_nonzero=0.128144, mean=0.447289, P25=0.128144, P50=0.358883, P75=0.686671; coordinate_ratio(s<0.3/0.3<=s<0.8/s>=0.8)=0.402282/0.412063/0.185655; update_l2(s<0.3/0.3<=s<0.8/s>=0.8)=0.023795/0.175640/0.202165; global_update_l2=0.268861
2026-09-04 16:29:19,483 - INFO - Full evaluation profile: (1.0, 2, 11.424356)
2026-09-04 16:29:21,429 - INFO - Testing accuracy: 35.48
2026-09-04 16:29:21,430 - INFO - ********************************************************************************
2026-09-04 16:29:21,430 - INFO - Round 247
2026-09-04 16:29:31,795 - INFO - this epoch cost time:1.4279999732971191
2026-09-04 16:29:31,795 - INFO - this epoch choose: [75, 87, 35, 44, 77, 99, 63, 66, 65, 73]
2026-09-04 16:29:31,795 - INFO - this epoch dispatch models: [1 6 1 3 2 0 3 4 3 5]
2026-09-04 16:29:31,795 - INFO - this epoch received models: [np.int64(1), np.int64(6), np.int64(1), np.int64(3), np.int64(2), np.int64(0), np.int64(3), np.int64(4), np.int64(3), np.int64(5)]
2026-09-04 16:29:31,795 - INFO - hetero_proportion: 	4:3:3
2026-09-04 16:29:32,108 - INFO - Support aggregation diagnostics: min_nonzero=0.070740, mean=0.426427, P25=0.070740, P50=0.267411, P75=0.662067; coordinate_ratio(s<0.3/0.3<=s<0.8/s>=0.8)=0.516115/0.281953/0.201932; update_l2(s<0.3/0.3<=s<0.8/s>=0.8)=0.058598/0.171264/0.215234; global_update_l2=0.281230
2026-09-04 16:29:32,130 - INFO - Full evaluation profile: (1.0, 2, 11.424356)
2026-09-04 16:29:33,952 - INFO - Testing accuracy: 35.16
2026-09-04 16:29:33,952 - INFO - ********************************************************************************
2026-09-04 16:29:33,952 - INFO - Round 248
2026-09-04 16:29:45,016 - INFO - this epoch cost time:1.319000244140625
2026-09-04 16:29:45,016 - INFO - this epoch choose: [3, 73, 88, 14, 42, 73, 67, 40, 12, 42]
2026-09-04 16:29:45,017 - INFO - this epoch dispatch models: [0 2 6 2 5 1 2 5 2 2]
2026-09-04 16:29:45,017 - INFO - this epoch received models: [np.int64(0), np.int64(2), np.int64(6), np.int64(2), np.int64(5), np.int64(1), np.int64(2), np.int64(5), np.int64(2), np.int64(2)]
2026-09-04 16:29:45,017 - INFO - hetero_proportion: 	4:3:3
2026-09-04 16:29:45,816 - INFO - Support aggregation diagnostics: min_nonzero=0.097793, mean=0.460720, P25=0.097793, P50=0.293177, P75=0.783964; coordinate_ratio(s<0.3/0.3<=s<0.8/s>=0.8)=0.593173/0.175186/0.231642; update_l2(s<0.3/0.3<=s<0.8/s>=0.8)=0.047430/0.180222/0.284858; global_update_l2=0.340402
2026-09-04 16:29:45,835 - INFO - Full evaluation profile: (1.0, 2, 11.424356)
2026-09-04 16:29:47,801 - INFO - Testing accuracy: 36.24
2026-09-04 16:29:47,801 - INFO - ********************************************************************************
2026-09-04 16:29:47,801 - INFO - Round 249
2026-09-04 16:29:57,754 - INFO - this epoch cost time:1.3700001239776611
2026-09-04 16:29:57,754 - INFO - this epoch choose: [43, 47, 96, 75, 4, 80, 63, 74, 9, 71]
2026-09-04 16:29:57,754 - INFO - this epoch dispatch models: [0 1 1 3 1 4 4 1 0 3]
2026-09-04 16:29:57,754 - INFO - this epoch received models: [np.int64(0), np.int64(1), np.int64(1), np.int64(3), np.int64(1), np.int64(4), np.int64(4), np.int64(1), np.int64(0), np.int64(3)]
2026-09-04 16:29:57,754 - INFO - hetero_proportion: 	4:3:3
2026-09-04 16:29:57,949 - INFO - Support aggregation diagnostics: min_nonzero=0.222924, mean=0.325777, P25=0.000000, P50=0.000000, P75=0.434941; coordinate_ratio(s<0.3/0.3<=s<0.8/s>=0.8)=0.518657/0.279412/0.201932; update_l2(s<0.3/0.3<=s<0.8/s>=0.8)=0.021034/0.184846/0.247235; global_update_l2=0.309412
2026-09-04 16:29:57,968 - INFO - Full evaluation profile: (1.0, 2, 11.424356)
2026-09-04 16:30:00,216 - INFO - Testing accuracy: 35.84
2026-09-04 16:30:00,217 - INFO - ********************************************************************************
2026-09-04 16:30:00,217 - INFO - Round 250
2026-09-04 16:30:11,764 - INFO - this epoch cost time:1.542999505996704
2026-09-04 16:30:11,764 - INFO - this epoch choose: [97, 90, 45, 97, 74, 57, 61, 64, 99, 69]
2026-09-04 16:30:11,764 - INFO - this epoch dispatch models: [5 6 3 6 4 0 4 1 6 1]
2026-09-04 16:30:11,764 - INFO - this epoch received models: [np.int64(5), np.int64(6), np.int64(3), np.int64(6), np.int64(4), np.int64(0), np.int64(4), np.int64(1), np.int64(6), np.int64(1)]
2026-09-04 16:30:11,764 - INFO - hetero_proportion: 	4:3:3
2026-09-04 16:30:12,109 - INFO - Support aggregation diagnostics: min_nonzero=0.291049, mean=0.553659, P25=0.291049, P50=0.384125, P75=0.668230; coordinate_ratio(s<0.3/0.3<=s<0.8/s>=0.8)=0.392037/0.406031/0.201932; update_l2(s<0.3/0.3<=s<0.8/s>=0.8)=0.010561/0.117292/0.188862; global_update_l2=0.222571
2026-09-04 16:30:12,128 - INFO - Full evaluation profile: (1.0, 2, 11.424356)
2026-09-04 16:30:13,953 - INFO - Testing accuracy: 35.82
2026-09-04 16:30:13,954 - INFO - ********************************************************************************
2026-09-04 16:30:13,954 - INFO - Round 251
2026-09-04 16:30:25,410 - INFO - this epoch cost time:1.919999599456787
2026-09-04 16:30:25,410 - INFO - this epoch choose: [40, 99, 20, 41, 81, 27, 18, 97, 74, 49]
2026-09-04 16:30:25,410 - INFO - this epoch dispatch models: [5 3 0 0 6 0 0 5 0 4]
2026-09-04 16:30:25,411 - INFO - this epoch received models: [np.int64(5), np.int64(3), np.int64(0), np.int64(0), np.int64(6), np.int64(0), np.int64(0), np.int64(5), np.int64(0), np.int64(4)]
2026-09-04 16:30:25,411 - INFO - hetero_proportion: 	4:3:3
2026-09-04 16:30:25,717 - INFO - Support aggregation diagnostics: min_nonzero=0.124746, mean=0.422964, P25=0.124746, P50=0.306867, P75=0.513418; coordinate_ratio(s<0.3/0.3<=s<0.8/s>=0.8)=0.392037/0.422308/0.185655; update_l2(s<0.3/0.3<=s<0.8/s>=0.8)=0.015997/0.110731/0.252304; global_update_l2=0.275997
2026-09-04 16:30:25,736 - INFO - Full evaluation profile: (1.0, 2, 11.424356)
2026-09-04 16:30:27,628 - INFO - Testing accuracy: 35.49
2026-09-04 16:30:27,628 - INFO - ********************************************************************************
2026-09-04 16:30:27,628 - INFO - Round 252
2026-09-04 16:30:38,726 - INFO - this epoch cost time:1.5450000762939453
2026-09-04 16:30:38,726 - INFO - this epoch choose: [77, 46, 51, 80, 95, 65, 53, 46, 61, 94]
2026-09-04 16:30:38,726 - INFO - this epoch dispatch models: [4 4 2 6 4 1 2 2 5 4]
2026-09-04 16:30:38,726 - INFO - this epoch received models: [np.int64(4), np.int64(4), np.int64(2), np.int64(6), np.int64(4), np.int64(1), np.int64(2), np.int64(2), np.int64(5), np.int64(4)]
2026-09-04 16:30:38,726 - INFO - hetero_proportion: 	4:3:3
2026-09-04 16:30:39,358 - INFO - Support aggregation diagnostics: min_nonzero=0.129630, mean=0.514134, P25=0.129630, P50=0.562254, P75=0.916470; coordinate_ratio(s<0.3/0.3<=s<0.8/s>=0.8)=0.402282/0.304723/0.292995; update_l2(s<0.3/0.3<=s<0.8/s>=0.8)=0.014999/0.104889/0.186935; global_update_l2=0.214875
2026-09-04 16:30:39,376 - INFO - Full evaluation profile: (1.0, 2, 11.424356)
2026-09-04 16:30:41,612 - INFO - Testing accuracy: 35.41
2026-09-04 16:30:41,612 - INFO - ********************************************************************************
2026-09-04 16:30:41,612 - INFO - Round 253
2026-09-04 16:30:50,700 - INFO - this epoch cost time:1.3279995918273926
2026-09-04 16:30:50,700 - INFO - this epoch choose: [33, 78, 47, 42, 85, 8, 98, 90, 31, 92]
2026-09-04 16:30:50,700 - INFO - this epoch dispatch models: [1 5 2 3 3 0 2 6 0 5]
2026-09-04 16:30:50,700 - INFO - this epoch received models: [np.int64(1), np.int64(5), np.int64(2), np.int64(3), np.int64(3), np.int64(0), np.int64(2), np.int64(6), np.int64(0), np.int64(5)]
2026-09-04 16:30:50,700 - INFO - hetero_proportion: 	4:3:3
2026-09-04 16:30:51,014 - INFO - Support aggregation diagnostics: min_nonzero=0.128021, mean=0.470130, P25=0.128021, P50=0.496843, P75=0.711953; coordinate_ratio(s<0.3/0.3<=s<0.8/s>=0.8)=0.392037/0.422308/0.185655; update_l2(s<0.3/0.3<=s<0.8/s>=0.8)=0.006521/0.142294/0.205243; global_update_l2=0.249830
2026-09-04 16:30:51,032 - INFO - Full evaluation profile: (1.0, 2, 11.424356)
2026-09-04 16:30:52,841 - INFO - Testing accuracy: 35.43
2026-09-04 16:30:52,841 - INFO - ********************************************************************************
2026-09-04 16:30:52,841 - INFO - Round 254
2026-09-04 16:31:03,302 - INFO - this epoch cost time:1.424999475479126
2026-09-04 16:31:03,302 - INFO - this epoch choose: [33, 94, 50, 87, 58, 88, 79, 45, 9, 90]
2026-09-04 16:31:03,302 - INFO - this epoch dispatch models: [1 6 2 6 5 6 0 3 1 1]
2026-09-04 16:31:03,302 - INFO - this epoch received models: [np.int64(1), np.int64(6), np.int64(2), np.int64(6), np.int64(5), np.int64(6), np.int64(0), np.int64(3), np.int64(1), np.int64(1)]
2026-09-04 16:31:03,302 - INFO - hetero_proportion: 	4:3:3
2026-09-04 16:31:03,615 - INFO - Support aggregation diagnostics: min_nonzero=0.268012, mean=0.514325, P25=0.268012, P50=0.461806, P75=0.571398; coordinate_ratio(s<0.3/0.3<=s<0.8/s>=0.8)=0.392037/0.406031/0.201932; update_l2(s<0.3/0.3<=s<0.8/s>=0.8)=0.013006/0.168904/0.204304; global_update_l2=0.265401
2026-09-04 16:31:03,634 - INFO - Full evaluation profile: (1.0, 2, 11.424356)
2026-09-04 16:31:05,455 - INFO - Testing accuracy: 35.51
2026-09-04 16:31:05,456 - INFO - ********************************************************************************
2026-09-04 16:31:05,456 - INFO - Round 255
2026-09-04 16:31:15,712 - INFO - this epoch cost time:1.4729995727539062
2026-09-04 16:31:15,712 - INFO - this epoch choose: [21, 97, 99, 34, 52, 45, 16, 58, 75, 86]
2026-09-04 16:31:15,712 - INFO - this epoch dispatch models: [1 5 3 1 2 4 1 4 4 4]
2026-09-04 16:31:15,712 - INFO - this epoch received models: [np.int64(1), np.int64(5), np.int64(3), np.int64(1), np.int64(2), np.int64(4), np.int64(1), np.int64(4), np.int64(4), np.int64(4)]
2026-09-04 16:31:15,712 - INFO - hetero_proportion: 	4:3:3
2026-09-04 16:31:16,413 - INFO - Support aggregation diagnostics: min_nonzero=0.097160, mean=0.409069, P25=0.000000, P50=0.169246, P75=0.689324; coordinate_ratio(s<0.3/0.3<=s<0.8/s>=0.8)=0.516115/0.252244/0.231642; update_l2(s<0.3/0.3<=s<0.8/s>=0.8)=0.045216/0.074167/0.218022; global_update_l2=0.234689
2026-09-04 16:31:16,431 - INFO - Full evaluation profile: (1.0, 2, 11.424356)
2026-09-04 16:31:18,636 - INFO - Testing accuracy: 35.22
2026-09-04 16:31:18,637 - INFO - ********************************************************************************
2026-09-04 16:31:18,637 - INFO - Round 256
2026-09-04 16:31:29,073 - INFO - this epoch cost time:1.6150002479553223
2026-09-04 16:31:29,073 - INFO - this epoch choose: [81, 33, 77, 53, 12, 78, 86, 70, 43, 87]
2026-09-04 16:31:29,073 - INFO - this epoch dispatch models: [5 2 6 5 1 6 3 5 3 3]
2026-09-04 16:31:29,073 - INFO - this epoch received models: [np.int64(5), np.int64(2), np.int64(6), np.int64(5), np.int64(1), np.int64(6), np.int64(3), np.int64(5), np.int64(3), np.int64(3)]
2026-09-04 16:31:29,073 - INFO - hetero_proportion: 	4:3:3
2026-09-04 16:31:29,336 - INFO - Support aggregation diagnostics: min_nonzero=0.160347, mean=0.576853, P25=0.160347, P50=0.631505, P75=0.906616; coordinate_ratio(s<0.3/0.3<=s<0.8/s>=0.8)=0.392037/0.156329/0.451633; update_l2(s<0.3/0.3<=s<0.8/s>=0.8)=0.017624/0.109684/0.203641; global_update_l2=0.231971
2026-09-04 16:31:29,355 - INFO - Full evaluation profile: (1.0, 2, 11.424356)
2026-09-04 16:31:31,075 - INFO - Testing accuracy: 35.68
2026-09-04 16:31:31,075 - INFO - ********************************************************************************
2026-09-04 16:31:31,075 - INFO - Round 257
2026-09-04 16:31:42,738 - INFO - this epoch cost time:1.5230002403259277
2026-09-04 16:31:42,738 - INFO - this epoch choose: [86, 79, 95, 97, 91, 26, 92, 69, 9, 70]
2026-09-04 16:31:42,738 - INFO - this epoch dispatch models: [6 6 6 6 5 2 3 1 1 0]
2026-09-04 16:31:42,738 - INFO - this epoch received models: [np.int64(6), np.int64(6), np.int64(6), np.int64(6), np.int64(5), np.int64(2), np.int64(3), np.int64(1), np.int64(1), np.int64(0)]
2026-09-04 16:31:42,738 - INFO - hetero_proportion: 	4:3:3
2026-09-04 16:31:43,107 - INFO - Support aggregation diagnostics: min_nonzero=0.369632, mean=0.583177, P25=0.369632, P50=0.553873, P75=0.648006; coordinate_ratio(s<0.3/0.3<=s<0.8/s>=0.8)=0.000000/0.798068/0.201932; update_l2(s<0.3/0.3<=s<0.8/s>=0.8)=0.000000/0.128170/0.199619; global_update_l2=0.237224
2026-09-04 16:31:43,125 - INFO - Full evaluation profile: (1.0, 2, 11.424356)
2026-09-04 16:31:44,938 - INFO - Testing accuracy: 35.64
2026-09-04 16:31:44,938 - INFO - ********************************************************************************
2026-09-04 16:31:44,938 - INFO - Round 258
2026-09-04 16:31:56,578 - INFO - this epoch cost time:1.6130001544952393
2026-09-04 16:31:56,578 - INFO - this epoch choose: [60, 80, 99, 58, 95, 66, 74, 4, 68, 92]
2026-09-04 16:31:56,578 - INFO - this epoch dispatch models: [5 6 4 4 3 1 6 1 4 5]
2026-09-04 16:31:56,578 - INFO - this epoch received models: [np.int64(5), np.int64(6), np.int64(4), np.int64(4), np.int64(3), np.int64(1), np.int64(6), np.int64(1), np.int64(4), np.int64(5)]
2026-09-04 16:31:56,578 - INFO - hetero_proportion: 	4:3:3
2026-09-04 16:31:57,257 - INFO - Support aggregation diagnostics: min_nonzero=0.240957, mean=0.583525, P25=0.240957, P50=0.432101, P75=0.817751; coordinate_ratio(s<0.3/0.3<=s<0.8/s>=0.8)=0.392037/0.126619/0.481343; update_l2(s<0.3/0.3<=s<0.8/s>=0.8)=0.012875/0.053595/0.208342; global_update_l2=0.215510
2026-09-04 16:31:57,276 - INFO - Full evaluation profile: (1.0, 2, 11.424356)
2026-09-04 16:31:59,033 - INFO - Testing accuracy: 35.75
2026-09-04 16:31:59,033 - INFO - ********************************************************************************
2026-09-04 16:31:59,033 - INFO - Round 259
2026-09-04 16:32:09,096 - INFO - this epoch cost time:1.5299925804138184
2026-09-04 16:32:09,096 - INFO - this epoch choose: [46, 91, 95, 4, 3, 80, 53, 93, 50, 98]
2026-09-04 16:32:09,096 - INFO - this epoch dispatch models: [1 5 1 1 2 6 2 6 5 6]
2026-09-04 16:32:09,096 - INFO - this epoch received models: [np.int64(1), np.int64(5), np.int64(1), np.int64(1), np.int64(2), np.int64(6), np.int64(2), np.int64(6), np.int64(5), np.int64(6)]
2026-09-04 16:32:09,096 - INFO - hetero_proportion: 	4:3:3
2026-09-04 16:32:09,385 - INFO - Support aggregation diagnostics: min_nonzero=0.277411, mean=0.556738, P25=0.277411, P50=0.457543, P75=0.709604; coordinate_ratio(s<0.3/0.3<=s<0.8/s>=0.8)=0.392037/0.376321/0.231642; update_l2(s<0.3/0.3<=s<0.8/s>=0.8)=0.011594/0.095459/0.173241; global_update_l2=0.198139
2026-09-04 16:32:09,403 - INFO - Full evaluation profile: (1.0, 2, 11.424356)
2026-09-04 16:32:11,545 - INFO - Testing accuracy: 35.55
2026-09-04 16:32:11,546 - INFO - ********************************************************************************
2026-09-04 16:32:11,546 - INFO - Round 260
2026-09-04 16:32:23,011 - INFO - this epoch cost time:1.6319994926452637
2026-09-04 16:32:23,011 - INFO - this epoch choose: [75, 5, 90, 75, 84, 84, 80, 67, 54, 51]
2026-09-04 16:32:23,012 - INFO - this epoch dispatch models: [3 0 2 2 3 1 0 0 2 4]
2026-09-04 16:32:23,012 - INFO - this epoch received models: [np.int64(3), np.int64(0), np.int64(2), np.int64(2), np.int64(3), np.int64(1), np.int64(0), np.int64(0), np.int64(2), np.int64(4)]
2026-09-04 16:32:23,012 - INFO - hetero_proportion: 	4:3:3
2026-09-04 16:32:23,373 - INFO - Support aggregation diagnostics: min_nonzero=0.295691, mean=0.343128, P25=0.000000, P50=0.295691, P75=0.620357; coordinate_ratio(s<0.3/0.3<=s<0.8/s>=0.8)=0.593173/0.221173/0.185655; update_l2(s<0.3/0.3<=s<0.8/s>=0.8)=0.056247/0.143089/0.246123; global_update_l2=0.290198
2026-09-04 16:32:23,391 - INFO - Full evaluation profile: (1.0, 2, 11.424356)
2026-09-04 16:32:25,255 - INFO - Testing accuracy: 34.97
2026-09-04 16:32:25,256 - INFO - ********************************************************************************
2026-09-04 16:32:25,256 - INFO - Round 261
2026-09-04 16:32:35,762 - INFO - this epoch cost time:1.6129999160766602
2026-09-04 16:32:35,762 - INFO - this epoch choose: [97, 25, 29, 73, 77, 74, 77, 72, 47, 93]
2026-09-04 16:32:35,762 - INFO - this epoch dispatch models: [3 0 2 6 4 6 4 4 5 6]
2026-09-04 16:32:35,762 - INFO - this epoch received models: [np.int64(3), np.int64(0), np.int64(2), np.int64(6), np.int64(4), np.int64(6), np.int64(4), np.int64(4), np.int64(5), np.int64(6)]
2026-09-04 16:32:35,762 - INFO - hetero_proportion: 	4:3:3
2026-09-04 16:32:36,138 - INFO - Support aggregation diagnostics: min_nonzero=0.292572, mean=0.597419, P25=0.292572, P50=0.490942, P75=0.875000; coordinate_ratio(s<0.3/0.3<=s<0.8/s>=0.8)=0.392037/0.347220/0.260743; update_l2(s<0.3/0.3<=s<0.8/s>=0.8)=0.009123/0.147210/0.209723; global_update_l2=0.256394
2026-09-04 16:32:36,156 - INFO - Full evaluation profile: (1.0, 2, 11.424356)
2026-09-04 16:32:37,998 - INFO - Testing accuracy: 35.02
2026-09-04 16:32:37,998 - INFO - ********************************************************************************
2026-09-04 16:32:37,998 - INFO - Round 262
2026-09-04 16:32:47,425 - INFO - this epoch cost time:1.1600005626678467
2026-09-04 16:32:47,425 - INFO - this epoch choose: [34, 84, 52, 90, 43, 63, 58, 42, 99, 78]
2026-09-04 16:32:47,425 - INFO - this epoch dispatch models: [0 6 5 3 5 3 0 2 6 0]
2026-09-04 16:32:47,425 - INFO - this epoch received models: [np.int64(0), np.int64(6), np.int64(5), np.int64(3), np.int64(5), np.int64(3), np.int64(0), np.int64(2), np.int64(6), np.int64(0)]
2026-09-04 16:32:47,425 - INFO - hetero_proportion: 	4:3:3
2026-09-04 16:32:47,649 - INFO - Support aggregation diagnostics: min_nonzero=0.184096, mean=0.493815, P25=0.184096, P50=0.463036, P75=0.689791; coordinate_ratio(s<0.3/0.3<=s<0.8/s>=0.8)=0.392037/0.422308/0.185655; update_l2(s<0.3/0.3<=s<0.8/s>=0.8)=0.009857/0.191140/0.246087; global_update_l2=0.311754
2026-09-04 16:32:47,667 - INFO - Full evaluation profile: (1.0, 2, 11.424356)
2026-09-04 16:32:49,849 - INFO - Testing accuracy: 34.93
2026-09-04 16:32:49,849 - INFO - ********************************************************************************
2026-09-04 16:32:49,849 - INFO - Round 263
2026-09-04 16:33:00,671 - INFO - this epoch cost time:1.5149996280670166
2026-09-04 16:33:00,671 - INFO - this epoch choose: [86, 62, 54, 99, 99, 81, 40, 1, 62, 42]
2026-09-04 16:33:00,671 - INFO - this epoch dispatch models: [4 5 3 4 6 0 4 2 0 3]
2026-09-04 16:33:00,671 - INFO - this epoch received models: [np.int64(4), np.int64(5), np.int64(3), np.int64(4), np.int64(6), np.int64(0), np.int64(4), np.int64(2), np.int64(0), np.int64(3)]
2026-09-04 16:33:00,671 - INFO - hetero_proportion: 	4:3:3
2026-09-04 16:33:01,048 - INFO - Support aggregation diagnostics: min_nonzero=0.092824, mean=0.462552, P25=0.092824, P50=0.271914, P75=0.774995; coordinate_ratio(s<0.3/0.3<=s<0.8/s>=0.8)=0.516115/0.298231/0.185655; update_l2(s<0.3/0.3<=s<0.8/s>=0.8)=0.149751/0.186685/0.229974; global_update_l2=0.331911
2026-09-04 16:33:01,066 - INFO - Full evaluation profile: (1.0, 2, 11.424356)
2026-09-04 16:33:02,841 - INFO - Testing accuracy: 35.19
2026-09-04 16:33:02,841 - INFO - ********************************************************************************
2026-09-04 16:33:02,841 - INFO - Round 264
2026-09-04 16:33:13,868 - INFO - this epoch cost time:1.4960005283355713
2026-09-04 16:33:13,868 - INFO - this epoch choose: [50, 56, 70, 42, 40, 54, 97, 96, 45, 67]
2026-09-04 16:33:13,868 - INFO - this epoch dispatch models: [5 4 0 4 4 4 1 5 5 0]
2026-09-04 16:33:13,868 - INFO - this epoch received models: [np.int64(5), np.int64(4), np.int64(0), np.int64(4), np.int64(4), np.int64(4), np.int64(1), np.int64(5), np.int64(5), np.int64(0)]
2026-09-04 16:33:13,868 - INFO - hetero_proportion: 	4:3:3
2026-09-04 16:33:14,212 - INFO - Support aggregation diagnostics: min_nonzero=0.276536, mean=0.429388, P25=0.000000, P50=0.276536, P75=0.686808; coordinate_ratio(s<0.3/0.3<=s<0.8/s>=0.8)=0.516115/0.298231/0.185655; update_l2(s<0.3/0.3<=s<0.8/s>=0.8)=0.056121/0.118974/0.193627; global_update_l2=0.234085
2026-09-04 16:33:14,231 - INFO - Full evaluation profile: (1.0, 2, 11.424356)
2026-09-04 16:33:16,018 - INFO - Testing accuracy: 35.60
2026-09-04 16:33:16,018 - INFO - ********************************************************************************
2026-09-04 16:33:16,018 - INFO - Round 265
2026-09-04 16:33:25,556 - INFO - this epoch cost time:1.2980003356933594
2026-09-04 16:33:25,556 - INFO - this epoch choose: [22, 42, 73, 52, 26, 68, 36, 55, 62, 72]
2026-09-04 16:33:25,556 - INFO - this epoch dispatch models: [1 4 4 5 0 5 2 4 2 3]
2026-09-04 16:33:25,556 - INFO - this epoch received models: [np.int64(1), np.int64(4), np.int64(4), np.int64(5), np.int64(0), np.int64(5), np.int64(2), np.int64(4), np.int64(2), np.int64(3)]
2026-09-04 16:33:25,556 - INFO - hetero_proportion: 	4:3:3
2026-09-04 16:33:25,836 - INFO - Support aggregation diagnostics: min_nonzero=0.192035, mean=0.434297, P25=0.000000, P50=0.414304, P75=0.802544; coordinate_ratio(s<0.3/0.3<=s<0.8/s>=0.8)=0.402282/0.307265/0.290453; update_l2(s<0.3/0.3<=s<0.8/s>=0.8)=0.009454/0.184658/0.283128; global_update_l2=0.338156
2026-09-04 16:33:25,854 - INFO - Full evaluation profile: (1.0, 2, 11.424356)
2026-09-04 16:33:28,099 - INFO - Testing accuracy: 36.07
2026-09-04 16:33:28,100 - INFO - ********************************************************************************
2026-09-04 16:33:28,100 - INFO - Round 266
2026-09-04 16:33:39,479 - INFO - this epoch cost time:1.8939998149871826
2026-09-04 16:33:39,479 - INFO - this epoch choose: [81, 60, 50, 81, 44, 52, 76, 51, 24, 83]
2026-09-04 16:33:39,479 - INFO - this epoch dispatch models: [6 4 1 4 5 3 0 4 0 4]
2026-09-04 16:33:39,479 - INFO - this epoch received models: [np.int64(6), np.int64(4), np.int64(1), np.int64(4), np.int64(5), np.int64(3), np.int64(0), np.int64(4), np.int64(0), np.int64(4)]
2026-09-04 16:33:39,479 - INFO - hetero_proportion: 	4:3:3
2026-09-04 16:33:39,780 - INFO - Support aggregation diagnostics: min_nonzero=0.127942, mean=0.485207, P25=0.127942, P50=0.207289, P75=0.747342; coordinate_ratio(s<0.3/0.3<=s<0.8/s>=0.8)=0.516115/0.281953/0.201932; update_l2(s<0.3/0.3<=s<0.8/s>=0.8)=0.053161/0.132773/0.195930; global_update_l2=0.242576
2026-09-04 16:33:39,799 - INFO - Full evaluation profile: (1.0, 2, 11.424356)
2026-09-04 16:33:41,422 - INFO - Testing accuracy: 35.79
2026-09-04 16:33:41,423 - INFO - ********************************************************************************
2026-09-04 16:33:41,423 - INFO - Round 267
2026-09-04 16:33:54,001 - INFO - this epoch cost time:1.7929999828338623
2026-09-04 16:33:54,001 - INFO - this epoch choose: [79, 59, 74, 54, 79, 60, 81, 2, 85, 41]
2026-09-04 16:33:54,001 - INFO - this epoch dispatch models: [4 4 0 2 5 1 6 2 6 5]
2026-09-04 16:33:54,001 - INFO - this epoch received models: [np.int64(4), np.int64(4), np.int64(0), np.int64(2), np.int64(5), np.int64(1), np.int64(6), np.int64(2), np.int64(6), np.int64(5)]
2026-09-04 16:33:54,001 - INFO - hetero_proportion: 	4:3:3
2026-09-04 16:33:54,277 - INFO - Support aggregation diagnostics: min_nonzero=0.217431, mean=0.553881, P25=0.217431, P50=0.609541, P75=0.809725; coordinate_ratio(s<0.3/0.3<=s<0.8/s>=0.8)=0.392037/0.314968/0.292995; update_l2(s<0.3/0.3<=s<0.8/s>=0.8)=0.011513/0.095689/0.213734; global_update_l2=0.234459
2026-09-04 16:33:54,295 - INFO - Full evaluation profile: (1.0, 2, 11.424356)
2026-09-04 16:33:55,989 - INFO - Testing accuracy: 35.97
2026-09-04 16:33:55,989 - INFO - ********************************************************************************
2026-09-04 16:33:55,989 - INFO - Round 268
2026-09-04 16:34:07,318 - INFO - this epoch cost time:1.4130001068115234
2026-09-04 16:34:07,318 - INFO - this epoch choose: [13, 91, 80, 76, 82, 79, 55, 92, 85, 77]
2026-09-04 16:34:07,318 - INFO - this epoch dispatch models: [2 6 1 5 4 1 2 5 5 4]
2026-09-04 16:34:07,318 - INFO - this epoch received models: [np.int64(2), np.int64(6), np.int64(1), np.int64(5), np.int64(4), np.int64(1), np.int64(2), np.int64(5), np.int64(5), np.int64(4)]
2026-09-04 16:34:07,318 - INFO - hetero_proportion: 	4:3:3
2026-09-04 16:34:07,884 - INFO - Support aggregation diagnostics: min_nonzero=0.101254, mean=0.497697, P25=0.101254, P50=0.556798, P75=0.775506; coordinate_ratio(s<0.3/0.3<=s<0.8/s>=0.8)=0.392037/0.376321/0.231642; update_l2(s<0.3/0.3<=s<0.8/s>=0.8)=0.010192/0.116658/0.161716; global_update_l2=0.199662
2026-09-04 16:34:07,903 - INFO - Full evaluation profile: (1.0, 2, 11.424356)
2026-09-04 16:34:10,138 - INFO - Testing accuracy: 35.87
2026-09-04 16:34:10,138 - INFO - ********************************************************************************
2026-09-04 16:34:10,138 - INFO - Round 269
2026-09-04 16:34:20,170 - INFO - this epoch cost time:1.9819989204406738
2026-09-04 16:34:20,171 - INFO - this epoch choose: [61, 61, 9, 82, 83, 52, 84, 65, 63, 93]
2026-09-04 16:34:20,171 - INFO - this epoch dispatch models: [4 4 1 2 6 3 4 2 1 4]
2026-09-04 16:34:20,171 - INFO - this epoch received models: [np.int64(4), np.int64(4), np.int64(1), np.int64(2), np.int64(6), np.int64(3), np.int64(4), np.int64(2), np.int64(1), np.int64(4)]
2026-09-04 16:34:20,171 - INFO - hetero_proportion: 	4:3:3
2026-09-04 16:34:20,532 - INFO - Support aggregation diagnostics: min_nonzero=0.164708, mean=0.496565, P25=0.164708, P50=0.359008, P75=0.782855; coordinate_ratio(s<0.3/0.3<=s<0.8/s>=0.8)=0.402282/0.366076/0.231642; update_l2(s<0.3/0.3<=s<0.8/s>=0.8)=0.014345/0.097032/0.178381; global_update_l2=0.203570
2026-09-04 16:34:20,553 - INFO - Full evaluation profile: (1.0, 2, 11.424356)
2026-09-04 16:34:22,521 - INFO - Testing accuracy: 35.38
2026-09-04 16:34:22,521 - INFO - ********************************************************************************
2026-09-04 16:34:22,521 - INFO - Round 270
2026-09-04 16:34:34,514 - INFO - this epoch cost time:1.737999677658081
2026-09-04 16:34:34,514 - INFO - this epoch choose: [77, 76, 82, 70, 72, 97, 61, 76, 83, 94]
2026-09-04 16:34:34,514 - INFO - this epoch dispatch models: [0 5 3 1 4 6 0 0 4 1]
2026-09-04 16:34:34,514 - INFO - this epoch received models: [np.int64(0), np.int64(5), np.int64(3), np.int64(1), np.int64(4), np.int64(6), np.int64(0), np.int64(0), np.int64(4), np.int64(1)]
2026-09-04 16:34:34,514 - INFO - hetero_proportion: 	4:3:3
2026-09-04 16:34:34,826 - INFO - Support aggregation diagnostics: min_nonzero=0.100385, mean=0.408485, P25=0.100385, P50=0.193888, P75=0.511233; coordinate_ratio(s<0.3/0.3<=s<0.8/s>=0.8)=0.516115/0.298231/0.185655; update_l2(s<0.3/0.3<=s<0.8/s>=0.8)=0.026523/0.153398/0.217089; global_update_l2=0.267137
2026-09-04 16:34:34,847 - INFO - Full evaluation profile: (1.0, 2, 11.424356)
2026-09-04 16:34:36,819 - INFO - Testing accuracy: 34.97
2026-09-04 16:34:36,819 - INFO - ********************************************************************************
2026-09-04 16:34:36,819 - INFO - Round 271
2026-09-04 16:34:47,858 - INFO - this epoch cost time:1.9100000858306885
2026-09-04 16:34:47,858 - INFO - this epoch choose: [88, 97, 94, 98, 84, 78, 85, 50, 34, 83]
2026-09-04 16:34:47,858 - INFO - this epoch dispatch models: [6 3 4 1 6 3 6 4 2 4]
2026-09-04 16:34:47,858 - INFO - this epoch received models: [np.int64(6), np.int64(3), np.int64(4), np.int64(1), np.int64(6), np.int64(3), np.int64(6), np.int64(4), np.int64(2), np.int64(4)]
2026-09-04 16:34:47,858 - INFO - hetero_proportion: 	4:3:3
2026-09-04 16:34:48,457 - INFO - Support aggregation diagnostics: min_nonzero=0.293350, mean=0.597880, P25=0.293350, P50=0.415165, P75=0.911746; coordinate_ratio(s<0.3/0.3<=s<0.8/s>=0.8)=0.402282/0.307265/0.290453; update_l2(s<0.3/0.3<=s<0.8/s>=0.8)=0.012806/0.082485/0.154806; global_update_l2=0.175877
2026-09-04 16:34:48,475 - INFO - Full evaluation profile: (1.0, 2, 11.424356)
2026-09-04 16:34:50,707 - INFO - Testing accuracy: 34.85
2026-09-04 16:34:50,707 - INFO - ********************************************************************************
2026-09-04 16:34:50,708 - INFO - Round 272
2026-09-04 16:34:59,271 - INFO - this epoch cost time:1.2589912414550781
2026-09-04 16:34:59,271 - INFO - this epoch choose: [96, 67, 38, 88, 97, 50, 77, 74, 33, 32]
2026-09-04 16:34:59,271 - INFO - this epoch dispatch models: [6 2 2 6 1 0 0 4 0 2]
2026-09-04 16:34:59,271 - INFO - this epoch received models: [np.int64(6), np.int64(2), np.int64(2), np.int64(6), np.int64(1), np.int64(0), np.int64(0), np.int64(4), np.int64(0), np.int64(2)]
2026-09-04 16:34:59,271 - INFO - hetero_proportion: 	4:3:3
2026-09-04 16:34:59,598 - INFO - Support aggregation diagnostics: min_nonzero=0.224513, mean=0.472336, P25=0.224513, P50=0.350213, P75=0.627157; coordinate_ratio(s<0.3/0.3<=s<0.8/s>=0.8)=0.402282/0.412063/0.185655; update_l2(s<0.3/0.3<=s<0.8/s>=0.8)=0.017867/0.170847/0.181807; global_update_l2=0.250123
2026-09-04 16:34:59,616 - INFO - Full evaluation profile: (1.0, 2, 11.424356)
2026-09-04 16:35:01,480 - INFO - Testing accuracy: 35.34
2026-09-04 16:35:01,481 - INFO - ********************************************************************************
2026-09-04 16:35:01,481 - INFO - Round 273
2026-09-04 16:35:12,735 - INFO - this epoch cost time:1.6439998149871826
2026-09-04 16:35:12,735 - INFO - this epoch choose: [59, 40, 77, 96, 42, 90, 84, 58, 97, 45]
2026-09-04 16:35:12,735 - INFO - this epoch dispatch models: [3 5 2 1 5 5 6 2 3 0]
2026-09-04 16:35:12,735 - INFO - this epoch received models: [np.int64(3), np.int64(5), np.int64(2), np.int64(1), np.int64(5), np.int64(5), np.int64(6), np.int64(2), np.int64(3), np.int64(0)]
2026-09-04 16:35:12,735 - INFO - hetero_proportion: 	4:3:3
2026-09-04 16:35:13,060 - INFO - Support aggregation diagnostics: min_nonzero=0.085081, mean=0.488347, P25=0.085081, P50=0.594355, P75=0.793548; coordinate_ratio(s<0.3/0.3<=s<0.8/s>=0.8)=0.392037/0.406031/0.201932; update_l2(s<0.3/0.3<=s<0.8/s>=0.8)=0.007998/0.129704/0.178448; global_update_l2=0.220751
2026-09-04 16:35:13,078 - INFO - Full evaluation profile: (1.0, 2, 11.424356)
2026-09-04 16:35:14,814 - INFO - Testing accuracy: 35.63
2026-09-04 16:35:14,814 - INFO - ********************************************************************************
2026-09-04 16:35:14,814 - INFO - Round 274
2026-09-04 16:35:25,803 - INFO - this epoch cost time:1.9639983177185059
2026-09-04 16:35:25,803 - INFO - this epoch choose: [29, 72, 56, 26, 89, 70, 99, 80, 84, 80]
2026-09-04 16:35:25,803 - INFO - this epoch dispatch models: [0 3 2 2 0 3 5 6 5 5]
2026-09-04 16:35:25,803 - INFO - this epoch received models: [np.int64(0), np.int64(3), np.int64(2), np.int64(2), np.int64(0), np.int64(3), np.int64(5), np.int64(6), np.int64(5), np.int64(5)]
2026-09-04 16:35:25,803 - INFO - hetero_proportion: 	4:3:3
2026-09-04 16:35:26,767 - INFO - Support aggregation diagnostics: min_nonzero=0.131943, mean=0.518896, P25=0.131943, P50=0.632244, P75=0.830559; coordinate_ratio(s<0.3/0.3<=s<0.8/s>=0.8)=0.392037/0.347220/0.260743; update_l2(s<0.3/0.3<=s<0.8/s>=0.8)=0.009090/0.092910/0.211908; global_update_l2=0.231560
2026-09-04 16:35:26,786 - INFO - Full evaluation profile: (1.0, 2, 11.424356)
2026-09-04 16:35:28,749 - INFO - Testing accuracy: 35.93
2026-09-04 16:35:28,750 - INFO - ********************************************************************************
2026-09-04 16:35:28,750 - INFO - Round 275
2026-09-04 16:35:38,524 - INFO - this epoch cost time:1.1710002422332764
2026-09-04 16:35:38,525 - INFO - this epoch choose: [18, 82, 55, 43, 82, 14, 45, 97, 90, 98]
2026-09-04 16:35:38,525 - INFO - this epoch dispatch models: [0 6 0 3 0 1 1 6 3 4]
2026-09-04 16:35:38,525 - INFO - this epoch received models: [np.int64(0), np.int64(6), np.int64(0), np.int64(3), np.int64(0), np.int64(1), np.int64(1), np.int64(6), np.int64(3), np.int64(4)]
2026-09-04 16:35:38,525 - INFO - hetero_proportion: 	4:3:3
2026-09-04 16:35:38,847 - INFO - Support aggregation diagnostics: min_nonzero=0.188993, mean=0.431201, P25=0.188993, P50=0.188993, P75=0.485899; coordinate_ratio(s<0.3/0.3<=s<0.8/s>=0.8)=0.518657/0.295689/0.185655; update_l2(s<0.3/0.3<=s<0.8/s>=0.8)=0.025120/0.215529/0.252190; global_update_l2=0.332691
2026-09-04 16:35:38,866 - INFO - Full evaluation profile: (1.0, 2, 11.424356)
2026-09-04 16:35:40,914 - INFO - Testing accuracy: 35.63
2026-09-04 16:35:40,914 - INFO - ********************************************************************************
2026-09-04 16:35:40,914 - INFO - Round 276
2026-09-04 16:35:51,502 - INFO - this epoch cost time:1.6180000305175781
2026-09-04 16:35:51,502 - INFO - this epoch choose: [1, 56, 88, 69, 87, 6, 39, 82, 1, 80]
2026-09-04 16:35:51,502 - INFO - this epoch dispatch models: [0 3 5 1 5 2 0 6 0 6]
2026-09-04 16:35:51,502 - INFO - this epoch received models: [np.int64(0), np.int64(3), np.int64(5), np.int64(1), np.int64(5), np.int64(2), np.int64(0), np.int64(6), np.int64(0), np.int64(6)]
2026-09-04 16:35:51,502 - INFO - hetero_proportion: 	4:3:3
2026-09-04 16:35:51,842 - INFO - Support aggregation diagnostics: min_nonzero=0.233333, mean=0.498703, P25=0.233333, P50=0.480331, P75=0.586335; coordinate_ratio(s<0.3/0.3<=s<0.8/s>=0.8)=0.392037/0.422308/0.185655; update_l2(s<0.3/0.3<=s<0.8/s>=0.8)=0.007676/0.145494/0.227132; global_update_l2=0.269845
2026-09-04 16:35:51,862 - INFO - Full evaluation profile: (1.0, 2, 11.424356)
2026-09-04 16:35:53,605 - INFO - Testing accuracy: 36.01
2026-09-04 16:35:53,606 - INFO - ********************************************************************************
2026-09-04 16:35:53,606 - INFO - Round 277
2026-09-04 16:36:03,816 - INFO - this epoch cost time:1.372999906539917
2026-09-04 16:36:03,816 - INFO - this epoch choose: [61, 59, 75, 96, 95, 6, 76, 91, 72, 42]
2026-09-04 16:36:03,816 - INFO - this epoch dispatch models: [4 5 1 5 6 2 6 0 6 1]
2026-09-04 16:36:03,816 - INFO - this epoch received models: [np.int64(4), np.int64(5), np.int64(1), np.int64(5), np.int64(6), np.int64(2), np.int64(6), np.int64(0), np.int64(6), np.int64(1)]
2026-09-04 16:36:03,817 - INFO - hetero_proportion: 	4:3:3
2026-09-04 16:36:04,784 - INFO - Support aggregation diagnostics: min_nonzero=0.256736, mean=0.544691, P25=0.256736, P50=0.558094, P75=0.654667; coordinate_ratio(s<0.3/0.3<=s<0.8/s>=0.8)=0.392037/0.376321/0.231642; update_l2(s<0.3/0.3<=s<0.8/s>=0.8)=0.015290/0.084131/0.206269; global_update_l2=0.223290
2026-09-04 16:36:04,802 - INFO - Full evaluation profile: (1.0, 2, 11.424356)
2026-09-04 16:36:06,760 - INFO - Testing accuracy: 35.47
2026-09-04 16:36:06,761 - INFO - ********************************************************************************
2026-09-04 16:36:06,761 - INFO - Round 278
2026-09-04 16:36:16,073 - INFO - this epoch cost time:1.0820000171661377
2026-09-04 16:36:16,073 - INFO - this epoch choose: [73, 82, 82, 8, 16, 99, 88, 37, 66, 78]
2026-09-04 16:36:16,073 - INFO - this epoch dispatch models: [6 5 2 0 2 1 0 1 5 4]
2026-09-04 16:36:16,073 - INFO - this epoch received models: [np.int64(6), np.int64(5), np.int64(2), np.int64(0), np.int64(2), np.int64(1), np.int64(0), np.int64(1), np.int64(5), np.int64(4)]
2026-09-04 16:36:16,073 - INFO - hetero_proportion: 	4:3:3
2026-09-04 16:36:16,352 - INFO - Support aggregation diagnostics: min_nonzero=0.100817, mean=0.428116, P25=0.100817, P50=0.377687, P75=0.576741; coordinate_ratio(s<0.3/0.3<=s<0.8/s>=0.8)=0.402282/0.412063/0.185655; update_l2(s<0.3/0.3<=s<0.8/s>=0.8)=0.010724/0.153011/0.231736; global_update_l2=0.277901
2026-09-04 16:36:16,371 - INFO - Full evaluation profile: (1.0, 2, 11.424356)
2026-09-04 16:36:18,168 - INFO - Testing accuracy: 35.33
2026-09-04 16:36:18,169 - INFO - ********************************************************************************
2026-09-04 16:36:18,169 - INFO - Round 279
2026-09-04 16:36:29,469 - INFO - this epoch cost time:1.744999885559082
2026-09-04 16:36:29,469 - INFO - this epoch choose: [43, 29, 3, 81, 84, 88, 51, 88, 89, 88]
2026-09-04 16:36:29,469 - INFO - this epoch dispatch models: [2 1 1 3 3 2 4 3 5 4]
2026-09-04 16:36:29,469 - INFO - this epoch received models: [np.int64(2), np.int64(1), np.int64(1), np.int64(3), np.int64(3), np.int64(2), np.int64(4), np.int64(3), np.int64(5), np.int64(4)]
2026-09-04 16:36:29,469 - INFO - hetero_proportion: 	4:3:3
2026-09-04 16:36:29,791 - INFO - Support aggregation diagnostics: min_nonzero=0.075099, mean=0.415147, P25=0.000000, P50=0.269763, P75=0.789921; coordinate_ratio(s<0.3/0.3<=s<0.8/s>=0.8)=0.516115/0.281953/0.201932; update_l2(s<0.3/0.3<=s<0.8/s>=0.8)=0.057177/0.185186/0.223494; global_update_l2=0.295826
2026-09-04 16:36:29,813 - INFO - Full evaluation profile: (1.0, 2, 11.424356)
2026-09-04 16:36:31,483 - INFO - Testing accuracy: 35.08
2026-09-04 16:36:31,483 - INFO - ********************************************************************************
2026-09-04 16:36:31,483 - INFO - Round 280
2026-09-04 16:36:42,992 - INFO - this epoch cost time:1.803999423980713
2026-09-04 16:36:42,992 - INFO - this epoch choose: [72, 87, 73, 81, 81, 59, 37, 82, 53, 99]
2026-09-04 16:36:42,993 - INFO - this epoch dispatch models: [3 4 1 4 6 5 1 6 1 3]
2026-09-04 16:36:42,993 - INFO - this epoch received models: [np.int64(3), np.int64(4), np.int64(1), np.int64(4), np.int64(6), np.int64(5), np.int64(1), np.int64(6), np.int64(1), np.int64(3)]
2026-09-04 16:36:42,993 - INFO - hetero_proportion: 	4:3:3
2026-09-04 16:36:43,306 - INFO - Support aggregation diagnostics: min_nonzero=0.228783, mean=0.530449, P25=0.228783, P50=0.327262, P75=0.688751; coordinate_ratio(s<0.3/0.3<=s<0.8/s>=0.8)=0.392037/0.376321/0.231642; update_l2(s<0.3/0.3<=s<0.8/s>=0.8)=0.006157/0.068509/0.200339; global_update_l2=0.211818
2026-09-04 16:36:43,325 - INFO - Full evaluation profile: (1.0, 2, 11.424356)
2026-09-04 16:36:45,102 - INFO - Testing accuracy: 35.55
2026-09-04 16:36:45,103 - INFO - ********************************************************************************
2026-09-04 16:36:45,103 - INFO - Round 281
2026-09-04 16:36:55,218 - INFO - this epoch cost time:1.372999906539917
2026-09-04 16:36:55,218 - INFO - this epoch choose: [67, 69, 91, 9, 25, 66, 54, 78, 42, 79]
2026-09-04 16:36:55,218 - INFO - this epoch dispatch models: [0 4 5 2 1 4 4 4 3 5]
2026-09-04 16:36:55,218 - INFO - this epoch received models: [np.int64(0), np.int64(4), np.int64(5), np.int64(2), np.int64(1), np.int64(4), np.int64(4), np.int64(4), np.int64(3), np.int64(5)]
2026-09-04 16:36:55,218 - INFO - hetero_proportion: 	4:3:3
2026-09-04 16:36:55,613 - INFO - Support aggregation diagnostics: min_nonzero=0.204563, mean=0.446702, P25=0.000000, P50=0.301984, P75=0.808730; coordinate_ratio(s<0.3/0.3<=s<0.8/s>=0.8)=0.402282/0.307265/0.290453; update_l2(s<0.3/0.3<=s<0.8/s>=0.8)=0.004927/0.120527/0.219531; global_update_l2=0.250489
2026-09-04 16:36:55,631 - INFO - Full evaluation profile: (1.0, 2, 11.424356)
2026-09-04 16:36:57,935 - INFO - Testing accuracy: 35.93
2026-09-04 16:36:57,936 - INFO - ********************************************************************************
2026-09-04 16:36:57,936 - INFO - Round 282
2026-09-04 16:37:08,490 - INFO - this epoch cost time:1.7779996395111084
2026-09-04 16:37:08,490 - INFO - this epoch choose: [30, 80, 54, 77, 91, 50, 64, 26, 79, 19]
2026-09-04 16:37:08,491 - INFO - this epoch dispatch models: [1 3 5 6 2 0 4 1 2 0]
2026-09-04 16:37:08,491 - INFO - this epoch received models: [np.int64(1), np.int64(3), np.int64(5), np.int64(6), np.int64(2), np.int64(0), np.int64(4), np.int64(1), np.int64(2), np.int64(0)]
2026-09-04 16:37:08,491 - INFO - hetero_proportion: 	4:3:3
2026-09-04 16:37:08,811 - INFO - Support aggregation diagnostics: min_nonzero=0.087160, mean=0.423156, P25=0.087160, P50=0.410402, P75=0.637952; coordinate_ratio(s<0.3/0.3<=s<0.8/s>=0.8)=0.402282/0.395786/0.201932; update_l2(s<0.3/0.3<=s<0.8/s>=0.8)=0.016859/0.131213/0.204065; global_update_l2=0.243195
2026-09-04 16:37:08,829 - INFO - Full evaluation profile: (1.0, 2, 11.424356)
2026-09-04 16:37:10,722 - INFO - Testing accuracy: 36.02
2026-09-04 16:37:10,722 - INFO - ********************************************************************************
2026-09-04 16:37:10,722 - INFO - Round 283
2026-09-04 16:37:22,519 - INFO - this epoch cost time:1.970999002456665
2026-09-04 16:37:22,520 - INFO - this epoch choose: [86, 59, 95, 93, 46, 0, 92, 85, 83, 79]
2026-09-04 16:37:22,520 - INFO - this epoch dispatch models: [3 3 2 6 1 0 6 3 5 6]
2026-09-04 16:37:22,520 - INFO - this epoch received models: [np.int64(3), np.int64(3), np.int64(2), np.int64(6), np.int64(1), np.int64(0), np.int64(6), np.int64(3), np.int64(5), np.int64(6)]
2026-09-04 16:37:22,520 - INFO - hetero_proportion: 	4:3:3
2026-09-04 16:37:22,894 - INFO - Support aggregation diagnostics: min_nonzero=0.245180, mean=0.549065, P25=0.245180, P50=0.467965, P75=0.768257; coordinate_ratio(s<0.3/0.3<=s<0.8/s>=0.8)=0.392037/0.406031/0.201932; update_l2(s<0.3/0.3<=s<0.8/s>=0.8)=0.013837/0.119117/0.190164; global_update_l2=0.224816
2026-09-04 16:37:22,912 - INFO - Full evaluation profile: (1.0, 2, 11.424356)
2026-09-04 16:37:24,594 - INFO - Testing accuracy: 35.81
2026-09-04 16:37:24,594 - INFO - ********************************************************************************
2026-09-04 16:37:24,595 - INFO - Round 284
2026-09-04 16:37:35,359 - INFO - this epoch cost time:1.4600002765655518
2026-09-04 16:37:35,360 - INFO - this epoch choose: [68, 71, 50, 86, 49, 41, 63, 67, 70, 61]
2026-09-04 16:37:35,360 - INFO - this epoch dispatch models: [3 5 4 2 4 3 3 4 1 3]
2026-09-04 16:37:35,360 - INFO - this epoch received models: [np.int64(3), np.int64(5), np.int64(4), np.int64(2), np.int64(4), np.int64(3), np.int64(3), np.int64(4), np.int64(1), np.int64(3)]
2026-09-04 16:37:35,360 - INFO - hetero_proportion: 	4:3:3
2026-09-04 16:37:35,878 - INFO - Support aggregation diagnostics: min_nonzero=0.096854, mean=0.443703, P25=0.000000, P50=0.199619, P75=0.876644; coordinate_ratio(s<0.3/0.3<=s<0.8/s>=0.8)=0.516115/0.223142/0.260743; update_l2(s<0.3/0.3<=s<0.8/s>=0.8)=0.040726/0.088879/0.184133; global_update_l2=0.208477
2026-09-04 16:37:35,899 - INFO - Full evaluation profile: (1.0, 2, 11.424356)
2026-09-04 16:37:38,102 - INFO - Testing accuracy: 35.37
2026-09-04 16:37:38,103 - INFO - ********************************************************************************
2026-09-04 16:37:38,103 - INFO - Round 285
2026-09-04 16:37:48,143 - INFO - this epoch cost time:1.3389995098114014
2026-09-04 16:37:48,144 - INFO - this epoch choose: [65, 71, 40, 77, 14, 74, 90, 58, 91, 87]
2026-09-04 16:37:48,144 - INFO - this epoch dispatch models: [1 4 1 0 1 2 6 3 5 6]
2026-09-04 16:37:48,144 - INFO - this epoch received models: [np.int64(1), np.int64(4), np.int64(1), np.int64(0), np.int64(1), np.int64(2), np.int64(6), np.int64(3), np.int64(5), np.int64(6)]
2026-09-04 16:37:48,144 - INFO - hetero_proportion: 	4:3:3
2026-09-04 16:37:48,448 - INFO - Support aggregation diagnostics: min_nonzero=0.182455, mean=0.476767, P25=0.182455, P50=0.399960, P75=0.610655; coordinate_ratio(s<0.3/0.3<=s<0.8/s>=0.8)=0.402282/0.366076/0.231642; update_l2(s<0.3/0.3<=s<0.8/s>=0.8)=0.006095/0.088235/0.202024; global_update_l2=0.220536
2026-09-04 16:37:48,466 - INFO - Full evaluation profile: (1.0, 2, 11.424356)
2026-09-04 16:37:50,337 - INFO - Testing accuracy: 35.03
2026-09-04 16:37:50,338 - INFO - ********************************************************************************
2026-09-04 16:37:50,338 - INFO - Round 286
2026-09-04 16:38:01,461 - INFO - this epoch cost time:1.495999813079834
2026-09-04 16:38:01,461 - INFO - this epoch choose: [84, 57, 67, 40, 93, 79, 88, 45, 80, 62]
2026-09-04 16:38:01,461 - INFO - this epoch dispatch models: [0 3 4 3 5 6 3 4 5 1]
2026-09-04 16:38:01,461 - INFO - this epoch received models: [np.int64(0), np.int64(3), np.int64(4), np.int64(3), np.int64(5), np.int64(6), np.int64(3), np.int64(4), np.int64(5), np.int64(1)]
2026-09-04 16:38:01,461 - INFO - hetero_proportion: 	4:3:3
2026-09-04 16:38:01,818 - INFO - Support aggregation diagnostics: min_nonzero=0.105373, mean=0.501169, P25=0.105373, P50=0.296960, P75=0.816743; coordinate_ratio(s<0.3/0.3<=s<0.8/s>=0.8)=0.516115/0.032252/0.451633; update_l2(s<0.3/0.3<=s<0.8/s>=0.8)=0.022969/0.065837/0.189208; global_update_l2=0.201647
2026-09-04 16:38:01,836 - INFO - Full evaluation profile: (1.0, 2, 11.424356)
2026-09-04 16:38:03,607 - INFO - Testing accuracy: 35.31
2026-09-04 16:38:03,608 - INFO - ********************************************************************************
2026-09-04 16:38:03,608 - INFO - Round 287
2026-09-04 16:38:12,606 - INFO - this epoch cost time:1.974999189376831
2026-09-04 16:38:12,606 - INFO - this epoch choose: [47, 72, 77, 77, 95, 82, 95, 33, 67, 81]
2026-09-04 16:38:12,606 - INFO - this epoch dispatch models: [4 5 6 2 1 1 2 0 5 6]
2026-09-04 16:38:12,606 - INFO - this epoch received models: [np.int64(4), np.int64(5), np.int64(6), np.int64(2), np.int64(1), np.int64(1), np.int64(2), np.int64(0), np.int64(5), np.int64(6)]
2026-09-04 16:38:12,606 - INFO - hetero_proportion: 	4:3:3
2026-09-04 16:38:13,721 - INFO - Support aggregation diagnostics: min_nonzero=0.254734, mean=0.545714, P25=0.254734, P50=0.523787, P75=0.712240; coordinate_ratio(s<0.3/0.3<=s<0.8/s>=0.8)=0.392037/0.376321/0.231642; update_l2(s<0.3/0.3<=s<0.8/s>=0.8)=0.011039/0.071167/0.161956; global_update_l2=0.177247
2026-09-04 16:38:13,740 - INFO - Full evaluation profile: (1.0, 2, 11.424356)
2026-09-04 16:38:15,948 - INFO - Testing accuracy: 34.91
2026-09-04 16:38:15,948 - INFO - ********************************************************************************
2026-09-04 16:38:15,948 - INFO - Round 288
2026-09-04 16:38:25,780 - INFO - this epoch cost time:1.440999984741211
2026-09-04 16:38:25,780 - INFO - this epoch choose: [29, 6, 13, 78, 72, 65, 65, 50, 74, 58]
2026-09-04 16:38:25,781 - INFO - this epoch dispatch models: [0 2 1 4 5 0 1 3 6 4]
2026-09-04 16:38:25,781 - INFO - this epoch received models: [np.int64(0), np.int64(2), np.int64(1), np.int64(4), np.int64(5), np.int64(0), np.int64(1), np.int64(3), np.int64(6), np.int64(4)]
2026-09-04 16:38:25,781 - INFO - hetero_proportion: 	4:3:3
2026-09-04 16:38:26,134 - INFO - Support aggregation diagnostics: min_nonzero=0.126866, mean=0.433583, P25=0.126866, P50=0.291723, P75=0.576436; coordinate_ratio(s<0.3/0.3<=s<0.8/s>=0.8)=0.516115/0.298231/0.185655; update_l2(s<0.3/0.3<=s<0.8/s>=0.8)=0.070891/0.158686/0.217055; global_update_l2=0.278064
2026-09-04 16:38:26,153 - INFO - Full evaluation profile: (1.0, 2, 11.424356)
2026-09-04 16:38:28,078 - INFO - Testing accuracy: 35.10
2026-09-04 16:38:28,078 - INFO - ********************************************************************************
2026-09-04 16:38:28,078 - INFO - Round 289
2026-09-04 16:38:41,297 - INFO - this epoch cost time:2.001999855041504
2026-09-04 16:38:41,297 - INFO - this epoch choose: [99, 43, 96, 8, 76, 0, 83, 7, 83, 93]
2026-09-04 16:38:41,297 - INFO - this epoch dispatch models: [4 3 4 0 6 2 4 1 6 6]
2026-09-04 16:38:41,297 - INFO - this epoch received models: [np.int64(4), np.int64(3), np.int64(4), np.int64(0), np.int64(6), np.int64(2), np.int64(4), np.int64(1), np.int64(6), np.int64(6)]
2026-09-04 16:38:41,297 - INFO - hetero_proportion: 	4:3:3
2026-09-04 16:38:41,606 - INFO - Support aggregation diagnostics: min_nonzero=0.274972, mean=0.561008, P25=0.274972, P50=0.393242, P75=0.810063; coordinate_ratio(s<0.3/0.3<=s<0.8/s>=0.8)=0.402282/0.307265/0.290453; update_l2(s<0.3/0.3<=s<0.8/s>=0.8)=0.009568/0.135817/0.235923; global_update_l2=0.272392
2026-09-04 16:38:41,624 - INFO - Full evaluation profile: (1.0, 2, 11.424356)
2026-09-04 16:38:43,394 - INFO - Testing accuracy: 35.57
2026-09-04 16:38:43,395 - INFO - ********************************************************************************
2026-09-04 16:38:43,395 - INFO - Round 290
2026-09-04 16:38:53,954 - INFO - this epoch cost time:1.432999849319458
2026-09-04 16:38:53,954 - INFO - this epoch choose: [91, 2, 8, 43, 70, 4, 74, 61, 61, 2]
2026-09-04 16:38:53,954 - INFO - this epoch dispatch models: [0 0 0 3 6 1 3 3 4 1]
2026-09-04 16:38:53,954 - INFO - this epoch received models: [np.int64(0), np.int64(0), np.int64(0), np.int64(3), np.int64(6), np.int64(1), np.int64(3), np.int64(3), np.int64(4), np.int64(1)]
2026-09-04 16:38:53,954 - INFO - hetero_proportion: 	4:3:3
2026-09-04 16:38:54,864 - INFO - Support aggregation diagnostics: min_nonzero=0.123946, mean=0.397986, P25=0.123946, P50=0.123946, P75=0.499234; coordinate_ratio(s<0.3/0.3<=s<0.8/s>=0.8)=0.518657/0.295689/0.185655; update_l2(s<0.3/0.3<=s<0.8/s>=0.8)=0.036035/0.194753/0.250870; global_update_l2=0.319630
2026-09-04 16:38:54,882 - INFO - Full evaluation profile: (1.0, 2, 11.424356)
2026-09-04 16:38:56,822 - INFO - Testing accuracy: 34.81
2026-09-04 16:38:56,822 - INFO - ********************************************************************************
2026-09-04 16:38:56,822 - INFO - Round 291
2026-09-04 16:39:06,866 - INFO - this epoch cost time:1.249000072479248
2026-09-04 16:39:06,866 - INFO - this epoch choose: [79, 1, 75, 53, 60, 25, 78, 37, 74, 70]
2026-09-04 16:39:06,866 - INFO - this epoch dispatch models: [3 1 3 4 1 1 6 0 1 1]
2026-09-04 16:39:06,866 - INFO - this epoch received models: [np.int64(3), np.int64(1), np.int64(3), np.int64(4), np.int64(1), np.int64(1), np.int64(6), np.int64(0), np.int64(1), np.int64(1)]
2026-09-04 16:39:06,866 - INFO - hetero_proportion: 	4:3:3
2026-09-04 16:39:07,330 - INFO - Support aggregation diagnostics: min_nonzero=0.069887, mean=0.357856, P25=0.069887, P50=0.069887, P75=0.400420; coordinate_ratio(s<0.3/0.3<=s<0.8/s>=0.8)=0.518657/0.279412/0.201932; update_l2(s<0.3/0.3<=s<0.8/s>=0.8)=0.031300/0.200193/0.231244; global_update_l2=0.307458
2026-09-04 16:39:07,348 - INFO - Full evaluation profile: (1.0, 2, 11.424356)
2026-09-04 16:39:09,675 - INFO - Testing accuracy: 35.14
2026-09-04 16:39:09,675 - INFO - ********************************************************************************
2026-09-04 16:39:09,675 - INFO - Round 292
2026-09-04 16:39:19,478 - INFO - this epoch cost time:1.364999771118164
2026-09-04 16:39:19,478 - INFO - this epoch choose: [66, 56, 96, 29, 23, 26, 65, 7, 30, 87]
2026-09-04 16:39:19,478 - INFO - this epoch dispatch models: [0 3 5 2 0 2 4 2 0 6]
2026-09-04 16:39:19,478 - INFO - this epoch received models: [np.int64(0), np.int64(3), np.int64(5), np.int64(2), np.int64(0), np.int64(2), np.int64(4), np.int64(2), np.int64(0), np.int64(6)]
2026-09-04 16:39:19,478 - INFO - hetero_proportion: 	4:3:3
2026-09-04 16:39:19,821 - INFO - Support aggregation diagnostics: min_nonzero=0.068461, mean=0.407563, P25=0.068461, P50=0.376855, P75=0.666384; coordinate_ratio(s<0.3/0.3<=s<0.8/s>=0.8)=0.402282/0.412063/0.185655; update_l2(s<0.3/0.3<=s<0.8/s>=0.8)=0.008375/0.220230/0.266674; global_update_l2=0.345957
2026-09-04 16:39:19,840 - INFO - Full evaluation profile: (1.0, 2, 11.424356)
2026-09-04 16:39:21,411 - INFO - Testing accuracy: 35.49
2026-09-04 16:39:21,411 - INFO - ********************************************************************************
2026-09-04 16:39:21,411 - INFO - Round 293
2026-09-04 16:39:31,832 - INFO - this epoch cost time:1.455000400543213
2026-09-04 16:39:31,832 - INFO - this epoch choose: [89, 57, 42, 42, 60, 52, 47, 2, 72, 51]
2026-09-04 16:39:31,832 - INFO - this epoch dispatch models: [2 1 5 0 3 1 3 2 2 3]
2026-09-04 16:39:31,832 - INFO - this epoch received models: [np.int64(2), np.int64(1), np.int64(5), np.int64(0), np.int64(3), np.int64(1), np.int64(3), np.int64(2), np.int64(2), np.int64(3)]
2026-09-04 16:39:31,832 - INFO - hetero_proportion: 	4:3:3
2026-09-04 16:39:32,221 - INFO - Support aggregation diagnostics: min_nonzero=0.102802, mean=0.381988, P25=0.000000, P50=0.372845, P75=0.686853; coordinate_ratio(s<0.3/0.3<=s<0.8/s>=0.8)=0.402282/0.395786/0.201932; update_l2(s<0.3/0.3<=s<0.8/s>=0.8)=0.008436/0.214378/0.220883; global_update_l2=0.307925
2026-09-04 16:39:32,239 - INFO - Full evaluation profile: (1.0, 2, 11.424356)
2026-09-04 16:39:34,037 - INFO - Testing accuracy: 35.38
2026-09-04 16:39:34,038 - INFO - ********************************************************************************
2026-09-04 16:39:34,038 - INFO - Round 294
2026-09-04 16:39:44,020 - INFO - this epoch cost time:1.3489999771118164
2026-09-04 16:39:44,020 - INFO - this epoch choose: [72, 81, 11, 88, 51, 27, 54, 22, 59, 97]
2026-09-04 16:39:44,020 - INFO - this epoch dispatch models: [5 2 2 3 3 0 4 1 4 5]
2026-09-04 16:39:44,020 - INFO - this epoch received models: [np.int64(5), np.int64(2), np.int64(2), np.int64(3), np.int64(3), np.int64(0), np.int64(4), np.int64(1), np.int64(4), np.int64(5)]
2026-09-04 16:39:44,020 - INFO - hetero_proportion: 	4:3:3
2026-09-04 16:39:44,712 - INFO - Support aggregation diagnostics: min_nonzero=0.165417, mean=0.429624, P25=0.000000, P50=0.401698, P75=0.817213; coordinate_ratio(s<0.3/0.3<=s<0.8/s>=0.8)=0.402282/0.336975/0.260743; update_l2(s<0.3/0.3<=s<0.8/s>=0.8)=0.003729/0.174061/0.204519; global_update_l2=0.268587
2026-09-04 16:39:44,730 - INFO - Full evaluation profile: (1.0, 2, 11.424356)
2026-09-04 16:39:47,016 - INFO - Testing accuracy: 36.09
2026-09-04 16:39:47,017 - INFO - ********************************************************************************
2026-09-04 16:39:47,017 - INFO - Round 295
2026-09-04 16:39:57,071 - INFO - this epoch cost time:1.4860002994537354
2026-09-04 16:39:57,071 - INFO - this epoch choose: [91, 12, 43, 40, 92, 49, 8, 93, 56, 19]
2026-09-04 16:39:57,071 - INFO - this epoch dispatch models: [5 1 3 1 1 4 1 5 1 0]
2026-09-04 16:39:57,071 - INFO - this epoch received models: [np.int64(5), np.int64(1), np.int64(3), np.int64(1), np.int64(1), np.int64(4), np.int64(1), np.int64(5), np.int64(1), np.int64(0)]
2026-09-04 16:39:57,071 - INFO - hetero_proportion: 	4:3:3
2026-09-04 16:39:57,373 - INFO - Support aggregation diagnostics: min_nonzero=0.158573, mean=0.341800, P25=0.000000, P50=0.158573, P75=0.390490; coordinate_ratio(s<0.3/0.3<=s<0.8/s>=0.8)=0.518657/0.279412/0.201932; update_l2(s<0.3/0.3<=s<0.8/s>=0.8)=0.029757/0.140343/0.222048; global_update_l2=0.264362
2026-09-04 16:39:57,395 - INFO - Full evaluation profile: (1.0, 2, 11.424356)
2026-09-04 16:39:59,078 - INFO - Testing accuracy: 35.90
2026-09-04 16:39:59,078 - INFO - ********************************************************************************
2026-09-04 16:39:59,078 - INFO - Round 296
2026-09-04 16:40:10,163 - INFO - this epoch cost time:1.752000093460083
2026-09-04 16:40:10,163 - INFO - this epoch choose: [54, 71, 95, 58, 62, 7, 75, 11, 84, 52]
2026-09-04 16:40:10,163 - INFO - this epoch dispatch models: [3 6 0 3 4 0 2 0 6 5]
2026-09-04 16:40:10,163 - INFO - this epoch received models: [np.int64(3), np.int64(6), np.int64(0), np.int64(3), np.int64(4), np.int64(0), np.int64(2), np.int64(0), np.int64(6), np.int64(5)]
2026-09-04 16:40:10,163 - INFO - hetero_proportion: 	4:3:3
2026-09-04 16:40:10,518 - INFO - Support aggregation diagnostics: min_nonzero=0.192347, mean=0.490863, P25=0.192347, P50=0.392554, P75=0.715615; coordinate_ratio(s<0.3/0.3<=s<0.8/s>=0.8)=0.402282/0.412063/0.185655; update_l2(s<0.3/0.3<=s<0.8/s>=0.8)=0.016077/0.144607/0.200356; global_update_l2=0.247613
2026-09-04 16:40:10,537 - INFO - Full evaluation profile: (1.0, 2, 11.424356)
2026-09-04 16:40:12,179 - INFO - Testing accuracy: 35.66
2026-09-04 16:40:12,180 - INFO - ********************************************************************************
2026-09-04 16:40:12,180 - INFO - Round 297
2026-09-04 16:40:22,449 - INFO - this epoch cost time:1.2369999885559082
2026-09-04 16:40:22,450 - INFO - this epoch choose: [90, 77, 85, 51, 73, 43, 25, 43, 95, 86]
2026-09-04 16:40:22,450 - INFO - this epoch dispatch models: [4 6 0 3 6 4 2 3 1 3]
2026-09-04 16:40:22,450 - INFO - this epoch received models: [np.int64(4), np.int64(6), np.int64(0), np.int64(3), np.int64(6), np.int64(4), np.int64(2), np.int64(3), np.int64(1), np.int64(3)]
2026-09-04 16:40:22,450 - INFO - hetero_proportion: 	4:3:3
2026-09-04 16:40:22,988 - INFO - Support aggregation diagnostics: min_nonzero=0.177857, mean=0.507447, P25=0.177857, P50=0.287186, P75=0.822143; coordinate_ratio(s<0.3/0.3<=s<0.8/s>=0.8)=0.516115/0.223142/0.260743; update_l2(s<0.3/0.3<=s<0.8/s>=0.8)=0.155991/0.118332/0.204415; global_update_l2=0.283057
2026-09-04 16:40:23,007 - INFO - Full evaluation profile: (1.0, 2, 11.424356)
2026-09-04 16:40:25,304 - INFO - Testing accuracy: 35.35
2026-09-04 16:40:25,304 - INFO - ********************************************************************************
2026-09-04 16:40:25,305 - INFO - Round 298
2026-09-04 16:40:35,788 - INFO - this epoch cost time:1.4100000858306885
2026-09-04 16:40:35,788 - INFO - this epoch choose: [73, 45, 90, 91, 87, 54, 36, 91, 32, 67]
2026-09-04 16:40:35,788 - INFO - this epoch dispatch models: [6 5 5 3 5 4 2 2 1 0]
2026-09-04 16:40:35,788 - INFO - this epoch received models: [np.int64(6), np.int64(5), np.int64(5), np.int64(3), np.int64(5), np.int64(4), np.int64(2), np.int64(2), np.int64(1), np.int64(0)]
2026-09-04 16:40:35,788 - INFO - hetero_proportion: 	4:3:3
2026-09-04 16:40:36,082 - INFO - Support aggregation diagnostics: min_nonzero=0.096304, mean=0.504644, P25=0.096304, P50=0.609856, P75=0.842505; coordinate_ratio(s<0.3/0.3<=s<0.8/s>=0.8)=0.392037/0.317510/0.290453; update_l2(s<0.3/0.3<=s<0.8/s>=0.8)=0.006282/0.108147/0.207815; global_update_l2=0.234355
2026-09-04 16:40:36,104 - INFO - Full evaluation profile: (1.0, 2, 11.424356)
2026-09-04 16:40:37,903 - INFO - Testing accuracy: 35.99
2026-09-04 16:40:37,904 - INFO - ********************************************************************************
2026-09-04 16:40:37,904 - INFO - Round 299
2026-09-04 16:40:48,949 - INFO - this epoch cost time:1.549999713897705
2026-09-04 16:40:48,949 - INFO - this epoch choose: [67, 95, 31, 92, 4, 92, 56, 97, 24, 80]
2026-09-04 16:40:48,949 - INFO - this epoch dispatch models: [5 5 2 0 0 2 3 2 1 6]
2026-09-04 16:40:48,949 - INFO - this epoch received models: [np.int64(5), np.int64(5), np.int64(2), np.int64(0), np.int64(0), np.int64(2), np.int64(3), np.int64(2), np.int64(1), np.int64(6)]
2026-09-04 16:40:48,949 - INFO - hetero_proportion: 	4:3:3
2026-09-04 16:40:49,280 - INFO - Support aggregation diagnostics: min_nonzero=0.136770, mean=0.463059, P25=0.136770, P50=0.409270, P75=0.692372; coordinate_ratio(s<0.3/0.3<=s<0.8/s>=0.8)=0.392037/0.406031/0.201932; update_l2(s<0.3/0.3<=s<0.8/s>=0.8)=0.009987/0.131979/0.199336; global_update_l2=0.239276
2026-09-04 16:40:49,298 - INFO - Full evaluation profile: (1.0, 2, 11.424356)
2026-09-04 16:40:51,108 - INFO - Testing accuracy: 36.20
2026-09-04 16:40:51,108 - INFO - ********************************************************************************
2026-09-04 16:40:51,108 - INFO - Round 300
2026-09-04 16:41:00,947 - INFO - this epoch cost time:1.2000000476837158
2026-09-04 16:41:00,947 - INFO - this epoch choose: [62, 62, 58, 94, 84, 95, 89, 64, 86, 64]
2026-09-04 16:41:00,948 - INFO - this epoch dispatch models: [5 3 0 6 1 5 6 4 0 3]
2026-09-04 16:41:00,948 - INFO - this epoch received models: [np.int64(5), np.int64(3), np.int64(0), np.int64(6), np.int64(1), np.int64(5), np.int64(6), np.int64(4), np.int64(0), np.int64(3)]
2026-09-04 16:41:00,948 - INFO - hetero_proportion: 	4:3:3
2026-09-04 16:41:01,811 - INFO - Support aggregation diagnostics: min_nonzero=0.178155, mean=0.497820, P25=0.178155, P50=0.364237, P75=0.668575; coordinate_ratio(s<0.3/0.3<=s<0.8/s>=0.8)=0.392037/0.422308/0.185655; update_l2(s<0.3/0.3<=s<0.8/s>=0.8)=0.018706/0.166922/0.225387; global_update_l2=0.281091
2026-09-04 16:41:01,829 - INFO - Full evaluation profile: (1.0, 2, 11.424356)
2026-09-04 16:41:03,714 - INFO - Testing accuracy: 35.52
2026-09-04 16:41:03,715 - INFO - ********************************************************************************
2026-09-04 16:41:03,715 - INFO - Round 301
2026-09-04 16:41:12,421 - INFO - this epoch cost time:1.114999771118164
2026-09-04 16:41:12,421 - INFO - this epoch choose: [11, 67, 99, 55, 93, 62, 96, 61, 22, 77]
2026-09-04 16:41:12,421 - INFO - this epoch dispatch models: [0 5 4 4 4 2 4 3 0 0]
2026-09-04 16:41:12,421 - INFO - this epoch received models: [np.int64(0), np.int64(5), np.int64(4), np.int64(4), np.int64(4), np.int64(2), np.int64(4), np.int64(3), np.int64(0), np.int64(0)]
2026-09-04 16:41:12,421 - INFO - hetero_proportion: 	4:3:3
2026-09-04 16:41:12,738 - INFO - Support aggregation diagnostics: min_nonzero=0.089507, mean=0.389396, P25=0.000000, P50=0.189007, P75=0.682164; coordinate_ratio(s<0.3/0.3<=s<0.8/s>=0.8)=0.516115/0.298231/0.185655; update_l2(s<0.3/0.3<=s<0.8/s>=0.8)=0.044305/0.126172/0.198179; global_update_l2=0.239076
2026-09-04 16:41:12,756 - INFO - Full evaluation profile: (1.0, 2, 11.424356)
2026-09-04 16:41:14,560 - INFO - Testing accuracy: 36.01
2026-09-04 16:41:14,560 - INFO - ********************************************************************************
2026-09-04 16:41:14,560 - INFO - Round 302
2026-09-04 16:41:26,206 - INFO - this epoch cost time:1.7669994831085205
2026-09-04 16:41:26,206 - INFO - this epoch choose: [81, 14, 30, 72, 89, 55, 96, 57, 68, 38]
2026-09-04 16:41:26,207 - INFO - this epoch dispatch models: [5 1 2 6 4 0 4 4 0 2]
2026-09-04 16:41:26,207 - INFO - this epoch received models: [np.int64(5), np.int64(1), np.int64(2), np.int64(6), np.int64(4), np.int64(0), np.int64(4), np.int64(4), np.int64(0), np.int64(2)]
2026-09-04 16:41:26,207 - INFO - hetero_proportion: 	4:3:3
2026-09-04 16:41:26,561 - INFO - Support aggregation diagnostics: min_nonzero=0.065693, mean=0.425970, P25=0.065693, P50=0.378217, P75=0.667691; coordinate_ratio(s<0.3/0.3<=s<0.8/s>=0.8)=0.402282/0.412063/0.185655; update_l2(s<0.3/0.3<=s<0.8/s>=0.8)=0.005381/0.203739/0.199767; global_update_l2=0.285387
2026-09-04 16:41:26,579 - INFO - Full evaluation profile: (1.0, 2, 11.424356)
2026-09-04 16:41:28,273 - INFO - Testing accuracy: 36.24
2026-09-04 16:41:28,274 - INFO - ********************************************************************************
2026-09-04 16:41:28,274 - INFO - Round 303
2026-09-04 16:41:39,425 - INFO - this epoch cost time:1.7739996910095215
2026-09-04 16:41:39,425 - INFO - this epoch choose: [42, 88, 93, 47, 83, 69, 63, 45, 40, 50]
2026-09-04 16:41:39,425 - INFO - this epoch dispatch models: [0 5 4 1 6 5 5 0 1 2]
2026-09-04 16:41:39,425 - INFO - this epoch received models: [np.int64(0), np.int64(5), np.int64(4), np.int64(1), np.int64(6), np.int64(5), np.int64(5), np.int64(0), np.int64(1), np.int64(2)]
2026-09-04 16:41:39,425 - INFO - hetero_proportion: 	4:3:3
2026-09-04 16:41:40,155 - INFO - Support aggregation diagnostics: min_nonzero=0.153332, mean=0.494746, P25=0.153332, P50=0.548309, P75=0.618999; coordinate_ratio(s<0.3/0.3<=s<0.8/s>=0.8)=0.392037/0.376321/0.231642; update_l2(s<0.3/0.3<=s<0.8/s>=0.8)=0.013445/0.107610/0.183440; global_update_l2=0.213099
2026-09-04 16:41:40,174 - INFO - Full evaluation profile: (1.0, 2, 11.424356)
2026-09-04 16:41:41,855 - INFO - Testing accuracy: 35.97
2026-09-04 16:41:41,855 - INFO - ********************************************************************************
2026-09-04 16:41:41,855 - INFO - Round 304
2026-09-04 16:41:52,137 - INFO - this epoch cost time:1.4709997177124023
2026-09-04 16:41:52,137 - INFO - this epoch choose: [70, 72, 2, 47, 16, 38, 75, 79, 88, 74]
2026-09-04 16:41:52,137 - INFO - this epoch dispatch models: [4 3 0 1 1 2 6 6 6 6]
2026-09-04 16:41:52,138 - INFO - this epoch received models: [np.int64(4), np.int64(3), np.int64(0), np.int64(1), np.int64(1), np.int64(2), np.int64(6), np.int64(6), np.int64(6), np.int64(6)]
2026-09-04 16:41:52,138 - INFO - hetero_proportion: 	4:3:3
2026-09-04 16:41:52,484 - INFO - Support aggregation diagnostics: min_nonzero=0.429399, mean=0.620727, P25=0.429399, P50=0.523068, P75=0.720591; coordinate_ratio(s<0.3/0.3<=s<0.8/s>=0.8)=0.000000/0.768358/0.231642; update_l2(s<0.3/0.3<=s<0.8/s>=0.8)=0.000000/0.050757/0.160349; global_update_l2=0.168191
2026-09-04 16:41:52,502 - INFO - Full evaluation profile: (1.0, 2, 11.424356)
2026-09-04 16:41:54,778 - INFO - Testing accuracy: 35.82
2026-09-04 16:41:54,779 - INFO - ********************************************************************************
2026-09-04 16:41:54,779 - INFO - Round 305
2026-09-04 16:42:06,146 - INFO - this epoch cost time:1.571000099182129
2026-09-04 16:42:06,146 - INFO - this epoch choose: [95, 75, 85, 93, 74, 21, 84, 90, 80, 19]
2026-09-04 16:42:06,146 - INFO - this epoch dispatch models: [3 4 5 0 6 1 6 6 4 1]
2026-09-04 16:42:06,146 - INFO - this epoch received models: [np.int64(3), np.int64(4), np.int64(5), np.int64(0), np.int64(6), np.int64(1), np.int64(6), np.int64(6), np.int64(4), np.int64(1)]
2026-09-04 16:42:06,146 - INFO - hetero_proportion: 	4:3:3
2026-09-04 16:42:06,416 - INFO - Support aggregation diagnostics: min_nonzero=0.311521, mean=0.586550, P25=0.311521, P50=0.412850, P75=0.739044; coordinate_ratio(s<0.3/0.3<=s<0.8/s>=0.8)=0.000000/0.768358/0.231642; update_l2(s<0.3/0.3<=s<0.8/s>=0.8)=0.000000/0.065582/0.184539; global_update_l2=0.195846
2026-09-04 16:42:06,436 - INFO - Full evaluation profile: (1.0, 2, 11.424356)
2026-09-04 16:42:08,301 - INFO - Testing accuracy: 35.91
2026-09-04 16:42:08,301 - INFO - ********************************************************************************
2026-09-04 16:42:08,301 - INFO - Round 306
2026-09-04 16:42:19,921 - INFO - this epoch cost time:1.4840004444122314
2026-09-04 16:42:19,921 - INFO - this epoch choose: [48, 20, 10, 92, 79, 56, 30, 45, 82, 40]
2026-09-04 16:42:19,921 - INFO - this epoch dispatch models: [5 1 1 4 5 5 0 2 1 2]
2026-09-04 16:42:19,921 - INFO - this epoch received models: [np.int64(5), np.int64(1), np.int64(1), np.int64(4), np.int64(5), np.int64(5), np.int64(0), np.int64(2), np.int64(1), np.int64(2)]
2026-09-04 16:42:19,921 - INFO - hetero_proportion: 	4:3:3
2026-09-04 16:42:20,276 - INFO - Support aggregation diagnostics: min_nonzero=0.320849, mean=0.405580, P25=0.000000, P50=0.415637, P75=0.607336; coordinate_ratio(s<0.3/0.3<=s<0.8/s>=0.8)=0.392037/0.376321/0.231642; update_l2(s<0.3/0.3<=s<0.8/s>=0.8)=0.000000/0.102328/0.243003; global_update_l2=0.263669
2026-09-04 16:42:20,295 - INFO - Full evaluation profile: (1.0, 2, 11.424356)
2026-09-04 16:42:22,175 - INFO - Testing accuracy: 35.96
2026-09-04 16:42:22,176 - INFO - ********************************************************************************
2026-09-04 16:42:22,176 - INFO - Round 307
2026-09-04 16:42:31,746 - INFO - this epoch cost time:1.3899998664855957
2026-09-04 16:42:31,746 - INFO - this epoch choose: [50, 35, 94, 70, 39, 9, 54, 19, 87, 62]
2026-09-04 16:42:31,746 - INFO - this epoch dispatch models: [5 2 5 5 1 1 0 2 6 5]
2026-09-04 16:42:31,746 - INFO - this epoch received models: [np.int64(5), np.int64(2), np.int64(5), np.int64(5), np.int64(1), np.int64(1), np.int64(0), np.int64(2), np.int64(6), np.int64(5)]
2026-09-04 16:42:31,746 - INFO - hetero_proportion: 	4:3:3
2026-09-04 16:42:32,426 - INFO - Support aggregation diagnostics: min_nonzero=0.069313, mean=0.468615, P25=0.069313, P50=0.473391, P75=0.685622; coordinate_ratio(s<0.3/0.3<=s<0.8/s>=0.8)=0.392037/0.376321/0.231642; update_l2(s<0.3/0.3<=s<0.8/s>=0.8)=0.005165/0.133740/0.230322; global_update_l2=0.266386
2026-09-04 16:42:32,445 - INFO - Full evaluation profile: (1.0, 2, 11.424356)
2026-09-04 16:42:34,745 - INFO - Testing accuracy: 36.47
2026-09-04 16:42:34,746 - INFO - ********************************************************************************
2026-09-04 16:42:34,746 - INFO - Round 308
2026-09-04 16:42:45,729 - INFO - this epoch cost time:1.7299997806549072
2026-09-04 16:42:45,729 - INFO - this epoch choose: [57, 13, 94, 74, 87, 60, 8, 91, 51, 70]
2026-09-04 16:42:45,729 - INFO - this epoch dispatch models: [2 0 3 6 2 4 0 6 5 3]
2026-09-04 16:42:45,729 - INFO - this epoch received models: [np.int64(2), np.int64(0), np.int64(3), np.int64(6), np.int64(2), np.int64(4), np.int64(0), np.int64(6), np.int64(5), np.int64(3)]
2026-09-04 16:42:45,729 - INFO - hetero_proportion: 	4:3:3
2026-09-04 16:42:46,029 - INFO - Support aggregation diagnostics: min_nonzero=0.206582, mean=0.520286, P25=0.206582, P50=0.492106, P75=0.787331; coordinate_ratio(s<0.3/0.3<=s<0.8/s>=0.8)=0.392037/0.422308/0.185655; update_l2(s<0.3/0.3<=s<0.8/s>=0.8)=0.005885/0.129800/0.169318; global_update_l2=0.213428
2026-09-04 16:42:46,049 - INFO - Full evaluation profile: (1.0, 2, 11.424356)
2026-09-04 16:42:47,891 - INFO - Testing accuracy: 36.26
2026-09-04 16:42:47,892 - INFO - ********************************************************************************
2026-09-04 16:42:47,892 - INFO - Round 309
2026-09-04 16:42:58,603 - INFO - this epoch cost time:1.5429997444152832
2026-09-04 16:42:58,603 - INFO - this epoch choose: [68, 42, 5, 92, 52, 90, 45, 94, 63, 64]
2026-09-04 16:42:58,603 - INFO - this epoch dispatch models: [1 4 0 0 4 6 1 2 4 0]
2026-09-04 16:42:58,603 - INFO - this epoch received models: [np.int64(1), np.int64(4), np.int64(0), np.int64(0), np.int64(4), np.int64(6), np.int64(1), np.int64(2), np.int64(4), np.int64(0)]
2026-09-04 16:42:58,603 - INFO - hetero_proportion: 	4:3:3
2026-09-04 16:42:58,915 - INFO - Support aggregation diagnostics: min_nonzero=0.119221, mean=0.393599, P25=0.119221, P50=0.206204, P75=0.480333; coordinate_ratio(s<0.3/0.3<=s<0.8/s>=0.8)=0.516115/0.298231/0.185655; update_l2(s<0.3/0.3<=s<0.8/s>=0.8)=0.024593/0.116522/0.202793; global_update_l2=0.235174
2026-09-04 16:42:58,934 - INFO - Full evaluation profile: (1.0, 2, 11.424356)
2026-09-04 16:43:00,741 - INFO - Testing accuracy: 35.94
2026-09-04 16:43:00,741 - INFO - ********************************************************************************
2026-09-04 16:43:00,741 - INFO - Round 310
2026-09-04 16:43:10,489 - INFO - this epoch cost time:1.2709996700286865
2026-09-04 16:43:10,489 - INFO - this epoch choose: [99, 95, 62, 97, 94, 64, 80, 91, 82, 47]
2026-09-04 16:43:10,489 - INFO - this epoch dispatch models: [4 3 5 6 3 1 1 3 4 1]
2026-09-04 16:43:10,489 - INFO - this epoch received models: [np.int64(4), np.int64(3), np.int64(5), np.int64(6), np.int64(3), np.int64(1), np.int64(1), np.int64(3), np.int64(4), np.int64(1)]
2026-09-04 16:43:10,489 - INFO - hetero_proportion: 	4:3:3
2026-09-04 16:43:11,113 - INFO - Support aggregation diagnostics: min_nonzero=0.104158, mean=0.459397, P25=0.104158, P50=0.200336, P75=0.678496; coordinate_ratio(s<0.3/0.3<=s<0.8/s>=0.8)=0.516115/0.281953/0.201932; update_l2(s<0.3/0.3<=s<0.8/s>=0.8)=0.024813/0.092524/0.122813; global_update_l2=0.155755
2026-09-04 16:43:11,131 - INFO - Full evaluation profile: (1.0, 2, 11.424356)
2026-09-04 16:43:13,380 - INFO - Testing accuracy: 35.70
2026-09-04 16:43:13,381 - INFO - ********************************************************************************
2026-09-04 16:43:13,381 - INFO - Round 311
2026-09-04 16:43:23,435 - INFO - this epoch cost time:1.5519983768463135
2026-09-04 16:43:23,435 - INFO - this epoch choose: [43, 81, 47, 51, 48, 42, 34, 78, 85, 26]
2026-09-04 16:43:23,435 - INFO - this epoch dispatch models: [1 5 3 3 0 4 0 2 4 0]
2026-09-04 16:43:23,435 - INFO - this epoch received models: [np.int64(1), np.int64(5), np.int64(3), np.int64(3), np.int64(0), np.int64(4), np.int64(0), np.int64(2), np.int64(4), np.int64(0)]
2026-09-04 16:43:23,435 - INFO - hetero_proportion: 	4:3:3
2026-09-04 16:43:23,682 - INFO - Support aggregation diagnostics: min_nonzero=0.130141, mean=0.367977, P25=0.000000, P50=0.200811, P75=0.581000; coordinate_ratio(s<0.3/0.3<=s<0.8/s>=0.8)=0.516115/0.298231/0.185655; update_l2(s<0.3/0.3<=s<0.8/s>=0.8)=0.036430/0.111799/0.207404; global_update_l2=0.238417
2026-09-04 16:43:23,703 - INFO - Full evaluation profile: (1.0, 2, 11.424356)
2026-09-04 16:43:25,546 - INFO - Testing accuracy: 35.41
2026-09-04 16:43:25,546 - INFO - ********************************************************************************
2026-09-04 16:43:25,546 - INFO - Round 312
2026-09-04 16:43:36,657 - INFO - this epoch cost time:1.623000144958496
2026-09-04 16:43:36,657 - INFO - this epoch choose: [7, 77, 93, 38, 41, 76, 82, 55, 63, 94]
2026-09-04 16:43:36,657 - INFO - this epoch dispatch models: [1 6 4 1 0 5 6 5 5 6]
2026-09-04 16:43:36,657 - INFO - this epoch received models: [np.int64(1), np.int64(6), np.int64(4), np.int64(1), np.int64(0), np.int64(5), np.int64(6), np.int64(5), np.int64(5), np.int64(6)]
2026-09-04 16:43:36,657 - INFO - hetero_proportion: 	4:3:3
2026-09-04 16:43:37,001 - INFO - Support aggregation diagnostics: min_nonzero=0.282400, mean=0.580067, P25=0.282400, P50=0.610768, P75=0.666525; coordinate_ratio(s<0.3/0.3<=s<0.8/s>=0.8)=0.392037/0.376321/0.231642; update_l2(s<0.3/0.3<=s<0.8/s>=0.8)=0.009404/0.075634/0.202917; global_update_l2=0.216758
2026-09-04 16:43:37,021 - INFO - Full evaluation profile: (1.0, 2, 11.424356)
2026-09-04 16:43:38,885 - INFO - Testing accuracy: 35.53
2026-09-04 16:43:38,886 - INFO - ********************************************************************************
2026-09-04 16:43:38,886 - INFO - Round 313
2026-09-04 16:43:48,487 - INFO - this epoch cost time:1.3440003395080566
2026-09-04 16:43:48,487 - INFO - this epoch choose: [43, 29, 37, 84, 72, 40, 25, 73, 48, 54]
2026-09-04 16:43:48,487 - INFO - this epoch dispatch models: [3 1 1 3 0 5 0 6 5 4]
2026-09-04 16:43:48,487 - INFO - this epoch received models: [np.int64(3), np.int64(1), np.int64(1), np.int64(3), np.int64(0), np.int64(5), np.int64(0), np.int64(6), np.int64(5), np.int64(4)]
2026-09-04 16:43:48,487 - INFO - hetero_proportion: 	4:3:3
2026-09-04 16:43:49,117 - INFO - Support aggregation diagnostics: min_nonzero=0.095617, mean=0.453817, P25=0.095617, P50=0.326402, P75=0.628950; coordinate_ratio(s<0.3/0.3<=s<0.8/s>=0.8)=0.392037/0.406031/0.201932; update_l2(s<0.3/0.3<=s<0.8/s>=0.8)=0.006368/0.118835/0.191916; global_update_l2=0.225818
2026-09-04 16:43:49,135 - INFO - Full evaluation profile: (1.0, 2, 11.424356)
2026-09-04 16:43:51,420 - INFO - Testing accuracy: 35.71
2026-09-04 16:43:51,421 - INFO - ********************************************************************************
2026-09-04 16:43:51,421 - INFO - Round 314
2026-09-04 16:44:01,426 - INFO - this epoch cost time:1.3029990196228027
2026-09-04 16:44:01,427 - INFO - this epoch choose: [47, 64, 96, 57, 74, 50, 54, 9, 39, 76]
2026-09-04 16:44:01,427 - INFO - this epoch dispatch models: [1 0 4 3 6 4 4 1 0 5]
2026-09-04 16:44:01,427 - INFO - this epoch received models: [np.int64(1), np.int64(0), np.int64(4), np.int64(3), np.int64(6), np.int64(4), np.int64(4), np.int64(1), np.int64(0), np.int64(5)]
2026-09-04 16:44:01,427 - INFO - hetero_proportion: 	4:3:3
2026-09-04 16:44:01,781 - INFO - Support aggregation diagnostics: min_nonzero=0.115981, mean=0.450493, P25=0.115981, P50=0.211495, P75=0.632417; coordinate_ratio(s<0.3/0.3<=s<0.8/s>=0.8)=0.516115/0.281953/0.201932; update_l2(s<0.3/0.3<=s<0.8/s>=0.8)=0.017945/0.076534/0.146637; global_update_l2=0.166379
2026-09-04 16:44:01,799 - INFO - Full evaluation profile: (1.0, 2, 11.424356)
2026-09-04 16:44:03,538 - INFO - Testing accuracy: 35.80
2026-09-04 16:44:03,538 - INFO - ********************************************************************************
2026-09-04 16:44:03,539 - INFO - Round 315
2026-09-04 16:44:15,302 - INFO - this epoch cost time:1.8329999446868896
2026-09-04 16:44:15,302 - INFO - this epoch choose: [65, 72, 69, 78, 69, 90, 55, 56, 88, 86]
2026-09-04 16:44:15,302 - INFO - this epoch dispatch models: [1 4 2 3 2 5 1 0 6 6]
2026-09-04 16:44:15,302 - INFO - this epoch received models: [np.int64(1), np.int64(4), np.int64(2), np.int64(3), np.int64(2), np.int64(5), np.int64(1), np.int64(0), np.int64(6), np.int64(6)]
2026-09-04 16:44:15,302 - INFO - hetero_proportion: 	4:3:3
2026-09-04 16:44:15,606 - INFO - Support aggregation diagnostics: min_nonzero=0.195636, mean=0.498552, P25=0.195636, P50=0.443721, P75=0.710949; coordinate_ratio(s<0.3/0.3<=s<0.8/s>=0.8)=0.392037/0.376321/0.231642; update_l2(s<0.3/0.3<=s<0.8/s>=0.8)=0.008946/0.064740/0.150823; global_update_l2=0.164374
2026-09-04 16:44:15,624 - INFO - Full evaluation profile: (1.0, 2, 11.424356)
2026-09-04 16:44:17,489 - INFO - Testing accuracy: 35.59
2026-09-04 16:44:17,489 - INFO - ********************************************************************************
2026-09-04 16:44:17,490 - INFO - Round 316
2026-09-04 16:44:27,153 - INFO - this epoch cost time:1.5309998989105225
2026-09-04 16:44:27,153 - INFO - this epoch choose: [60, 51, 72, 45, 52, 67, 9, 35, 53, 29]
2026-09-04 16:44:27,153 - INFO - this epoch dispatch models: [2 3 3 1 3 5 0 2 3 0]
2026-09-04 16:44:27,153 - INFO - this epoch received models: [np.int64(2), np.int64(3), np.int64(3), np.int64(1), np.int64(3), np.int64(5), np.int64(0), np.int64(2), np.int64(3), np.int64(0)]
2026-09-04 16:44:27,153 - INFO - hetero_proportion: 	4:3:3
2026-09-04 16:44:27,967 - INFO - Support aggregation diagnostics: min_nonzero=0.087104, mean=0.378987, P25=0.000000, P50=0.288372, P75=0.691120; coordinate_ratio(s<0.3/0.3<=s<0.8/s>=0.8)=0.518657/0.295689/0.185655; update_l2(s<0.3/0.3<=s<0.8/s>=0.8)=0.130159/0.178955/0.182298; global_update_l2=0.286703
2026-09-04 16:44:27,985 - INFO - Full evaluation profile: (1.0, 2, 11.424356)
2026-09-04 16:44:30,188 - INFO - Testing accuracy: 35.39
2026-09-04 16:44:30,188 - INFO - ********************************************************************************
2026-09-04 16:44:30,188 - INFO - Round 317
2026-09-04 16:44:41,585 - INFO - this epoch cost time:1.3880000114440918
2026-09-04 16:44:41,585 - INFO - this epoch choose: [97, 49, 48, 89, 76, 41, 20, 71, 46, 75]
2026-09-04 16:44:41,585 - INFO - this epoch dispatch models: [2 5 5 3 6 5 1 5 2 6]
2026-09-04 16:44:41,585 - INFO - this epoch received models: [np.int64(2), np.int64(5), np.int64(5), np.int64(3), np.int64(6), np.int64(5), np.int64(1), np.int64(5), np.int64(2), np.int64(6)]
2026-09-04 16:44:41,585 - INFO - hetero_proportion: 	4:3:3
2026-09-04 16:44:41,793 - INFO - Support aggregation diagnostics: min_nonzero=0.194114, mean=0.597083, P25=0.194114, P50=0.708463, P75=0.900201; coordinate_ratio(s<0.3/0.3<=s<0.8/s>=0.8)=0.392037/0.201135/0.406827; update_l2(s<0.3/0.3<=s<0.8/s>=0.8)=0.009099/0.031466/0.172144; global_update_l2=0.175233
2026-09-04 16:44:41,812 - INFO - Full evaluation profile: (1.0, 2, 11.424356)
2026-09-04 16:44:44,057 - INFO - Testing accuracy: 35.83
2026-09-04 16:44:44,057 - INFO - ********************************************************************************
2026-09-04 16:44:44,057 - INFO - Round 318
2026-09-04 16:44:55,676 - INFO - this epoch cost time:1.5580005645751953
2026-09-04 16:44:55,676 - INFO - this epoch choose: [43, 46, 10, 79, 55, 83, 84, 27, 45, 56]
2026-09-04 16:44:55,676 - INFO - this epoch dispatch models: [5 1 1 3 4 4 4 2 3 2]
2026-09-04 16:44:55,676 - INFO - this epoch received models: [np.int64(5), np.int64(1), np.int64(1), np.int64(3), np.int64(4), np.int64(4), np.int64(4), np.int64(2), np.int64(3), np.int64(2)]
2026-09-04 16:44:55,676 - INFO - hetero_proportion: 	4:3:3
2026-09-04 16:44:56,015 - INFO - Support aggregation diagnostics: min_nonzero=0.095058, mean=0.424011, P25=0.000000, P50=0.270593, P75=0.793978; coordinate_ratio(s<0.3/0.3<=s<0.8/s>=0.8)=0.516115/0.252244/0.231642; update_l2(s<0.3/0.3<=s<0.8/s>=0.8)=0.093513/0.088375/0.184444; global_update_l2=0.224887
2026-09-04 16:44:56,036 - INFO - Full evaluation profile: (1.0, 2, 11.424356)
2026-09-04 16:44:57,891 - INFO - Testing accuracy: 36.08
2026-09-04 16:44:57,892 - INFO - ********************************************************************************
2026-09-04 16:44:57,892 - INFO - Round 319
2026-09-04 16:45:10,168 - INFO - this epoch cost time:1.9209997653961182
2026-09-04 16:45:10,168 - INFO - this epoch choose: [81, 81, 52, 77, 80, 21, 76, 84, 85, 90]
2026-09-04 16:45:10,168 - INFO - this epoch dispatch models: [5 4 3 0 6 2 5 5 1 1]
2026-09-04 16:45:10,168 - INFO - this epoch received models: [np.int64(5), np.int64(4), np.int64(3), np.int64(0), np.int64(6), np.int64(2), np.int64(5), np.int64(5), np.int64(1), np.int64(1)]
2026-09-04 16:45:10,168 - INFO - hetero_proportion: 	4:3:3
2026-09-04 16:45:10,480 - INFO - Support aggregation diagnostics: min_nonzero=0.123522, mean=0.497815, P25=0.123522, P50=0.517552, P75=0.713159; coordinate_ratio(s<0.3/0.3<=s<0.8/s>=0.8)=0.392037/0.376321/0.231642; update_l2(s<0.3/0.3<=s<0.8/s>=0.8)=0.008458/0.138315/0.187535; global_update_l2=0.233178
2026-09-04 16:45:10,499 - INFO - Full evaluation profile: (1.0, 2, 11.424356)
2026-09-04 16:45:12,322 - INFO - Testing accuracy: 35.94
2026-09-04 16:45:12,322 - INFO - ********************************************************************************
2026-09-04 16:45:12,322 - INFO - Round 320
2026-09-04 16:45:22,549 - INFO - this epoch cost time:1.4040002822875977
2026-09-04 16:45:22,549 - INFO - this epoch choose: [99, 2, 27, 40, 61, 75, 4, 97, 43, 46]
2026-09-04 16:45:22,549 - INFO - this epoch dispatch models: [3 1 1 1 1 5 0 5 5 0]
2026-09-04 16:45:22,549 - INFO - this epoch received models: [np.int64(3), np.int64(1), np.int64(1), np.int64(1), np.int64(1), np.int64(5), np.int64(0), np.int64(5), np.int64(5), np.int64(0)]
2026-09-04 16:45:22,549 - INFO - hetero_proportion: 	4:3:3
2026-09-04 16:45:23,391 - INFO - Support aggregation diagnostics: min_nonzero=0.321594, mean=0.363881, P25=0.000000, P50=0.321594, P75=0.415577; coordinate_ratio(s<0.3/0.3<=s<0.8/s>=0.8)=0.392037/0.422308/0.185655; update_l2(s<0.3/0.3<=s<0.8/s>=0.8)=0.000000/0.138335/0.198791; global_update_l2=0.242187
2026-09-04 16:45:23,410 - INFO - Full evaluation profile: (1.0, 2, 11.424356)
2026-09-04 16:45:25,604 - INFO - Testing accuracy: 35.87
2026-09-04 16:45:25,605 - INFO - ********************************************************************************
2026-09-04 16:45:25,605 - INFO - Round 321
2026-09-04 16:45:35,144 - INFO - this epoch cost time:1.3929998874664307
2026-09-04 16:45:35,144 - INFO - this epoch choose: [63, 87, 62, 48, 71, 8, 65, 40, 91, 87]
2026-09-04 16:45:35,144 - INFO - this epoch dispatch models: [0 6 5 5 5 0 1 2 6 4]
2026-09-04 16:45:35,144 - INFO - this epoch received models: [np.int64(0), np.int64(6), np.int64(5), np.int64(5), np.int64(5), np.int64(0), np.int64(1), np.int64(2), np.int64(6), np.int64(4)]
2026-09-04 16:45:35,144 - INFO - hetero_proportion: 	4:3:3
2026-09-04 16:45:35,418 - INFO - Support aggregation diagnostics: min_nonzero=0.178226, mean=0.520720, P25=0.178226, P50=0.584489, P75=0.687053; coordinate_ratio(s<0.3/0.3<=s<0.8/s>=0.8)=0.392037/0.422308/0.185655; update_l2(s<0.3/0.3<=s<0.8/s>=0.8)=0.005936/0.066644/0.162085; global_update_l2=0.175352
2026-09-04 16:45:35,436 - INFO - Full evaluation profile: (1.0, 2, 11.424356)
2026-09-04 16:45:37,300 - INFO - Testing accuracy: 35.52
2026-09-04 16:45:37,301 - INFO - ********************************************************************************
2026-09-04 16:45:37,301 - INFO - Round 322
2026-09-04 16:45:47,471 - INFO - this epoch cost time:1.2450001239776611
2026-09-04 16:45:47,471 - INFO - this epoch choose: [72, 85, 59, 77, 60, 73, 72, 70, 43, 53]
2026-09-04 16:45:47,471 - INFO - this epoch dispatch models: [0 0 4 0 3 0 6 3 2 0]
2026-09-04 16:45:47,471 - INFO - this epoch received models: [np.int64(0), np.int64(0), np.int64(4), np.int64(0), np.int64(3), np.int64(0), np.int64(6), np.int64(3), np.int64(2), np.int64(0)]
2026-09-04 16:45:47,471 - INFO - hetero_proportion: 	4:3:3
2026-09-04 16:45:47,784 - INFO - Support aggregation diagnostics: min_nonzero=0.070734, mean=0.358345, P25=0.070734, P50=0.174561, P75=0.508583; coordinate_ratio(s<0.3/0.3<=s<0.8/s>=0.8)=0.548367/0.265979/0.185655; update_l2(s<0.3/0.3<=s<0.8/s>=0.8)=0.076960/0.130012/0.236596; global_update_l2=0.280719
2026-09-04 16:45:47,803 - INFO - Full evaluation profile: (1.0, 2, 11.424356)
2026-09-04 16:45:49,673 - INFO - Testing accuracy: 35.05
2026-09-04 16:45:49,673 - INFO - ********************************************************************************
2026-09-04 16:45:49,673 - INFO - Round 323
2026-09-04 16:46:00,520 - INFO - this epoch cost time:1.8070001602172852
2026-09-04 16:46:00,520 - INFO - this epoch choose: [94, 44, 56, 8, 84, 82, 41, 2, 75, 98]
2026-09-04 16:46:00,520 - INFO - this epoch dispatch models: [3 3 4 1 0 2 2 2 6 3]
2026-09-04 16:46:00,520 - INFO - this epoch received models: [np.int64(3), np.int64(3), np.int64(4), np.int64(1), np.int64(0), np.int64(2), np.int64(2), np.int64(2), np.int64(6), np.int64(3)]
2026-09-04 16:46:00,520 - INFO - hetero_proportion: 	4:3:3
2026-09-04 16:46:01,649 - INFO - Support aggregation diagnostics: min_nonzero=0.120048, mean=0.459110, P25=0.120048, P50=0.446779, P75=0.803922; coordinate_ratio(s<0.3/0.3<=s<0.8/s>=0.8)=0.402282/0.336975/0.260743; update_l2(s<0.3/0.3<=s<0.8/s>=0.8)=0.006047/0.112880/0.189540; global_update_l2=0.220689
2026-09-04 16:46:01,667 - INFO - Full evaluation profile: (1.0, 2, 11.424356)
2026-09-04 16:46:03,642 - INFO - Testing accuracy: 35.42
2026-09-04 16:46:03,642 - INFO - ********************************************************************************
2026-09-04 16:46:03,642 - INFO - Round 324
2026-09-04 16:46:12,644 - INFO - this epoch cost time:1.1570000648498535
2026-09-04 16:46:12,644 - INFO - this epoch choose: [60, 28, 40, 56, 32, 39, 71, 66, 1, 37]
2026-09-04 16:46:12,644 - INFO - this epoch dispatch models: [4 1 0 5 1 2 5 4 0 2]
2026-09-04 16:46:12,644 - INFO - this epoch received models: [np.int64(4), np.int64(1), np.int64(0), np.int64(5), np.int64(1), np.int64(2), np.int64(5), np.int64(4), np.int64(0), np.int64(2)]
2026-09-04 16:46:12,644 - INFO - hetero_proportion: 	4:3:3
2026-09-04 16:46:12,945 - INFO - Support aggregation diagnostics: min_nonzero=0.220207, mean=0.388951, P25=0.000000, P50=0.409111, P75=0.609672; coordinate_ratio(s<0.3/0.3<=s<0.8/s>=0.8)=0.402282/0.412063/0.185655; update_l2(s<0.3/0.3<=s<0.8/s>=0.8)=0.002840/0.231631/0.213963; global_update_l2=0.315343
2026-09-04 16:46:12,966 - INFO - Full evaluation profile: (1.0, 2, 11.424356)
2026-09-04 16:46:15,212 - INFO - Testing accuracy: 36.35
2026-09-04 16:46:15,212 - INFO - ********************************************************************************
2026-09-04 16:46:15,212 - INFO - Round 325
2026-09-04 16:46:27,263 - INFO - this epoch cost time:1.7460005283355713
2026-09-04 16:46:27,263 - INFO - this epoch choose: [20, 80, 58, 43, 47, 67, 83, 99, 79, 76]
2026-09-04 16:46:27,263 - INFO - this epoch dispatch models: [2 4 4 3 5 3 6 5 3 6]
2026-09-04 16:46:27,263 - INFO - this epoch received models: [np.int64(2), np.int64(4), np.int64(4), np.int64(3), np.int64(5), np.int64(3), np.int64(6), np.int64(5), np.int64(3), np.int64(6)]
2026-09-04 16:46:27,263 - INFO - hetero_proportion: 	4:3:3
2026-09-04 16:46:27,544 - INFO - Support aggregation diagnostics: min_nonzero=0.231529, mean=0.607382, P25=0.231529, P50=0.501994, P75=1.000000; coordinate_ratio(s<0.3/0.3<=s<0.8/s>=0.8)=0.392037/0.156329/0.451633; update_l2(s<0.3/0.3<=s<0.8/s>=0.8)=0.010551/0.100142/0.141803; global_update_l2=0.173919
2026-09-04 16:46:27,565 - INFO - Full evaluation profile: (1.0, 2, 11.424356)
2026-09-04 16:46:29,330 - INFO - Testing accuracy: 36.55
2026-09-04 16:46:29,331 - INFO - ********************************************************************************
2026-09-04 16:46:29,331 - INFO - Round 326
2026-09-04 16:46:40,224 - INFO - this epoch cost time:1.571000099182129
2026-09-04 16:46:40,224 - INFO - this epoch choose: [35, 45, 89, 81, 86, 76, 63, 76, 36, 77]
2026-09-04 16:46:40,224 - INFO - this epoch dispatch models: [0 0 3 3 3 5 1 4 0 2]
2026-09-04 16:46:40,224 - INFO - this epoch received models: [np.int64(0), np.int64(0), np.int64(3), np.int64(3), np.int64(3), np.int64(5), np.int64(1), np.int64(4), np.int64(0), np.int64(2)]
2026-09-04 16:46:40,224 - INFO - hetero_proportion: 	4:3:3
2026-09-04 16:46:40,546 - INFO - Support aggregation diagnostics: min_nonzero=0.091630, mean=0.359156, P25=0.000000, P50=0.176716, P75=0.584292; coordinate_ratio(s<0.3/0.3<=s<0.8/s>=0.8)=0.518657/0.295689/0.185655; update_l2(s<0.3/0.3<=s<0.8/s>=0.8)=0.037290/0.145600/0.220511; global_update_l2=0.266861
2026-09-04 16:46:40,564 - INFO - Full evaluation profile: (1.0, 2, 11.424356)
2026-09-04 16:46:42,421 - INFO - Testing accuracy: 36.04
2026-09-04 16:46:42,422 - INFO - ********************************************************************************
2026-09-04 16:46:42,422 - INFO - Round 327
2026-09-04 16:46:53,254 - INFO - this epoch cost time:1.3209998607635498
2026-09-04 16:46:53,254 - INFO - this epoch choose: [56, 86, 22, 60, 49, 62, 46, 82, 45, 66]
2026-09-04 16:46:53,254 - INFO - this epoch dispatch models: [4 2 1 4 4 5 3 6 0 1]
2026-09-04 16:46:53,254 - INFO - this epoch received models: [np.int64(4), np.int64(2), np.int64(1), np.int64(4), np.int64(4), np.int64(5), np.int64(3), np.int64(6), np.int64(0), np.int64(1)]
2026-09-04 16:46:53,254 - INFO - hetero_proportion: 	4:3:3
2026-09-04 16:46:53,815 - INFO - Support aggregation diagnostics: min_nonzero=0.091512, mean=0.453787, P25=0.091512, P50=0.286049, P75=0.713366; coordinate_ratio(s<0.3/0.3<=s<0.8/s>=0.8)=0.516115/0.281953/0.201932; update_l2(s<0.3/0.3<=s<0.8/s>=0.8)=0.032596/0.094228/0.134346; global_update_l2=0.167303
2026-09-04 16:46:53,835 - INFO - Full evaluation profile: (1.0, 2, 11.424356)
2026-09-04 16:46:56,085 - INFO - Testing accuracy: 36.03
2026-09-04 16:46:56,086 - INFO - ********************************************************************************
2026-09-04 16:46:56,086 - INFO - Round 328
2026-09-04 16:47:05,479 - INFO - this epoch cost time:1.3499999046325684
2026-09-04 16:47:05,479 - INFO - this epoch choose: [93, 76, 89, 24, 50, 68, 49, 61, 92, 55]
2026-09-04 16:47:05,479 - INFO - this epoch dispatch models: [6 3 0 2 2 3 5 2 6 3]
2026-09-04 16:47:05,479 - INFO - this epoch received models: [np.int64(6), np.int64(3), np.int64(0), np.int64(2), np.int64(2), np.int64(3), np.int64(5), np.int64(2), np.int64(6), np.int64(3)]
2026-09-04 16:47:05,479 - INFO - hetero_proportion: 	4:3:3
2026-09-04 16:47:05,815 - INFO - Support aggregation diagnostics: min_nonzero=0.160623, mean=0.527208, P25=0.160623, P50=0.579991, P75=0.918942; coordinate_ratio(s<0.3/0.3<=s<0.8/s>=0.8)=0.402282/0.336975/0.260743; update_l2(s<0.3/0.3<=s<0.8/s>=0.8)=0.013318/0.168443/0.205248; global_update_l2=0.265852
2026-09-04 16:47:05,833 - INFO - Full evaluation profile: (1.0, 2, 11.424356)
2026-09-04 16:47:07,761 - INFO - Testing accuracy: 36.03
2026-09-04 16:47:07,761 - INFO - ********************************************************************************
2026-09-04 16:47:07,761 - INFO - Round 329
2026-09-04 16:47:18,242 - INFO - this epoch cost time:1.4139997959136963
2026-09-04 16:47:18,242 - INFO - this epoch choose: [4, 93, 81, 31, 45, 94, 9, 71, 73, 72]
2026-09-04 16:47:18,242 - INFO - this epoch dispatch models: [2 1 0 2 4 2 2 6 3 4]
2026-09-04 16:47:18,242 - INFO - this epoch received models: [np.int64(2), np.int64(1), np.int64(0), np.int64(2), np.int64(4), np.int64(2), np.int64(2), np.int64(6), np.int64(3), np.int64(4)]
2026-09-04 16:47:18,242 - INFO - hetero_proportion: 	4:3:3
2026-09-04 16:47:18,618 - INFO - Support aggregation diagnostics: min_nonzero=0.112290, mean=0.449410, P25=0.112290, P50=0.403183, P75=0.793103; coordinate_ratio(s<0.3/0.3<=s<0.8/s>=0.8)=0.402282/0.395786/0.201932; update_l2(s<0.3/0.3<=s<0.8/s>=0.8)=0.010188/0.189036/0.217489; global_update_l2=0.288340
2026-09-04 16:47:18,638 - INFO - Full evaluation profile: (1.0, 2, 11.424356)
2026-09-04 16:47:20,530 - INFO - Testing accuracy: 36.22
2026-09-04 16:47:20,530 - INFO - ********************************************************************************
2026-09-04 16:47:20,530 - INFO - Round 330
2026-09-04 16:47:30,617 - INFO - this epoch cost time:1.252000093460083
2026-09-04 16:47:30,617 - INFO - this epoch choose: [70, 76, 61, 92, 41, 98, 73, 21, 72, 90]
2026-09-04 16:47:30,617 - INFO - this epoch dispatch models: [4 3 2 6 1 4 4 1 1 0]
2026-09-04 16:47:30,617 - INFO - this epoch received models: [np.int64(4), np.int64(3), np.int64(2), np.int64(6), np.int64(1), np.int64(4), np.int64(4), np.int64(1), np.int64(1), np.int64(0)]
2026-09-04 16:47:30,617 - INFO - hetero_proportion: 	4:3:3
2026-09-04 16:47:31,241 - INFO - Support aggregation diagnostics: min_nonzero=0.097286, mean=0.413790, P25=0.097286, P50=0.186051, P75=0.583119; coordinate_ratio(s<0.3/0.3<=s<0.8/s>=0.8)=0.516115/0.281953/0.201932; update_l2(s<0.3/0.3<=s<0.8/s>=0.8)=0.035116/0.117943/0.188807; global_update_l2=0.225370
2026-09-04 16:47:31,259 - INFO - Full evaluation profile: (1.0, 2, 11.424356)
2026-09-04 16:47:33,492 - INFO - Testing accuracy: 35.44
2026-09-04 16:47:33,493 - INFO - ********************************************************************************
2026-09-04 16:47:33,493 - INFO - Round 331
2026-09-04 16:47:43,481 - INFO - this epoch cost time:1.2589998245239258
2026-09-04 16:47:43,481 - INFO - this epoch choose: [63, 50, 40, 64, 70, 86, 71, 96, 87, 68]
2026-09-04 16:47:43,481 - INFO - this epoch dispatch models: [2 2 3 5 2 5 1 6 3 3]
2026-09-04 16:47:43,481 - INFO - this epoch received models: [np.int64(2), np.int64(2), np.int64(3), np.int64(5), np.int64(2), np.int64(5), np.int64(1), np.int64(6), np.int64(3), np.int64(3)]
2026-09-04 16:47:43,481 - INFO - hetero_proportion: 	4:3:3
2026-09-04 16:47:43,786 - INFO - Support aggregation diagnostics: min_nonzero=0.106027, mean=0.505155, P25=0.106027, P50=0.589173, P75=0.896221; coordinate_ratio(s<0.3/0.3<=s<0.8/s>=0.8)=0.392037/0.347220/0.260743; update_l2(s<0.3/0.3<=s<0.8/s>=0.8)=0.012182/0.095673/0.136252; global_update_l2=0.166932
2026-09-04 16:47:43,805 - INFO - Full evaluation profile: (1.0, 2, 11.424356)
2026-09-04 16:47:45,699 - INFO - Testing accuracy: 35.70
2026-09-04 16:47:45,700 - INFO - ********************************************************************************
2026-09-04 16:47:45,700 - INFO - Round 332
2026-09-04 16:47:57,406 - INFO - this epoch cost time:1.6800000667572021
2026-09-04 16:47:57,406 - INFO - this epoch choose: [50, 75, 77, 63, 71, 92, 81, 45, 56, 77]
2026-09-04 16:47:57,407 - INFO - this epoch dispatch models: [5 2 5 4 6 1 6 1 1 6]
2026-09-04 16:47:57,407 - INFO - this epoch received models: [np.int64(5), np.int64(2), np.int64(5), np.int64(4), np.int64(6), np.int64(1), np.int64(6), np.int64(1), np.int64(1), np.int64(6)]
2026-09-04 16:47:57,407 - INFO - hetero_proportion: 	4:3:3
2026-09-04 16:47:57,760 - INFO - Support aggregation diagnostics: min_nonzero=0.321942, mean=0.584080, P25=0.321942, P50=0.578737, P75=0.698641; coordinate_ratio(s<0.3/0.3<=s<0.8/s>=0.8)=0.000000/0.768358/0.231642; update_l2(s<0.3/0.3<=s<0.8/s>=0.8)=0.000000/0.041728/0.105880; global_update_l2=0.113806
2026-09-04 16:47:57,780 - INFO - Full evaluation profile: (1.0, 2, 11.424356)
2026-09-04 16:47:59,630 - INFO - Testing accuracy: 35.58
2026-09-04 16:47:59,631 - INFO - ********************************************************************************
2026-09-04 16:47:59,631 - INFO - Round 333
2026-09-04 16:48:11,282 - INFO - this epoch cost time:1.5400002002716064
2026-09-04 16:48:11,282 - INFO - this epoch choose: [84, 81, 84, 69, 38, 11, 68, 88, 95, 62]
2026-09-04 16:48:11,282 - INFO - this epoch dispatch models: [4 3 1 2 1 2 5 5 4 3]
2026-09-04 16:48:11,282 - INFO - this epoch received models: [np.int64(4), np.int64(3), np.int64(1), np.int64(2), np.int64(1), np.int64(2), np.int64(5), np.int64(5), np.int64(4), np.int64(3)]
2026-09-04 16:48:11,282 - INFO - hetero_proportion: 	4:3:3
2026-09-04 16:48:11,588 - INFO - Support aggregation diagnostics: min_nonzero=0.203576, mean=0.439318, P25=0.000000, P50=0.443506, P75=0.824916; coordinate_ratio(s<0.3/0.3<=s<0.8/s>=0.8)=0.402282/0.336975/0.260743; update_l2(s<0.3/0.3<=s<0.8/s>=0.8)=0.005234/0.132174/0.163414; global_update_l2=0.210242
2026-09-04 16:48:11,607 - INFO - Full evaluation profile: (1.0, 2, 11.424356)
2026-09-04 16:48:13,531 - INFO - Testing accuracy: 36.20
2026-09-04 16:48:13,531 - INFO - ********************************************************************************
2026-09-04 16:48:13,531 - INFO - Round 334
2026-09-04 16:48:23,962 - INFO - this epoch cost time:1.202991247177124
2026-09-04 16:48:23,962 - INFO - this epoch choose: [76, 20, 17, 56, 99, 93, 42, 46, 88, 61]
2026-09-04 16:48:23,962 - INFO - this epoch dispatch models: [6 1 1 2 4 3 5 0 6 5]
2026-09-04 16:48:23,962 - INFO - this epoch received models: [np.int64(6), np.int64(1), np.int64(1), np.int64(2), np.int64(4), np.int64(3), np.int64(5), np.int64(0), np.int64(6), np.int64(5)]
2026-09-04 16:48:23,962 - INFO - hetero_proportion: 	4:3:3
2026-09-04 16:48:24,623 - INFO - Support aggregation diagnostics: min_nonzero=0.201149, mean=0.511313, P25=0.201149, P50=0.507024, P75=0.662197; coordinate_ratio(s<0.3/0.3<=s<0.8/s>=0.8)=0.392037/0.376321/0.231642; update_l2(s<0.3/0.3<=s<0.8/s>=0.8)=0.007868/0.055847/0.192962; global_update_l2=0.201035
2026-09-04 16:48:24,642 - INFO - Full evaluation profile: (1.0, 2, 11.424356)
2026-09-04 16:48:27,072 - INFO - Testing accuracy: 36.13
2026-09-04 16:48:27,073 - INFO - ********************************************************************************
2026-09-04 16:48:27,073 - INFO - Round 335
2026-09-04 16:48:37,701 - INFO - this epoch cost time:1.6739997863769531
2026-09-04 16:48:37,701 - INFO - this epoch choose: [22, 72, 85, 61, 40, 76, 29, 96, 78, 7]
2026-09-04 16:48:37,701 - INFO - this epoch dispatch models: [1 0 6 0 5 3 2 5 0 1]
2026-09-04 16:48:37,701 - INFO - this epoch received models: [np.int64(1), np.int64(0), np.int64(6), np.int64(0), np.int64(5), np.int64(3), np.int64(2), np.int64(5), np.int64(0), np.int64(1)]
2026-09-04 16:48:37,702 - INFO - hetero_proportion: 	4:3:3
2026-09-04 16:48:38,066 - INFO - Support aggregation diagnostics: min_nonzero=0.111645, mean=0.428610, P25=0.111645, P50=0.432598, P75=0.534193; coordinate_ratio(s<0.3/0.3<=s<0.8/s>=0.8)=0.392037/0.422308/0.185655; update_l2(s<0.3/0.3<=s<0.8/s>=0.8)=0.009948/0.132189/0.173539; global_update_l2=0.218377
2026-09-04 16:48:38,085 - INFO - Full evaluation profile: (1.0, 2, 11.424356)
2026-09-04 16:48:39,922 - INFO - Testing accuracy: 35.46
2026-09-04 16:48:39,923 - INFO - ********************************************************************************
2026-09-04 16:48:39,923 - INFO - Round 336
2026-09-04 16:48:51,599 - INFO - this epoch cost time:1.86899995803833
2026-09-04 16:48:51,599 - INFO - this epoch choose: [56, 90, 50, 65, 76, 51, 69, 73, 60, 33]
2026-09-04 16:48:51,599 - INFO - this epoch dispatch models: [2 6 3 0 6 2 5 6 5 1]
2026-09-04 16:48:51,599 - INFO - this epoch received models: [np.int64(2), np.int64(6), np.int64(3), np.int64(0), np.int64(6), np.int64(2), np.int64(5), np.int64(6), np.int64(5), np.int64(1)]
2026-09-04 16:48:51,600 - INFO - hetero_proportion: 	4:3:3
2026-09-04 16:48:51,929 - INFO - Support aggregation diagnostics: min_nonzero=0.307614, mean=0.607455, P25=0.307614, P50=0.616039, P75=0.835156; coordinate_ratio(s<0.3/0.3<=s<0.8/s>=0.8)=0.000000/0.709547/0.290453; update_l2(s<0.3/0.3<=s<0.8/s>=0.8)=0.000000/0.041398/0.129772; global_update_l2=0.136215
2026-09-04 16:48:51,947 - INFO - Full evaluation profile: (1.0, 2, 11.424356)
2026-09-04 16:48:53,822 - INFO - Testing accuracy: 35.84
2026-09-04 16:48:53,822 - INFO - ********************************************************************************
2026-09-04 16:48:53,822 - INFO - Round 337
2026-09-04 16:49:04,800 - INFO - this epoch cost time:1.434999942779541
2026-09-04 16:49:04,800 - INFO - this epoch choose: [48, 21, 61, 74, 51, 94, 79, 67, 59, 54]
2026-09-04 16:49:04,800 - INFO - this epoch dispatch models: [5 2 3 6 5 2 5 1 4 4]
2026-09-04 16:49:04,800 - INFO - this epoch received models: [np.int64(5), np.int64(2), np.int64(3), np.int64(6), np.int64(5), np.int64(2), np.int64(5), np.int64(1), np.int64(4), np.int64(4)]
2026-09-04 16:49:04,800 - INFO - hetero_proportion: 	4:3:3
2026-09-04 16:49:05,397 - INFO - Support aggregation diagnostics: min_nonzero=0.108658, mean=0.543896, P25=0.108658, P50=0.629673, P75=0.920201; coordinate_ratio(s<0.3/0.3<=s<0.8/s>=0.8)=0.392037/0.314968/0.292995; update_l2(s<0.3/0.3<=s<0.8/s>=0.8)=0.004287/0.075541/0.144242; global_update_l2=0.162882
2026-09-04 16:49:05,416 - INFO - Full evaluation profile: (1.0, 2, 11.424356)
2026-09-04 16:49:07,643 - INFO - Testing accuracy: 35.97
2026-09-04 16:49:07,644 - INFO - ********************************************************************************
2026-09-04 16:49:07,644 - INFO - Round 338
2026-09-04 16:49:18,288 - INFO - this epoch cost time:1.5310065746307373
2026-09-04 16:49:18,288 - INFO - this epoch choose: [75, 90, 54, 59, 58, 65, 70, 59, 75, 86]
2026-09-04 16:49:18,288 - INFO - this epoch dispatch models: [3 0 1 0 1 1 0 5 6 6]
2026-09-04 16:49:18,288 - INFO - this epoch received models: [np.int64(3), np.int64(0), np.int64(1), np.int64(0), np.int64(1), np.int64(1), np.int64(0), np.int64(5), np.int64(6), np.int64(6)]
2026-09-04 16:49:18,288 - INFO - hetero_proportion: 	4:3:3
2026-09-04 16:49:18,632 - INFO - Support aggregation diagnostics: min_nonzero=0.207619, mean=0.434501, P25=0.207619, P50=0.297302, P75=0.406672; coordinate_ratio(s<0.3/0.3<=s<0.8/s>=0.8)=0.518657/0.295689/0.185655; update_l2(s<0.3/0.3<=s<0.8/s>=0.8)=0.027220/0.133312/0.207555; global_update_l2=0.248177
2026-09-04 16:49:18,650 - INFO - Full evaluation profile: (1.0, 2, 11.424356)
2026-09-04 16:49:20,647 - INFO - Testing accuracy: 35.80
2026-09-04 16:49:20,647 - INFO - ********************************************************************************
2026-09-04 16:49:20,647 - INFO - Round 339
2026-09-04 16:49:30,993 - INFO - this epoch cost time:1.5079998970031738
2026-09-04 16:49:30,993 - INFO - this epoch choose: [89, 64, 39, 75, 26, 58, 86, 19, 87, 40]
2026-09-04 16:49:30,993 - INFO - this epoch dispatch models: [6 2 0 1 0 5 2 0 2 5]
2026-09-04 16:49:30,993 - INFO - this epoch received models: [np.int64(6), np.int64(2), np.int64(0), np.int64(1), np.int64(0), np.int64(5), np.int64(2), np.int64(0), np.int64(2), np.int64(5)]
2026-09-04 16:49:30,993 - INFO - hetero_proportion: 	4:3:3
2026-09-04 16:49:31,278 - INFO - Support aggregation diagnostics: min_nonzero=0.080868, mean=0.412447, P25=0.080868, P50=0.300489, P75=0.582252; coordinate_ratio(s<0.3/0.3<=s<0.8/s>=0.8)=0.392037/0.422308/0.185655; update_l2(s<0.3/0.3<=s<0.8/s>=0.8)=0.015987/0.094419/0.171953; global_update_l2=0.196820
2026-09-04 16:49:31,298 - INFO - Full evaluation profile: (1.0, 2, 11.424356)
2026-09-04 16:49:33,071 - INFO - Testing accuracy: 35.59
2026-09-04 16:49:33,071 - INFO - ********************************************************************************
2026-09-04 16:49:33,071 - INFO - Round 340
2026-09-04 16:49:44,258 - INFO - this epoch cost time:1.6619999408721924
2026-09-04 16:49:44,258 - INFO - this epoch choose: [43, 15, 67, 48, 92, 90, 65, 94, 51, 79]
2026-09-04 16:49:44,259 - INFO - this epoch dispatch models: [2 0 5 2 6 6 0 1 5 0]
2026-09-04 16:49:44,259 - INFO - this epoch received models: [np.int64(2), np.int64(0), np.int64(5), np.int64(2), np.int64(6), np.int64(6), np.int64(0), np.int64(1), np.int64(5), np.int64(0)]
2026-09-04 16:49:44,259 - INFO - hetero_proportion: 	4:3:3
2026-09-04 16:49:44,924 - INFO - Support aggregation diagnostics: min_nonzero=0.216449, mean=0.499913, P25=0.216449, P50=0.413440, P75=0.643330; coordinate_ratio(s<0.3/0.3<=s<0.8/s>=0.8)=0.392037/0.422308/0.185655; update_l2(s<0.3/0.3<=s<0.8/s>=0.8)=0.008781/0.086311/0.161617; global_update_l2=0.183431
2026-09-04 16:49:44,945 - INFO - Full evaluation profile: (1.0, 2, 11.424356)
2026-09-04 16:49:46,697 - INFO - Testing accuracy: 35.86
2026-09-04 16:49:46,698 - INFO - ********************************************************************************
2026-09-04 16:49:46,698 - INFO - Round 341
2026-09-04 16:49:56,374 - INFO - this epoch cost time:1.0799999237060547
2026-09-04 16:49:56,374 - INFO - this epoch choose: [56, 57, 92, 68, 56, 63, 26, 43, 45, 86]
2026-09-04 16:49:56,375 - INFO - this epoch dispatch models: [2 0 5 0 0 4 0 4 5 3]
2026-09-04 16:49:56,375 - INFO - this epoch received models: [np.int64(2), np.int64(0), np.int64(5), np.int64(0), np.int64(0), np.int64(4), np.int64(0), np.int64(4), np.int64(5), np.int64(3)]
2026-09-04 16:49:56,375 - INFO - hetero_proportion: 	4:3:3
2026-09-04 16:49:56,742 - INFO - Support aggregation diagnostics: min_nonzero=0.192836, mean=0.375032, P25=0.000000, P50=0.291965, P75=0.591675; coordinate_ratio(s<0.3/0.3<=s<0.8/s>=0.8)=0.516115/0.298231/0.185655; update_l2(s<0.3/0.3<=s<0.8/s>=0.8)=0.028543/0.075602/0.185257; global_update_l2=0.202115
2026-09-04 16:49:56,762 - INFO - Full evaluation profile: (1.0, 2, 11.424356)
2026-09-04 16:49:59,025 - INFO - Testing accuracy: 35.76
2026-09-04 16:49:59,025 - INFO - ********************************************************************************
2026-09-04 16:49:59,025 - INFO - Round 342
2026-09-04 16:50:09,963 - INFO - this epoch cost time:1.413001537322998
2026-09-04 16:50:09,963 - INFO - this epoch choose: [46, 12, 87, 49, 48, 68, 50, 23, 70, 68]
2026-09-04 16:50:09,963 - INFO - this epoch dispatch models: [3 0 6 0 3 4 1 0 3 5]
2026-09-04 16:50:09,963 - INFO - this epoch received models: [np.int64(3), np.int64(0), np.int64(6), np.int64(0), np.int64(3), np.int64(4), np.int64(1), np.int64(0), np.int64(3), np.int64(5)]
2026-09-04 16:50:09,963 - INFO - hetero_proportion: 	4:3:3
2026-09-04 16:50:10,242 - INFO - Support aggregation diagnostics: min_nonzero=0.060138, mean=0.403120, P25=0.060138, P50=0.163098, P75=0.609384; coordinate_ratio(s<0.3/0.3<=s<0.8/s>=0.8)=0.518657/0.295689/0.185655; update_l2(s<0.3/0.3<=s<0.8/s>=0.8)=0.030254/0.129185/0.245073; global_update_l2=0.278684
2026-09-04 16:50:10,261 - INFO - Full evaluation profile: (1.0, 2, 11.424356)
2026-09-04 16:50:12,026 - INFO - Testing accuracy: 35.94
2026-09-04 16:50:12,027 - INFO - ********************************************************************************
2026-09-04 16:50:12,027 - INFO - Round 343
2026-09-04 16:50:23,210 - INFO - this epoch cost time:1.4830000400543213
2026-09-04 16:50:23,210 - INFO - this epoch choose: [73, 94, 77, 71, 75, 52, 75, 68, 71, 64]
2026-09-04 16:50:23,211 - INFO - this epoch dispatch models: [3 3 3 6 1 5 0 4 3 4]
2026-09-04 16:50:23,211 - INFO - this epoch received models: [np.int64(3), np.int64(3), np.int64(3), np.int64(6), np.int64(1), np.int64(5), np.int64(0), np.int64(4), np.int64(3), np.int64(4)]
2026-09-04 16:50:23,211 - INFO - hetero_proportion: 	4:3:3
2026-09-04 16:50:23,558 - INFO - Support aggregation diagnostics: min_nonzero=0.103126, mean=0.467316, P25=0.103126, P50=0.177832, P75=0.756395; coordinate_ratio(s<0.3/0.3<=s<0.8/s>=0.8)=0.516115/0.281953/0.201932; update_l2(s<0.3/0.3<=s<0.8/s>=0.8)=0.030599/0.087004/0.160362; global_update_l2=0.184992
2026-09-04 16:50:23,576 - INFO - Full evaluation profile: (1.0, 2, 11.424356)
2026-09-04 16:50:25,298 - INFO - Testing accuracy: 35.85
2026-09-04 16:50:25,299 - INFO - ********************************************************************************
2026-09-04 16:50:25,299 - INFO - Round 344
2026-09-04 16:50:34,197 - INFO - this epoch cost time:1.2769994735717773
2026-09-04 16:50:34,198 - INFO - this epoch choose: [37, 99, 44, 99, 96, 22, 93, 76, 34, 51]
2026-09-04 16:50:34,198 - INFO - this epoch dispatch models: [0 6 0 0 2 1 3 2 0 5]
2026-09-04 16:50:34,198 - INFO - this epoch received models: [np.int64(0), np.int64(6), np.int64(0), np.int64(0), np.int64(2), np.int64(1), np.int64(3), np.int64(2), np.int64(0), np.int64(5)]
2026-09-04 16:50:34,198 - INFO - hetero_proportion: 	4:3:3
2026-09-04 16:50:34,398 - INFO - Support aggregation diagnostics: min_nonzero=0.098836, mean=0.382728, P25=0.098836, P50=0.274921, P75=0.482540; coordinate_ratio(s<0.3/0.3<=s<0.8/s>=0.8)=0.593173/0.221173/0.185655; update_l2(s<0.3/0.3<=s<0.8/s>=0.8)=0.020809/0.077899/0.209404; global_update_l2=0.224391
2026-09-04 16:50:34,418 - INFO - Full evaluation profile: (1.0, 2, 11.424356)
2026-09-04 16:50:36,645 - INFO - Testing accuracy: 35.73
2026-09-04 16:50:36,646 - INFO - ********************************************************************************
2026-09-04 16:50:36,646 - INFO - Round 345
2026-09-04 16:50:47,508 - INFO - this epoch cost time:1.5989933013916016
2026-09-04 16:50:47,508 - INFO - this epoch choose: [99, 41, 71, 43, 95, 85, 72, 70, 29, 57]
2026-09-04 16:50:47,508 - INFO - this epoch dispatch models: [0 3 1 3 6 2 6 1 2 0]
2026-09-04 16:50:47,508 - INFO - this epoch received models: [np.int64(0), np.int64(3), np.int64(1), np.int64(3), np.int64(6), np.int64(2), np.int64(6), np.int64(1), np.int64(2), np.int64(0)]
2026-09-04 16:50:47,508 - INFO - hetero_proportion: 	4:3:3
2026-09-04 16:50:47,803 - INFO - Support aggregation diagnostics: min_nonzero=0.143787, mean=0.415344, P25=0.143787, P50=0.336292, P75=0.560158; coordinate_ratio(s<0.3/0.3<=s<0.8/s>=0.8)=0.402282/0.412063/0.185655; update_l2(s<0.3/0.3<=s<0.8/s>=0.8)=0.009593/0.128854/0.150290; global_update_l2=0.198198
2026-09-04 16:50:47,823 - INFO - Full evaluation profile: (1.0, 2, 11.424356)
2026-09-04 16:50:49,622 - INFO - Testing accuracy: 35.42
2026-09-04 16:50:49,622 - INFO - ********************************************************************************
2026-09-04 16:50:49,622 - INFO - Round 346
2026-09-04 16:51:00,687 - INFO - this epoch cost time:1.6090002059936523
2026-09-04 16:51:00,687 - INFO - this epoch choose: [94, 80, 56, 61, 95, 46, 64, 43, 95, 59]
2026-09-04 16:51:00,687 - INFO - this epoch dispatch models: [4 6 0 3 2 4 5 5 0 1]
2026-09-04 16:51:00,687 - INFO - this epoch received models: [np.int64(4), np.int64(6), np.int64(0), np.int64(3), np.int64(2), np.int64(4), np.int64(5), np.int64(5), np.int64(0), np.int64(1)]
2026-09-04 16:51:00,687 - INFO - hetero_proportion: 	4:3:3
2026-09-04 16:51:00,963 - INFO - Support aggregation diagnostics: min_nonzero=0.136232, mean=0.488591, P25=0.136232, P50=0.415942, P75=0.712008; coordinate_ratio(s<0.3/0.3<=s<0.8/s>=0.8)=0.392037/0.406031/0.201932; update_l2(s<0.3/0.3<=s<0.8/s>=0.8)=0.008175/0.076289/0.138111; global_update_l2=0.157992
2026-09-04 16:51:00,981 - INFO - Full evaluation profile: (1.0, 2, 11.424356)
2026-09-04 16:51:02,860 - INFO - Testing accuracy: 35.59
2026-09-04 16:51:02,860 - INFO - ********************************************************************************
2026-09-04 16:51:02,860 - INFO - Round 347
2026-09-04 16:51:12,003 - INFO - this epoch cost time:1.2709999084472656
2026-09-04 16:51:12,003 - INFO - this epoch choose: [78, 99, 52, 84, 61, 64, 46, 50, 51, 74]
2026-09-04 16:51:12,003 - INFO - this epoch dispatch models: [6 3 0 6 4 2 3 5 2 3]
2026-09-04 16:51:12,003 - INFO - this epoch received models: [np.int64(6), np.int64(3), np.int64(0), np.int64(6), np.int64(4), np.int64(2), np.int64(3), np.int64(5), np.int64(2), np.int64(3)]
2026-09-04 16:51:12,003 - INFO - hetero_proportion: 	4:3:3
2026-09-04 16:51:12,671 - INFO - Support aggregation diagnostics: min_nonzero=0.172580, mean=0.529820, P25=0.172580, P50=0.475033, P75=0.919404; coordinate_ratio(s<0.3/0.3<=s<0.8/s>=0.8)=0.402282/0.336975/0.260743; update_l2(s<0.3/0.3<=s<0.8/s>=0.8)=0.010289/0.050211/0.120034; global_update_l2=0.130519
2026-09-04 16:51:12,689 - INFO - Full evaluation profile: (1.0, 2, 11.424356)
2026-09-04 16:51:15,006 - INFO - Testing accuracy: 35.64
2026-09-04 16:51:15,006 - INFO - ********************************************************************************
2026-09-04 16:51:15,006 - INFO - Round 348
2026-09-04 16:51:25,148 - INFO - this epoch cost time:1.4120001792907715
2026-09-04 16:51:25,148 - INFO - this epoch choose: [97, 67, 96, 98, 89, 94, 61, 72, 49, 80]
2026-09-04 16:51:25,148 - INFO - this epoch dispatch models: [6 3 4 6 6 2 0 5 3 6]
2026-09-04 16:51:25,148 - INFO - this epoch received models: [np.int64(6), np.int64(3), np.int64(4), np.int64(6), np.int64(6), np.int64(2), np.int64(0), np.int64(5), np.int64(3), np.int64(6)]
2026-09-04 16:51:25,148 - INFO - hetero_proportion: 	4:3:3
2026-09-04 16:51:25,469 - INFO - Support aggregation diagnostics: min_nonzero=0.411851, mean=0.663153, P25=0.411851, P50=0.573860, P75=0.905863; coordinate_ratio(s<0.3/0.3<=s<0.8/s>=0.8)=0.000000/0.548367/0.451633; update_l2(s<0.3/0.3<=s<0.8/s>=0.8)=0.000000/0.034197/0.139280; global_update_l2=0.143416
2026-09-04 16:51:25,488 - INFO - Full evaluation profile: (1.0, 2, 11.424356)
2026-09-04 16:51:27,177 - INFO - Testing accuracy: 35.93
2026-09-04 16:51:27,178 - INFO - ********************************************************************************
2026-09-04 16:51:27,178 - INFO - Round 349
2026-09-04 16:51:39,689 - INFO - this epoch cost time:1.6560001373291016
2026-09-04 16:51:39,689 - INFO - this epoch choose: [18, 62, 48, 79, 24, 54, 27, 96, 69, 81]
2026-09-04 16:51:39,689 - INFO - this epoch dispatch models: [2 5 5 5 1 4 0 3 3 5]
2026-09-04 16:51:39,689 - INFO - this epoch received models: [np.int64(2), np.int64(5), np.int64(5), np.int64(5), np.int64(1), np.int64(4), np.int64(0), np.int64(3), np.int64(3), np.int64(5)]
2026-09-04 16:51:39,689 - INFO - hetero_proportion: 	4:3:3
2026-09-04 16:51:39,975 - INFO - Support aggregation diagnostics: min_nonzero=0.417337, mean=0.475187, P25=0.000000, P50=0.504023, P75=0.829005; coordinate_ratio(s<0.3/0.3<=s<0.8/s>=0.8)=0.392037/0.347220/0.260743; update_l2(s<0.3/0.3<=s<0.8/s>=0.8)=0.000000/0.135420/0.203767; global_update_l2=0.244662
2026-09-04 16:51:39,994 - INFO - Full evaluation profile: (1.0, 2, 11.424356)
2026-09-04 16:51:41,833 - INFO - Testing accuracy: 36.45
2026-09-04 16:51:41,834 - INFO - ********************************************************************************
2026-09-04 16:51:41,834 - INFO - Round 350
2026-09-04 16:51:52,827 - INFO - this epoch cost time:1.5700006484985352
2026-09-04 16:51:52,828 - INFO - this epoch choose: [96, 49, 46, 89, 46, 54, 6, 58, 74, 63]
2026-09-04 16:51:52,828 - INFO - this epoch dispatch models: [3 4 3 0 3 0 1 0 6 5]
2026-09-04 16:51:52,828 - INFO - this epoch received models: [np.int64(3), np.int64(4), np.int64(3), np.int64(0), np.int64(3), np.int64(0), np.int64(1), np.int64(0), np.int64(6), np.int64(5)]
2026-09-04 16:51:52,828 - INFO - hetero_proportion: 	4:3:3
2026-09-04 16:51:53,867 - INFO - Support aggregation diagnostics: min_nonzero=0.107616, mean=0.437817, P25=0.107616, P50=0.204872, P75=0.641090; coordinate_ratio(s<0.3/0.3<=s<0.8/s>=0.8)=0.516115/0.298231/0.185655; update_l2(s<0.3/0.3<=s<0.8/s>=0.8)=0.047336/0.095500/0.169112; global_update_l2=0.199900
2026-09-04 16:51:53,885 - INFO - Full evaluation profile: (1.0, 2, 11.424356)
2026-09-04 16:51:55,695 - INFO - Testing accuracy: 36.69
2026-09-04 16:51:55,695 - INFO - ********************************************************************************
2026-09-04 16:51:55,695 - INFO - Round 351
2026-09-04 16:52:06,278 - INFO - this epoch cost time:1.4620001316070557
2026-09-04 16:52:06,279 - INFO - this epoch choose: [71, 41, 78, 65, 70, 64, 71, 92, 68, 59]
2026-09-04 16:52:06,279 - INFO - this epoch dispatch models: [0 1 6 4 6 5 5 6 3 5]
2026-09-04 16:52:06,279 - INFO - this epoch received models: [np.int64(0), np.int64(1), np.int64(6), np.int64(4), np.int64(6), np.int64(5), np.int64(5), np.int64(6), np.int64(3), np.int64(5)]
2026-09-04 16:52:06,279 - INFO - hetero_proportion: 	4:3:3
2026-09-04 16:52:06,732 - INFO - Support aggregation diagnostics: min_nonzero=0.295830, mean=0.607534, P25=0.295830, P50=0.583399, P75=0.775570; coordinate_ratio(s<0.3/0.3<=s<0.8/s>=0.8)=0.392037/0.406031/0.201932; update_l2(s<0.3/0.3<=s<0.8/s>=0.8)=0.010064/0.065782/0.118487; global_update_l2=0.135896
2026-09-04 16:52:06,750 - INFO - Full evaluation profile: (1.0, 2, 11.424356)
2026-09-04 16:52:09,025 - INFO - Testing accuracy: 36.21
2026-09-04 16:52:09,025 - INFO - ********************************************************************************
2026-09-04 16:52:09,025 - INFO - Round 352
2026-09-04 16:52:20,537 - INFO - this epoch cost time:1.5919995307922363
2026-09-04 16:52:20,537 - INFO - this epoch choose: [87, 85, 59, 82, 88, 49, 80, 96, 58, 75]
2026-09-04 16:52:20,537 - INFO - this epoch dispatch models: [4 4 4 0 6 0 6 1 5 6]
2026-09-04 16:52:20,537 - INFO - this epoch received models: [np.int64(4), np.int64(4), np.int64(4), np.int64(0), np.int64(6), np.int64(0), np.int64(6), np.int64(1), np.int64(5), np.int64(6)]
2026-09-04 16:52:20,537 - INFO - hetero_proportion: 	4:3:3
2026-09-04 16:52:20,847 - INFO - Support aggregation diagnostics: min_nonzero=0.331745, mean=0.579487, P25=0.331745, P50=0.435404, P75=0.688072; coordinate_ratio(s<0.3/0.3<=s<0.8/s>=0.8)=0.000000/0.814345/0.185655; update_l2(s<0.3/0.3<=s<0.8/s>=0.8)=0.000000/0.076641/0.152554; global_update_l2=0.170724
2026-09-04 16:52:20,866 - INFO - Full evaluation profile: (1.0, 2, 11.424356)
2026-09-04 16:52:22,591 - INFO - Testing accuracy: 36.11
2026-09-04 16:52:22,592 - INFO - ********************************************************************************
2026-09-04 16:52:22,592 - INFO - Round 353
2026-09-04 16:52:34,700 - INFO - this epoch cost time:1.6429996490478516
2026-09-04 16:52:34,700 - INFO - this epoch choose: [46, 71, 23, 68, 74, 58, 73, 68, 15, 74]
2026-09-04 16:52:34,700 - INFO - this epoch dispatch models: [5 3 2 3 6 0 6 0 0 4]
2026-09-04 16:52:34,700 - INFO - this epoch received models: [np.int64(5), np.int64(3), np.int64(2), np.int64(3), np.int64(6), np.int64(0), np.int64(6), np.int64(0), np.int64(0), np.int64(4)]
2026-09-04 16:52:34,700 - INFO - hetero_proportion: 	4:3:3
2026-09-04 16:52:35,046 - INFO - Support aggregation diagnostics: min_nonzero=0.192236, mean=0.495978, P25=0.192236, P50=0.414334, P75=0.717059; coordinate_ratio(s<0.3/0.3<=s<0.8/s>=0.8)=0.402282/0.412063/0.185655; update_l2(s<0.3/0.3<=s<0.8/s>=0.8)=0.007140/0.252238/0.177704; global_update_l2=0.308632
2026-09-04 16:52:35,065 - INFO - Full evaluation profile: (1.0, 2, 11.424356)
2026-09-04 16:52:36,878 - INFO - Testing accuracy: 37.00
2026-09-04 16:52:36,878 - INFO - ********************************************************************************
2026-09-04 16:52:36,878 - INFO - Round 354
2026-09-04 16:52:49,684 - INFO - this epoch cost time:1.932999849319458
2026-09-04 16:52:49,684 - INFO - this epoch choose: [80, 80, 92, 71, 86, 75, 99, 81, 80, 92]
2026-09-04 16:52:49,684 - INFO - this epoch dispatch models: [6 6 3 3 2 3 4 1 6 0]
2026-09-04 16:52:49,684 - INFO - this epoch received models: [np.int64(6), np.int64(6), np.int64(3), np.int64(3), np.int64(2), np.int64(3), np.int64(4), np.int64(1), np.int64(6), np.int64(0)]
2026-09-04 16:52:49,684 - INFO - hetero_proportion: 	4:3:3
2026-09-04 16:52:50,619 - INFO - Support aggregation diagnostics: min_nonzero=0.343663, mean=0.589955, P25=0.343663, P50=0.437500, P75=0.797180; coordinate_ratio(s<0.3/0.3<=s<0.8/s>=0.8)=0.000000/0.798068/0.201932; update_l2(s<0.3/0.3<=s<0.8/s>=0.8)=0.000000/0.070645/0.109923; global_update_l2=0.130667
2026-09-04 16:52:50,638 - INFO - Full evaluation profile: (1.0, 2, 11.424356)
2026-09-04 16:52:52,472 - INFO - Testing accuracy: 36.14
2026-09-04 16:52:52,473 - INFO - ********************************************************************************
2026-09-04 16:52:52,473 - INFO - Round 355
2026-09-04 16:53:01,839 - INFO - this epoch cost time:1.2979998588562012
2026-09-04 16:53:01,839 - INFO - this epoch choose: [77, 60, 71, 77, 59, 41, 71, 84, 50, 68]
2026-09-04 16:53:01,839 - INFO - this epoch dispatch models: [3 3 1 5 2 2 3 5 0 1]
2026-09-04 16:53:01,839 - INFO - this epoch received models: [np.int64(3), np.int64(3), np.int64(1), np.int64(5), np.int64(2), np.int64(2), np.int64(3), np.int64(5), np.int64(0), np.int64(1)]
2026-09-04 16:53:01,839 - INFO - hetero_proportion: 	4:3:3
2026-09-04 16:53:02,203 - INFO - Support aggregation diagnostics: min_nonzero=0.177329, mean=0.400871, P25=0.000000, P50=0.411752, P75=0.706189; coordinate_ratio(s<0.3/0.3<=s<0.8/s>=0.8)=0.402282/0.395786/0.201932; update_l2(s<0.3/0.3<=s<0.8/s>=0.8)=0.004412/0.075199/0.097173; global_update_l2=0.122951
2026-09-04 16:53:02,221 - INFO - Full evaluation profile: (1.0, 2, 11.424356)
2026-09-04 16:53:04,278 - INFO - Testing accuracy: 35.99
2026-09-04 16:53:04,278 - INFO - ********************************************************************************
2026-09-04 16:53:04,278 - INFO - Round 356
2026-09-04 16:53:15,250 - INFO - this epoch cost time:1.696000337600708
2026-09-04 16:53:15,250 - INFO - this epoch choose: [98, 53, 50, 30, 74, 25, 76, 99, 31, 43]
2026-09-04 16:53:15,251 - INFO - this epoch dispatch models: [5 5 4 1 4 2 0 6 2 5]
2026-09-04 16:53:15,251 - INFO - this epoch received models: [np.int64(5), np.int64(5), np.int64(4), np.int64(1), np.int64(4), np.int64(2), np.int64(0), np.int64(6), np.int64(2), np.int64(5)]
2026-09-04 16:53:15,251 - INFO - hetero_proportion: 	4:3:3
2026-09-04 16:53:15,561 - INFO - Support aggregation diagnostics: min_nonzero=0.097231, mean=0.505209, P25=0.097231, P50=0.610035, P75=0.803040; coordinate_ratio(s<0.3/0.3<=s<0.8/s>=0.8)=0.392037/0.314968/0.292995; update_l2(s<0.3/0.3<=s<0.8/s>=0.8)=0.006489/0.097735/0.214714; global_update_l2=0.236001
2026-09-04 16:53:15,581 - INFO - Full evaluation profile: (1.0, 2, 11.424356)
2026-09-04 16:53:17,266 - INFO - Testing accuracy: 36.26
2026-09-04 16:53:17,267 - INFO - ********************************************************************************
2026-09-04 16:53:17,267 - INFO - Round 357
2026-09-04 16:53:29,239 - INFO - this epoch cost time:1.8279995918273926
2026-09-04 16:53:29,239 - INFO - this epoch choose: [89, 60, 97, 79, 94, 43, 42, 53, 3, 81]
2026-09-04 16:53:29,239 - INFO - this epoch dispatch models: [3 3 3 2 6 5 1 2 2 6]
2026-09-04 16:53:29,239 - INFO - this epoch received models: [np.int64(3), np.int64(3), np.int64(3), np.int64(2), np.int64(6), np.int64(5), np.int64(1), np.int64(2), np.int64(2), np.int64(6)]
2026-09-04 16:53:29,239 - INFO - hetero_proportion: 	4:3:3
2026-09-04 16:53:29,536 - INFO - Support aggregation diagnostics: min_nonzero=0.213635, mean=0.548654, P25=0.213635, P50=0.572729, P75=0.907612; coordinate_ratio(s<0.3/0.3<=s<0.8/s>=0.8)=0.392037/0.347220/0.260743; update_l2(s<0.3/0.3<=s<0.8/s>=0.8)=0.006194/0.089915/0.119240; global_update_l2=0.149470
2026-09-04 16:53:29,555 - INFO - Full evaluation profile: (1.0, 2, 11.424356)
2026-09-04 16:53:31,276 - INFO - Testing accuracy: 36.18
2026-09-04 16:53:31,276 - INFO - ********************************************************************************
2026-09-04 16:53:31,276 - INFO - Round 358
2026-09-04 16:53:41,428 - INFO - this epoch cost time:1.2189998626708984
2026-09-04 16:53:41,428 - INFO - this epoch choose: [63, 63, 78, 78, 96, 91, 97, 66, 26, 95]
2026-09-04 16:53:41,429 - INFO - this epoch dispatch models: [5 5 5 5 4 6 6 3 1 6]
2026-09-04 16:53:41,429 - INFO - this epoch received models: [np.int64(5), np.int64(5), np.int64(5), np.int64(5), np.int64(4), np.int64(6), np.int64(6), np.int64(3), np.int64(1), np.int64(6)]
2026-09-04 16:53:41,429 - INFO - hetero_proportion: 	4:3:3
2026-09-04 16:53:42,032 - INFO - Support aggregation diagnostics: min_nonzero=0.308637, mean=0.663355, P25=0.308637, P50=0.691363, P75=0.904428; coordinate_ratio(s<0.3/0.3<=s<0.8/s>=0.8)=0.000000/0.516115/0.483885; update_l2(s<0.3/0.3<=s<0.8/s>=0.8)=0.000000/0.040546/0.136939; global_update_l2=0.142816
2026-09-04 16:53:42,054 - INFO - Full evaluation profile: (1.0, 2, 11.424356)
2026-09-04 16:53:44,336 - INFO - Testing accuracy: 36.13
2026-09-04 16:53:44,337 - INFO - ********************************************************************************
2026-09-04 16:53:44,337 - INFO - Round 359
2026-09-04 16:53:53,786 - INFO - this epoch cost time:1.2599999904632568
2026-09-04 16:53:53,787 - INFO - this epoch choose: [97, 94, 36, 28, 60, 65, 89, 49, 85, 89]
2026-09-04 16:53:53,787 - INFO - this epoch dispatch models: [3 5 0 1 5 3 1 0 0 5]
2026-09-04 16:53:53,787 - INFO - this epoch received models: [np.int64(3), np.int64(5), np.int64(0), np.int64(1), np.int64(5), np.int64(3), np.int64(1), np.int64(0), np.int64(0), np.int64(5)]
2026-09-04 16:53:53,787 - INFO - hetero_proportion: 	4:3:3
2026-09-04 16:53:54,055 - INFO - Support aggregation diagnostics: min_nonzero=0.263590, mean=0.355674, P25=0.000000, P50=0.263590, P75=0.452308; coordinate_ratio(s<0.3/0.3<=s<0.8/s>=0.8)=0.518657/0.295689/0.185655; update_l2(s<0.3/0.3<=s<0.8/s>=0.8)=0.036681/0.141445/0.230885; global_update_l2=0.273240
2026-09-04 16:53:54,073 - INFO - Full evaluation profile: (1.0, 2, 11.424356)
2026-09-04 16:53:55,920 - INFO - Testing accuracy: 36.11
2026-09-04 16:53:55,921 - INFO - ********************************************************************************
2026-09-04 16:53:55,921 - INFO - Round 360
2026-09-04 16:54:07,530 - INFO - this epoch cost time:2.119999647140503
2026-09-04 16:54:07,530 - INFO - this epoch choose: [51, 70, 64, 83, 97, 44, 77, 90, 99, 78]
2026-09-04 16:54:07,530 - INFO - this epoch dispatch models: [4 6 3 2 3 0 0 4 1 1]
2026-09-04 16:54:07,530 - INFO - this epoch received models: [np.int64(4), np.int64(6), np.int64(3), np.int64(2), np.int64(3), np.int64(0), np.int64(0), np.int64(4), np.int64(1), np.int64(1)]
2026-09-04 16:54:07,530 - INFO - hetero_proportion: 	4:3:3
2026-09-04 16:54:07,847 - INFO - Support aggregation diagnostics: min_nonzero=0.124423, mean=0.441958, P25=0.124423, P50=0.270000, P75=0.676923; coordinate_ratio(s<0.3/0.3<=s<0.8/s>=0.8)=0.516115/0.281953/0.201932; update_l2(s<0.3/0.3<=s<0.8/s>=0.8)=0.055735/0.088580/0.125756; global_update_l2=0.163607
2026-09-04 16:54:07,866 - INFO - Full evaluation profile: (1.0, 2, 11.424356)
2026-09-04 16:54:09,650 - INFO - Testing accuracy: 35.72
2026-09-04 16:54:09,650 - INFO - ********************************************************************************
2026-09-04 16:54:09,650 - INFO - Round 361
2026-09-04 16:54:21,331 - INFO - this epoch cost time:1.684999942779541
2026-09-04 16:54:21,331 - INFO - this epoch choose: [28, 29, 8, 92, 89, 80, 49, 53, 90, 95]
2026-09-04 16:54:21,331 - INFO - this epoch dispatch models: [0 1 2 4 6 6 1 5 2 5]
2026-09-04 16:54:21,331 - INFO - this epoch received models: [np.int64(0), np.int64(1), np.int64(2), np.int64(4), np.int64(6), np.int64(6), np.int64(1), np.int64(5), np.int64(2), np.int64(5)]
2026-09-04 16:54:21,331 - INFO - hetero_proportion: 	4:3:3
2026-09-04 16:54:22,122 - INFO - Support aggregation diagnostics: min_nonzero=0.195003, mean=0.509493, P25=0.195003, P50=0.477362, P75=0.692655; coordinate_ratio(s<0.3/0.3<=s<0.8/s>=0.8)=0.392037/0.376321/0.231642; update_l2(s<0.3/0.3<=s<0.8/s>=0.8)=0.008860/0.092682/0.175336; global_update_l2=0.198523
2026-09-04 16:54:22,141 - INFO - Full evaluation profile: (1.0, 2, 11.424356)
2026-09-04 16:54:24,081 - INFO - Testing accuracy: 36.28
2026-09-04 16:54:24,081 - INFO - ********************************************************************************
2026-09-04 16:54:24,081 - INFO - Round 362
2026-09-04 16:54:34,484 - INFO - this epoch cost time:1.4779996871948242
2026-09-04 16:54:34,484 - INFO - this epoch choose: [58, 46, 55, 70, 44, 11, 52, 49, 47, 74]
2026-09-04 16:54:34,484 - INFO - this epoch dispatch models: [3 4 1 6 1 1 1 3 5 5]
2026-09-04 16:54:34,484 - INFO - this epoch received models: [np.int64(3), np.int64(4), np.int64(1), np.int64(6), np.int64(1), np.int64(1), np.int64(1), np.int64(3), np.int64(5), np.int64(5)]
2026-09-04 16:54:34,484 - INFO - hetero_proportion: 	4:3:3
2026-09-04 16:54:34,854 - INFO - Support aggregation diagnostics: min_nonzero=0.123285, mean=0.472658, P25=0.123285, P50=0.308498, P75=0.641197; coordinate_ratio(s<0.3/0.3<=s<0.8/s>=0.8)=0.392037/0.406031/0.201932; update_l2(s<0.3/0.3<=s<0.8/s>=0.8)=0.006790/0.102543/0.147549; global_update_l2=0.179811
2026-09-04 16:54:34,873 - INFO - Full evaluation profile: (1.0, 2, 11.424356)
2026-09-04 16:54:37,144 - INFO - Testing accuracy: 36.71
2026-09-04 16:54:37,145 - INFO - ********************************************************************************
2026-09-04 16:54:37,145 - INFO - Round 363
2026-09-04 16:54:48,625 - INFO - this epoch cost time:1.563999891281128
2026-09-04 16:54:48,625 - INFO - this epoch choose: [93, 92, 22, 88, 43, 74, 64, 67, 41, 69]
2026-09-04 16:54:48,626 - INFO - this epoch dispatch models: [1 5 0 5 2 6 4 4 0 2]
2026-09-04 16:54:48,626 - INFO - this epoch received models: [np.int64(1), np.int64(5), np.int64(0), np.int64(5), np.int64(2), np.int64(6), np.int64(4), np.int64(4), np.int64(0), np.int64(2)]
2026-09-04 16:54:48,626 - INFO - hetero_proportion: 	4:3:3
2026-09-04 16:54:49,001 - INFO - Support aggregation diagnostics: min_nonzero=0.111864, mean=0.466070, P25=0.111864, P50=0.480359, P75=0.719641; coordinate_ratio(s<0.3/0.3<=s<0.8/s>=0.8)=0.392037/0.422308/0.185655; update_l2(s<0.3/0.3<=s<0.8/s>=0.8)=0.002985/0.052975/0.148624; global_update_l2=0.157811
2026-09-04 16:54:49,019 - INFO - Full evaluation profile: (1.0, 2, 11.424356)
2026-09-04 16:54:51,014 - INFO - Testing accuracy: 36.72
2026-09-04 16:54:51,014 - INFO - ********************************************************************************
2026-09-04 16:54:51,014 - INFO - Round 364
2026-09-04 16:55:02,962 - INFO - this epoch cost time:1.500999927520752
2026-09-04 16:55:02,962 - INFO - this epoch choose: [81, 92, 86, 35, 76, 52, 20, 21, 68, 50]
2026-09-04 16:55:02,962 - INFO - this epoch dispatch models: [1 6 6 2 6 5 0 2 0 5]
2026-09-04 16:55:02,962 - INFO - this epoch received models: [np.int64(1), np.int64(6), np.int64(6), np.int64(2), np.int64(6), np.int64(5), np.int64(0), np.int64(2), np.int64(0), np.int64(5)]
2026-09-04 16:55:02,962 - INFO - hetero_proportion: 	4:3:3
2026-09-04 16:55:03,286 - INFO - Support aggregation diagnostics: min_nonzero=0.298460, mean=0.540471, P25=0.298460, P50=0.441888, P75=0.645329; coordinate_ratio(s<0.3/0.3<=s<0.8/s>=0.8)=0.392037/0.422308/0.185655; update_l2(s<0.3/0.3<=s<0.8/s>=0.8)=0.007053/0.141015/0.162947; global_update_l2=0.215608
2026-09-04 16:55:03,304 - INFO - Full evaluation profile: (1.0, 2, 11.424356)
2026-09-04 16:55:05,083 - INFO - Testing accuracy: 35.91
2026-09-04 16:55:05,083 - INFO - ********************************************************************************
2026-09-04 16:55:05,083 - INFO - Round 365
2026-09-04 16:55:14,508 - INFO - this epoch cost time:1.1379997730255127
2026-09-04 16:55:14,508 - INFO - this epoch choose: [18, 15, 68, 88, 66, 16, 55, 48, 94, 61]
2026-09-04 16:55:14,508 - INFO - this epoch dispatch models: [1 0 3 6 1 2 0 3 3 4]
2026-09-04 16:55:14,508 - INFO - this epoch received models: [np.int64(1), np.int64(0), np.int64(3), np.int64(6), np.int64(1), np.int64(2), np.int64(0), np.int64(3), np.int64(3), np.int64(4)]
2026-09-04 16:55:14,508 - INFO - hetero_proportion: 	4:3:3
2026-09-04 16:55:15,155 - INFO - Support aggregation diagnostics: min_nonzero=0.097892, mean=0.409231, P25=0.097892, P50=0.190515, P75=0.610863; coordinate_ratio(s<0.3/0.3<=s<0.8/s>=0.8)=0.518657/0.295689/0.185655; update_l2(s<0.3/0.3<=s<0.8/s>=0.8)=0.066604/0.150045/0.180386; global_update_l2=0.243903
2026-09-04 16:55:15,174 - INFO - Full evaluation profile: (1.0, 2, 11.424356)
2026-09-04 16:55:17,468 - INFO - Testing accuracy: 36.56
2026-09-04 16:55:17,468 - INFO - ********************************************************************************
2026-09-04 16:55:17,468 - INFO - Round 366
2026-09-04 16:55:27,364 - INFO - this epoch cost time:1.496999979019165
2026-09-04 16:55:27,364 - INFO - this epoch choose: [77, 90, 93, 89, 83, 60, 76, 74, 2, 45]
2026-09-04 16:55:27,364 - INFO - this epoch dispatch models: [0 4 1 1 3 5 2 6 0 0]
2026-09-04 16:55:27,364 - INFO - this epoch received models: [np.int64(0), np.int64(4), np.int64(1), np.int64(1), np.int64(3), np.int64(5), np.int64(2), np.int64(6), np.int64(0), np.int64(0)]
2026-09-04 16:55:27,364 - INFO - hetero_proportion: 	4:3:3
2026-09-04 16:55:27,730 - INFO - Support aggregation diagnostics: min_nonzero=0.113310, mean=0.421219, P25=0.113310, P50=0.302767, P75=0.574429; coordinate_ratio(s<0.3/0.3<=s<0.8/s>=0.8)=0.402282/0.412063/0.185655; update_l2(s<0.3/0.3<=s<0.8/s>=0.8)=0.004115/0.222808/0.194995; global_update_l2=0.296113
2026-09-04 16:55:27,751 - INFO - Full evaluation profile: (1.0, 2, 11.424356)
2026-09-04 16:55:29,594 - INFO - Testing accuracy: 35.72
2026-09-04 16:55:29,595 - INFO - ********************************************************************************
2026-09-04 16:55:29,595 - INFO - Round 367
2026-09-04 16:55:41,329 - INFO - this epoch cost time:1.7579996585845947
2026-09-04 16:55:41,329 - INFO - this epoch choose: [99, 75, 28, 30, 92, 63, 75, 62, 4, 99]
2026-09-04 16:55:41,329 - INFO - this epoch dispatch models: [1 6 1 0 6 2 2 2 0 3]
2026-09-04 16:55:41,329 - INFO - this epoch received models: [np.int64(1), np.int64(6), np.int64(1), np.int64(0), np.int64(6), np.int64(2), np.int64(2), np.int64(2), np.int64(0), np.int64(3)]
2026-09-04 16:55:41,329 - INFO - hetero_proportion: 	4:3:3
2026-09-04 16:55:41,701 - INFO - Support aggregation diagnostics: min_nonzero=0.215400, mean=0.462906, P25=0.215400, P50=0.307601, P75=0.616584; coordinate_ratio(s<0.3/0.3<=s<0.8/s>=0.8)=0.402282/0.395786/0.201932; update_l2(s<0.3/0.3<=s<0.8/s>=0.8)=0.006530/0.070743/0.161475; global_update_l2=0.176412
2026-09-04 16:55:41,720 - INFO - Full evaluation profile: (1.0, 2, 11.424356)
2026-09-04 16:55:43,412 - INFO - Testing accuracy: 35.72
2026-09-04 16:55:43,413 - INFO - ********************************************************************************
2026-09-04 16:55:43,413 - INFO - Round 368
2026-09-04 16:55:55,254 - INFO - this epoch cost time:1.5889997482299805
2026-09-04 16:55:55,254 - INFO - this epoch choose: [83, 11, 48, 68, 60, 72, 49, 53, 63, 92]
2026-09-04 16:55:55,255 - INFO - this epoch dispatch models: [2 2 3 2 2 1 3 4 4 6]
2026-09-04 16:55:55,255 - INFO - this epoch received models: [np.int64(2), np.int64(2), np.int64(3), np.int64(2), np.int64(2), np.int64(1), np.int64(3), np.int64(4), np.int64(4), np.int64(6)]
2026-09-04 16:55:55,255 - INFO - hetero_proportion: 	4:3:3
2026-09-04 16:55:55,807 - INFO - Support aggregation diagnostics: min_nonzero=0.088198, mean=0.474458, P25=0.088198, P50=0.502964, P75=0.938567; coordinate_ratio(s<0.3/0.3<=s<0.8/s>=0.8)=0.402282/0.336975/0.260743; update_l2(s<0.3/0.3<=s<0.8/s>=0.8)=0.005669/0.081446/0.094916; global_update_l2=0.125199
2026-09-04 16:55:55,827 - INFO - Full evaluation profile: (1.0, 2, 11.424356)
2026-09-04 16:55:58,104 - INFO - Testing accuracy: 35.55
2026-09-04 16:55:58,105 - INFO - ********************************************************************************
2026-09-04 16:55:58,105 - INFO - Round 369
2026-09-04 16:56:08,938 - INFO - this epoch cost time:1.3909997940063477
2026-09-04 16:56:08,939 - INFO - this epoch choose: [74, 35, 97, 94, 62, 8, 49, 70, 3, 73]
2026-09-04 16:56:08,939 - INFO - this epoch dispatch models: [6 2 4 2 4 0 2 4 0 5]
2026-09-04 16:56:08,939 - INFO - this epoch received models: [np.int64(6), np.int64(2), np.int64(4), np.int64(2), np.int64(4), np.int64(0), np.int64(2), np.int64(4), np.int64(0), np.int64(5)]
2026-09-04 16:56:08,939 - INFO - hetero_proportion: 	4:3:3
2026-09-04 16:56:09,242 - INFO - Support aggregation diagnostics: min_nonzero=0.105037, mean=0.462022, P25=0.105037, P50=0.483805, P75=0.783561; coordinate_ratio(s<0.3/0.3<=s<0.8/s>=0.8)=0.402282/0.412063/0.185655; update_l2(s<0.3/0.3<=s<0.8/s>=0.8)=0.003758/0.080002/0.156262; global_update_l2=0.175591
2026-09-04 16:56:09,261 - INFO - Full evaluation profile: (1.0, 2, 11.424356)
2026-09-04 16:56:11,265 - INFO - Testing accuracy: 35.57
2026-09-04 16:56:11,265 - INFO - ********************************************************************************
2026-09-04 16:56:11,265 - INFO - Round 370
2026-09-04 16:56:23,357 - INFO - this epoch cost time:1.4270012378692627
2026-09-04 16:56:23,357 - INFO - this epoch choose: [59, 96, 52, 86, 55, 53, 88, 99, 0, 86]
2026-09-04 16:56:23,357 - INFO - this epoch dispatch models: [2 3 3 3 5 5 2 6 1 4]
2026-09-04 16:56:23,357 - INFO - this epoch received models: [np.int64(2), np.int64(3), np.int64(3), np.int64(3), np.int64(5), np.int64(5), np.int64(2), np.int64(6), np.int64(1), np.int64(4)]
2026-09-04 16:56:23,357 - INFO - hetero_proportion: 	4:3:3
2026-09-04 16:56:23,647 - INFO - Support aggregation diagnostics: min_nonzero=0.089071, mean=0.504483, P25=0.089071, P50=0.503719, P75=0.878505; coordinate_ratio(s<0.3/0.3<=s<0.8/s>=0.8)=0.392037/0.347220/0.260743; update_l2(s<0.3/0.3<=s<0.8/s>=0.8)=0.005397/0.097391/0.148069; global_update_l2=0.177309
2026-09-04 16:56:23,666 - INFO - Full evaluation profile: (1.0, 2, 11.424356)
2026-09-04 16:56:25,421 - INFO - Testing accuracy: 35.80
2026-09-04 16:56:25,421 - INFO - ********************************************************************************
2026-09-04 16:56:25,421 - INFO - Round 371
2026-09-04 16:56:36,361 - INFO - this epoch cost time:1.451000452041626
2026-09-04 16:56:36,361 - INFO - this epoch choose: [89, 59, 42, 34, 92, 73, 52, 72, 91, 13]
2026-09-04 16:56:36,361 - INFO - this epoch dispatch models: [0 5 3 2 5 5 4 6 3 2]
2026-09-04 16:56:36,361 - INFO - this epoch received models: [np.int64(0), np.int64(5), np.int64(3), np.int64(2), np.int64(5), np.int64(5), np.int64(4), np.int64(6), np.int64(3), np.int64(2)]
2026-09-04 16:56:36,361 - INFO - hetero_proportion: 	4:3:3
2026-09-04 16:56:36,695 - INFO - Support aggregation diagnostics: min_nonzero=0.072890, mean=0.510007, P25=0.072890, P50=0.627025, P75=0.919011; coordinate_ratio(s<0.3/0.3<=s<0.8/s>=0.8)=0.392037/0.347220/0.260743; update_l2(s<0.3/0.3<=s<0.8/s>=0.8)=0.004375/0.117637/0.148032; global_update_l2=0.189132
2026-09-04 16:56:36,713 - INFO - Full evaluation profile: (1.0, 2, 11.424356)
2026-09-04 16:56:38,488 - INFO - Testing accuracy: 35.89
2026-09-04 16:56:38,488 - INFO - ********************************************************************************
2026-09-04 16:56:38,488 - INFO - Round 372
2026-09-04 16:56:47,747 - INFO - this epoch cost time:1.4800000190734863
2026-09-04 16:56:47,747 - INFO - this epoch choose: [92, 91, 89, 94, 47, 95, 65, 61, 13, 68]
2026-09-04 16:56:47,747 - INFO - this epoch dispatch models: [5 3 3 4 3 3 3 4 1 5]
2026-09-04 16:56:47,747 - INFO - this epoch received models: [np.int64(5), np.int64(3), np.int64(3), np.int64(4), np.int64(3), np.int64(3), np.int64(3), np.int64(4), np.int64(1), np.int64(5)]
2026-09-04 16:56:47,747 - INFO - hetero_proportion: 	4:3:3
2026-09-04 16:56:48,222 - INFO - Support aggregation diagnostics: min_nonzero=0.226562, mean=0.466455, P25=0.000000, P50=0.226562, P75=0.878472; coordinate_ratio(s<0.3/0.3<=s<0.8/s>=0.8)=0.516115/0.032252/0.451633; update_l2(s<0.3/0.3<=s<0.8/s>=0.8)=0.022860/0.082581/0.144588; global_update_l2=0.168071
2026-09-04 16:56:48,244 - INFO - Full evaluation profile: (1.0, 2, 11.424356)
2026-09-04 16:56:50,532 - INFO - Testing accuracy: 35.56
2026-09-04 16:56:50,533 - INFO - ********************************************************************************
2026-09-04 16:56:50,533 - INFO - Round 373
2026-09-04 16:57:00,855 - INFO - this epoch cost time:1.4539997577667236
2026-09-04 16:57:00,855 - INFO - this epoch choose: [85, 99, 73, 66, 85, 83, 61, 85, 57, 18]
2026-09-04 16:57:00,855 - INFO - this epoch dispatch models: [4 3 0 1 4 1 2 0 5 0]
2026-09-04 16:57:00,855 - INFO - this epoch received models: [np.int64(4), np.int64(3), np.int64(0), np.int64(1), np.int64(4), np.int64(1), np.int64(2), np.int64(0), np.int64(5), np.int64(0)]
2026-09-04 16:57:00,855 - INFO - hetero_proportion: 	4:3:3
2026-09-04 16:57:01,181 - INFO - Support aggregation diagnostics: min_nonzero=0.116721, mean=0.347009, P25=0.000000, P50=0.202726, P75=0.488577; coordinate_ratio(s<0.3/0.3<=s<0.8/s>=0.8)=0.516115/0.298231/0.185655; update_l2(s<0.3/0.3<=s<0.8/s>=0.8)=0.068689/0.147427/0.198704; global_update_l2=0.256781
2026-09-04 16:57:01,199 - INFO - Full evaluation profile: (1.0, 2, 11.424356)
2026-09-04 16:57:02,860 - INFO - Testing accuracy: 35.41
2026-09-04 16:57:02,861 - INFO - ********************************************************************************
2026-09-04 16:57:02,861 - INFO - Round 374
2026-09-04 16:57:14,211 - INFO - this epoch cost time:1.6579992771148682
2026-09-04 16:57:14,211 - INFO - this epoch choose: [67, 63, 81, 62, 99, 96, 64, 52, 67, 63]
2026-09-04 16:57:14,211 - INFO - this epoch dispatch models: [3 3 3 4 6 2 5 2 4 4]
2026-09-04 16:57:14,211 - INFO - this epoch received models: [np.int64(3), np.int64(3), np.int64(3), np.int64(4), np.int64(6), np.int64(2), np.int64(5), np.int64(2), np.int64(4), np.int64(4)]
2026-09-04 16:57:14,211 - INFO - hetero_proportion: 	4:3:3
2026-09-04 16:57:14,565 - INFO - Support aggregation diagnostics: min_nonzero=0.097576, mean=0.521207, P25=0.097576, P50=0.379440, P75=1.000000; coordinate_ratio(s<0.3/0.3<=s<0.8/s>=0.8)=0.402282/0.146084/0.451633; update_l2(s<0.3/0.3<=s<0.8/s>=0.8)=0.006841/0.049374/0.119214; global_update_l2=0.129215
2026-09-04 16:57:14,584 - INFO - Full evaluation profile: (1.0, 2, 11.424356)
2026-09-04 16:57:16,526 - INFO - Testing accuracy: 35.50
2026-09-04 16:57:16,526 - INFO - ********************************************************************************
2026-09-04 16:57:16,526 - INFO - Round 375
2026-09-04 16:57:29,092 - INFO - this epoch cost time:1.536423683166504
2026-09-04 16:57:29,092 - INFO - this epoch choose: [75, 26, 25, 8, 18, 30, 77, 2, 30, 82]
2026-09-04 16:57:29,092 - INFO - this epoch dispatch models: [3 0 2 2 2 2 6 2 2 5]
2026-09-04 16:57:29,092 - INFO - this epoch received models: [np.int64(3), np.int64(0), np.int64(2), np.int64(2), np.int64(2), np.int64(2), np.int64(6), np.int64(2), np.int64(2), np.int64(5)]
2026-09-04 16:57:29,092 - INFO - hetero_proportion: 	4:3:3
2026-09-04 16:57:29,773 - INFO - Support aggregation diagnostics: min_nonzero=0.085509, mean=0.462489, P25=0.085509, P50=0.298585, P75=0.913095; coordinate_ratio(s<0.3/0.3<=s<0.8/s>=0.8)=0.593173/0.146084/0.260743; update_l2(s<0.3/0.3<=s<0.8/s>=0.8)=0.021056/0.188357/0.226697; global_update_l2=0.295489
2026-09-04 16:57:29,793 - INFO - Full evaluation profile: (1.0, 2, 11.424356)
2026-09-04 16:57:31,626 - INFO - Testing accuracy: 36.37
2026-09-04 16:57:31,627 - INFO - ********************************************************************************
2026-09-04 16:57:31,627 - INFO - Round 376
2026-09-04 16:57:41,336 - INFO - this epoch cost time:1.3304088115692139
2026-09-04 16:57:41,336 - INFO - this epoch choose: [50, 58, 90, 78, 56, 72, 46, 43, 51, 96]
2026-09-04 16:57:41,336 - INFO - this epoch dispatch models: [0 1 3 1 0 1 4 4 4 6]
2026-09-04 16:57:41,336 - INFO - this epoch received models: [np.int64(0), np.int64(1), np.int64(3), np.int64(1), np.int64(0), np.int64(1), np.int64(4), np.int64(4), np.int64(4), np.int64(6)]
2026-09-04 16:57:41,336 - INFO - hetero_proportion: 	4:3:3
2026-09-04 16:57:41,605 - INFO - Support aggregation diagnostics: min_nonzero=0.107121, mean=0.417077, P25=0.107121, P50=0.107121, P75=0.563880; coordinate_ratio(s<0.3/0.3<=s<0.8/s>=0.8)=0.516115/0.281953/0.201932; update_l2(s<0.3/0.3<=s<0.8/s>=0.8)=0.018927/0.095376/0.149367; global_update_l2=0.178228
2026-09-04 16:57:41,630 - INFO - Full evaluation profile: (1.0, 2, 11.424356)
2026-09-04 16:57:43,832 - INFO - Testing accuracy: 36.33
2026-09-04 16:57:43,833 - INFO - ********************************************************************************
2026-09-04 16:57:43,833 - INFO - Round 377
2026-09-04 16:57:56,028 - INFO - this epoch cost time:1.5206351280212402
2026-09-04 16:57:56,029 - INFO - this epoch choose: [67, 0, 71, 55, 97, 95, 57, 66, 48, 30]
2026-09-04 16:57:56,029 - INFO - this epoch dispatch models: [2 1 6 1 6 6 3 5 5 0]
2026-09-04 16:57:56,029 - INFO - this epoch received models: [np.int64(2), np.int64(1), np.int64(6), np.int64(1), np.int64(6), np.int64(6), np.int64(3), np.int64(5), np.int64(5), np.int64(0)]
2026-09-04 16:57:56,029 - INFO - hetero_proportion: 	4:3:3
2026-09-04 16:57:56,334 - INFO - Support aggregation diagnostics: min_nonzero=0.267346, mean=0.551704, P25=0.267346, P50=0.557371, P75=0.674226; coordinate_ratio(s<0.3/0.3<=s<0.8/s>=0.8)=0.392037/0.406031/0.201932; update_l2(s<0.3/0.3<=s<0.8/s>=0.8)=0.005504/0.094978/0.140319; global_update_l2=0.169530
2026-09-04 16:57:56,354 - INFO - Full evaluation profile: (1.0, 2, 11.424356)
2026-09-04 16:57:58,238 - INFO - Testing accuracy: 36.53
2026-09-04 16:57:58,238 - INFO - ********************************************************************************
2026-09-04 16:57:58,238 - INFO - Round 378
2026-09-04 16:58:09,143 - INFO - this epoch cost time:1.6521127223968506
2026-09-04 16:58:09,143 - INFO - this epoch choose: [88, 98, 82, 47, 53, 99, 61, 77, 87, 43]
2026-09-04 16:58:09,143 - INFO - this epoch dispatch models: [2 2 4 0 2 2 5 5 4 4]
2026-09-04 16:58:09,143 - INFO - this epoch received models: [np.int64(2), np.int64(2), np.int64(4), np.int64(0), np.int64(2), np.int64(2), np.int64(5), np.int64(5), np.int64(4), np.int64(4)]
2026-09-04 16:58:09,143 - INFO - hetero_proportion: 	4:3:3
2026-09-04 16:58:09,415 - INFO - Support aggregation diagnostics: min_nonzero=0.191359, mean=0.447239, P25=0.000000, P50=0.473707, P75=0.910321; coordinate_ratio(s<0.3/0.3<=s<0.8/s>=0.8)=0.402282/0.304723/0.292995; update_l2(s<0.3/0.3<=s<0.8/s>=0.8)=0.003535/0.042287/0.116478; global_update_l2=0.123967
2026-09-04 16:58:09,444 - INFO - Full evaluation profile: (1.0, 2, 11.424356)
2026-09-04 16:58:11,248 - INFO - Testing accuracy: 36.42
2026-09-04 16:58:11,249 - INFO - ********************************************************************************
2026-09-04 16:58:11,249 - INFO - Round 379
2026-09-04 16:58:20,967 - INFO - this epoch cost time:1.333186388015747
2026-09-04 16:58:20,967 - INFO - this epoch choose: [64, 58, 16, 88, 66, 46, 74, 43, 44, 15]
2026-09-04 16:58:20,967 - INFO - this epoch dispatch models: [0 1 0 2 2 0 1 5 1 1]
2026-09-04 16:58:20,967 - INFO - this epoch received models: [np.int64(0), np.int64(1), np.int64(0), np.int64(2), np.int64(2), np.int64(0), np.int64(1), np.int64(5), np.int64(1), np.int64(1)]
2026-09-04 16:58:20,967 - INFO - hetero_proportion: 	4:3:3
2026-09-04 16:58:21,685 - INFO - Support aggregation diagnostics: min_nonzero=0.103462, mean=0.290420, P25=0.000000, P50=0.103462, P75=0.296373; coordinate_ratio(s<0.3/0.3<=s<0.8/s>=0.8)=0.768358/0.045987/0.185655; update_l2(s<0.3/0.3<=s<0.8/s>=0.8)=0.049819/0.106432/0.191588; global_update_l2=0.224757
2026-09-04 16:58:21,704 - INFO - Full evaluation profile: (1.0, 2, 11.424356)
2026-09-04 16:58:24,215 - INFO - Testing accuracy: 36.12
2026-09-04 16:58:24,215 - INFO - ********************************************************************************
2026-09-04 16:58:24,215 - INFO - Round 380
2026-09-04 16:58:37,104 - INFO - this epoch cost time:1.6763818264007568
2026-09-04 16:58:37,104 - INFO - this epoch choose: [96, 31, 80, 80, 15, 55, 19, 2, 46, 48]
2026-09-04 16:58:37,105 - INFO - this epoch dispatch models: [6 2 3 3 2 0 0 1 2 5]
2026-09-04 16:58:37,105 - INFO - this epoch received models: [np.int64(6), np.int64(2), np.int64(3), np.int64(3), np.int64(2), np.int64(0), np.int64(0), np.int64(1), np.int64(2), np.int64(5)]
2026-09-04 16:58:37,105 - INFO - hetero_proportion: 	4:3:3
2026-09-04 16:58:37,431 - INFO - Support aggregation diagnostics: min_nonzero=0.095334, mean=0.436753, P25=0.095334, P50=0.455364, P75=0.702792; coordinate_ratio(s<0.3/0.3<=s<0.8/s>=0.8)=0.402282/0.395786/0.201932; update_l2(s<0.3/0.3<=s<0.8/s>=0.8)=0.005180/0.144118/0.174744; global_update_l2=0.226567
2026-09-04 16:58:37,449 - INFO - Full evaluation profile: (1.0, 2, 11.424356)
2026-09-04 16:58:39,412 - INFO - Testing accuracy: 36.26
2026-09-04 16:58:39,412 - INFO - ********************************************************************************
2026-09-04 16:58:39,412 - INFO - Round 381
2026-09-04 16:58:54,167 - INFO - this epoch cost time:2.128370523452759
2026-09-04 16:58:54,167 - INFO - this epoch choose: [19, 58, 41, 70, 80, 41, 70, 44, 88, 90]
2026-09-04 16:58:54,167 - INFO - this epoch dispatch models: [0 5 5 3 4 4 3 3 5 3]
2026-09-04 16:58:54,167 - INFO - this epoch received models: [np.int64(0), np.int64(5), np.int64(5), np.int64(3), np.int64(4), np.int64(4), np.int64(3), np.int64(3), np.int64(5), np.int64(3)]
2026-09-04 16:58:54,167 - INFO - hetero_proportion: 	4:3:3
2026-09-04 16:58:54,528 - INFO - Support aggregation diagnostics: min_nonzero=0.287994, mean=0.480207, P25=0.000000, P50=0.287994, P75=0.910999; coordinate_ratio(s<0.3/0.3<=s<0.8/s>=0.8)=0.516115/0.032252/0.451633; update_l2(s<0.3/0.3<=s<0.8/s>=0.8)=0.032849/0.033141/0.113078; global_update_l2=0.122328
2026-09-04 16:58:54,546 - INFO - Full evaluation profile: (1.0, 2, 11.424356)
2026-09-04 16:58:56,611 - INFO - Testing accuracy: 36.42
2026-09-04 16:58:56,611 - INFO - ********************************************************************************
2026-09-04 16:58:56,611 - INFO - Round 382
2026-09-04 16:59:09,932 - INFO - this epoch cost time:2.17571759223938
2026-09-04 16:59:09,932 - INFO - this epoch choose: [88, 83, 11, 60, 69, 77, 72, 12, 48, 87]
2026-09-04 16:59:09,932 - INFO - this epoch dispatch models: [6 6 0 0 2 1 5 0 3 6]
2026-09-04 16:59:09,932 - INFO - this epoch received models: [np.int64(6), np.int64(6), np.int64(0), np.int64(0), np.int64(2), np.int64(1), np.int64(5), np.int64(0), np.int64(3), np.int64(6)]
2026-09-04 16:59:09,932 - INFO - hetero_proportion: 	4:3:3
2026-09-04 16:59:10,301 - INFO - Support aggregation diagnostics: min_nonzero=0.304204, mean=0.528716, P25=0.304204, P50=0.496107, P75=0.631958; coordinate_ratio(s<0.3/0.3<=s<0.8/s>=0.8)=0.000000/0.814345/0.185655; update_l2(s<0.3/0.3<=s<0.8/s>=0.8)=0.000000/0.064746/0.171597; global_update_l2=0.183405
2026-09-04 16:59:10,322 - INFO - Full evaluation profile: (1.0, 2, 11.424356)
2026-09-04 16:59:12,371 - INFO - Testing accuracy: 36.29
2026-09-04 16:59:12,372 - INFO - ********************************************************************************
2026-09-04 16:59:12,372 - INFO - Round 383
2026-09-04 16:59:24,688 - INFO - this epoch cost time:2.2390809059143066
2026-09-04 16:59:24,688 - INFO - this epoch choose: [86, 90, 82, 81, 89, 87, 66, 30, 99, 73]
2026-09-04 16:59:24,688 - INFO - this epoch dispatch models: [2 2 6 5 6 6 5 1 6 4]
2026-09-04 16:59:24,688 - INFO - this epoch received models: [np.int64(2), np.int64(2), np.int64(6), np.int64(5), np.int64(6), np.int64(6), np.int64(5), np.int64(1), np.int64(6), np.int64(4)]
2026-09-04 16:59:24,688 - INFO - hetero_proportion: 	4:3:3
2026-09-04 16:59:25,356 - INFO - Support aggregation diagnostics: min_nonzero=0.338217, mean=0.644186, P25=0.338217, P50=0.667561, P75=0.900124; coordinate_ratio(s<0.3/0.3<=s<0.8/s>=0.8)=0.000000/0.593173/0.406827; update_l2(s<0.3/0.3<=s<0.8/s>=0.8)=0.000000/0.015070/0.085925; global_update_l2=0.087237
2026-09-04 16:59:25,375 - INFO - Full evaluation profile: (1.0, 2, 11.424356)
2026-09-04 16:59:27,887 - INFO - Testing accuracy: 36.34
2026-09-04 16:59:27,888 - INFO - ********************************************************************************
2026-09-04 16:59:27,888 - INFO - Round 384
2026-09-04 16:59:38,739 - INFO - this epoch cost time:1.7377684116363525
2026-09-04 16:59:38,739 - INFO - this epoch choose: [48, 70, 93, 93, 60, 68, 14, 44, 26, 75]
2026-09-04 16:59:38,739 - INFO - this epoch dispatch models: [0 5 4 1 4 4 2 3 0 2]
2026-09-04 16:59:38,739 - INFO - this epoch received models: [np.int64(0), np.int64(5), np.int64(4), np.int64(1), np.int64(4), np.int64(4), np.int64(2), np.int64(3), np.int64(0), np.int64(2)]
2026-09-04 16:59:38,739 - INFO - hetero_proportion: 	4:3:3
2026-09-04 16:59:39,031 - INFO - Support aggregation diagnostics: min_nonzero=0.132014, mean=0.399396, P25=0.000000, P50=0.377474, P75=0.726178; coordinate_ratio(s<0.3/0.3<=s<0.8/s>=0.8)=0.402282/0.412063/0.185655; update_l2(s<0.3/0.3<=s<0.8/s>=0.8)=0.002072/0.196571/0.165644; global_update_l2=0.257065
2026-09-04 16:59:39,049 - INFO - Full evaluation profile: (1.0, 2, 11.424356)
2026-09-04 16:59:41,051 - INFO - Testing accuracy: 36.17
2026-09-04 16:59:41,051 - INFO - ********************************************************************************
2026-09-04 16:59:41,051 - INFO - Round 385
2026-09-04 16:59:52,245 - INFO - this epoch cost time:1.6423790454864502
2026-09-04 16:59:52,245 - INFO - this epoch choose: [78, 95, 89, 63, 46, 12, 45, 46, 25, 47]
2026-09-04 16:59:52,245 - INFO - this epoch dispatch models: [0 3 2 5 5 1 2 4 0 3]
2026-09-04 16:59:52,245 - INFO - this epoch received models: [np.int64(0), np.int64(3), np.int64(2), np.int64(5), np.int64(5), np.int64(1), np.int64(2), np.int64(4), np.int64(0), np.int64(3)]
2026-09-04 16:59:52,245 - INFO - hetero_proportion: 	4:3:3
2026-09-04 16:59:52,587 - INFO - Support aggregation diagnostics: min_nonzero=0.226641, mean=0.408415, P25=0.000000, P50=0.415865, P75=0.704725; coordinate_ratio(s<0.3/0.3<=s<0.8/s>=0.8)=0.402282/0.395786/0.201932; update_l2(s<0.3/0.3<=s<0.8/s>=0.8)=0.006636/0.095478/0.153119; global_update_l2=0.180570
2026-09-04 16:59:52,606 - INFO - Full evaluation profile: (1.0, 2, 11.424356)
2026-09-04 16:59:54,566 - INFO - Testing accuracy: 36.38
2026-09-04 16:59:54,567 - INFO - ********************************************************************************
2026-09-04 16:59:54,567 - INFO - Round 386
2026-09-04 17:00:06,438 - INFO - this epoch cost time:1.496168851852417
2026-09-04 17:00:06,438 - INFO - this epoch choose: [92, 83, 77, 11, 0, 86, 55, 30, 45, 39]
2026-09-04 17:00:06,438 - INFO - this epoch dispatch models: [6 0 5 1 1 6 2 1 5 1]
2026-09-04 17:00:06,438 - INFO - this epoch received models: [np.int64(6), np.int64(0), np.int64(5), np.int64(1), np.int64(1), np.int64(6), np.int64(2), np.int64(1), np.int64(5), np.int64(1)]
2026-09-04 17:00:06,438 - INFO - hetero_proportion: 	4:3:3
2026-09-04 17:00:06,998 - INFO - Support aggregation diagnostics: min_nonzero=0.192415, mean=0.457429, P25=0.192415, P50=0.366897, P75=0.474127; coordinate_ratio(s<0.3/0.3<=s<0.8/s>=0.8)=0.392037/0.376321/0.231642; update_l2(s<0.3/0.3<=s<0.8/s>=0.8)=0.007504/0.038608/0.236780; global_update_l2=0.240025
2026-09-04 17:00:07,018 - INFO - Full evaluation profile: (1.0, 2, 11.424356)
2026-09-04 17:00:09,360 - INFO - Testing accuracy: 36.46
2026-09-04 17:00:09,361 - INFO - ********************************************************************************
2026-09-04 17:00:09,361 - INFO - Round 387
2026-09-04 17:00:20,478 - INFO - this epoch cost time:1.4708998203277588
2026-09-04 17:00:20,478 - INFO - this epoch choose: [62, 78, 43, 76, 67, 75, 59, 50, 80, 42]
2026-09-04 17:00:20,478 - INFO - this epoch dispatch models: [2 0 3 5 5 4 5 0 1 5]
2026-09-04 17:00:20,478 - INFO - this epoch received models: [np.int64(2), np.int64(0), np.int64(3), np.int64(5), np.int64(5), np.int64(4), np.int64(5), np.int64(0), np.int64(1), np.int64(5)]
2026-09-04 17:00:20,478 - INFO - hetero_proportion: 	4:3:3
2026-09-04 17:00:20,831 - INFO - Support aggregation diagnostics: min_nonzero=0.385888, mean=0.441586, P25=0.000000, P50=0.481784, P75=0.712521; coordinate_ratio(s<0.3/0.3<=s<0.8/s>=0.8)=0.392037/0.406031/0.201932; update_l2(s<0.3/0.3<=s<0.8/s>=0.8)=0.000000/0.084106/0.111093; global_update_l2=0.139339
2026-09-04 17:00:20,853 - INFO - Full evaluation profile: (1.0, 2, 11.424356)
2026-09-04 17:00:22,893 - INFO - Testing accuracy: 36.35
2026-09-04 17:00:22,894 - INFO - ********************************************************************************
2026-09-04 17:00:22,894 - INFO - Round 388
2026-09-04 17:00:35,905 - INFO - this epoch cost time:1.5748367309570312
2026-09-04 17:00:35,905 - INFO - this epoch choose: [82, 76, 3, 35, 79, 61, 68, 28, 57, 41]
2026-09-04 17:00:35,906 - INFO - this epoch dispatch models: [4 2 1 0 0 1 5 0 5 2]
2026-09-04 17:00:35,906 - INFO - this epoch received models: [np.int64(4), np.int64(2), np.int64(1), np.int64(0), np.int64(0), np.int64(1), np.int64(5), np.int64(0), np.int64(5), np.int64(2)]
2026-09-04 17:00:35,906 - INFO - hetero_proportion: 	4:3:3
2026-09-04 17:00:36,248 - INFO - Support aggregation diagnostics: min_nonzero=0.220095, mean=0.360149, P25=0.000000, P50=0.309005, P75=0.516588; coordinate_ratio(s<0.3/0.3<=s<0.8/s>=0.8)=0.402282/0.412063/0.185655; update_l2(s<0.3/0.3<=s<0.8/s>=0.8)=0.007919/0.128373/0.192646; global_update_l2=0.231635
2026-09-04 17:00:36,268 - INFO - Full evaluation profile: (1.0, 2, 11.424356)
2026-09-04 17:00:38,200 - INFO - Testing accuracy: 36.31
2026-09-04 17:00:38,201 - INFO - ********************************************************************************
2026-09-04 17:00:38,201 - INFO - Round 389
2026-09-04 17:00:49,941 - INFO - this epoch cost time:1.6731054782867432
2026-09-04 17:00:49,941 - INFO - this epoch choose: [89, 61, 56, 74, 43, 57, 72, 22, 87, 90]
2026-09-04 17:00:49,941 - INFO - this epoch dispatch models: [3 0 2 3 5 4 3 2 3 2]
2026-09-04 17:00:49,941 - INFO - this epoch received models: [np.int64(3), np.int64(0), np.int64(2), np.int64(3), np.int64(5), np.int64(4), np.int64(3), np.int64(2), np.int64(3), np.int64(2)]
2026-09-04 17:00:49,941 - INFO - hetero_proportion: 	4:3:3
2026-09-04 17:00:50,621 - INFO - Support aggregation diagnostics: min_nonzero=0.105131, mean=0.432104, P25=0.000000, P50=0.442513, P75=0.906178; coordinate_ratio(s<0.3/0.3<=s<0.8/s>=0.8)=0.402282/0.336975/0.260743; update_l2(s<0.3/0.3<=s<0.8/s>=0.8)=0.005259/0.085861/0.126866; global_update_l2=0.153280
2026-09-04 17:00:50,640 - INFO - Full evaluation profile: (1.0, 2, 11.424356)
2026-09-04 17:00:52,822 - INFO - Testing accuracy: 36.15
2026-09-04 17:00:52,822 - INFO - ********************************************************************************
2026-09-04 17:00:52,822 - INFO - Round 390
2026-09-04 17:01:01,637 - INFO - this epoch cost time:1.4252054691314697
2026-09-04 17:01:01,637 - INFO - this epoch choose: [68, 58, 37, 77, 75, 23, 41, 86, 82, 50]
2026-09-04 17:01:01,637 - INFO - this epoch dispatch models: [5 1 1 4 1 2 0 6 4 2]
2026-09-04 17:01:01,637 - INFO - this epoch received models: [np.int64(5), np.int64(1), np.int64(1), np.int64(4), np.int64(1), np.int64(2), np.int64(0), np.int64(6), np.int64(4), np.int64(2)]
2026-09-04 17:01:01,637 - INFO - hetero_proportion: 	4:3:3
2026-09-04 17:01:01,755 - INFO - Support aggregation diagnostics: min_nonzero=0.103376, mean=0.421973, P25=0.103376, P50=0.381665, P75=0.570771; coordinate_ratio(s<0.3/0.3<=s<0.8/s>=0.8)=0.402282/0.366076/0.231642; update_l2(s<0.3/0.3<=s<0.8/s>=0.8)=0.006444/0.182602/0.200696; global_update_l2=0.271410
2026-09-04 17:01:01,774 - INFO - Full evaluation profile: (1.0, 2, 11.424356)
2026-09-04 17:01:03,161 - INFO - Testing accuracy: 36.08
2026-09-04 17:01:03,161 - INFO - ********************************************************************************
2026-09-04 17:01:03,161 - INFO - Round 391
2026-09-04 17:01:09,903 - INFO - this epoch cost time:0.9678435325622559
2026-09-04 17:01:09,904 - INFO - this epoch choose: [97, 91, 92, 52, 91, 75, 76, 50, 61, 94]
2026-09-04 17:01:09,904 - INFO - this epoch dispatch models: [0 6 6 2 6 5 0 2 0 6]
2026-09-04 17:01:09,904 - INFO - this epoch received models: [np.int64(0), np.int64(6), np.int64(6), np.int64(2), np.int64(6), np.int64(5), np.int64(0), np.int64(2), np.int64(0), np.int64(6)]
2026-09-04 17:01:09,904 - INFO - hetero_proportion: 	4:3:3
2026-09-04 17:01:10,031 - INFO - Support aggregation diagnostics: min_nonzero=0.419774, mean=0.615279, P25=0.419774, P50=0.547624, P75=0.700405; coordinate_ratio(s<0.3/0.3<=s<0.8/s>=0.8)=0.000000/0.814345/0.185655; update_l2(s<0.3/0.3<=s<0.8/s>=0.8)=0.000000/0.034198/0.148638; global_update_l2=0.152522
2026-09-04 17:01:10,049 - INFO - Full evaluation profile: (1.0, 2, 11.424356)
2026-09-04 17:01:11,522 - INFO - Testing accuracy: 36.04
2026-09-04 17:01:11,522 - INFO - ********************************************************************************
2026-09-04 17:01:11,522 - INFO - Round 392
2026-09-04 17:01:19,748 - INFO - this epoch cost time:1.0948407649993896
2026-09-04 17:01:19,748 - INFO - this epoch choose: [80, 54, 79, 2, 8, 18, 85, 14, 92, 46]
2026-09-04 17:01:19,748 - INFO - this epoch dispatch models: [5 5 6 1 0 1 6 0 5 1]
2026-09-04 17:01:19,749 - INFO - this epoch received models: [np.int64(5), np.int64(5), np.int64(6), np.int64(1), np.int64(0), np.int64(1), np.int64(6), np.int64(0), np.int64(5), np.int64(1)]
2026-09-04 17:01:19,749 - INFO - hetero_proportion: 	4:3:3
2026-09-04 17:01:19,887 - INFO - Support aggregation diagnostics: min_nonzero=0.186777, mean=0.483462, P25=0.186777, P50=0.500643, P75=0.500643; coordinate_ratio(s<0.3/0.3<=s<0.8/s>=0.8)=0.392037/0.422308/0.185655; update_l2(s<0.3/0.3<=s<0.8/s>=0.8)=0.006647/0.087551/0.168147; global_update_l2=0.189692
2026-09-04 17:01:19,908 - INFO - Full evaluation profile: (1.0, 2, 11.424356)
2026-09-04 17:01:21,479 - INFO - Testing accuracy: 36.22
2026-09-04 17:01:21,479 - INFO - ********************************************************************************
2026-09-04 17:01:21,479 - INFO - Round 393
2026-09-04 17:01:29,437 - INFO - this epoch cost time:1.0448088645935059
2026-09-04 17:01:29,437 - INFO - this epoch choose: [56, 97, 93, 59, 95, 69, 96, 38, 74, 13]
2026-09-04 17:01:29,437 - INFO - this epoch dispatch models: [5 6 3 4 6 1 4 0 6 1]
2026-09-04 17:01:29,437 - INFO - this epoch received models: [np.int64(5), np.int64(6), np.int64(3), np.int64(4), np.int64(6), np.int64(1), np.int64(4), np.int64(0), np.int64(6), np.int64(1)]
2026-09-04 17:01:29,437 - INFO - hetero_proportion: 	4:3:3
2026-09-04 17:01:29,571 - INFO - Support aggregation diagnostics: min_nonzero=0.291364, mean=0.553125, P25=0.291364, P50=0.394673, P75=0.651533; coordinate_ratio(s<0.3/0.3<=s<0.8/s>=0.8)=0.392037/0.376321/0.231642; update_l2(s<0.3/0.3<=s<0.8/s>=0.8)=0.005411/0.037035/0.160939; global_update_l2=0.165234
2026-09-04 17:01:29,591 - INFO - Full evaluation profile: (1.0, 2, 11.424356)
2026-09-04 17:01:31,166 - INFO - Testing accuracy: 36.62
2026-09-04 17:01:31,167 - INFO - ********************************************************************************
2026-09-04 17:01:31,167 - INFO - Round 394
2026-09-04 17:01:39,810 - INFO - this epoch cost time:1.0901696681976318
2026-09-04 17:01:39,810 - INFO - this epoch choose: [64, 48, 69, 97, 42, 68, 70, 86, 72, 99]
2026-09-04 17:01:39,810 - INFO - this epoch dispatch models: [2 5 3 6 5 4 3 3 2 6]
2026-09-04 17:01:39,810 - INFO - this epoch received models: [np.int64(2), np.int64(5), np.int64(3), np.int64(6), np.int64(5), np.int64(4), np.int64(3), np.int64(3), np.int64(2), np.int64(6)]
2026-09-04 17:01:39,810 - INFO - hetero_proportion: 	4:3:3
2026-09-04 17:01:39,943 - INFO - Support aggregation diagnostics: min_nonzero=0.180845, mean=0.580297, P25=0.180845, P50=0.542347, P75=1.000000; coordinate_ratio(s<0.3/0.3<=s<0.8/s>=0.8)=0.392037/0.156329/0.451633; update_l2(s<0.3/0.3<=s<0.8/s>=0.8)=0.004606/0.037945/0.076933; global_update_l2=0.085906
2026-09-04 17:01:39,964 - INFO - Full evaluation profile: (1.0, 2, 11.424356)
2026-09-04 17:01:41,526 - INFO - Testing accuracy: 36.72
2026-09-04 17:01:41,526 - INFO - ********************************************************************************
2026-09-04 17:01:41,527 - INFO - Round 395
2026-09-04 17:01:51,022 - INFO - this epoch cost time:1.227940320968628
2026-09-04 17:01:51,022 - INFO - this epoch choose: [60, 69, 81, 48, 85, 70, 68, 52, 98, 57]
2026-09-04 17:01:51,022 - INFO - this epoch dispatch models: [4 2 6 3 4 6 2 5 1 5]
2026-09-04 17:01:51,022 - INFO - this epoch received models: [np.int64(4), np.int64(2), np.int64(6), np.int64(3), np.int64(4), np.int64(6), np.int64(2), np.int64(5), np.int64(1), np.int64(5)]
2026-09-04 17:01:51,022 - INFO - hetero_proportion: 	4:3:3
2026-09-04 17:01:51,151 - INFO - Support aggregation diagnostics: min_nonzero=0.235682, mean=0.587054, P25=0.235682, P50=0.633006, P75=0.923996; coordinate_ratio(s<0.3/0.3<=s<0.8/s>=0.8)=0.392037/0.314968/0.292995; update_l2(s<0.3/0.3<=s<0.8/s>=0.8)=0.005479/0.023301/0.078542; global_update_l2=0.082109
2026-09-04 17:01:51,170 - INFO - Full evaluation profile: (1.0, 2, 11.424356)
2026-09-04 17:01:52,755 - INFO - Testing accuracy: 36.39
2026-09-04 17:01:52,756 - INFO - ********************************************************************************
2026-09-04 17:01:52,756 - INFO - Round 396
2026-09-04 17:02:00,163 - INFO - this epoch cost time:0.8458058834075928
2026-09-04 17:02:00,163 - INFO - this epoch choose: [79, 95, 44, 59, 36, 40, 82, 78, 92, 64]
2026-09-04 17:02:00,163 - INFO - this epoch dispatch models: [4 6 3 2 0 5 0 6 2 2]
2026-09-04 17:02:00,163 - INFO - this epoch received models: [np.int64(4), np.int64(6), np.int64(3), np.int64(2), np.int64(0), np.int64(5), np.int64(0), np.int64(6), np.int64(2), np.int64(2)]
2026-09-04 17:02:00,163 - INFO - hetero_proportion: 	4:3:3
2026-09-04 17:02:00,292 - INFO - Support aggregation diagnostics: min_nonzero=0.160657, mean=0.484559, P25=0.160657, P50=0.461916, P75=0.770216; coordinate_ratio(s<0.3/0.3<=s<0.8/s>=0.8)=0.402282/0.412063/0.185655; update_l2(s<0.3/0.3<=s<0.8/s>=0.8)=0.007890/0.054881/0.173270; global_update_l2=0.181925
2026-09-04 17:02:00,312 - INFO - Full evaluation profile: (1.0, 2, 11.424356)
2026-09-04 17:02:02,127 - INFO - Testing accuracy: 36.50
2026-09-04 17:02:02,128 - INFO - ********************************************************************************
2026-09-04 17:02:02,128 - INFO - Round 397
2026-09-04 17:02:09,857 - INFO - this epoch cost time:1.315941333770752
2026-09-04 17:02:09,857 - INFO - this epoch choose: [84, 2, 72, 65, 14, 46, 83, 60, 78, 89]
2026-09-04 17:02:09,857 - INFO - this epoch dispatch models: [4 0 1 5 2 5 5 3 5 6]
2026-09-04 17:02:09,857 - INFO - this epoch received models: [np.int64(4), np.int64(0), np.int64(1), np.int64(5), np.int64(2), np.int64(5), np.int64(5), np.int64(3), np.int64(5), np.int64(6)]
2026-09-04 17:02:09,857 - INFO - hetero_proportion: 	4:3:3
2026-09-04 17:02:09,973 - INFO - Support aggregation diagnostics: min_nonzero=0.078286, mean=0.514837, P25=0.078286, P50=0.635146, P75=0.820148; coordinate_ratio(s<0.3/0.3<=s<0.8/s>=0.8)=0.392037/0.347220/0.260743; update_l2(s<0.3/0.3<=s<0.8/s>=0.8)=0.010549/0.085956/0.136967; global_update_l2=0.162048
2026-09-04 17:02:09,997 - INFO - Full evaluation profile: (1.0, 2, 11.424356)
2026-09-04 17:02:11,401 - INFO - Testing accuracy: 36.29
2026-09-04 17:02:11,402 - INFO - ********************************************************************************
2026-09-04 17:02:11,402 - INFO - Round 398
2026-09-04 17:02:21,444 - INFO - this epoch cost time:2.1895956993103027
2026-09-04 17:02:21,444 - INFO - this epoch choose: [80, 89, 92, 73, 99, 96, 84, 45, 79, 71]
2026-09-04 17:02:21,444 - INFO - this epoch dispatch models: [4 1 6 1 4 4 6 4 4 3]
2026-09-04 17:02:21,444 - INFO - this epoch received models: [np.int64(4), np.int64(1), np.int64(6), np.int64(1), np.int64(4), np.int64(4), np.int64(6), np.int64(4), np.int64(4), np.int64(3)]
2026-09-04 17:02:21,444 - INFO - hetero_proportion: 	4:3:3
2026-09-04 17:02:21,587 - INFO - Support aggregation diagnostics: min_nonzero=0.185381, mean=0.532753, P25=0.185381, P50=0.185381, P75=0.827614; coordinate_ratio(s<0.3/0.3<=s<0.8/s>=0.8)=0.516115/0.002542/0.481343; update_l2(s<0.3/0.3<=s<0.8/s>=0.8)=0.014113/0.005363/0.090877; global_update_l2=0.092123
2026-09-04 17:02:21,607 - INFO - Full evaluation profile: (1.0, 2, 11.424356)
2026-09-04 17:02:23,148 - INFO - Testing accuracy: 36.25
2026-09-04 17:02:23,149 - INFO - ********************************************************************************
2026-09-04 17:02:23,149 - INFO - Round 399
2026-09-04 17:02:30,579 - INFO - this epoch cost time:0.909761905670166
2026-09-04 17:02:30,579 - INFO - this epoch choose: [67, 61, 77, 95, 86, 5, 52, 21, 43, 79]
2026-09-04 17:02:30,579 - INFO - this epoch dispatch models: [0 5 5 4 2 2 4 0 3 4]
2026-09-04 17:02:30,579 - INFO - this epoch received models: [np.int64(0), np.int64(5), np.int64(5), np.int64(4), np.int64(2), np.int64(2), np.int64(4), np.int64(0), np.int64(3), np.int64(4)]
2026-09-04 17:02:30,579 - INFO - hetero_proportion: 	4:3:3
2026-09-04 17:02:30,728 - INFO - Support aggregation diagnostics: min_nonzero=0.187233, mean=0.425034, P25=0.000000, P50=0.420154, P75=0.796541; coordinate_ratio(s<0.3/0.3<=s<0.8/s>=0.8)=0.402282/0.412063/0.185655; update_l2(s<0.3/0.3<=s<0.8/s>=0.8)=0.002595/0.168034/0.175355; global_update_l2=0.242881
2026-09-04 17:02:30,749 - INFO - Full evaluation profile: (1.0, 2, 11.424356)
2026-09-04 17:02:32,381 - INFO - Testing accuracy: 36.24
2026-09-04 17:02:32,381 - INFO - ********************************************************************************
2026-09-04 17:02:32,381 - INFO - Round 400
2026-09-04 17:02:40,362 - INFO - this epoch cost time:0.9739522933959961
2026-09-04 17:02:40,362 - INFO - this epoch choose: [14, 91, 71, 15, 71, 73, 39, 88, 25, 20]
2026-09-04 17:02:40,362 - INFO - this epoch dispatch models: [1 4 6 0 0 5 1 4 1 1]
2026-09-04 17:02:40,362 - INFO - this epoch received models: [np.int64(1), np.int64(4), np.int64(6), np.int64(0), np.int64(0), np.int64(5), np.int64(1), np.int64(4), np.int64(1), np.int64(1)]
2026-09-04 17:02:40,362 - INFO - hetero_proportion: 	4:3:3
2026-09-04 17:02:40,506 - INFO - Support aggregation diagnostics: min_nonzero=0.101054, mean=0.386496, P25=0.101054, P50=0.194351, P75=0.394868; coordinate_ratio(s<0.3/0.3<=s<0.8/s>=0.8)=0.516115/0.252244/0.231642; update_l2(s<0.3/0.3<=s<0.8/s>=0.8)=0.012353/0.061212/0.202814; global_update_l2=0.212210
2026-09-04 17:02:40,528 - INFO - Full evaluation profile: (1.0, 2, 11.424356)
2026-09-04 17:02:42,136 - INFO - Testing accuracy: 36.25
2026-09-04 17:02:42,136 - INFO - ********************************************************************************
2026-09-04 17:02:42,136 - INFO - Round 401
2026-09-04 17:02:49,077 - INFO - this epoch cost time:0.9284298419952393
2026-09-04 17:02:49,077 - INFO - this epoch choose: [87, 19, 54, 27, 11, 64, 62, 88, 72, 67]
2026-09-04 17:02:49,077 - INFO - this epoch dispatch models: [6 0 3 0 1 2 4 0 1 4]
2026-09-04 17:02:49,077 - INFO - this epoch received models: [np.int64(6), np.int64(0), np.int64(3), np.int64(0), np.int64(1), np.int64(2), np.int64(4), np.int64(0), np.int64(1), np.int64(4)]
2026-09-04 17:02:49,077 - INFO - hetero_proportion: 	4:3:3
2026-09-04 17:02:49,225 - INFO - Support aggregation diagnostics: min_nonzero=0.071922, mean=0.366773, P25=0.071922, P50=0.174794, P75=0.493209; coordinate_ratio(s<0.3/0.3<=s<0.8/s>=0.8)=0.516115/0.298231/0.185655; update_l2(s<0.3/0.3<=s<0.8/s>=0.8)=0.024895/0.105025/0.173143; global_update_l2=0.204031
2026-09-04 17:02:49,245 - INFO - Full evaluation profile: (1.0, 2, 11.424356)
2026-09-04 17:02:50,779 - INFO - Testing accuracy: 36.24
2026-09-04 17:02:50,779 - INFO - ********************************************************************************
2026-09-04 17:02:50,779 - INFO - Round 402
2026-09-04 17:02:58,839 - INFO - this epoch cost time:1.023306131362915
2026-09-04 17:02:58,839 - INFO - this epoch choose: [57, 79, 17, 36, 73, 95, 55, 8, 94, 76]
2026-09-04 17:02:58,839 - INFO - this epoch dispatch models: [3 3 0 0 0 6 5 2 5 2]
2026-09-04 17:02:58,839 - INFO - this epoch received models: [np.int64(3), np.int64(3), np.int64(0), np.int64(0), np.int64(0), np.int64(6), np.int64(5), np.int64(2), np.int64(5), np.int64(2)]
2026-09-04 17:02:58,839 - INFO - hetero_proportion: 	4:3:3
2026-09-04 17:02:59,011 - INFO - Support aggregation diagnostics: min_nonzero=0.076046, mean=0.433370, P25=0.076046, P50=0.473570, P75=0.692474; coordinate_ratio(s<0.3/0.3<=s<0.8/s>=0.8)=0.402282/0.412063/0.185655; update_l2(s<0.3/0.3<=s<0.8/s>=0.8)=0.005966/0.097847/0.170316; global_update_l2=0.196513
2026-09-04 17:02:59,034 - INFO - Full evaluation profile: (1.0, 2, 11.424356)
2026-09-04 17:03:00,569 - INFO - Testing accuracy: 36.24
2026-09-04 17:03:00,570 - INFO - ********************************************************************************
2026-09-04 17:03:00,570 - INFO - Round 403
2026-09-04 17:03:08,471 - INFO - this epoch cost time:1.056600570678711
2026-09-04 17:03:08,471 - INFO - this epoch choose: [33, 43, 2, 67, 79, 36, 93, 70, 54, 55]
2026-09-04 17:03:08,471 - INFO - this epoch dispatch models: [1 3 2 3 3 2 4 5 2 2]
2026-09-04 17:03:08,471 - INFO - this epoch received models: [np.int64(1), np.int64(3), np.int64(2), np.int64(3), np.int64(3), np.int64(2), np.int64(4), np.int64(5), np.int64(2), np.int64(2)]
2026-09-04 17:03:08,471 - INFO - hetero_proportion: 	4:3:3
2026-09-04 17:03:08,591 - INFO - Support aggregation diagnostics: min_nonzero=0.129607, mean=0.435999, P25=0.000000, P50=0.466546, P75=0.921875; coordinate_ratio(s<0.3/0.3<=s<0.8/s>=0.8)=0.402282/0.336975/0.260743; update_l2(s<0.3/0.3<=s<0.8/s>=0.8)=0.002862/0.106838/0.119776; global_update_l2=0.160527
2026-09-04 17:03:08,611 - INFO - Full evaluation profile: (1.0, 2, 11.424356)
2026-09-04 17:03:10,170 - INFO - Testing accuracy: 36.46
2026-09-04 17:03:10,170 - INFO - ********************************************************************************
2026-09-04 17:03:10,170 - INFO - Round 404
2026-09-04 17:03:18,683 - INFO - this epoch cost time:1.2885262966156006
2026-09-04 17:03:18,683 - INFO - this epoch choose: [93, 91, 44, 23, 53, 89, 83, 4, 99, 80]
2026-09-04 17:03:18,683 - INFO - this epoch dispatch models: [5 4 4 1 4 4 5 2 5 4]
2026-09-04 17:03:18,683 - INFO - this epoch received models: [np.int64(5), np.int64(4), np.int64(4), np.int64(1), np.int64(4), np.int64(4), np.int64(5), np.int64(2), np.int64(5), np.int64(4)]
2026-09-04 17:03:18,683 - INFO - hetero_proportion: 	4:3:3
2026-09-04 17:03:18,822 - INFO - Support aggregation diagnostics: min_nonzero=0.285879, mean=0.481492, P25=0.000000, P50=0.376106, P75=0.877453; coordinate_ratio(s<0.3/0.3<=s<0.8/s>=0.8)=0.402282/0.304723/0.292995; update_l2(s<0.3/0.3<=s<0.8/s>=0.8)=0.003360/0.094541/0.199162; global_update_l2=0.220488
2026-09-04 17:03:18,843 - INFO - Full evaluation profile: (1.0, 2, 11.424356)
2026-09-04 17:03:20,467 - INFO - Testing accuracy: 36.34
2026-09-04 17:03:20,467 - INFO - ********************************************************************************
2026-09-04 17:03:20,467 - INFO - Round 405
2026-09-04 17:03:28,083 - INFO - this epoch cost time:1.0955274105072021
2026-09-04 17:03:28,083 - INFO - this epoch choose: [96, 54, 94, 66, 45, 45, 65, 98, 18, 51]
2026-09-04 17:03:28,083 - INFO - this epoch dispatch models: [0 2 3 3 1 0 1 4 1 5]
2026-09-04 17:03:28,083 - INFO - this epoch received models: [np.int64(0), np.int64(2), np.int64(3), np.int64(3), np.int64(1), np.int64(0), np.int64(1), np.int64(4), np.int64(1), np.int64(5)]
2026-09-04 17:03:28,083 - INFO - hetero_proportion: 	4:3:3
2026-09-04 17:03:28,250 - INFO - Support aggregation diagnostics: min_nonzero=0.117163, mean=0.348189, P25=0.000000, P50=0.232271, P75=0.501131; coordinate_ratio(s<0.3/0.3<=s<0.8/s>=0.8)=0.516115/0.298231/0.185655; update_l2(s<0.3/0.3<=s<0.8/s>=0.8)=0.041706/0.117196/0.162528; global_update_l2=0.204670
2026-09-04 17:03:28,272 - INFO - Full evaluation profile: (1.0, 2, 11.424356)
2026-09-04 17:03:29,754 - INFO - Testing accuracy: 36.28
2026-09-04 17:03:29,755 - INFO - ********************************************************************************
2026-09-04 17:03:29,755 - INFO - Round 406
2026-09-04 17:03:37,833 - INFO - this epoch cost time:1.0490708351135254
2026-09-04 17:03:37,833 - INFO - this epoch choose: [28, 77, 95, 7, 46, 72, 57, 41, 96, 53]
2026-09-04 17:03:37,833 - INFO - this epoch dispatch models: [1 6 6 2 2 6 0 2 6 5]
2026-09-04 17:03:37,833 - INFO - this epoch received models: [np.int64(1), np.int64(6), np.int64(6), np.int64(2), np.int64(2), np.int64(6), np.int64(0), np.int64(2), np.int64(6), np.int64(5)]
2026-09-04 17:03:37,833 - INFO - hetero_proportion: 	4:3:3
2026-09-04 17:03:37,957 - INFO - Support aggregation diagnostics: min_nonzero=0.329923, mean=0.582814, P25=0.329923, P50=0.452882, P75=0.777690; coordinate_ratio(s<0.3/0.3<=s<0.8/s>=0.8)=0.000000/0.768358/0.231642; update_l2(s<0.3/0.3<=s<0.8/s>=0.8)=0.000000/0.071248/0.149424; global_update_l2=0.165541
2026-09-04 17:03:37,978 - INFO - Full evaluation profile: (1.0, 2, 11.424356)
2026-09-04 17:03:39,505 - INFO - Testing accuracy: 36.30
2026-09-04 17:03:39,505 - INFO - ********************************************************************************
2026-09-04 17:03:39,505 - INFO - Round 407
2026-09-04 17:03:47,896 - INFO - this epoch cost time:1.2051596641540527
2026-09-04 17:03:47,896 - INFO - this epoch choose: [77, 56, 19, 88, 90, 66, 64, 46, 61, 83]
2026-09-04 17:03:47,896 - INFO - this epoch dispatch models: [6 4 2 2 2 2 5 5 2 4]
2026-09-04 17:03:47,896 - INFO - this epoch received models: [np.int64(6), np.int64(4), np.int64(2), np.int64(2), np.int64(2), np.int64(2), np.int64(5), np.int64(5), np.int64(2), np.int64(4)]
2026-09-04 17:03:47,896 - INFO - hetero_proportion: 	4:3:3
2026-09-04 17:03:48,021 - INFO - Support aggregation diagnostics: min_nonzero=0.082532, mean=0.513870, P25=0.082532, P50=0.521932, P75=1.000000; coordinate_ratio(s<0.3/0.3<=s<0.8/s>=0.8)=0.402282/0.304723/0.292995; update_l2(s<0.3/0.3<=s<0.8/s>=0.8)=0.005045/0.050188/0.091890; global_update_l2=0.104824
2026-09-04 17:03:48,042 - INFO - Full evaluation profile: (1.0, 2, 11.424356)
2026-09-04 17:03:49,581 - INFO - Testing accuracy: 36.30
2026-09-04 17:03:49,581 - INFO - ********************************************************************************
2026-09-04 17:03:49,581 - INFO - Round 408
2026-09-04 17:03:56,488 - INFO - this epoch cost time:1.0361342430114746
2026-09-04 17:03:56,488 - INFO - this epoch choose: [86, 78, 40, 70, 39, 33, 99, 89, 37, 26]
2026-09-04 17:03:56,488 - INFO - this epoch dispatch models: [4 2 3 5 1 2 1 1 0 0]
2026-09-04 17:03:56,488 - INFO - this epoch received models: [np.int64(4), np.int64(2), np.int64(3), np.int64(5), np.int64(1), np.int64(2), np.int64(1), np.int64(1), np.int64(0), np.int64(0)]
2026-09-04 17:03:56,488 - INFO - hetero_proportion: 	4:3:3
2026-09-04 17:03:56,620 - INFO - Support aggregation diagnostics: min_nonzero=0.141020, mean=0.357619, P25=0.000000, P50=0.305798, P75=0.529643; coordinate_ratio(s<0.3/0.3<=s<0.8/s>=0.8)=0.402282/0.395786/0.201932; update_l2(s<0.3/0.3<=s<0.8/s>=0.8)=0.001958/0.120235/0.152310; global_update_l2=0.194058
2026-09-04 17:03:56,640 - INFO - Full evaluation profile: (1.0, 2, 11.424356)
2026-09-04 17:03:58,231 - INFO - Testing accuracy: 35.96
2026-09-04 17:03:58,231 - INFO - ********************************************************************************
2026-09-04 17:03:58,231 - INFO - Round 409
2026-09-04 17:04:06,830 - INFO - this epoch cost time:1.115035057067871
2026-09-04 17:04:06,830 - INFO - this epoch choose: [91, 48, 84, 80, 48, 82, 42, 90, 89, 82]
2026-09-04 17:04:06,830 - INFO - this epoch dispatch models: [5 5 5 4 0 5 3 4 3 6]
2026-09-04 17:04:06,830 - INFO - this epoch received models: [np.int64(5), np.int64(5), np.int64(5), np.int64(4), np.int64(0), np.int64(5), np.int64(3), np.int64(4), np.int64(3), np.int64(6)]
2026-09-04 17:04:06,830 - INFO - hetero_proportion: 	4:3:3
2026-09-04 17:04:06,963 - INFO - Support aggregation diagnostics: min_nonzero=0.088893, mean=0.536569, P25=0.088893, P50=0.479340, P75=0.877938; coordinate_ratio(s<0.3/0.3<=s<0.8/s>=0.8)=0.392037/0.156329/0.451633; update_l2(s<0.3/0.3<=s<0.8/s>=0.8)=0.008136/0.038527/0.112564; global_update_l2=0.119253
2026-09-04 17:04:06,982 - INFO - Full evaluation profile: (1.0, 2, 11.424356)
2026-09-04 17:04:08,642 - INFO - Testing accuracy: 35.87
2026-09-04 17:04:08,642 - INFO - ********************************************************************************
2026-09-04 17:04:08,642 - INFO - Round 410
2026-09-04 17:04:16,592 - INFO - this epoch cost time:1.063206672668457
2026-09-04 17:04:16,592 - INFO - this epoch choose: [69, 87, 3, 16, 54, 63, 82, 46, 96, 37]
2026-09-04 17:04:16,592 - INFO - this epoch dispatch models: [3 6 2 0 5 2 1 4 4 0]
2026-09-04 17:04:16,593 - INFO - this epoch received models: [np.int64(3), np.int64(6), np.int64(2), np.int64(0), np.int64(5), np.int64(2), np.int64(1), np.int64(4), np.int64(4), np.int64(0)]
2026-09-04 17:04:16,593 - INFO - hetero_proportion: 	4:3:3
2026-09-04 17:04:16,719 - INFO - Support aggregation diagnostics: min_nonzero=0.062779, mean=0.432661, P25=0.062779, P50=0.386395, P75=0.730418; coordinate_ratio(s<0.3/0.3<=s<0.8/s>=0.8)=0.402282/0.395786/0.201932; update_l2(s<0.3/0.3<=s<0.8/s>=0.8)=0.002708/0.099953/0.136667; global_update_l2=0.169339
2026-09-04 17:04:16,738 - INFO - Full evaluation profile: (1.0, 2, 11.424356)
2026-09-04 17:04:18,217 - INFO - Testing accuracy: 36.01
2026-09-04 17:04:18,217 - INFO - ********************************************************************************
2026-09-04 17:04:18,217 - INFO - Round 411
2026-09-04 17:04:24,709 - INFO - this epoch cost time:0.8332521915435791
2026-09-04 17:04:24,709 - INFO - this epoch choose: [89, 79, 55, 52, 66, 42, 12, 31, 31, 62]
2026-09-04 17:04:24,709 - INFO - this epoch dispatch models: [2 2 1 3 0 2 1 1 0 1]
2026-09-04 17:04:24,709 - INFO - this epoch received models: [np.int64(2), np.int64(2), np.int64(1), np.int64(3), np.int64(0), np.int64(2), np.int64(1), np.int64(1), np.int64(0), np.int64(1)]
2026-09-04 17:04:24,709 - INFO - hetero_proportion: 	4:3:3
2026-09-04 17:04:24,825 - INFO - Support aggregation diagnostics: min_nonzero=0.083089, mean=0.295236, P25=0.000000, P50=0.083089, P75=0.390833; coordinate_ratio(s<0.3/0.3<=s<0.8/s>=0.8)=0.593173/0.204896/0.201932; update_l2(s<0.3/0.3<=s<0.8/s>=0.8)=0.026724/0.095134/0.181686; global_update_l2=0.206820
2026-09-04 17:04:24,844 - INFO - Full evaluation profile: (1.0, 2, 11.424356)
2026-09-04 17:04:26,272 - INFO - Testing accuracy: 36.29
2026-09-04 17:04:26,272 - INFO - ********************************************************************************
2026-09-04 17:04:26,272 - INFO - Round 412
2026-09-04 17:04:34,388 - INFO - this epoch cost time:1.1502161026000977
2026-09-04 17:04:34,388 - INFO - this epoch choose: [76, 14, 22, 85, 81, 90, 82, 78, 81, 79]
2026-09-04 17:04:34,388 - INFO - this epoch dispatch models: [4 1 0 6 6 2 1 5 2 0]
2026-09-04 17:04:34,389 - INFO - this epoch received models: [np.int64(4), np.int64(1), np.int64(0), np.int64(6), np.int64(6), np.int64(2), np.int64(1), np.int64(5), np.int64(2), np.int64(0)]
2026-09-04 17:04:34,389 - INFO - hetero_proportion: 	4:3:3
2026-09-04 17:04:34,519 - INFO - Support aggregation diagnostics: min_nonzero=0.220917, mean=0.481286, P25=0.220917, P50=0.375280, P75=0.610552; coordinate_ratio(s<0.3/0.3<=s<0.8/s>=0.8)=0.402282/0.366076/0.231642; update_l2(s<0.3/0.3<=s<0.8/s>=0.8)=0.006814/0.038567/0.139116; global_update_l2=0.144523
2026-09-04 17:04:34,540 - INFO - Full evaluation profile: (1.0, 2, 11.424356)
2026-09-04 17:04:36,034 - INFO - Testing accuracy: 36.07
2026-09-04 17:04:36,034 - INFO - ********************************************************************************
2026-09-04 17:04:36,034 - INFO - Round 413
2026-09-04 17:04:44,589 - INFO - this epoch cost time:1.1071672439575195
2026-09-04 17:04:44,589 - INFO - this epoch choose: [67, 82, 70, 53, 96, 41, 90, 82, 18, 54]
2026-09-04 17:04:44,589 - INFO - this epoch dispatch models: [3 6 1 1 0 3 6 6 2 1]
2026-09-04 17:04:44,589 - INFO - this epoch received models: [np.int64(3), np.int64(6), np.int64(1), np.int64(1), np.int64(0), np.int64(3), np.int64(6), np.int64(6), np.int64(2), np.int64(1)]
2026-09-04 17:04:44,589 - INFO - hetero_proportion: 	4:3:3
2026-09-04 17:04:44,716 - INFO - Support aggregation diagnostics: min_nonzero=0.282802, mean=0.502505, P25=0.282802, P50=0.370645, P75=0.564307; coordinate_ratio(s<0.3/0.3<=s<0.8/s>=0.8)=0.402282/0.395786/0.201932; update_l2(s<0.3/0.3<=s<0.8/s>=0.8)=0.003323/0.120811/0.157544; global_update_l2=0.198561
2026-09-04 17:04:44,734 - INFO - Full evaluation profile: (1.0, 2, 11.424356)
2026-09-04 17:04:46,165 - INFO - Testing accuracy: 35.80
2026-09-04 17:04:46,165 - INFO - ********************************************************************************
2026-09-04 17:04:46,166 - INFO - Round 414
2026-09-04 17:04:53,152 - INFO - this epoch cost time:0.9145674705505371
2026-09-04 17:04:53,153 - INFO - this epoch choose: [74, 43, 58, 64, 78, 55, 81, 12, 52, 76]
2026-09-04 17:04:53,153 - INFO - this epoch dispatch models: [6 5 4 4 2 1 0 0 3 1]
2026-09-04 17:04:53,153 - INFO - this epoch received models: [np.int64(6), np.int64(5), np.int64(4), np.int64(4), np.int64(2), np.int64(1), np.int64(0), np.int64(0), np.int64(3), np.int64(1)]
2026-09-04 17:04:53,153 - INFO - hetero_proportion: 	4:3:3
2026-09-04 17:04:53,288 - INFO - Support aggregation diagnostics: min_nonzero=0.112741, mean=0.425875, P25=0.112741, P50=0.287178, P75=0.563304; coordinate_ratio(s<0.3/0.3<=s<0.8/s>=0.8)=0.516115/0.298231/0.185655; update_l2(s<0.3/0.3<=s<0.8/s>=0.8)=0.017580/0.068433/0.152051; global_update_l2=0.167665
2026-09-04 17:04:53,327 - INFO - Full evaluation profile: (1.0, 2, 11.424356)
2026-09-04 17:04:54,883 - INFO - Testing accuracy: 35.72
2026-09-04 17:04:54,883 - INFO - ********************************************************************************
2026-09-04 17:04:54,883 - INFO - Round 415
2026-09-04 17:05:01,950 - INFO - this epoch cost time:0.9751794338226318
2026-09-04 17:05:01,950 - INFO - this epoch choose: [34, 70, 78, 67, 56, 72, 96, 89, 13, 60]
2026-09-04 17:05:01,950 - INFO - this epoch dispatch models: [2 4 4 5 5 5 6 5 0 3]
2026-09-04 17:05:01,950 - INFO - this epoch received models: [np.int64(2), np.int64(4), np.int64(4), np.int64(5), np.int64(5), np.int64(5), np.int64(6), np.int64(5), np.int64(0), np.int64(3)]
2026-09-04 17:05:01,950 - INFO - hetero_proportion: 	4:3:3
2026-09-04 17:05:02,077 - INFO - Support aggregation diagnostics: min_nonzero=0.108080, mean=0.534786, P25=0.108080, P50=0.573303, P75=0.883382; coordinate_ratio(s<0.3/0.3<=s<0.8/s>=0.8)=0.392037/0.347220/0.260743; update_l2(s<0.3/0.3<=s<0.8/s>=0.8)=0.003795/0.058131/0.130541; global_update_l2=0.142949
2026-09-04 17:05:02,096 - INFO - Full evaluation profile: (1.0, 2, 11.424356)
2026-09-04 17:05:03,546 - INFO - Testing accuracy: 35.90
2026-09-04 17:05:03,546 - INFO - ********************************************************************************
2026-09-04 17:05:03,546 - INFO - Round 416
2026-09-04 17:05:10,114 - INFO - this epoch cost time:0.9120829105377197
2026-09-04 17:05:10,114 - INFO - this epoch choose: [19, 71, 91, 68, 33, 86, 97, 86, 41, 87]
2026-09-04 17:05:10,114 - INFO - this epoch dispatch models: [2 1 1 0 2 0 3 0 5 6]
2026-09-04 17:05:10,114 - INFO - this epoch received models: [np.int64(2), np.int64(1), np.int64(1), np.int64(0), np.int64(2), np.int64(0), np.int64(3), np.int64(0), np.int64(5), np.int64(6)]
2026-09-04 17:05:10,114 - INFO - hetero_proportion: 	4:3:3
2026-09-04 17:05:10,227 - INFO - Support aggregation diagnostics: min_nonzero=0.064355, mean=0.366867, P25=0.064355, P50=0.289301, P75=0.469217; coordinate_ratio(s<0.3/0.3<=s<0.8/s>=0.8)=0.593173/0.221173/0.185655; update_l2(s<0.3/0.3<=s<0.8/s>=0.8)=0.016006/0.123360/0.219475; global_update_l2=0.252276
2026-09-04 17:05:10,245 - INFO - Full evaluation profile: (1.0, 2, 11.424356)
2026-09-04 17:05:11,853 - INFO - Testing accuracy: 35.68
2026-09-04 17:05:11,854 - INFO - ********************************************************************************
2026-09-04 17:05:11,854 - INFO - Round 417
2026-09-04 17:05:18,928 - INFO - this epoch cost time:1.1564676761627197
2026-09-04 17:05:18,928 - INFO - this epoch choose: [82, 93, 12, 89, 81, 84, 33, 96, 46, 36]
2026-09-04 17:05:18,928 - INFO - this epoch dispatch models: [5 0 2 4 6 6 1 0 5 2]
2026-09-04 17:05:18,928 - INFO - this epoch received models: [np.int64(5), np.int64(0), np.int64(2), np.int64(4), np.int64(6), np.int64(6), np.int64(1), np.int64(0), np.int64(5), np.int64(2)]
2026-09-04 17:05:18,928 - INFO - hetero_proportion: 	4:3:3
2026-09-04 17:05:19,044 - INFO - Support aggregation diagnostics: min_nonzero=0.231224, mean=0.542671, P25=0.231224, P50=0.527004, P75=0.752954; coordinate_ratio(s<0.3/0.3<=s<0.8/s>=0.8)=0.392037/0.376321/0.231642; update_l2(s<0.3/0.3<=s<0.8/s>=0.8)=0.005715/0.082771/0.136622; global_update_l2=0.159841
2026-09-04 17:05:19,065 - INFO - Full evaluation profile: (1.0, 2, 11.424356)
2026-09-04 17:05:20,500 - INFO - Testing accuracy: 36.15
2026-09-04 17:05:20,501 - INFO - ********************************************************************************
2026-09-04 17:05:20,501 - INFO - Round 418
2026-09-04 17:05:28,370 - INFO - this epoch cost time:1.0519120693206787
2026-09-04 17:05:28,370 - INFO - this epoch choose: [74, 95, 45, 66, 90, 48, 70, 61, 74, 86]
2026-09-04 17:05:28,370 - INFO - this epoch dispatch models: [6 6 3 5 1 2 6 2 2 3]
2026-09-04 17:05:28,370 - INFO - this epoch received models: [np.int64(6), np.int64(6), np.int64(3), np.int64(5), np.int64(1), np.int64(2), np.int64(6), np.int64(2), np.int64(2), np.int64(3)]
2026-09-04 17:05:28,370 - INFO - hetero_proportion: 	4:3:3
2026-09-04 17:05:28,493 - INFO - Support aggregation diagnostics: min_nonzero=0.299081, mean=0.590775, P25=0.299081, P50=0.579786, P75=0.889743; coordinate_ratio(s<0.3/0.3<=s<0.8/s>=0.8)=0.392037/0.317510/0.290453; update_l2(s<0.3/0.3<=s<0.8/s>=0.8)=0.004161/0.026935/0.081000; global_update_l2=0.085462
2026-09-04 17:05:28,512 - INFO - Full evaluation profile: (1.0, 2, 11.424356)
2026-09-04 17:05:30,018 - INFO - Testing accuracy: 35.89
2026-09-04 17:05:30,018 - INFO - ********************************************************************************
2026-09-04 17:05:30,018 - INFO - Round 419
2026-09-04 17:05:36,538 - INFO - this epoch cost time:0.864617109298706
2026-09-04 17:05:36,538 - INFO - this epoch choose: [16, 99, 89, 75, 65, 71, 91, 93, 98, 29]
2026-09-04 17:05:36,538 - INFO - this epoch dispatch models: [2 2 3 3 4 4 5 5 1 0]
2026-09-04 17:05:36,538 - INFO - this epoch received models: [np.int64(2), np.int64(2), np.int64(3), np.int64(3), np.int64(4), np.int64(4), np.int64(5), np.int64(5), np.int64(1), np.int64(0)]
2026-09-04 17:05:36,538 - INFO - hetero_proportion: 	4:3:3
2026-09-04 17:05:36,654 - INFO - Support aggregation diagnostics: min_nonzero=0.174346, mean=0.428216, P25=0.000000, P50=0.379043, P75=0.802614; coordinate_ratio(s<0.3/0.3<=s<0.8/s>=0.8)=0.402282/0.336975/0.260743; update_l2(s<0.3/0.3<=s<0.8/s>=0.8)=0.001640/0.061868/0.126504; global_update_l2=0.140832
2026-09-04 17:05:36,673 - INFO - Full evaluation profile: (1.0, 2, 11.424356)
2026-09-04 17:05:38,051 - INFO - Testing accuracy: 35.81
2026-09-04 17:05:38,052 - INFO - ********************************************************************************
2026-09-04 17:05:38,052 - INFO - Round 420
2026-09-04 17:05:45,204 - INFO - this epoch cost time:1.0479958057403564
2026-09-04 17:05:45,204 - INFO - this epoch choose: [86, 70, 64, 7, 52, 89, 72, 55, 83, 42]
2026-09-04 17:05:45,204 - INFO - this epoch dispatch models: [6 6 4 0 1 6 6 3 3 4]
2026-09-04 17:05:45,204 - INFO - this epoch received models: [np.int64(6), np.int64(6), np.int64(4), np.int64(0), np.int64(1), np.int64(6), np.int64(6), np.int64(3), np.int64(3), np.int64(4)]
2026-09-04 17:05:45,204 - INFO - hetero_proportion: 	4:3:3
2026-09-04 17:05:45,321 - INFO - Support aggregation diagnostics: min_nonzero=0.380762, mean=0.625637, P25=0.380762, P50=0.380762, P75=0.833766; coordinate_ratio(s<0.3/0.3<=s<0.8/s>=0.8)=0.000000/0.548367/0.451633; update_l2(s<0.3/0.3<=s<0.8/s>=0.8)=0.000000/0.034891/0.145432; global_update_l2=0.149559
2026-09-04 17:05:45,340 - INFO - Full evaluation profile: (1.0, 2, 11.424356)
2026-09-04 17:05:46,763 - INFO - Testing accuracy: 36.06
2026-09-04 17:05:46,764 - INFO - ********************************************************************************
2026-09-04 17:05:46,764 - INFO - Round 421
2026-09-04 17:05:52,972 - INFO - this epoch cost time:0.706845760345459
2026-09-04 17:05:52,972 - INFO - this epoch choose: [98, 84, 10, 37, 78, 42, 44, 98, 5, 44]
2026-09-04 17:05:52,972 - INFO - this epoch dispatch models: [6 6 0 2 2 3 2 2 0 3]
2026-09-04 17:05:52,972 - INFO - this epoch received models: [np.int64(6), np.int64(6), np.int64(0), np.int64(2), np.int64(2), np.int64(3), np.int64(2), np.int64(2), np.int64(0), np.int64(3)]
2026-09-04 17:05:52,972 - INFO - hetero_proportion: 	4:3:3
2026-09-04 17:05:53,097 - INFO - Support aggregation diagnostics: min_nonzero=0.188403, mean=0.474078, P25=0.188403, P50=0.387247, P75=0.758498; coordinate_ratio(s<0.3/0.3<=s<0.8/s>=0.8)=0.402282/0.412063/0.185655; update_l2(s<0.3/0.3<=s<0.8/s>=0.8)=0.009320/0.139218/0.202131; global_update_l2=0.245613
2026-09-04 17:05:53,118 - INFO - Full evaluation profile: (1.0, 2, 11.424356)
2026-09-04 17:05:54,535 - INFO - Testing accuracy: 36.34
2026-09-04 17:05:54,536 - INFO - ********************************************************************************
2026-09-04 17:05:54,536 - INFO - Round 422
2026-09-04 17:06:01,531 - INFO - this epoch cost time:0.840735912322998
2026-09-04 17:06:01,532 - INFO - this epoch choose: [44, 96, 71, 74, 39, 62, 59, 45, 68, 60]
2026-09-04 17:06:01,532 - INFO - this epoch dispatch models: [3 6 6 2 0 3 4 5 2 0]
2026-09-04 17:06:01,532 - INFO - this epoch received models: [np.int64(3), np.int64(6), np.int64(6), np.int64(2), np.int64(0), np.int64(3), np.int64(4), np.int64(5), np.int64(2), np.int64(0)]
2026-09-04 17:06:01,532 - INFO - hetero_proportion: 	4:3:3
2026-09-04 17:06:01,649 - INFO - Support aggregation diagnostics: min_nonzero=0.209421, mean=0.527358, P25=0.209421, P50=0.539560, P75=0.818515; coordinate_ratio(s<0.3/0.3<=s<0.8/s>=0.8)=0.392037/0.347220/0.260743; update_l2(s<0.3/0.3<=s<0.8/s>=0.8)=0.003721/0.044190/0.137164; global_update_l2=0.144155
2026-09-04 17:06:01,669 - INFO - Full evaluation profile: (1.0, 2, 11.424356)
2026-09-04 17:06:03,077 - INFO - Testing accuracy: 36.20
2026-09-04 17:06:03,077 - INFO - ********************************************************************************
2026-09-04 17:06:03,077 - INFO - Round 423
2026-09-04 17:06:09,920 - INFO - this epoch cost time:0.9770028591156006
2026-09-04 17:06:09,920 - INFO - this epoch choose: [79, 62, 94, 60, 94, 98, 50, 80, 62, 98]
2026-09-04 17:06:09,920 - INFO - this epoch dispatch models: [5 3 5 3 5 0 4 2 3 6]
2026-09-04 17:06:09,920 - INFO - this epoch received models: [np.int64(5), np.int64(3), np.int64(5), np.int64(3), np.int64(5), np.int64(0), np.int64(4), np.int64(2), np.int64(3), np.int64(6)]
2026-09-04 17:06:09,920 - INFO - hetero_proportion: 	4:3:3
2026-09-04 17:06:10,053 - INFO - Support aggregation diagnostics: min_nonzero=0.092308, mean=0.519955, P25=0.092308, P50=0.530444, P75=0.907692; coordinate_ratio(s<0.3/0.3<=s<0.8/s>=0.8)=0.392037/0.347220/0.260743; update_l2(s<0.3/0.3<=s<0.8/s>=0.8)=0.004819/0.034281/0.102291; global_update_l2=0.107990
2026-09-04 17:06:10,073 - INFO - Full evaluation profile: (1.0, 2, 11.424356)
2026-09-04 17:06:11,720 - INFO - Testing accuracy: 36.02
2026-09-04 17:06:11,720 - INFO - ********************************************************************************
2026-09-04 17:06:11,720 - INFO - Round 424
2026-09-04 17:06:19,647 - INFO - this epoch cost time:1.0376756191253662
2026-09-04 17:06:19,647 - INFO - this epoch choose: [86, 31, 60, 78, 54, 77, 81, 98, 89, 53]
2026-09-04 17:06:19,647 - INFO - this epoch dispatch models: [6 2 5 4 4 6 1 2 2 5]
2026-09-04 17:06:19,647 - INFO - this epoch received models: [np.int64(6), np.int64(2), np.int64(5), np.int64(4), np.int64(4), np.int64(6), np.int64(1), np.int64(2), np.int64(2), np.int64(5)]
2026-09-04 17:06:19,647 - INFO - hetero_proportion: 	4:3:3
2026-09-04 17:06:19,784 - INFO - Support aggregation diagnostics: min_nonzero=0.199588, mean=0.561244, P25=0.199588, P50=0.617526, P75=0.861031; coordinate_ratio(s<0.3/0.3<=s<0.8/s>=0.8)=0.392037/0.314968/0.292995; update_l2(s<0.3/0.3<=s<0.8/s>=0.8)=0.007306/0.029867/0.077133; global_update_l2=0.083036
2026-09-04 17:06:19,805 - INFO - Full evaluation profile: (1.0, 2, 11.424356)
2026-09-04 17:06:21,369 - INFO - Testing accuracy: 35.94
2026-09-04 17:06:21,369 - INFO - ********************************************************************************
2026-09-04 17:06:21,369 - INFO - Round 425
2026-09-04 17:06:28,703 - INFO - this epoch cost time:1.0856075286865234
2026-09-04 17:06:28,703 - INFO - this epoch choose: [59, 39, 93, 68, 41, 91, 38, 77, 70, 91]
2026-09-04 17:06:28,704 - INFO - this epoch dispatch models: [3 0 3 1 2 0 1 5 6 6]
2026-09-04 17:06:28,704 - INFO - this epoch received models: [np.int64(3), np.int64(0), np.int64(3), np.int64(1), np.int64(2), np.int64(0), np.int64(1), np.int64(5), np.int64(6), np.int64(6)]
2026-09-04 17:06:28,704 - INFO - hetero_proportion: 	4:3:3
2026-09-04 17:06:28,822 - INFO - Support aggregation diagnostics: min_nonzero=0.236816, mean=0.493420, P25=0.236816, P50=0.451404, P75=0.603758; coordinate_ratio(s<0.3/0.3<=s<0.8/s>=0.8)=0.392037/0.406031/0.201932; update_l2(s<0.3/0.3<=s<0.8/s>=0.8)=0.003789/0.082332/0.135041; global_update_l2=0.158205
2026-09-04 17:06:28,843 - INFO - Full evaluation profile: (1.0, 2, 11.424356)
2026-09-04 17:06:30,442 - INFO - Testing accuracy: 35.80
2026-09-04 17:06:30,442 - INFO - ********************************************************************************
2026-09-04 17:06:30,442 - INFO - Round 426
2026-09-04 17:06:36,911 - INFO - this epoch cost time:0.8501956462860107
2026-09-04 17:06:36,911 - INFO - this epoch choose: [61, 32, 84, 29, 18, 30, 95, 50, 45, 33]
2026-09-04 17:06:36,912 - INFO - this epoch dispatch models: [2 2 0 0 0 2 3 3 4 2]
2026-09-04 17:06:36,912 - INFO - this epoch received models: [np.int64(2), np.int64(2), np.int64(0), np.int64(0), np.int64(0), np.int64(2), np.int64(3), np.int64(3), np.int64(4), np.int64(2)]
2026-09-04 17:06:36,912 - INFO - hetero_proportion: 	4:3:3
2026-09-04 17:06:37,053 - INFO - Support aggregation diagnostics: min_nonzero=0.290021, mean=0.353281, P25=0.000000, P50=0.290021, P75=0.681935; coordinate_ratio(s<0.3/0.3<=s<0.8/s>=0.8)=0.593173/0.221173/0.185655; update_l2(s<0.3/0.3<=s<0.8/s>=0.8)=0.026830/0.149641/0.168103; global_update_l2=0.226652
2026-09-04 17:06:37,073 - INFO - Full evaluation profile: (1.0, 2, 11.424356)
2026-09-04 17:06:38,675 - INFO - Testing accuracy: 36.16
2026-09-04 17:06:38,675 - INFO - ********************************************************************************
2026-09-04 17:06:38,675 - INFO - Round 427
2026-09-04 17:06:46,627 - INFO - this epoch cost time:1.0786645412445068
2026-09-04 17:06:46,627 - INFO - this epoch choose: [82, 25, 17, 50, 96, 87, 98, 79, 44, 60]
2026-09-04 17:06:46,628 - INFO - this epoch dispatch models: [6 0 2 3 6 6 3 1 3 4]
2026-09-04 17:06:46,628 - INFO - this epoch received models: [np.int64(6), np.int64(0), np.int64(2), np.int64(3), np.int64(6), np.int64(6), np.int64(3), np.int64(1), np.int64(3), np.int64(4)]
2026-09-04 17:06:46,628 - INFO - hetero_proportion: 	4:3:3
2026-09-04 17:06:46,817 - INFO - Support aggregation diagnostics: min_nonzero=0.289660, mean=0.552000, P25=0.289660, P50=0.397481, P75=0.766240; coordinate_ratio(s<0.3/0.3<=s<0.8/s>=0.8)=0.402282/0.395786/0.201932; update_l2(s<0.3/0.3<=s<0.8/s>=0.8)=0.004643/0.150089/0.138184; global_update_l2=0.204067
2026-09-04 17:06:46,836 - INFO - Full evaluation profile: (1.0, 2, 11.424356)
2026-09-04 17:06:48,491 - INFO - Testing accuracy: 36.03
2026-09-04 17:06:48,491 - INFO - ********************************************************************************
2026-09-04 17:06:48,491 - INFO - Round 428
2026-09-04 17:06:56,992 - INFO - this epoch cost time:1.0375332832336426
2026-09-04 17:06:56,992 - INFO - this epoch choose: [82, 90, 27, 50, 42, 57, 76, 82, 90, 14]
2026-09-04 17:06:56,992 - INFO - this epoch dispatch models: [6 1 0 4 4 2 6 6 3 1]
2026-09-04 17:06:56,993 - INFO - this epoch received models: [np.int64(6), np.int64(1), np.int64(0), np.int64(4), np.int64(4), np.int64(2), np.int64(6), np.int64(6), np.int64(3), np.int64(1)]
2026-09-04 17:06:56,993 - INFO - hetero_proportion: 	4:3:3
2026-09-04 17:06:57,145 - INFO - Support aggregation diagnostics: min_nonzero=0.278441, mean=0.530138, P25=0.278441, P50=0.399364, P75=0.680589; coordinate_ratio(s<0.3/0.3<=s<0.8/s>=0.8)=0.402282/0.366076/0.231642; update_l2(s<0.3/0.3<=s<0.8/s>=0.8)=0.004383/0.045972/0.115886; global_update_l2=0.124749
2026-09-04 17:06:57,164 - INFO - Full evaluation profile: (1.0, 2, 11.424356)
2026-09-04 17:06:58,720 - INFO - Testing accuracy: 36.44
2026-09-04 17:06:58,721 - INFO - ********************************************************************************
2026-09-04 17:06:58,721 - INFO - Round 429
2026-09-04 17:07:06,216 - INFO - this epoch cost time:1.0921053886413574
2026-09-04 17:07:06,216 - INFO - this epoch choose: [84, 98, 39, 98, 77, 93, 90, 37, 65, 90]
2026-09-04 17:07:06,216 - INFO - this epoch dispatch models: [3 6 1 0 6 6 6 0 2 5]
2026-09-04 17:07:06,216 - INFO - this epoch received models: [np.int64(3), np.int64(6), np.int64(1), np.int64(0), np.int64(6), np.int64(6), np.int64(6), np.int64(0), np.int64(2), np.int64(5)]
2026-09-04 17:07:06,216 - INFO - hetero_proportion: 	4:3:3
2026-09-04 17:07:06,360 - INFO - Support aggregation diagnostics: min_nonzero=0.384009, mean=0.604987, P25=0.384009, P50=0.611486, P75=0.706982; coordinate_ratio(s<0.3/0.3<=s<0.8/s>=0.8)=0.000000/0.798068/0.201932; update_l2(s<0.3/0.3<=s<0.8/s>=0.8)=0.000000/0.045925/0.110167; global_update_l2=0.119356
2026-09-04 17:07:06,381 - INFO - Full evaluation profile: (1.0, 2, 11.424356)
2026-09-04 17:07:07,968 - INFO - Testing accuracy: 36.13
2026-09-04 17:07:07,968 - INFO - ********************************************************************************
2026-09-04 17:07:07,968 - INFO - Round 430
2026-09-04 17:07:16,428 - INFO - this epoch cost time:1.1008009910583496
2026-09-04 17:07:16,428 - INFO - this epoch choose: [81, 57, 43, 45, 44, 44, 96, 29, 47, 67]
2026-09-04 17:07:16,428 - INFO - this epoch dispatch models: [4 2 2 5 3 5 6 2 3 2]
2026-09-04 17:07:16,428 - INFO - this epoch received models: [np.int64(4), np.int64(2), np.int64(2), np.int64(5), np.int64(3), np.int64(5), np.int64(6), np.int64(2), np.int64(3), np.int64(2)]
2026-09-04 17:07:16,428 - INFO - hetero_proportion: 	4:3:3
2026-09-04 17:07:16,564 - INFO - Support aggregation diagnostics: min_nonzero=0.105231, mean=0.524951, P25=0.105231, P50=0.597121, P75=1.000000; coordinate_ratio(s<0.3/0.3<=s<0.8/s>=0.8)=0.402282/0.304723/0.292995; update_l2(s<0.3/0.3<=s<0.8/s>=0.8)=0.004433/0.036604/0.071961; global_update_l2=0.080857
2026-09-04 17:07:16,583 - INFO - Full evaluation profile: (1.0, 2, 11.424356)
2026-09-04 17:07:18,177 - INFO - Testing accuracy: 36.65
2026-09-04 17:07:18,178 - INFO - ********************************************************************************
2026-09-04 17:07:18,178 - INFO - Round 431
2026-09-04 17:07:26,785 - INFO - this epoch cost time:1.2624626159667969
2026-09-04 17:07:26,785 - INFO - this epoch choose: [59, 92, 92, 87, 69, 70, 78, 21, 69, 67]
2026-09-04 17:07:26,785 - INFO - this epoch dispatch models: [1 6 3 6 5 6 3 0 4 4]
2026-09-04 17:07:26,785 - INFO - this epoch received models: [np.int64(1), np.int64(6), np.int64(3), np.int64(6), np.int64(5), np.int64(6), np.int64(3), np.int64(0), np.int64(4), np.int64(4)]
2026-09-04 17:07:26,785 - INFO - hetero_proportion: 	4:3:3
2026-09-04 17:07:26,921 - INFO - Support aggregation diagnostics: min_nonzero=0.283194, mean=0.586146, P25=0.283194, P50=0.418492, P75=0.799767; coordinate_ratio(s<0.3/0.3<=s<0.8/s>=0.8)=0.392037/0.406031/0.201932; update_l2(s<0.3/0.3<=s<0.8/s>=0.8)=0.004079/0.064031/0.136105; global_update_l2=0.150470
2026-09-04 17:07:26,940 - INFO - Full evaluation profile: (1.0, 2, 11.424356)
2026-09-04 17:07:28,520 - INFO - Testing accuracy: 36.67
2026-09-04 17:07:28,521 - INFO - ********************************************************************************
2026-09-04 17:07:28,521 - INFO - Round 432
2026-09-04 17:07:35,957 - INFO - this epoch cost time:0.9458510875701904
2026-09-04 17:07:35,957 - INFO - this epoch choose: [69, 47, 24, 1, 77, 59, 27, 73, 78, 37]
2026-09-04 17:07:35,958 - INFO - this epoch dispatch models: [0 4 2 1 6 3 0 3 3 1]
2026-09-04 17:07:35,958 - INFO - this epoch received models: [np.int64(0), np.int64(4), np.int64(2), np.int64(1), np.int64(6), np.int64(3), np.int64(0), np.int64(3), np.int64(3), np.int64(1)]
2026-09-04 17:07:35,958 - INFO - hetero_proportion: 	4:3:3
2026-09-04 17:07:36,097 - INFO - Support aggregation diagnostics: min_nonzero=0.091199, mean=0.394299, P25=0.091199, P50=0.201743, P75=0.571216; coordinate_ratio(s<0.3/0.3<=s<0.8/s>=0.8)=0.518657/0.295689/0.185655; update_l2(s<0.3/0.3<=s<0.8/s>=0.8)=0.169053/0.177149/0.204396; global_update_l2=0.318964
2026-09-04 17:07:36,116 - INFO - Full evaluation profile: (1.0, 2, 11.424356)
2026-09-04 17:07:37,739 - INFO - Testing accuracy: 36.59
2026-09-04 17:07:37,739 - INFO - ********************************************************************************
2026-09-04 17:07:37,740 - INFO - Round 433
2026-09-04 17:07:46,795 - INFO - this epoch cost time:1.1917774677276611
2026-09-04 17:07:46,795 - INFO - this epoch choose: [98, 59, 56, 44, 57, 79, 71, 3, 1, 80]
2026-09-04 17:07:46,795 - INFO - this epoch dispatch models: [5 3 5 2 3 6 6 2 2 2]
2026-09-04 17:07:46,795 - INFO - this epoch received models: [np.int64(5), np.int64(3), np.int64(5), np.int64(2), np.int64(3), np.int64(6), np.int64(6), np.int64(2), np.int64(2), np.int64(2)]
2026-09-04 17:07:46,795 - INFO - hetero_proportion: 	4:3:3
2026-09-04 17:07:46,926 - INFO - Support aggregation diagnostics: min_nonzero=0.196169, mean=0.569224, P25=0.196169, P50=0.590443, P75=1.000000; coordinate_ratio(s<0.3/0.3<=s<0.8/s>=0.8)=0.392037/0.347220/0.260743; update_l2(s<0.3/0.3<=s<0.8/s>=0.8)=0.004153/0.075488/0.087838; global_update_l2=0.115893
2026-09-04 17:07:46,947 - INFO - Full evaluation profile: (1.0, 2, 11.424356)
2026-09-04 17:07:48,574 - INFO - Testing accuracy: 36.83
2026-09-04 17:07:48,574 - INFO - ********************************************************************************
2026-09-04 17:07:48,574 - INFO - Round 434
2026-09-04 17:07:56,324 - INFO - this epoch cost time:0.9931230545043945
2026-09-04 17:07:56,324 - INFO - this epoch choose: [99, 56, 5, 26, 44, 40, 57, 82, 38, 47]
2026-09-04 17:07:56,324 - INFO - this epoch dispatch models: [0 1 2 2 5 1 0 3 0 3]
2026-09-04 17:07:56,324 - INFO - this epoch received models: [np.int64(0), np.int64(1), np.int64(2), np.int64(2), np.int64(5), np.int64(1), np.int64(0), np.int64(3), np.int64(0), np.int64(3)]
2026-09-04 17:07:56,324 - INFO - hetero_proportion: 	4:3:3
2026-09-04 17:07:56,471 - INFO - Support aggregation diagnostics: min_nonzero=0.086542, mean=0.325425, P25=0.000000, P50=0.268737, P75=0.473292; coordinate_ratio(s<0.3/0.3<=s<0.8/s>=0.8)=0.709547/0.104798/0.185655; update_l2(s<0.3/0.3<=s<0.8/s>=0.8)=0.101711/0.132646/0.162077; global_update_l2=0.232828
2026-09-04 17:07:56,491 - INFO - Full evaluation profile: (1.0, 2, 11.424356)
2026-09-04 17:07:58,192 - INFO - Testing accuracy: 36.56
2026-09-04 17:07:58,192 - INFO - ********************************************************************************
2026-09-04 17:07:58,192 - INFO - Round 435
2026-09-04 17:08:06,167 - INFO - this epoch cost time:1.2205076217651367
2026-09-04 17:08:06,167 - INFO - this epoch choose: [31, 86, 95, 14, 52, 41, 52, 81, 17, 79]
2026-09-04 17:08:06,167 - INFO - this epoch dispatch models: [2 0 4 0 3 4 3 2 2 4]
2026-09-04 17:08:06,167 - INFO - this epoch received models: [np.int64(2), np.int64(0), np.int64(4), np.int64(0), np.int64(3), np.int64(4), np.int64(3), np.int64(2), np.int64(2), np.int64(4)]
2026-09-04 17:08:06,167 - INFO - hetero_proportion: 	4:3:3
2026-09-04 17:08:06,312 - INFO - Support aggregation diagnostics: min_nonzero=0.311071, mean=0.386181, P25=0.000000, P50=0.311071, P75=0.768873; coordinate_ratio(s<0.3/0.3<=s<0.8/s>=0.8)=0.402282/0.412063/0.185655; update_l2(s<0.3/0.3<=s<0.8/s>=0.8)=0.000000/0.116802/0.150989; global_update_l2=0.190893
2026-09-04 17:08:06,331 - INFO - Full evaluation profile: (1.0, 2, 11.424356)
2026-09-04 17:08:08,001 - INFO - Testing accuracy: 36.51
2026-09-04 17:08:08,002 - INFO - ********************************************************************************
2026-09-04 17:08:08,002 - INFO - Round 436
2026-09-04 17:08:16,526 - INFO - this epoch cost time:1.450127363204956
2026-09-04 17:08:16,526 - INFO - this epoch choose: [89, 83, 85, 3, 56, 93, 41, 87, 29, 60]
2026-09-04 17:08:16,526 - INFO - this epoch dispatch models: [6 5 0 0 1 6 4 6 2 1]
2026-09-04 17:08:16,526 - INFO - this epoch received models: [np.int64(6), np.int64(5), np.int64(0), np.int64(0), np.int64(1), np.int64(6), np.int64(4), np.int64(6), np.int64(2), np.int64(1)]
2026-09-04 17:08:16,526 - INFO - hetero_proportion: 	4:3:3
2026-09-04 17:08:16,673 - INFO - Support aggregation diagnostics: min_nonzero=0.196258, mean=0.479043, P25=0.196258, P50=0.444783, P75=0.573520; coordinate_ratio(s<0.3/0.3<=s<0.8/s>=0.8)=0.392037/0.422308/0.185655; update_l2(s<0.3/0.3<=s<0.8/s>=0.8)=0.005996/0.073190/0.155806; global_update_l2=0.172245
2026-09-04 17:08:16,694 - INFO - Full evaluation profile: (1.0, 2, 11.424356)
2026-09-04 17:08:18,345 - INFO - Testing accuracy: 36.09
2026-09-04 17:08:18,345 - INFO - ********************************************************************************
2026-09-04 17:08:18,345 - INFO - Round 437
2026-09-04 17:08:26,375 - INFO - this epoch cost time:1.2275700569152832
2026-09-04 17:08:26,375 - INFO - this epoch choose: [22, 93, 68, 1, 77, 17, 8, 70, 95, 17]
2026-09-04 17:08:26,375 - INFO - this epoch dispatch models: [1 5 1 2 6 1 0 6 5 0]
2026-09-04 17:08:26,375 - INFO - this epoch received models: [np.int64(1), np.int64(5), np.int64(1), np.int64(2), np.int64(6), np.int64(1), np.int64(0), np.int64(6), np.int64(5), np.int64(0)]
2026-09-04 17:08:26,375 - INFO - hetero_proportion: 	4:3:3
2026-09-04 17:08:26,531 - INFO - Support aggregation diagnostics: min_nonzero=0.225766, mean=0.462546, P25=0.225766, P50=0.361939, P75=0.454889; coordinate_ratio(s<0.3/0.3<=s<0.8/s>=0.8)=0.392037/0.422308/0.185655; update_l2(s<0.3/0.3<=s<0.8/s>=0.8)=0.006218/0.116242/0.170260; global_update_l2=0.206251
2026-09-04 17:08:26,550 - INFO - Full evaluation profile: (1.0, 2, 11.424356)
2026-09-04 17:08:28,203 - INFO - Testing accuracy: 36.51
2026-09-04 17:08:28,203 - INFO - ********************************************************************************
2026-09-04 17:08:28,203 - INFO - Round 438
2026-09-04 17:08:36,782 - INFO - this epoch cost time:1.2704637050628662
2026-09-04 17:08:36,782 - INFO - this epoch choose: [60, 99, 76, 10, 66, 69, 33, 24, 65, 70]
2026-09-04 17:08:36,782 - INFO - this epoch dispatch models: [3 6 3 2 2 1 1 0 4 6]
2026-09-04 17:08:36,782 - INFO - this epoch received models: [np.int64(3), np.int64(6), np.int64(3), np.int64(2), np.int64(2), np.int64(1), np.int64(1), np.int64(0), np.int64(4), np.int64(6)]
2026-09-04 17:08:36,782 - INFO - hetero_proportion: 	4:3:3
2026-09-04 17:08:36,934 - INFO - Support aggregation diagnostics: min_nonzero=0.219637, mean=0.491583, P25=0.219637, P50=0.414432, P75=0.682965; coordinate_ratio(s<0.3/0.3<=s<0.8/s>=0.8)=0.402282/0.395786/0.201932; update_l2(s<0.3/0.3<=s<0.8/s>=0.8)=0.005915/0.137763/0.142623; global_update_l2=0.198381
2026-09-04 17:08:36,955 - INFO - Full evaluation profile: (1.0, 2, 11.424356)
2026-09-04 17:08:38,630 - INFO - Testing accuracy: 36.59
2026-09-04 17:08:38,631 - INFO - ********************************************************************************
2026-09-04 17:08:38,631 - INFO - Round 439
2026-09-04 17:08:47,951 - INFO - this epoch cost time:1.2391541004180908
2026-09-04 17:08:47,951 - INFO - this epoch choose: [74, 57, 62, 56, 69, 49, 51, 67, 67, 87]
2026-09-04 17:08:47,951 - INFO - this epoch dispatch models: [5 5 5 4 0 2 2 0 1 6]
2026-09-04 17:08:47,951 - INFO - this epoch received models: [np.int64(5), np.int64(5), np.int64(5), np.int64(4), np.int64(0), np.int64(2), np.int64(2), np.int64(0), np.int64(1), np.int64(6)]
2026-09-04 17:08:47,951 - INFO - hetero_proportion: 	4:3:3
2026-09-04 17:08:48,098 - INFO - Support aggregation diagnostics: min_nonzero=0.062080, mean=0.453073, P25=0.062080, P50=0.473189, P75=0.707476; coordinate_ratio(s<0.3/0.3<=s<0.8/s>=0.8)=0.392037/0.422308/0.185655; update_l2(s<0.3/0.3<=s<0.8/s>=0.8)=0.002607/0.071119/0.129328; global_update_l2=0.147616
2026-09-04 17:08:48,118 - INFO - Full evaluation profile: (1.0, 2, 11.424356)
2026-09-04 17:08:49,801 - INFO - Testing accuracy: 36.54
2026-09-04 17:08:49,801 - INFO - ********************************************************************************
2026-09-04 17:08:49,801 - INFO - Round 440
2026-09-04 17:08:58,938 - INFO - this epoch cost time:1.3314058780670166
2026-09-04 17:08:58,938 - INFO - this epoch choose: [69, 57, 11, 75, 97, 70, 72, 65, 17, 98]
2026-09-04 17:08:58,938 - INFO - this epoch dispatch models: [5 3 1 6 2 4 2 5 0 6]
2026-09-04 17:08:58,938 - INFO - this epoch received models: [np.int64(5), np.int64(3), np.int64(1), np.int64(6), np.int64(2), np.int64(4), np.int64(2), np.int64(5), np.int64(0), np.int64(6)]
2026-09-04 17:08:58,938 - INFO - hetero_proportion: 	4:3:3
2026-09-04 17:08:59,092 - INFO - Support aggregation diagnostics: min_nonzero=0.195354, mean=0.542359, P25=0.195354, P50=0.568545, P75=0.807502; coordinate_ratio(s<0.3/0.3<=s<0.8/s>=0.8)=0.392037/0.347220/0.260743; update_l2(s<0.3/0.3<=s<0.8/s>=0.8)=0.005396/0.048616/0.101391; global_update_l2=0.112573
2026-09-04 17:08:59,113 - INFO - Full evaluation profile: (1.0, 2, 11.424356)
2026-09-04 17:09:00,817 - INFO - Testing accuracy: 36.48
2026-09-04 17:09:00,818 - INFO - ********************************************************************************
2026-09-04 17:09:00,818 - INFO - Round 441
2026-09-04 17:09:10,060 - INFO - this epoch cost time:1.126464605331421
2026-09-04 17:09:10,061 - INFO - this epoch choose: [79, 53, 73, 41, 73, 71, 94, 60, 49, 54]
2026-09-04 17:09:10,061 - INFO - this epoch dispatch models: [5 5 3 5 4 6 4 5 4 5]
2026-09-04 17:09:10,061 - INFO - this epoch received models: [np.int64(5), np.int64(5), np.int64(3), np.int64(5), np.int64(4), np.int64(6), np.int64(4), np.int64(5), np.int64(4), np.int64(5)]
2026-09-04 17:09:10,061 - INFO - hetero_proportion: 	4:3:3
2026-09-04 17:09:10,211 - INFO - Support aggregation diagnostics: min_nonzero=0.095417, mean=0.595545, P25=0.095417, P50=0.621337, P75=1.000000; coordinate_ratio(s<0.3/0.3<=s<0.8/s>=0.8)=0.392037/0.124077/0.483885; update_l2(s<0.3/0.3<=s<0.8/s>=0.8)=0.002966/0.019101/0.053690; global_update_l2=0.057064
2026-09-04 17:09:10,231 - INFO - Full evaluation profile: (1.0, 2, 11.424356)
2026-09-04 17:09:11,855 - INFO - Testing accuracy: 36.89
2026-09-04 17:09:11,856 - INFO - ********************************************************************************
2026-09-04 17:09:11,856 - INFO - Round 442
2026-09-04 17:09:18,241 - INFO - this epoch cost time:0.8665437698364258
2026-09-04 17:09:18,241 - INFO - this epoch choose: [60, 82, 5, 52, 93, 93, 77, 60, 93, 72]
2026-09-04 17:09:18,241 - INFO - this epoch dispatch models: [5 6 0 1 2 5 5 2 3 5]
2026-09-04 17:09:18,241 - INFO - this epoch received models: [np.int64(5), np.int64(6), np.int64(0), np.int64(1), np.int64(2), np.int64(5), np.int64(5), np.int64(2), np.int64(3), np.int64(5)]
2026-09-04 17:09:18,241 - INFO - hetero_proportion: 	4:3:3
2026-09-04 17:09:18,378 - INFO - Support aggregation diagnostics: min_nonzero=0.120318, mean=0.511213, P25=0.120318, P50=0.574654, P75=0.763982; coordinate_ratio(s<0.3/0.3<=s<0.8/s>=0.8)=0.392037/0.406031/0.201932; update_l2(s<0.3/0.3<=s<0.8/s>=0.8)=0.006130/0.041439/0.142759; global_update_l2=0.148778
2026-09-04 17:09:18,398 - INFO - Full evaluation profile: (1.0, 2, 11.424356)
2026-09-04 17:09:19,966 - INFO - Testing accuracy: 36.24
2026-09-04 17:09:19,966 - INFO - ********************************************************************************
2026-09-04 17:09:19,967 - INFO - Round 443
2026-09-04 17:09:28,373 - INFO - this epoch cost time:1.0933187007904053
2026-09-04 17:09:28,373 - INFO - this epoch choose: [98, 8, 88, 4, 16, 75, 66, 74, 64, 69]
2026-09-04 17:09:28,373 - INFO - this epoch dispatch models: [6 1 0 2 2 4 4 4 3 2]
2026-09-04 17:09:28,373 - INFO - this epoch received models: [np.int64(6), np.int64(1), np.int64(0), np.int64(2), np.int64(2), np.int64(4), np.int64(4), np.int64(4), np.int64(3), np.int64(2)]
2026-09-04 17:09:28,373 - INFO - hetero_proportion: 	4:3:3
2026-09-04 17:09:28,510 - INFO - Support aggregation diagnostics: min_nonzero=0.082446, mean=0.444215, P25=0.082446, P50=0.396749, P75=0.798529; coordinate_ratio(s<0.3/0.3<=s<0.8/s>=0.8)=0.402282/0.366076/0.231642; update_l2(s<0.3/0.3<=s<0.8/s>=0.8)=0.003958/0.093288/0.148859; global_update_l2=0.175719
2026-09-04 17:09:28,532 - INFO - Full evaluation profile: (1.0, 2, 11.424356)
2026-09-04 17:09:30,161 - INFO - Testing accuracy: 36.52
2026-09-04 17:09:30,162 - INFO - ********************************************************************************
2026-09-04 17:09:30,162 - INFO - Round 444
2026-09-04 17:09:38,956 - INFO - this epoch cost time:1.0145213603973389
2026-09-04 17:09:38,956 - INFO - this epoch choose: [57, 75, 42, 27, 24, 79, 85, 48, 38, 99]
2026-09-04 17:09:38,956 - INFO - this epoch dispatch models: [3 0 4 2 2 6 3 1 2 6]
2026-09-04 17:09:38,956 - INFO - this epoch received models: [np.int64(3), np.int64(0), np.int64(4), np.int64(2), np.int64(2), np.int64(6), np.int64(3), np.int64(1), np.int64(2), np.int64(6)]
2026-09-04 17:09:38,956 - INFO - hetero_proportion: 	4:3:3
2026-09-04 17:09:39,117 - INFO - Support aggregation diagnostics: min_nonzero=0.186506, mean=0.487051, P25=0.186506, P50=0.455626, P75=0.761549; coordinate_ratio(s<0.3/0.3<=s<0.8/s>=0.8)=0.402282/0.395786/0.201932; update_l2(s<0.3/0.3<=s<0.8/s>=0.8)=0.004900/0.114892/0.138724; global_update_l2=0.180190
2026-09-04 17:09:39,139 - INFO - Full evaluation profile: (1.0, 2, 11.424356)
2026-09-04 17:09:40,832 - INFO - Testing accuracy: 36.43
2026-09-04 17:09:40,832 - INFO - ********************************************************************************
2026-09-04 17:09:40,832 - INFO - Round 445
2026-09-04 17:09:49,412 - INFO - this epoch cost time:1.1068165302276611
2026-09-04 17:09:49,412 - INFO - this epoch choose: [73, 41, 99, 76, 57, 52, 87, 73, 94, 74]
2026-09-04 17:09:49,412 - INFO - this epoch dispatch models: [5 3 3 4 4 5 6 5 0 5]
2026-09-04 17:09:49,412 - INFO - this epoch received models: [np.int64(5), np.int64(3), np.int64(3), np.int64(4), np.int64(4), np.int64(5), np.int64(6), np.int64(5), np.int64(0), np.int64(5)]
2026-09-04 17:09:49,412 - INFO - hetero_proportion: 	4:3:3
2026-09-04 17:09:49,564 - INFO - Support aggregation diagnostics: min_nonzero=0.067446, mean=0.532943, P25=0.067446, P50=0.457298, P75=0.910420; coordinate_ratio(s<0.3/0.3<=s<0.8/s>=0.8)=0.392037/0.156329/0.451633; update_l2(s<0.3/0.3<=s<0.8/s>=0.8)=0.001935/0.024303/0.095503; global_update_l2=0.098565
2026-09-04 17:09:49,585 - INFO - Full evaluation profile: (1.0, 2, 11.424356)
2026-09-04 17:09:51,255 - INFO - Testing accuracy: 36.63
2026-09-04 17:09:51,255 - INFO - ********************************************************************************
2026-09-04 17:09:51,255 - INFO - Round 446
2026-09-04 17:09:59,015 - INFO - this epoch cost time:1.0278043746948242
2026-09-04 17:09:59,015 - INFO - this epoch choose: [96, 50, 54, 11, 26, 61, 21, 43, 84, 93]
2026-09-04 17:09:59,015 - INFO - this epoch dispatch models: [4 5 5 0 2 2 1 5 1 5]
2026-09-04 17:09:59,015 - INFO - this epoch received models: [np.int64(4), np.int64(5), np.int64(5), np.int64(0), np.int64(2), np.int64(2), np.int64(1), np.int64(5), np.int64(1), np.int64(5)]
2026-09-04 17:09:59,015 - INFO - hetero_proportion: 	4:3:3
2026-09-04 17:09:59,163 - INFO - Support aggregation diagnostics: min_nonzero=0.366725, mean=0.427019, P25=0.000000, P50=0.480491, P75=0.674266; coordinate_ratio(s<0.3/0.3<=s<0.8/s>=0.8)=0.392037/0.376321/0.231642; update_l2(s<0.3/0.3<=s<0.8/s>=0.8)=0.000000/0.036693/0.138464; global_update_l2=0.143243
2026-09-04 17:09:59,184 - INFO - Full evaluation profile: (1.0, 2, 11.424356)
2026-09-04 17:10:00,862 - INFO - Testing accuracy: 36.56
2026-09-04 17:10:00,862 - INFO - ********************************************************************************
2026-09-04 17:10:00,862 - INFO - Round 447
2026-09-04 17:10:09,216 - INFO - this epoch cost time:0.9660944938659668
2026-09-04 17:10:09,216 - INFO - this epoch choose: [65, 96, 58, 40, 19, 95, 73, 93, 5, 90]
2026-09-04 17:10:09,217 - INFO - this epoch dispatch models: [5 4 5 3 2 6 6 3 1 1]
2026-09-04 17:10:09,217 - INFO - this epoch received models: [np.int64(5), np.int64(4), np.int64(5), np.int64(3), np.int64(2), np.int64(6), np.int64(6), np.int64(3), np.int64(1), np.int64(1)]
2026-09-04 17:10:09,217 - INFO - hetero_proportion: 	4:3:3
2026-09-04 17:10:09,355 - INFO - Support aggregation diagnostics: min_nonzero=0.180362, mean=0.528264, P25=0.180362, P50=0.492415, P75=0.759798; coordinate_ratio(s<0.3/0.3<=s<0.8/s>=0.8)=0.392037/0.376321/0.231642; update_l2(s<0.3/0.3<=s<0.8/s>=0.8)=0.004474/0.062032/0.118887; global_update_l2=0.134172
2026-09-04 17:10:09,375 - INFO - Full evaluation profile: (1.0, 2, 11.424356)
2026-09-04 17:10:11,063 - INFO - Testing accuracy: 36.63
2026-09-04 17:10:11,064 - INFO - ********************************************************************************
2026-09-04 17:10:11,064 - INFO - Round 448
2026-09-04 17:10:20,055 - INFO - this epoch cost time:1.5831356048583984
2026-09-04 17:10:20,055 - INFO - this epoch choose: [77, 83, 60, 22, 27, 76, 69, 95, 82, 99]
2026-09-04 17:10:20,055 - INFO - this epoch dispatch models: [3 6 0 2 1 5 4 6 4 6]
2026-09-04 17:10:20,055 - INFO - this epoch received models: [np.int64(3), np.int64(6), np.int64(0), np.int64(2), np.int64(1), np.int64(5), np.int64(4), np.int64(6), np.int64(4), np.int64(6)]
2026-09-04 17:10:20,055 - INFO - hetero_proportion: 	4:3:3
2026-09-04 17:10:20,205 - INFO - Support aggregation diagnostics: min_nonzero=0.317689, mean=0.600023, P25=0.317689, P50=0.509564, P75=0.824295; coordinate_ratio(s<0.3/0.3<=s<0.8/s>=0.8)=0.000000/0.709547/0.290453; update_l2(s<0.3/0.3<=s<0.8/s>=0.8)=0.000000/0.041020/0.111421; global_update_l2=0.118732
2026-09-04 17:10:20,224 - INFO - Full evaluation profile: (1.0, 2, 11.424356)
2026-09-04 17:10:21,893 - INFO - Testing accuracy: 36.86
2026-09-04 17:10:21,894 - INFO - ********************************************************************************
2026-09-04 17:10:21,894 - INFO - Round 449
2026-09-04 17:10:30,782 - INFO - this epoch cost time:1.114792823791504
2026-09-04 17:10:30,782 - INFO - this epoch choose: [46, 95, 91, 82, 28, 44, 48, 43, 64, 60]
2026-09-04 17:10:30,783 - INFO - this epoch dispatch models: [5 5 6 6 2 5 4 1 2 0]
2026-09-04 17:10:30,783 - INFO - this epoch received models: [np.int64(5), np.int64(5), np.int64(6), np.int64(6), np.int64(2), np.int64(5), np.int64(4), np.int64(1), np.int64(2), np.int64(0)]
2026-09-04 17:10:30,783 - INFO - hetero_proportion: 	4:3:3
2026-09-04 17:10:30,938 - INFO - Support aggregation diagnostics: min_nonzero=0.200484, mean=0.551878, P25=0.200484, P50=0.604276, P75=0.802743; coordinate_ratio(s<0.3/0.3<=s<0.8/s>=0.8)=0.392037/0.314968/0.292995; update_l2(s<0.3/0.3<=s<0.8/s>=0.8)=0.003861/0.066115/0.143125; global_update_l2=0.157705
2026-09-04 17:10:30,957 - INFO - Full evaluation profile: (1.0, 2, 11.424356)
2026-09-04 17:10:32,660 - INFO - Testing accuracy: 36.61
2026-09-04 17:10:32,660 - INFO - ********************************************************************************
2026-09-04 17:10:32,660 - INFO - Round 450
2026-09-04 17:10:40,951 - INFO - this epoch cost time:1.1088910102844238
2026-09-04 17:10:40,951 - INFO - this epoch choose: [71, 72, 91, 63, 55, 74, 31, 56, 33, 65]
2026-09-04 17:10:40,951 - INFO - this epoch dispatch models: [3 3 6 4 1 1 2 0 2 5]
2026-09-04 17:10:40,951 - INFO - this epoch received models: [np.int64(3), np.int64(3), np.int64(6), np.int64(4), np.int64(1), np.int64(1), np.int64(2), np.int64(0), np.int64(2), np.int64(5)]
2026-09-04 17:10:40,951 - INFO - hetero_proportion: 	4:3:3
2026-09-04 17:10:41,102 - INFO - Support aggregation diagnostics: min_nonzero=0.111276, mean=0.441116, P25=0.111276, P50=0.363290, P75=0.650911; coordinate_ratio(s<0.3/0.3<=s<0.8/s>=0.8)=0.402282/0.395786/0.201932; update_l2(s<0.3/0.3<=s<0.8/s>=0.8)=0.004405/0.072635/0.105100; global_update_l2=0.127833
2026-09-04 17:10:41,122 - INFO - Full evaluation profile: (1.0, 2, 11.424356)
2026-09-04 17:10:42,865 - INFO - Testing accuracy: 36.50
2026-09-04 17:10:42,866 - INFO - ********************************************************************************
2026-09-04 17:10:42,866 - INFO - Round 451
2026-09-04 17:10:51,368 - INFO - this epoch cost time:1.0339815616607666
2026-09-04 17:10:51,368 - INFO - this epoch choose: [62, 64, 91, 72, 54, 64, 97, 79, 95, 46]
2026-09-04 17:10:51,368 - INFO - this epoch dispatch models: [4 4 5 0 4 5 4 5 4 3]
2026-09-04 17:10:51,368 - INFO - this epoch received models: [np.int64(4), np.int64(4), np.int64(5), np.int64(0), np.int64(4), np.int64(5), np.int64(4), np.int64(5), np.int64(4), np.int64(3)]
2026-09-04 17:10:51,368 - INFO - hetero_proportion: 	4:3:3
2026-09-04 17:10:51,506 - INFO - Support aggregation diagnostics: min_nonzero=0.314250, mean=0.497654, P25=0.000000, P50=0.314250, P75=0.928015; coordinate_ratio(s<0.3/0.3<=s<0.8/s>=0.8)=0.392037/0.124077/0.483885; update_l2(s<0.3/0.3<=s<0.8/s>=0.8)=0.000000/0.010898/0.071048; global_update_l2=0.071879
2026-09-04 17:10:51,525 - INFO - Full evaluation profile: (1.0, 2, 11.424356)
2026-09-04 17:10:53,147 - INFO - Testing accuracy: 36.50
2026-09-04 17:10:53,147 - INFO - ********************************************************************************
2026-09-04 17:10:53,148 - INFO - Round 452
2026-09-04 17:11:01,544 - INFO - this epoch cost time:1.083744764328003
2026-09-04 17:11:01,544 - INFO - this epoch choose: [23, 87, 76, 80, 91, 44, 44, 41, 66, 96]
2026-09-04 17:11:01,545 - INFO - this epoch dispatch models: [1 2 0 3 5 1 5 3 5 3]
2026-09-04 17:11:01,545 - INFO - this epoch received models: [np.int64(1), np.int64(2), np.int64(0), np.int64(3), np.int64(5), np.int64(1), np.int64(5), np.int64(3), np.int64(5), np.int64(3)]
2026-09-04 17:11:01,545 - INFO - hetero_proportion: 	4:3:3
2026-09-04 17:11:01,682 - INFO - Support aggregation diagnostics: min_nonzero=0.276655, mean=0.421667, P25=0.000000, P50=0.340666, P75=0.699366; coordinate_ratio(s<0.3/0.3<=s<0.8/s>=0.8)=0.402282/0.395786/0.201932; update_l2(s<0.3/0.3<=s<0.8/s>=0.8)=0.002337/0.125849/0.170686; global_update_l2=0.212078
2026-09-04 17:11:01,702 - INFO - Full evaluation profile: (1.0, 2, 11.424356)
2026-09-04 17:11:03,352 - INFO - Testing accuracy: 36.79
2026-09-04 17:11:03,352 - INFO - ********************************************************************************
2026-09-04 17:11:03,352 - INFO - Round 453
2026-09-04 17:11:12,356 - INFO - this epoch cost time:1.2211737632751465
2026-09-04 17:11:12,356 - INFO - this epoch choose: [77, 63, 7, 97, 69, 14, 80, 81, 88, 29]
2026-09-04 17:11:12,356 - INFO - this epoch dispatch models: [3 2 1 2 5 1 1 5 4 0]
2026-09-04 17:11:12,356 - INFO - this epoch received models: [np.int64(3), np.int64(2), np.int64(1), np.int64(2), np.int64(5), np.int64(1), np.int64(1), np.int64(5), np.int64(4), np.int64(0)]
2026-09-04 17:11:12,356 - INFO - hetero_proportion: 	4:3:3
2026-09-04 17:11:12,492 - INFO - Support aggregation diagnostics: min_nonzero=0.250456, mean=0.393535, P25=0.000000, P50=0.416940, P75=0.600037; coordinate_ratio(s<0.3/0.3<=s<0.8/s>=0.8)=0.402282/0.366076/0.231642; update_l2(s<0.3/0.3<=s<0.8/s>=0.8)=0.002038/0.046796/0.126175; global_update_l2=0.134589
2026-09-04 17:11:12,512 - INFO - Full evaluation profile: (1.0, 2, 11.424356)
2026-09-04 17:11:14,164 - INFO - Testing accuracy: 36.21
2026-09-04 17:11:14,165 - INFO - ********************************************************************************
2026-09-04 17:11:14,165 - INFO - Round 454
2026-09-04 17:11:22,862 - INFO - this epoch cost time:1.156550407409668
2026-09-04 17:11:22,862 - INFO - this epoch choose: [69, 62, 72, 45, 42, 91, 42, 57, 96, 77]
2026-09-04 17:11:22,862 - INFO - this epoch dispatch models: [5 4 5 4 1 6 5 3 6 3]
2026-09-04 17:11:22,862 - INFO - this epoch received models: [np.int64(5), np.int64(4), np.int64(5), np.int64(4), np.int64(1), np.int64(6), np.int64(5), np.int64(3), np.int64(6), np.int64(3)]
2026-09-04 17:11:22,862 - INFO - hetero_proportion: 	4:3:3
2026-09-04 17:11:23,009 - INFO - Support aggregation diagnostics: min_nonzero=0.207225, mean=0.597677, P25=0.207225, P50=0.508337, P75=0.905320; coordinate_ratio(s<0.3/0.3<=s<0.8/s>=0.8)=0.392037/0.156329/0.451633; update_l2(s<0.3/0.3<=s<0.8/s>=0.8)=0.003995/0.038463/0.064731; global_update_l2=0.075402
2026-09-04 17:11:23,028 - INFO - Full evaluation profile: (1.0, 2, 11.424356)
2026-09-04 17:11:24,661 - INFO - Testing accuracy: 36.38
2026-09-04 17:11:24,661 - INFO - ********************************************************************************
2026-09-04 17:11:24,661 - INFO - Round 455
2026-09-04 17:11:31,654 - INFO - this epoch cost time:0.9385185241699219
2026-09-04 17:11:31,654 - INFO - this epoch choose: [73, 89, 78, 94, 42, 16, 73, 50, 67, 91]
2026-09-04 17:11:31,654 - INFO - this epoch dispatch models: [4 5 2 3 2 0 0 3 5 6]
2026-09-04 17:11:31,654 - INFO - this epoch received models: [np.int64(4), np.int64(5), np.int64(2), np.int64(3), np.int64(2), np.int64(0), np.int64(0), np.int64(3), np.int64(5), np.int64(6)]
2026-09-04 17:11:31,654 - INFO - hetero_proportion: 	4:3:3
2026-09-04 17:11:31,794 - INFO - Support aggregation diagnostics: min_nonzero=0.121163, mean=0.484581, P25=0.121163, P50=0.498500, P75=0.786291; coordinate_ratio(s<0.3/0.3<=s<0.8/s>=0.8)=0.392037/0.422308/0.185655; update_l2(s<0.3/0.3<=s<0.8/s>=0.8)=0.003188/0.049109/0.119199; global_update_l2=0.128958
2026-09-04 17:11:31,814 - INFO - Full evaluation profile: (1.0, 2, 11.424356)
2026-09-04 17:11:33,354 - INFO - Testing accuracy: 36.47
2026-09-04 17:11:33,355 - INFO - ********************************************************************************
2026-09-04 17:11:33,355 - INFO - Round 456
2026-09-04 17:11:40,377 - INFO - this epoch cost time:0.9050955772399902
2026-09-04 17:11:40,377 - INFO - this epoch choose: [39, 91, 56, 86, 31, 62, 93, 82, 3, 72]
2026-09-04 17:11:40,377 - INFO - this epoch dispatch models: [1 0 2 5 2 0 6 6 1 5]
2026-09-04 17:11:40,377 - INFO - this epoch received models: [np.int64(1), np.int64(0), np.int64(2), np.int64(5), np.int64(2), np.int64(0), np.int64(6), np.int64(6), np.int64(1), np.int64(5)]
2026-09-04 17:11:40,377 - INFO - hetero_proportion: 	4:3:3
2026-09-04 17:11:40,505 - INFO - Support aggregation diagnostics: min_nonzero=0.162661, mean=0.454916, P25=0.162661, P50=0.358701, P75=0.556075; coordinate_ratio(s<0.3/0.3<=s<0.8/s>=0.8)=0.392037/0.422308/0.185655; update_l2(s<0.3/0.3<=s<0.8/s>=0.8)=0.003278/0.083209/0.151779; global_update_l2=0.173122
2026-09-04 17:11:40,525 - INFO - Full evaluation profile: (1.0, 2, 11.424356)
2026-09-04 17:11:42,023 - INFO - Testing accuracy: 36.23
2026-09-04 17:11:42,024 - INFO - ********************************************************************************
2026-09-04 17:11:42,024 - INFO - Round 457
2026-09-04 17:11:49,832 - INFO - this epoch cost time:1.2652721405029297
2026-09-04 17:11:49,832 - INFO - this epoch choose: [32, 47, 58, 33, 3, 76, 45, 80, 80, 72]
2026-09-04 17:11:49,832 - INFO - this epoch dispatch models: [2 5 5 1 1 3 4 6 1 5]
2026-09-04 17:11:49,832 - INFO - this epoch received models: [np.int64(2), np.int64(5), np.int64(5), np.int64(1), np.int64(1), np.int64(3), np.int64(4), np.int64(6), np.int64(1), np.int64(5)]
2026-09-04 17:11:49,832 - INFO - hetero_proportion: 	4:3:3
2026-09-04 17:11:49,962 - INFO - Support aggregation diagnostics: min_nonzero=0.133658, mean=0.492637, P25=0.133658, P50=0.469226, P75=0.665651; coordinate_ratio(s<0.3/0.3<=s<0.8/s>=0.8)=0.392037/0.376321/0.231642; update_l2(s<0.3/0.3<=s<0.8/s>=0.8)=0.006858/0.056982/0.091266; global_update_l2=0.107812
2026-09-04 17:11:49,981 - INFO - Full evaluation profile: (1.0, 2, 11.424356)
2026-09-04 17:11:51,469 - INFO - Testing accuracy: 36.38
2026-09-04 17:11:51,470 - INFO - ********************************************************************************
2026-09-04 17:11:51,470 - INFO - Round 458
2026-09-04 17:11:58,336 - INFO - this epoch cost time:0.9869599342346191
2026-09-04 17:11:58,336 - INFO - this epoch choose: [84, 23, 54, 37, 94, 10, 50, 84, 47, 51]
2026-09-04 17:11:58,336 - INFO - this epoch dispatch models: [0 2 4 1 1 0 5 6 0 2]
2026-09-04 17:11:58,336 - INFO - this epoch received models: [np.int64(0), np.int64(2), np.int64(4), np.int64(1), np.int64(1), np.int64(0), np.int64(5), np.int64(6), np.int64(0), np.int64(2)]
2026-09-04 17:11:58,336 - INFO - hetero_proportion: 	4:3:3
2026-09-04 17:11:58,480 - INFO - Support aggregation diagnostics: min_nonzero=0.087990, mean=0.387058, P25=0.087990, P50=0.277523, P75=0.529191; coordinate_ratio(s<0.3/0.3<=s<0.8/s>=0.8)=0.593173/0.221173/0.185655; update_l2(s<0.3/0.3<=s<0.8/s>=0.8)=0.009222/0.154648/0.181540; global_update_l2=0.238659
2026-09-04 17:11:58,500 - INFO - Full evaluation profile: (1.0, 2, 11.424356)
2026-09-04 17:12:00,012 - INFO - Testing accuracy: 36.55
2026-09-04 17:12:00,012 - INFO - ********************************************************************************
2026-09-04 17:12:00,012 - INFO - Round 459
2026-09-04 17:12:08,628 - INFO - this epoch cost time:1.1595001220703125
2026-09-04 17:12:08,628 - INFO - this epoch choose: [80, 99, 57, 95, 91, 86, 70, 82, 82, 13]
2026-09-04 17:12:08,628 - INFO - this epoch dispatch models: [5 1 1 5 5 1 5 4 5 2]
2026-09-04 17:12:08,628 - INFO - this epoch received models: [np.int64(5), np.int64(1), np.int64(1), np.int64(5), np.int64(5), np.int64(1), np.int64(5), np.int64(4), np.int64(5), np.int64(2)]
2026-09-04 17:12:08,628 - INFO - hetero_proportion: 	4:3:3
2026-09-04 17:12:08,751 - INFO - Support aggregation diagnostics: min_nonzero=0.504035, mean=0.461930, P25=0.000000, P50=0.592044, P75=0.697129; coordinate_ratio(s<0.3/0.3<=s<0.8/s>=0.8)=0.392037/0.376321/0.231642; update_l2(s<0.3/0.3<=s<0.8/s>=0.8)=0.000000/0.054831/0.104292; global_update_l2=0.117828
2026-09-04 17:12:08,770 - INFO - Full evaluation profile: (1.0, 2, 11.424356)
2026-09-04 17:12:10,394 - INFO - Testing accuracy: 36.35
2026-09-04 17:12:10,395 - INFO - ********************************************************************************
2026-09-04 17:12:10,395 - INFO - Round 460
2026-09-04 17:12:18,754 - INFO - this epoch cost time:1.0318257808685303
2026-09-04 17:12:18,754 - INFO - this epoch choose: [76, 85, 72, 10, 85, 42, 71, 2, 57, 42]
2026-09-04 17:12:18,754 - INFO - this epoch dispatch models: [5 6 0 1 1 3 6 2 3 3]
2026-09-04 17:12:18,754 - INFO - this epoch received models: [np.int64(5), np.int64(6), np.int64(0), np.int64(1), np.int64(1), np.int64(3), np.int64(6), np.int64(2), np.int64(3), np.int64(3)]
2026-09-04 17:12:18,754 - INFO - hetero_proportion: 	4:3:3
2026-09-04 17:12:18,893 - INFO - Support aggregation diagnostics: min_nonzero=0.205361, mean=0.509300, P25=0.205361, P50=0.405482, P75=0.720274; coordinate_ratio(s<0.3/0.3<=s<0.8/s>=0.8)=0.402282/0.395786/0.201932; update_l2(s<0.3/0.3<=s<0.8/s>=0.8)=0.006429/0.098903/0.119480; global_update_l2=0.155237
2026-09-04 17:12:18,913 - INFO - Full evaluation profile: (1.0, 2, 11.424356)
2026-09-04 17:12:20,471 - INFO - Testing accuracy: 36.06
2026-09-04 17:12:20,472 - INFO - ********************************************************************************
2026-09-04 17:12:20,472 - INFO - Round 461
2026-09-04 17:12:29,444 - INFO - this epoch cost time:1.3767242431640625
2026-09-04 17:12:29,444 - INFO - this epoch choose: [57, 59, 22, 74, 61, 79, 85, 83, 43, 2]
2026-09-04 17:12:29,444 - INFO - this epoch dispatch models: [5 4 2 5 0 4 5 5 0 1]
2026-09-04 17:12:29,444 - INFO - this epoch received models: [np.int64(5), np.int64(4), np.int64(2), np.int64(5), np.int64(0), np.int64(4), np.int64(5), np.int64(5), np.int64(0), np.int64(1)]
2026-09-04 17:12:29,444 - INFO - hetero_proportion: 	4:3:3
2026-09-04 17:12:29,583 - INFO - Support aggregation diagnostics: min_nonzero=0.449051, mean=0.455461, P25=0.000000, P50=0.543210, P75=0.727105; coordinate_ratio(s<0.3/0.3<=s<0.8/s>=0.8)=0.392037/0.376321/0.231642; update_l2(s<0.3/0.3<=s<0.8/s>=0.8)=0.000000/0.038432/0.117878; global_update_l2=0.123985
2026-09-04 17:12:29,601 - INFO - Full evaluation profile: (1.0, 2, 11.424356)
2026-09-04 17:12:31,218 - INFO - Testing accuracy: 36.28
2026-09-04 17:12:31,218 - INFO - ********************************************************************************
2026-09-04 17:12:31,218 - INFO - Round 462
2026-09-04 17:12:39,170 - INFO - this epoch cost time:1.0968306064605713
2026-09-04 17:12:39,170 - INFO - this epoch choose: [69, 95, 43, 30, 97, 54, 44, 93, 91, 43]
2026-09-04 17:12:39,170 - INFO - this epoch dispatch models: [4 4 2 0 6 3 2 6 1 4]
2026-09-04 17:12:39,170 - INFO - this epoch received models: [np.int64(4), np.int64(4), np.int64(2), np.int64(0), np.int64(6), np.int64(3), np.int64(2), np.int64(6), np.int64(1), np.int64(4)]
2026-09-04 17:12:39,170 - INFO - hetero_proportion: 	4:3:3
2026-09-04 17:12:39,306 - INFO - Support aggregation diagnostics: min_nonzero=0.156806, mean=0.489158, P25=0.156806, P50=0.347125, P75=0.791270; coordinate_ratio(s<0.3/0.3<=s<0.8/s>=0.8)=0.402282/0.395786/0.201932; update_l2(s<0.3/0.3<=s<0.8/s>=0.8)=0.005053/0.048540/0.100101; global_update_l2=0.111364
2026-09-04 17:12:39,326 - INFO - Full evaluation profile: (1.0, 2, 11.424356)
2026-09-04 17:12:40,872 - INFO - Testing accuracy: 36.35
2026-09-04 17:12:40,873 - INFO - ********************************************************************************
2026-09-04 17:12:40,873 - INFO - Round 463
2026-09-04 17:12:48,697 - INFO - this epoch cost time:1.2120113372802734
2026-09-04 17:12:48,697 - INFO - this epoch choose: [41, 56, 65, 25, 50, 74, 51, 29, 72, 50]
2026-09-04 17:12:48,697 - INFO - this epoch dispatch models: [4 0 2 0 2 6 4 2 6 2]
2026-09-04 17:12:48,697 - INFO - this epoch received models: [np.int64(4), np.int64(0), np.int64(2), np.int64(0), np.int64(2), np.int64(6), np.int64(4), np.int64(2), np.int64(6), np.int64(2)]
2026-09-04 17:12:48,697 - INFO - hetero_proportion: 	4:3:3
2026-09-04 17:12:48,833 - INFO - Support aggregation diagnostics: min_nonzero=0.189826, mean=0.489444, P25=0.189826, P50=0.442716, P75=0.776330; coordinate_ratio(s<0.3/0.3<=s<0.8/s>=0.8)=0.402282/0.412063/0.185655; update_l2(s<0.3/0.3<=s<0.8/s>=0.8)=0.002464/0.051267/0.094106; global_update_l2=0.107193
2026-09-04 17:12:48,852 - INFO - Full evaluation profile: (1.0, 2, 11.424356)
2026-09-04 17:12:50,397 - INFO - Testing accuracy: 36.26
2026-09-04 17:12:50,397 - INFO - ********************************************************************************
2026-09-04 17:12:50,397 - INFO - Round 464
2026-09-04 17:12:59,354 - INFO - this epoch cost time:1.1517839431762695
2026-09-04 17:12:59,354 - INFO - this epoch choose: [5, 22, 40, 0, 69, 74, 92, 79, 73, 75]
2026-09-04 17:12:59,354 - INFO - this epoch dispatch models: [1 1 1 0 5 5 5 2 3 6]
2026-09-04 17:12:59,354 - INFO - this epoch received models: [np.int64(1), np.int64(1), np.int64(1), np.int64(0), np.int64(5), np.int64(5), np.int64(5), np.int64(2), np.int64(3), np.int64(6)]
2026-09-04 17:12:59,354 - INFO - hetero_proportion: 	4:3:3
2026-09-04 17:12:59,476 - INFO - Support aggregation diagnostics: min_nonzero=0.108834, mean=0.464202, P25=0.108834, P50=0.511337, P75=0.603120; coordinate_ratio(s<0.3/0.3<=s<0.8/s>=0.8)=0.392037/0.406031/0.201932; update_l2(s<0.3/0.3<=s<0.8/s>=0.8)=0.002914/0.052908/0.135451; global_update_l2=0.145446
2026-09-04 17:12:59,496 - INFO - Full evaluation profile: (1.0, 2, 11.424356)
2026-09-04 17:13:00,991 - INFO - Testing accuracy: 36.39
2026-09-04 17:13:00,992 - INFO - ********************************************************************************
2026-09-04 17:13:00,992 - INFO - Round 465
2026-09-04 17:13:08,420 - INFO - this epoch cost time:1.21163010597229
2026-09-04 17:13:08,420 - INFO - this epoch choose: [4, 93, 67, 28, 96, 32, 83, 66, 68, 52]
2026-09-04 17:13:08,421 - INFO - this epoch dispatch models: [1 4 4 1 6 1 4 2 3 5]
2026-09-04 17:13:08,421 - INFO - this epoch received models: [np.int64(1), np.int64(4), np.int64(4), np.int64(1), np.int64(6), np.int64(1), np.int64(4), np.int64(2), np.int64(3), np.int64(5)]
2026-09-04 17:13:08,421 - INFO - hetero_proportion: 	4:3:3
2026-09-04 17:13:08,600 - INFO - Support aggregation diagnostics: min_nonzero=0.111135, mean=0.467025, P25=0.111135, P50=0.286938, P75=0.711777; coordinate_ratio(s<0.3/0.3<=s<0.8/s>=0.8)=0.516115/0.252244/0.231642; update_l2(s<0.3/0.3<=s<0.8/s>=0.8)=0.020047/0.032132/0.131137; global_update_l2=0.136497
2026-09-04 17:13:08,621 - INFO - Full evaluation profile: (1.0, 2, 11.424356)
2026-09-04 17:13:10,137 - INFO - Testing accuracy: 36.78
2026-09-04 17:13:10,137 - INFO - ********************************************************************************
2026-09-04 17:13:10,137 - INFO - Round 466
2026-09-04 17:13:17,151 - INFO - this epoch cost time:0.9027800559997559
2026-09-04 17:13:17,152 - INFO - this epoch choose: [93, 71, 78, 93, 85, 64, 66, 65, 86, 54]
2026-09-04 17:13:17,152 - INFO - this epoch dispatch models: [5 6 4 5 3 3 4 4 6 2]
2026-09-04 17:13:17,152 - INFO - this epoch received models: [np.int64(5), np.int64(6), np.int64(4), np.int64(5), np.int64(3), np.int64(3), np.int64(4), np.int64(4), np.int64(6), np.int64(2)]
2026-09-04 17:13:17,152 - INFO - hetero_proportion: 	4:3:3
2026-09-04 17:13:17,290 - INFO - Support aggregation diagnostics: min_nonzero=0.240856, mean=0.606005, P25=0.240856, P50=0.490223, P75=1.000000; coordinate_ratio(s<0.3/0.3<=s<0.8/s>=0.8)=0.392037/0.156329/0.451633; update_l2(s<0.3/0.3<=s<0.8/s>=0.8)=0.004736/0.022324/0.048756; global_update_l2=0.053832
2026-09-04 17:13:17,310 - INFO - Full evaluation profile: (1.0, 2, 11.424356)
2026-09-04 17:13:18,829 - INFO - Testing accuracy: 36.70
2026-09-04 17:13:18,829 - INFO - ********************************************************************************
2026-09-04 17:13:18,829 - INFO - Round 467
2026-09-04 17:13:26,454 - INFO - this epoch cost time:0.9884123802185059
2026-09-04 17:13:26,454 - INFO - this epoch choose: [57, 68, 43, 76, 3, 45, 70, 93, 86, 93]
2026-09-04 17:13:26,454 - INFO - this epoch dispatch models: [3 5 0 4 0 5 3 4 5 6]
2026-09-04 17:13:26,454 - INFO - this epoch received models: [np.int64(3), np.int64(5), np.int64(0), np.int64(4), np.int64(0), np.int64(5), np.int64(3), np.int64(4), np.int64(5), np.int64(6)]
2026-09-04 17:13:26,454 - INFO - hetero_proportion: 	4:3:3
2026-09-04 17:13:26,588 - INFO - Support aggregation diagnostics: min_nonzero=0.053058, mean=0.476766, P25=0.053058, P50=0.376468, P75=0.777238; coordinate_ratio(s<0.3/0.3<=s<0.8/s>=0.8)=0.392037/0.422308/0.185655; update_l2(s<0.3/0.3<=s<0.8/s>=0.8)=0.001921/0.043644/0.114715; global_update_l2=0.122752
2026-09-04 17:13:26,607 - INFO - Full evaluation profile: (1.0, 2, 11.424356)
2026-09-04 17:13:28,181 - INFO - Testing accuracy: 36.36
2026-09-04 17:13:28,182 - INFO - ********************************************************************************
2026-09-04 17:13:28,182 - INFO - Round 468
2026-09-04 17:13:35,182 - INFO - this epoch cost time:0.927337646484375
2026-09-04 17:13:35,182 - INFO - this epoch choose: [66, 20, 97, 55, 50, 96, 69, 72, 99, 72]
2026-09-04 17:13:35,182 - INFO - this epoch dispatch models: [3 0 3 0 3 6 0 4 2 4]
2026-09-04 17:13:35,182 - INFO - this epoch received models: [np.int64(3), np.int64(0), np.int64(3), np.int64(0), np.int64(3), np.int64(6), np.int64(0), np.int64(4), np.int64(2), np.int64(4)]
2026-09-04 17:13:35,182 - INFO - hetero_proportion: 	4:3:3
2026-09-04 17:13:35,405 - INFO - Support aggregation diagnostics: min_nonzero=0.108441, mean=0.410302, P25=0.108441, P50=0.206018, P75=0.620142; coordinate_ratio(s<0.3/0.3<=s<0.8/s>=0.8)=0.516115/0.298231/0.185655; update_l2(s<0.3/0.3<=s<0.8/s>=0.8)=0.016567/0.062225/0.166913; global_update_l2=0.178903
2026-09-04 17:13:35,426 - INFO - Full evaluation profile: (1.0, 2, 11.424356)
2026-09-04 17:13:36,935 - INFO - Testing accuracy: 36.67
2026-09-04 17:13:36,935 - INFO - ********************************************************************************
2026-09-04 17:13:36,935 - INFO - Round 469
2026-09-04 17:13:42,985 - INFO - this epoch cost time:0.8571135997772217
2026-09-04 17:13:42,985 - INFO - this epoch choose: [93, 72, 79, 51, 34, 52, 95, 61, 79, 62]
2026-09-04 17:13:42,985 - INFO - this epoch dispatch models: [2 4 0 5 0 2 2 2 6 5]
2026-09-04 17:13:42,985 - INFO - this epoch received models: [np.int64(2), np.int64(4), np.int64(0), np.int64(5), np.int64(0), np.int64(2), np.int64(2), np.int64(2), np.int64(6), np.int64(5)]
2026-09-04 17:13:42,985 - INFO - hetero_proportion: 	4:3:3
2026-09-04 17:13:43,109 - INFO - Support aggregation diagnostics: min_nonzero=0.114092, mean=0.472510, P25=0.114092, P50=0.422999, P75=0.753326; coordinate_ratio(s<0.3/0.3<=s<0.8/s>=0.8)=0.392037/0.422308/0.185655; update_l2(s<0.3/0.3<=s<0.8/s>=0.8)=0.002983/0.028356/0.132139; global_update_l2=0.135180
2026-09-04 17:13:43,129 - INFO - Full evaluation profile: (1.0, 2, 11.424356)
2026-09-04 17:13:44,499 - INFO - Testing accuracy: 36.29
2026-09-04 17:13:44,500 - INFO - ********************************************************************************
2026-09-04 17:13:44,500 - INFO - Round 470
2026-09-04 17:13:51,713 - INFO - this epoch cost time:0.865013837814331
2026-09-04 17:13:51,713 - INFO - this epoch choose: [99, 85, 58, 50, 70, 48, 36, 77, 62, 74]
2026-09-04 17:13:51,713 - INFO - this epoch dispatch models: [5 5 2 0 1 2 1 6 3 5]
2026-09-04 17:13:51,713 - INFO - this epoch received models: [np.int64(5), np.int64(5), np.int64(2), np.int64(0), np.int64(1), np.int64(2), np.int64(1), np.int64(6), np.int64(3), np.int64(5)]
2026-09-04 17:13:51,713 - INFO - hetero_proportion: 	4:3:3
2026-09-04 17:13:51,836 - INFO - Support aggregation diagnostics: min_nonzero=0.082215, mean=0.461924, P25=0.082215, P50=0.464929, P75=0.692603; coordinate_ratio(s<0.3/0.3<=s<0.8/s>=0.8)=0.392037/0.376321/0.231642; update_l2(s<0.3/0.3<=s<0.8/s>=0.8)=0.004697/0.038552/0.139793; global_update_l2=0.145088
2026-09-04 17:13:51,856 - INFO - Full evaluation profile: (1.0, 2, 11.424356)
2026-09-04 17:13:53,221 - INFO - Testing accuracy: 36.47
2026-09-04 17:13:53,222 - INFO - ********************************************************************************
2026-09-04 17:13:53,222 - INFO - Round 471
2026-09-04 17:14:00,800 - INFO - this epoch cost time:0.9361090660095215
2026-09-04 17:14:00,800 - INFO - this epoch choose: [74, 91, 85, 73, 54, 56, 41, 84, 9, 33]
2026-09-04 17:14:00,800 - INFO - this epoch dispatch models: [3 0 4 3 4 5 3 0 2 1]
2026-09-04 17:14:00,800 - INFO - this epoch received models: [np.int64(3), np.int64(0), np.int64(4), np.int64(3), np.int64(4), np.int64(5), np.int64(3), np.int64(0), np.int64(2), np.int64(1)]
2026-09-04 17:14:00,800 - INFO - hetero_proportion: 	4:3:3
2026-09-04 17:14:00,924 - INFO - Support aggregation diagnostics: min_nonzero=0.100907, mean=0.403329, P25=0.000000, P50=0.197674, P75=0.736500; coordinate_ratio(s<0.3/0.3<=s<0.8/s>=0.8)=0.516115/0.281953/0.201932; update_l2(s<0.3/0.3<=s<0.8/s>=0.8)=0.087010/0.076895/0.097455; global_update_l2=0.151595
2026-09-04 17:14:00,944 - INFO - Full evaluation profile: (1.0, 2, 11.424356)
2026-09-04 17:14:02,479 - INFO - Testing accuracy: 36.44
2026-09-04 17:14:02,479 - INFO - ********************************************************************************
2026-09-04 17:14:02,479 - INFO - Round 472
2026-09-04 17:14:10,544 - INFO - this epoch cost time:1.098975658416748
2026-09-04 17:14:10,544 - INFO - this epoch choose: [92, 98, 64, 20, 33, 98, 75, 56, 71, 41]
2026-09-04 17:14:10,544 - INFO - this epoch dispatch models: [6 6 4 0 0 2 2 4 3 5]
2026-09-04 17:14:10,544 - INFO - this epoch received models: [np.int64(6), np.int64(6), np.int64(4), np.int64(0), np.int64(0), np.int64(2), np.int64(2), np.int64(4), np.int64(3), np.int64(5)]
2026-09-04 17:14:10,544 - INFO - hetero_proportion: 	4:3:3
2026-09-04 17:14:10,673 - INFO - Support aggregation diagnostics: min_nonzero=0.183620, mean=0.519374, P25=0.183620, P50=0.515819, P75=0.812575; coordinate_ratio(s<0.3/0.3<=s<0.8/s>=0.8)=0.392037/0.347220/0.260743; update_l2(s<0.3/0.3<=s<0.8/s>=0.8)=0.007601/0.033449/0.102821; global_update_l2=0.108392
2026-09-04 17:14:10,692 - INFO - Full evaluation profile: (1.0, 2, 11.424356)
2026-09-04 17:14:12,296 - INFO - Testing accuracy: 36.34
2026-09-04 17:14:12,297 - INFO - ********************************************************************************
2026-09-04 17:14:12,297 - INFO - Round 473
2026-09-04 17:14:20,482 - INFO - this epoch cost time:1.0650596618652344
2026-09-04 17:14:20,482 - INFO - this epoch choose: [50, 92, 61, 73, 28, 49, 73, 64, 43, 51]
2026-09-04 17:14:20,482 - INFO - this epoch dispatch models: [5 5 2 6 0 4 6 5 3 3]
2026-09-04 17:14:20,482 - INFO - this epoch received models: [np.int64(5), np.int64(5), np.int64(2), np.int64(6), np.int64(0), np.int64(4), np.int64(6), np.int64(5), np.int64(3), np.int64(3)]
2026-09-04 17:14:20,482 - INFO - hetero_proportion: 	4:3:3
2026-09-04 17:14:20,624 - INFO - Support aggregation diagnostics: min_nonzero=0.190225, mean=0.569242, P25=0.190225, P50=0.545123, P75=0.894139; coordinate_ratio(s<0.3/0.3<=s<0.8/s>=0.8)=0.392037/0.156329/0.451633; update_l2(s<0.3/0.3<=s<0.8/s>=0.8)=0.004485/0.030868/0.116717; global_update_l2=0.120813
2026-09-04 17:14:20,644 - INFO - Full evaluation profile: (1.0, 2, 11.424356)
2026-09-04 17:14:22,251 - INFO - Testing accuracy: 36.65
2026-09-04 17:14:22,252 - INFO - ********************************************************************************
2026-09-04 17:14:22,252 - INFO - Round 474
2026-09-04 17:14:30,597 - INFO - this epoch cost time:1.1870613098144531
2026-09-04 17:14:30,597 - INFO - this epoch choose: [44, 46, 84, 70, 93, 83, 59, 90, 70, 7]
2026-09-04 17:14:30,598 - INFO - this epoch dispatch models: [3 4 6 1 2 0 1 3 6 0]
2026-09-04 17:14:30,598 - INFO - this epoch received models: [np.int64(3), np.int64(4), np.int64(6), np.int64(1), np.int64(2), np.int64(0), np.int64(1), np.int64(3), np.int64(6), np.int64(0)]
2026-09-04 17:14:30,598 - INFO - hetero_proportion: 	4:3:3
2026-09-04 17:14:30,740 - INFO - Support aggregation diagnostics: min_nonzero=0.203580, mean=0.454814, P25=0.203580, P50=0.253476, P75=0.550371; coordinate_ratio(s<0.3/0.3<=s<0.8/s>=0.8)=0.516115/0.298231/0.185655; update_l2(s<0.3/0.3<=s<0.8/s>=0.8)=0.010115/0.072402/0.192453; global_update_l2=0.205870
2026-09-04 17:14:30,759 - INFO - Full evaluation profile: (1.0, 2, 11.424356)
2026-09-04 17:14:32,350 - INFO - Testing accuracy: 36.23
2026-09-04 17:14:32,350 - INFO - ********************************************************************************
2026-09-04 17:14:32,350 - INFO - Round 475
2026-09-04 17:14:40,210 - INFO - this epoch cost time:1.0777842998504639
2026-09-04 17:14:40,210 - INFO - this epoch choose: [34, 43, 73, 70, 94, 81, 26, 62, 76, 68]
2026-09-04 17:14:40,211 - INFO - this epoch dispatch models: [1 5 3 5 0 5 2 4 1 4]
2026-09-04 17:14:40,211 - INFO - this epoch received models: [np.int64(1), np.int64(5), np.int64(3), np.int64(5), np.int64(0), np.int64(5), np.int64(2), np.int64(4), np.int64(1), np.int64(4)]
2026-09-04 17:14:40,211 - INFO - hetero_proportion: 	4:3:3
2026-09-04 17:14:40,350 - INFO - Support aggregation diagnostics: min_nonzero=0.349368, mean=0.442619, P25=0.000000, P50=0.432924, P75=0.716558; coordinate_ratio(s<0.3/0.3<=s<0.8/s>=0.8)=0.392037/0.376321/0.231642; update_l2(s<0.3/0.3<=s<0.8/s>=0.8)=0.000000/0.035742/0.116445; global_update_l2=0.121807
2026-09-04 17:14:40,369 - INFO - Full evaluation profile: (1.0, 2, 11.424356)
2026-09-04 17:14:41,790 - INFO - Testing accuracy: 36.12
2026-09-04 17:14:41,790 - INFO - ********************************************************************************
2026-09-04 17:14:41,791 - INFO - Round 476
2026-09-04 17:14:48,638 - INFO - this epoch cost time:1.1097557544708252
2026-09-04 17:14:48,638 - INFO - this epoch choose: [47, 43, 97, 40, 95, 64, 83, 64, 58, 45]
2026-09-04 17:14:48,639 - INFO - this epoch dispatch models: [4 1 5 1 5 3 2 5 4 4]
2026-09-04 17:14:48,639 - INFO - this epoch received models: [np.int64(4), np.int64(1), np.int64(5), np.int64(1), np.int64(5), np.int64(3), np.int64(2), np.int64(5), np.int64(4), np.int64(4)]
2026-09-04 17:14:48,639 - INFO - hetero_proportion: 	4:3:3
2026-09-04 17:14:48,753 - INFO - Support aggregation diagnostics: min_nonzero=0.268249, mean=0.452758, P25=0.000000, P50=0.419226, P75=0.802553; coordinate_ratio(s<0.3/0.3<=s<0.8/s>=0.8)=0.402282/0.307265/0.290453; update_l2(s<0.3/0.3<=s<0.8/s>=0.8)=0.001737/0.019774/0.063616; global_update_l2=0.066641
2026-09-04 17:14:48,772 - INFO - Full evaluation profile: (1.0, 2, 11.424356)
2026-09-04 17:14:50,148 - INFO - Testing accuracy: 36.11
2026-09-04 17:14:50,148 - INFO - ********************************************************************************
2026-09-04 17:14:50,148 - INFO - Round 477
2026-09-04 17:14:57,371 - INFO - this epoch cost time:0.9629197120666504
2026-09-04 17:14:57,371 - INFO - this epoch choose: [54, 92, 93, 68, 75, 44, 67, 67, 90, 97]
2026-09-04 17:14:57,372 - INFO - this epoch dispatch models: [5 3 6 5 5 2 4 3 1 3]
2026-09-04 17:14:57,372 - INFO - this epoch received models: [np.int64(5), np.int64(3), np.int64(6), np.int64(5), np.int64(5), np.int64(2), np.int64(4), np.int64(3), np.int64(1), np.int64(3)]
2026-09-04 17:14:57,372 - INFO - hetero_proportion: 	4:3:3
2026-09-04 17:14:57,509 - INFO - Support aggregation diagnostics: min_nonzero=0.054674, mean=0.509369, P25=0.054674, P50=0.499374, P75=0.877295; coordinate_ratio(s<0.3/0.3<=s<0.8/s>=0.8)=0.392037/0.347220/0.260743; update_l2(s<0.3/0.3<=s<0.8/s>=0.8)=0.001404/0.032098/0.067555; global_update_l2=0.074806
2026-09-04 17:14:57,530 - INFO - Full evaluation profile: (1.0, 2, 11.424356)
2026-09-04 17:14:59,120 - INFO - Testing accuracy: 36.23
2026-09-04 17:14:59,121 - INFO - ********************************************************************************
2026-09-04 17:14:59,121 - INFO - Round 478
2026-09-04 17:15:07,192 - INFO - this epoch cost time:1.05312180519104
2026-09-04 17:15:07,192 - INFO - this epoch choose: [86, 95, 55, 75, 57, 51, 49, 6, 42, 45]
2026-09-04 17:15:07,192 - INFO - this epoch dispatch models: [4 2 1 0 3 5 5 2 1 1]
2026-09-04 17:15:07,192 - INFO - this epoch received models: [np.int64(4), np.int64(2), np.int64(1), np.int64(0), np.int64(3), np.int64(5), np.int64(5), np.int64(2), np.int64(1), np.int64(1)]
2026-09-04 17:15:07,192 - INFO - hetero_proportion: 	4:3:3
2026-09-04 17:15:07,321 - INFO - Support aggregation diagnostics: min_nonzero=0.230174, mean=0.389582, P25=0.000000, P50=0.376322, P75=0.592900; coordinate_ratio(s<0.3/0.3<=s<0.8/s>=0.8)=0.402282/0.395786/0.201932; update_l2(s<0.3/0.3<=s<0.8/s>=0.8)=0.004092/0.080105/0.101237; global_update_l2=0.129161
2026-09-04 17:15:07,340 - INFO - Full evaluation profile: (1.0, 2, 11.424356)
2026-09-04 17:15:08,871 - INFO - Testing accuracy: 36.29
2026-09-04 17:15:08,872 - INFO - ********************************************************************************
2026-09-04 17:15:08,872 - INFO - Round 479
2026-09-04 17:15:16,831 - INFO - this epoch cost time:1.152029275894165
2026-09-04 17:15:16,831 - INFO - this epoch choose: [48, 8, 80, 77, 40, 76, 97, 75, 18, 97]
2026-09-04 17:15:16,831 - INFO - this epoch dispatch models: [0 0 1 4 0 3 5 6 1 1]
2026-09-04 17:15:16,831 - INFO - this epoch received models: [np.int64(0), np.int64(0), np.int64(1), np.int64(4), np.int64(0), np.int64(3), np.int64(5), np.int64(6), np.int64(1), np.int64(1)]
2026-09-04 17:15:16,831 - INFO - hetero_proportion: 	4:3:3
2026-09-04 17:15:16,967 - INFO - Support aggregation diagnostics: min_nonzero=0.113101, mean=0.378635, P25=0.113101, P50=0.206598, P75=0.374552; coordinate_ratio(s<0.3/0.3<=s<0.8/s>=0.8)=0.518657/0.295689/0.185655; update_l2(s<0.3/0.3<=s<0.8/s>=0.8)=0.010381/0.083339/0.143383; global_update_l2=0.166168
2026-09-04 17:15:16,988 - INFO - Full evaluation profile: (1.0, 2, 11.424356)
2026-09-04 17:15:18,577 - INFO - Testing accuracy: 36.26
2026-09-04 17:15:18,578 - INFO - ********************************************************************************
2026-09-04 17:15:18,578 - INFO - Round 480
2026-09-04 17:15:26,799 - INFO - this epoch cost time:1.0751049518585205
2026-09-04 17:15:26,799 - INFO - this epoch choose: [92, 98, 96, 80, 47, 74, 53, 61, 85, 77]
2026-09-04 17:15:26,799 - INFO - this epoch dispatch models: [0 5 6 3 5 5 3 0 3 6]
2026-09-04 17:15:26,799 - INFO - this epoch received models: [np.int64(0), np.int64(5), np.int64(6), np.int64(3), np.int64(5), np.int64(5), np.int64(3), np.int64(0), np.int64(3), np.int64(6)]
2026-09-04 17:15:26,799 - INFO - hetero_proportion: 	4:3:3
2026-09-04 17:15:26,926 - INFO - Support aggregation diagnostics: min_nonzero=0.186651, mean=0.547842, P25=0.186651, P50=0.461902, P75=0.815121; coordinate_ratio(s<0.3/0.3<=s<0.8/s>=0.8)=0.392037/0.156329/0.451633; update_l2(s<0.3/0.3<=s<0.8/s>=0.8)=0.002933/0.022615/0.106818; global_update_l2=0.109225
2026-09-04 17:15:26,945 - INFO - Full evaluation profile: (1.0, 2, 11.424356)
2026-09-04 17:15:28,511 - INFO - Testing accuracy: 36.29
2026-09-04 17:15:28,511 - INFO - ********************************************************************************
2026-09-04 17:15:28,512 - INFO - Round 481
2026-09-04 17:15:35,511 - INFO - this epoch cost time:1.0232269763946533
2026-09-04 17:15:35,512 - INFO - this epoch choose: [45, 79, 73, 99, 80, 85, 50, 94, 26, 59]
2026-09-04 17:15:35,512 - INFO - this epoch dispatch models: [0 3 5 6 4 5 3 6 1 4]
2026-09-04 17:15:35,512 - INFO - this epoch received models: [np.int64(0), np.int64(3), np.int64(5), np.int64(6), np.int64(4), np.int64(5), np.int64(3), np.int64(6), np.int64(1), np.int64(4)]
2026-09-04 17:15:35,512 - INFO - hetero_proportion: 	4:3:3
2026-09-04 17:15:35,628 - INFO - Support aggregation diagnostics: min_nonzero=0.185815, mean=0.545245, P25=0.185815, P50=0.389050, P75=0.804853; coordinate_ratio(s<0.3/0.3<=s<0.8/s>=0.8)=0.392037/0.156329/0.451633; update_l2(s<0.3/0.3<=s<0.8/s>=0.8)=0.003636/0.036572/0.089303; global_update_l2=0.096570
2026-09-04 17:15:35,648 - INFO - Full evaluation profile: (1.0, 2, 11.424356)
2026-09-04 17:15:37,025 - INFO - Testing accuracy: 36.45
2026-09-04 17:15:37,026 - INFO - ********************************************************************************
2026-09-04 17:15:37,026 - INFO - Round 482
2026-09-04 17:15:42,856 - INFO - this epoch cost time:0.6925017833709717
2026-09-04 17:15:42,856 - INFO - this epoch choose: [21, 95, 17, 82, 65, 67, 62, 44, 85, 89]
2026-09-04 17:15:42,856 - INFO - this epoch dispatch models: [1 1 1 2 4 5 1 0 3 3]
2026-09-04 17:15:42,856 - INFO - this epoch received models: [np.int64(1), np.int64(1), np.int64(1), np.int64(2), np.int64(4), np.int64(5), np.int64(1), np.int64(0), np.int64(3), np.int64(3)]
2026-09-04 17:15:42,856 - INFO - hetero_proportion: 	4:3:3
2026-09-04 17:15:42,969 - INFO - Support aggregation diagnostics: min_nonzero=0.091800, mean=0.347717, P25=0.000000, P50=0.196301, P75=0.489305; coordinate_ratio(s<0.3/0.3<=s<0.8/s>=0.8)=0.518657/0.279412/0.201932; update_l2(s<0.3/0.3<=s<0.8/s>=0.8)=0.021959/0.075882/0.122713; global_update_l2=0.145941
2026-09-04 17:15:42,989 - INFO - Full evaluation profile: (1.0, 2, 11.424356)
2026-09-04 17:15:44,347 - INFO - Testing accuracy: 36.10
2026-09-04 17:15:44,348 - INFO - ********************************************************************************
2026-09-04 17:15:44,348 - INFO - Round 483
2026-09-04 17:15:51,178 - INFO - this epoch cost time:0.8494415283203125
2026-09-04 17:15:51,178 - INFO - this epoch choose: [71, 74, 72, 3, 47, 55, 49, 27, 98, 65]
2026-09-04 17:15:51,178 - INFO - this epoch dispatch models: [6 5 6 1 1 4 3 2 3 5]
2026-09-04 17:15:51,178 - INFO - this epoch received models: [np.int64(6), np.int64(5), np.int64(6), np.int64(1), np.int64(1), np.int64(4), np.int64(3), np.int64(2), np.int64(3), np.int64(5)]
2026-09-04 17:15:51,178 - INFO - hetero_proportion: 	4:3:3
2026-09-04 17:15:51,302 - INFO - Support aggregation diagnostics: min_nonzero=0.173187, mean=0.532734, P25=0.173187, P50=0.458435, P75=0.794417; coordinate_ratio(s<0.3/0.3<=s<0.8/s>=0.8)=0.392037/0.406031/0.201932; update_l2(s<0.3/0.3<=s<0.8/s>=0.8)=0.003532/0.069943/0.084533; global_update_l2=0.109774
2026-09-04 17:15:51,320 - INFO - Full evaluation profile: (1.0, 2, 11.424356)
2026-09-04 17:15:52,851 - INFO - Testing accuracy: 36.07
2026-09-04 17:15:52,851 - INFO - ********************************************************************************
2026-09-04 17:15:52,851 - INFO - Round 484
2026-09-04 17:15:59,451 - INFO - this epoch cost time:0.8796608448028564
2026-09-04 17:15:59,451 - INFO - this epoch choose: [68, 65, 75, 34, 67, 76, 94, 61, 99, 61]
2026-09-04 17:15:59,451 - INFO - this epoch dispatch models: [3 1 2 0 5 1 5 5 5 2]
2026-09-04 17:15:59,451 - INFO - this epoch received models: [np.int64(3), np.int64(1), np.int64(2), np.int64(0), np.int64(5), np.int64(1), np.int64(5), np.int64(5), np.int64(5), np.int64(2)]
2026-09-04 17:15:59,451 - INFO - hetero_proportion: 	4:3:3
2026-09-04 17:15:59,566 - INFO - Support aggregation diagnostics: min_nonzero=0.363486, mean=0.426017, P25=0.000000, P50=0.477955, P75=0.694887; coordinate_ratio(s<0.3/0.3<=s<0.8/s>=0.8)=0.392037/0.406031/0.201932; update_l2(s<0.3/0.3<=s<0.8/s>=0.8)=0.000000/0.039054/0.088408; global_update_l2=0.096650
2026-09-04 17:15:59,586 - INFO - Full evaluation profile: (1.0, 2, 11.424356)
2026-09-04 17:16:00,967 - INFO - Testing accuracy: 35.91
2026-09-04 17:16:00,968 - INFO - ********************************************************************************
2026-09-04 17:16:00,968 - INFO - Round 485
2026-09-04 17:16:08,010 - INFO - this epoch cost time:0.9127793312072754
2026-09-04 17:16:08,010 - INFO - this epoch choose: [43, 45, 77, 79, 71, 94, 17, 98, 94, 71]
2026-09-04 17:16:08,010 - INFO - this epoch dispatch models: [1 4 5 5 6 6 1 4 5 2]
2026-09-04 17:16:08,010 - INFO - this epoch received models: [np.int64(1), np.int64(4), np.int64(5), np.int64(5), np.int64(6), np.int64(6), np.int64(1), np.int64(4), np.int64(5), np.int64(2)]
2026-09-04 17:16:08,010 - INFO - hetero_proportion: 	4:3:3
2026-09-04 17:16:08,129 - INFO - Support aggregation diagnostics: min_nonzero=0.198097, mean=0.560835, P25=0.198097, P50=0.593869, P75=0.790698; coordinate_ratio(s<0.3/0.3<=s<0.8/s>=0.8)=0.392037/0.376321/0.231642; update_l2(s<0.3/0.3<=s<0.8/s>=0.8)=0.002976/0.022535/0.059763; global_update_l2=0.063940
2026-09-04 17:16:08,149 - INFO - Full evaluation profile: (1.0, 2, 11.424356)
2026-09-04 17:16:09,549 - INFO - Testing accuracy: 36.21
2026-09-04 17:16:09,549 - INFO - ********************************************************************************
2026-09-04 17:16:09,549 - INFO - Round 486
2026-09-04 17:16:16,045 - INFO - this epoch cost time:0.837954044342041
2026-09-04 17:16:16,046 - INFO - this epoch choose: [95, 85, 22, 45, 1, 8, 41, 23, 35, 52]
2026-09-04 17:16:16,046 - INFO - this epoch dispatch models: [0 6 2 4 0 0 3 0 2 4]
2026-09-04 17:16:16,046 - INFO - this epoch received models: [np.int64(0), np.int64(6), np.int64(2), np.int64(4), np.int64(0), np.int64(0), np.int64(3), np.int64(0), np.int64(2), np.int64(4)]
2026-09-04 17:16:16,046 - INFO - hetero_proportion: 	4:3:3
2026-09-04 17:16:16,163 - INFO - Support aggregation diagnostics: min_nonzero=0.101611, mean=0.397058, P25=0.101611, P50=0.297872, P75=0.597335; coordinate_ratio(s<0.3/0.3<=s<0.8/s>=0.8)=0.516115/0.298231/0.185655; update_l2(s<0.3/0.3<=s<0.8/s>=0.8)=0.058423/0.068691/0.177538; global_update_l2=0.199127
2026-09-04 17:16:16,182 - INFO - Full evaluation profile: (1.0, 2, 11.424356)
2026-09-04 17:16:17,568 - INFO - Testing accuracy: 36.22
2026-09-04 17:16:17,569 - INFO - ********************************************************************************
2026-09-04 17:16:17,569 - INFO - Round 487
2026-09-04 17:16:24,542 - INFO - this epoch cost time:0.9020519256591797
2026-09-04 17:16:24,542 - INFO - this epoch choose: [92, 69, 51, 91, 69, 72, 57, 92, 95, 99]
2026-09-04 17:16:24,542 - INFO - this epoch dispatch models: [1 3 2 0 0 5 4 6 5 6]
2026-09-04 17:16:24,542 - INFO - this epoch received models: [np.int64(1), np.int64(3), np.int64(2), np.int64(0), np.int64(0), np.int64(5), np.int64(4), np.int64(6), np.int64(5), np.int64(6)]
2026-09-04 17:16:24,542 - INFO - hetero_proportion: 	4:3:3
2026-09-04 17:16:24,664 - INFO - Support aggregation diagnostics: min_nonzero=0.181543, mean=0.489545, P25=0.181543, P50=0.427705, P75=0.675194; coordinate_ratio(s<0.3/0.3<=s<0.8/s>=0.8)=0.392037/0.422308/0.185655; update_l2(s<0.3/0.3<=s<0.8/s>=0.8)=0.003581/0.053036/0.103804; global_update_l2=0.116623
2026-09-04 17:16:24,683 - INFO - Full evaluation profile: (1.0, 2, 11.424356)
2026-09-04 17:16:26,063 - INFO - Testing accuracy: 36.11
2026-09-04 17:16:26,064 - INFO - ********************************************************************************
2026-09-04 17:16:26,064 - INFO - Round 488
2026-09-04 17:16:33,668 - INFO - this epoch cost time:1.0651636123657227
2026-09-04 17:16:33,669 - INFO - this epoch choose: [83, 56, 75, 49, 13, 92, 82, 59, 30, 44]
2026-09-04 17:16:33,669 - INFO - this epoch dispatch models: [4 5 4 1 1 6 6 2 2 4]
2026-09-04 17:16:33,669 - INFO - this epoch received models: [np.int64(4), np.int64(5), np.int64(4), np.int64(1), np.int64(1), np.int64(6), np.int64(6), np.int64(2), np.int64(2), np.int64(4)]
2026-09-04 17:16:33,669 - INFO - hetero_proportion: 	4:3:3
2026-09-04 17:16:33,787 - INFO - Support aggregation diagnostics: min_nonzero=0.176730, mean=0.516806, P25=0.176730, P50=0.450663, P75=0.777430; coordinate_ratio(s<0.3/0.3<=s<0.8/s>=0.8)=0.402282/0.366076/0.231642; update_l2(s<0.3/0.3<=s<0.8/s>=0.8)=0.002978/0.050031/0.102670; global_update_l2=0.114250
2026-09-04 17:16:33,806 - INFO - Full evaluation profile: (1.0, 2, 11.424356)
2026-09-04 17:16:35,198 - INFO - Testing accuracy: 36.35
2026-09-04 17:16:35,198 - INFO - ********************************************************************************
2026-09-04 17:16:35,198 - INFO - Round 489
2026-09-04 17:16:42,409 - INFO - this epoch cost time:1.1593313217163086
2026-09-04 17:16:42,410 - INFO - this epoch choose: [93, 86, 40, 48, 83, 77, 3, 80, 85, 64]
2026-09-04 17:16:42,410 - INFO - this epoch dispatch models: [1 5 2 3 5 2 0 1 3 5]
2026-09-04 17:16:42,410 - INFO - this epoch received models: [np.int64(1), np.int64(5), np.int64(2), np.int64(3), np.int64(5), np.int64(2), np.int64(0), np.int64(1), np.int64(3), np.int64(5)]
2026-09-04 17:16:42,410 - INFO - hetero_proportion: 	4:3:3
2026-09-04 17:16:42,525 - INFO - Support aggregation diagnostics: min_nonzero=0.328721, mean=0.427754, P25=0.000000, P50=0.500187, P75=0.716156; coordinate_ratio(s<0.3/0.3<=s<0.8/s>=0.8)=0.392037/0.406031/0.201932; update_l2(s<0.3/0.3<=s<0.8/s>=0.8)=0.000000/0.042624/0.082522; global_update_l2=0.092880
2026-09-04 17:16:42,545 - INFO - Full evaluation profile: (1.0, 2, 11.424356)
2026-09-04 17:16:43,926 - INFO - Testing accuracy: 36.06
2026-09-04 17:16:43,926 - INFO - ********************************************************************************
2026-09-04 17:16:43,926 - INFO - Round 490
2026-09-04 17:16:51,144 - INFO - this epoch cost time:1.0696625709533691
2026-09-04 17:16:51,144 - INFO - this epoch choose: [80, 7, 58, 81, 98, 84, 97, 2, 84, 79]
2026-09-04 17:16:51,144 - INFO - this epoch dispatch models: [3 2 4 6 0 2 6 2 5 2]
2026-09-04 17:16:51,144 - INFO - this epoch received models: [np.int64(3), np.int64(2), np.int64(4), np.int64(6), np.int64(0), np.int64(2), np.int64(6), np.int64(2), np.int64(5), np.int64(2)]
2026-09-04 17:16:51,144 - INFO - hetero_proportion: 	4:3:3
2026-09-04 17:16:51,262 - INFO - Support aggregation diagnostics: min_nonzero=0.227449, mean=0.553809, P25=0.227449, P50=0.543157, P75=0.917185; coordinate_ratio(s<0.3/0.3<=s<0.8/s>=0.8)=0.392037/0.347220/0.260743; update_l2(s<0.3/0.3<=s<0.8/s>=0.8)=0.003227/0.059542/0.092288; global_update_l2=0.109877
2026-09-04 17:16:51,281 - INFO - Full evaluation profile: (1.0, 2, 11.424356)
2026-09-04 17:16:52,653 - INFO - Testing accuracy: 36.05
2026-09-04 17:16:52,653 - INFO - ********************************************************************************
2026-09-04 17:16:52,654 - INFO - Round 491
2026-09-04 17:16:59,468 - INFO - this epoch cost time:1.0581696033477783
2026-09-04 17:16:59,468 - INFO - this epoch choose: [68, 80, 77, 40, 94, 74, 40, 98, 98, 93]
2026-09-04 17:16:59,468 - INFO - this epoch dispatch models: [5 6 4 3 6 3 2 3 6 2]
2026-09-04 17:16:59,468 - INFO - this epoch received models: [np.int64(5), np.int64(6), np.int64(4), np.int64(3), np.int64(6), np.int64(3), np.int64(2), np.int64(3), np.int64(6), np.int64(2)]
2026-09-04 17:16:59,468 - INFO - hetero_proportion: 	4:3:3
2026-09-04 17:16:59,588 - INFO - Support aggregation diagnostics: min_nonzero=0.320551, mean=0.641540, P25=0.320551, P50=0.596610, P75=1.000000; coordinate_ratio(s<0.3/0.3<=s<0.8/s>=0.8)=0.000000/0.548367/0.451633; update_l2(s<0.3/0.3<=s<0.8/s>=0.8)=0.000000/0.015960/0.043606; global_update_l2=0.046435
2026-09-04 17:16:59,607 - INFO - Full evaluation profile: (1.0, 2, 11.424356)
2026-09-04 17:17:00,992 - INFO - Testing accuracy: 35.99
2026-09-04 17:17:00,992 - INFO - ********************************************************************************
2026-09-04 17:17:00,992 - INFO - Round 492
2026-09-04 17:17:07,443 - INFO - this epoch cost time:0.8431909084320068
2026-09-04 17:17:07,443 - INFO - this epoch choose: [90, 50, 84, 94, 86, 43, 88, 92, 87, 68]
2026-09-04 17:17:07,443 - INFO - this epoch dispatch models: [3 1 5 6 3 4 6 3 0 5]
2026-09-04 17:17:07,443 - INFO - this epoch received models: [np.int64(3), np.int64(1), np.int64(5), np.int64(6), np.int64(3), np.int64(4), np.int64(6), np.int64(3), np.int64(0), np.int64(5)]
2026-09-04 17:17:07,443 - INFO - hetero_proportion: 	4:3:3
2026-09-04 17:17:07,563 - INFO - Support aggregation diagnostics: min_nonzero=0.194913, mean=0.559783, P25=0.194913, P50=0.403291, P75=0.856380; coordinate_ratio(s<0.3/0.3<=s<0.8/s>=0.8)=0.392037/0.156329/0.451633; update_l2(s<0.3/0.3<=s<0.8/s>=0.8)=0.005508/0.030857/0.082546; global_update_l2=0.088297
2026-09-04 17:17:07,583 - INFO - Full evaluation profile: (1.0, 2, 11.424356)
2026-09-04 17:17:08,947 - INFO - Testing accuracy: 36.33
2026-09-04 17:17:08,947 - INFO - ********************************************************************************
2026-09-04 17:17:08,947 - INFO - Round 493
2026-09-04 17:17:15,335 - INFO - this epoch cost time:1.0772769451141357
2026-09-04 17:17:15,335 - INFO - this epoch choose: [94, 87, 92, 83, 46, 67, 51, 87, 47, 72]
2026-09-04 17:17:15,335 - INFO - this epoch dispatch models: [5 1 6 2 3 5 1 4 3 2]
2026-09-04 17:17:15,335 - INFO - this epoch received models: [np.int64(5), np.int64(1), np.int64(6), np.int64(2), np.int64(3), np.int64(5), np.int64(1), np.int64(4), np.int64(3), np.int64(2)]
2026-09-04 17:17:15,335 - INFO - hetero_proportion: 	4:3:3
2026-09-04 17:17:15,453 - INFO - Support aggregation diagnostics: min_nonzero=0.106484, mean=0.487514, P25=0.106484, P50=0.527218, P75=0.806333; coordinate_ratio(s<0.3/0.3<=s<0.8/s>=0.8)=0.402282/0.336975/0.260743; update_l2(s<0.3/0.3<=s<0.8/s>=0.8)=0.003700/0.058507/0.099188; global_update_l2=0.115217
2026-09-04 17:17:15,472 - INFO - Full evaluation profile: (1.0, 2, 11.424356)
2026-09-04 17:17:16,888 - INFO - Testing accuracy: 36.18
2026-09-04 17:17:16,888 - INFO - ********************************************************************************
2026-09-04 17:17:16,888 - INFO - Round 494
2026-09-04 17:17:23,244 - INFO - this epoch cost time:0.7447152137756348
2026-09-04 17:17:23,244 - INFO - this epoch choose: [2, 40, 99, 99, 89, 71, 78, 52, 97, 62]
2026-09-04 17:17:23,244 - INFO - this epoch dispatch models: [2 3 6 5 3 2 5 2 1 4]
2026-09-04 17:17:23,244 - INFO - this epoch received models: [np.int64(2), np.int64(3), np.int64(6), np.int64(5), np.int64(3), np.int64(2), np.int64(5), np.int64(2), np.int64(1), np.int64(4)]
2026-09-04 17:17:23,244 - INFO - hetero_proportion: 	4:3:3
2026-09-04 17:17:23,359 - INFO - Support aggregation diagnostics: min_nonzero=0.103113, mean=0.502179, P25=0.103113, P50=0.579819, P75=0.890483; coordinate_ratio(s<0.3/0.3<=s<0.8/s>=0.8)=0.402282/0.307265/0.290453; update_l2(s<0.3/0.3<=s<0.8/s>=0.8)=0.002401/0.022130/0.067222; global_update_l2=0.070812
2026-09-04 17:17:23,379 - INFO - Full evaluation profile: (1.0, 2, 11.424356)
2026-09-04 17:17:24,765 - INFO - Testing accuracy: 35.92
2026-09-04 17:17:24,765 - INFO - ********************************************************************************
2026-09-04 17:17:24,765 - INFO - Round 495
2026-09-04 17:17:31,258 - INFO - this epoch cost time:0.851747989654541
2026-09-04 17:17:31,258 - INFO - this epoch choose: [51, 65, 87, 42, 49, 99, 95, 79, 66, 89]
2026-09-04 17:17:31,258 - INFO - this epoch dispatch models: [5 5 3 3 3 4 6 6 1 1]
2026-09-04 17:17:31,258 - INFO - this epoch received models: [np.int64(5), np.int64(5), np.int64(3), np.int64(3), np.int64(3), np.int64(4), np.int64(6), np.int64(6), np.int64(1), np.int64(1)]
2026-09-04 17:17:31,258 - INFO - hetero_proportion: 	4:3:3
2026-09-04 17:17:31,379 - INFO - Support aggregation diagnostics: min_nonzero=0.192623, mean=0.554500, P25=0.192623, P50=0.407032, P75=0.820319; coordinate_ratio(s<0.3/0.3<=s<0.8/s>=0.8)=0.392037/0.156329/0.451633; update_l2(s<0.3/0.3<=s<0.8/s>=0.8)=0.003789/0.033702/0.066394; global_update_l2=0.074554
2026-09-04 17:17:31,397 - INFO - Full evaluation profile: (1.0, 2, 11.424356)
2026-09-04 17:17:32,777 - INFO - Testing accuracy: 36.02
2026-09-04 17:17:32,778 - INFO - ********************************************************************************
2026-09-04 17:17:32,778 - INFO - Round 496
2026-09-04 17:17:39,348 - INFO - this epoch cost time:1.0153331756591797
2026-09-04 17:17:39,348 - INFO - this epoch choose: [78, 52, 92, 82, 75, 95, 76, 70, 92, 58]
2026-09-04 17:17:39,348 - INFO - this epoch dispatch models: [0 2 5 0 6 6 3 4 1 4]
2026-09-04 17:17:39,348 - INFO - this epoch received models: [np.int64(0), np.int64(2), np.int64(5), np.int64(0), np.int64(6), np.int64(6), np.int64(3), np.int64(4), np.int64(1), np.int64(4)]
2026-09-04 17:17:39,348 - INFO - hetero_proportion: 	4:3:3
2026-09-04 17:17:39,470 - INFO - Support aggregation diagnostics: min_nonzero=0.204560, mean=0.515843, P25=0.204560, P50=0.382591, P75=0.725181; coordinate_ratio(s<0.3/0.3<=s<0.8/s>=0.8)=0.392037/0.406031/0.201932; update_l2(s<0.3/0.3<=s<0.8/s>=0.8)=0.002263/0.030761/0.090484; global_update_l2=0.095597
2026-09-04 17:17:39,490 - INFO - Full evaluation profile: (1.0, 2, 11.424356)
2026-09-04 17:17:40,874 - INFO - Testing accuracy: 36.07
2026-09-04 17:17:40,874 - INFO - ********************************************************************************
2026-09-04 17:17:40,874 - INFO - Round 497
2026-09-04 17:17:46,973 - INFO - this epoch cost time:0.858018159866333
2026-09-04 17:17:46,974 - INFO - this epoch choose: [74, 76, 32, 87, 86, 4, 94, 96, 65, 69]
2026-09-04 17:17:46,974 - INFO - this epoch dispatch models: [0 0 2 3 1 0 6 3 4 1]
2026-09-04 17:17:46,974 - INFO - this epoch received models: [np.int64(0), np.int64(0), np.int64(2), np.int64(3), np.int64(1), np.int64(0), np.int64(6), np.int64(3), np.int64(4), np.int64(1)]
2026-09-04 17:17:46,974 - INFO - hetero_proportion: 	4:3:3
2026-09-04 17:17:47,099 - INFO - Support aggregation diagnostics: min_nonzero=0.089768, mean=0.360411, P25=0.089768, P50=0.164051, P75=0.428960; coordinate_ratio(s<0.3/0.3<=s<0.8/s>=0.8)=0.518657/0.295689/0.185655; update_l2(s<0.3/0.3<=s<0.8/s>=0.8)=0.045683/0.074672/0.143811; global_update_l2=0.168358
2026-09-04 17:17:47,119 - INFO - Full evaluation profile: (1.0, 2, 11.424356)
2026-09-04 17:17:48,491 - INFO - Testing accuracy: 36.07
2026-09-04 17:17:48,492 - INFO - ********************************************************************************
2026-09-04 17:17:48,492 - INFO - Round 498
2026-09-04 17:17:55,904 - INFO - this epoch cost time:1.2371935844421387
2026-09-04 17:17:55,904 - INFO - this epoch choose: [77, 83, 99, 49, 41, 21, 58, 50, 73, 71]
2026-09-04 17:17:55,904 - INFO - this epoch dispatch models: [3 6 6 5 1 1 2 1 1 1]
2026-09-04 17:17:55,904 - INFO - this epoch received models: [np.int64(3), np.int64(6), np.int64(6), np.int64(5), np.int64(1), np.int64(1), np.int64(2), np.int64(1), np.int64(1), np.int64(1)]
2026-09-04 17:17:55,904 - INFO - hetero_proportion: 	4:3:3
2026-09-04 17:17:56,026 - INFO - Support aggregation diagnostics: min_nonzero=0.228956, mean=0.488727, P25=0.228956, P50=0.430602, P75=0.532361; coordinate_ratio(s<0.3/0.3<=s<0.8/s>=0.8)=0.392037/0.376321/0.231642; update_l2(s<0.3/0.3<=s<0.8/s>=0.8)=0.002621/0.028299/0.089804; global_update_l2=0.094194
2026-09-04 17:17:56,046 - INFO - Full evaluation profile: (1.0, 2, 11.424356)
2026-09-04 17:17:57,431 - INFO - Testing accuracy: 36.18
2026-09-04 17:17:57,432 - INFO - ********************************************************************************
2026-09-04 17:17:57,432 - INFO - Round 499
2026-09-04 17:18:03,256 - INFO - this epoch cost time:0.7117345333099365
2026-09-04 17:18:03,256 - INFO - this epoch choose: [84, 16, 64, 82, 45, 78, 75, 78, 50, 56]
2026-09-04 17:18:03,256 - INFO - this epoch dispatch models: [0 0 2 1 3 3 0 1 2 3]
2026-09-04 17:18:03,256 - INFO - this epoch received models: [np.int64(0), np.int64(0), np.int64(2), np.int64(1), np.int64(3), np.int64(3), np.int64(0), np.int64(1), np.int64(2), np.int64(3)]
2026-09-04 17:18:03,256 - INFO - hetero_proportion: 	4:3:3
2026-09-04 17:18:03,375 - INFO - Support aggregation diagnostics: min_nonzero=0.179902, mean=0.315561, P25=0.000000, P50=0.179902, P75=0.486690; coordinate_ratio(s<0.3/0.3<=s<0.8/s>=0.8)=0.518657/0.295689/0.185655; update_l2(s<0.3/0.3<=s<0.8/s>=0.8)=0.018326/0.071933/0.114617; global_update_l2=0.136555
2026-09-04 17:18:03,395 - INFO - Full evaluation profile: (1.0, 2, 11.424356)
2026-09-04 17:18:04,778 - INFO - Testing accuracy: 36.00
2026-09-04 17:18:04,780 - INFO - Saved Full-only accuracy: results/support_v1_eps02_full\full_accuracy.json
2026-09-04 17:18:04,781 - INFO - Total experiment wall time (seconds): 6177.167133
2026-09-04 17:18:04,781 - INFO - Average wall time per round (seconds): 12.354334
