TemporalSupport V2 formal experiment
beta=0.85; 500 rounds; Full-only evaluation; device=cuda:0
profiles=[(0.4,2), (0.4,3), (0.4,4), (0.66,2), (0.66,3), (0.66,4), (1.0,2)]; BN track_running_stats=False
client sample sizes: min=262, median=491.5, max=757
====================================================================================================
【model config】  model_name:resnet, width:0.4 , depth:2, param:8.48394MB
ResNet(
  (conv1): Sequential(
    (0): Conv2d(3, 64, kernel_size=(3, 3), stride=(1, 1), padding=(1, 1), bias=False)
    (1): BatchNorm2d(64, eps=1e-05, momentum=0.1, affine=True, track_running_stats=False)
    (2): ReLU()
  )
  (layer1): Sequential(
    (0): ResidualBlock(
      (left): Sequential(
        (0): Conv2d(64, 96, kernel_size=(3, 3), stride=(1, 1), padding=(1, 1), bias=False)
        (1): BatchNorm2d(96, eps=1e-05, momentum=0.1, affine=True, track_running_stats=False)
        (2): ReLU(inplace=True)
        (3): Conv2d(96, 96, kernel_size=(3, 3), stride=(1, 1), padding=(1, 1), bias=False)
        (4): BatchNorm2d(96, eps=1e-05, momentum=0.1, affine=True, track_running_stats=False)
      )
      (shortcut): Sequential(
        (0): Conv2d(64, 96, kernel_size=(1, 1), stride=(1, 1), bias=False)
        (1): BatchNorm2d(96, eps=1e-05, momentum=0.1, affine=True, track_running_stats=False)
      )
    )
    (1): ResidualBlock(
      (left): Sequential(
        (0): Conv2d(96, 96, kernel_size=(3, 3), stride=(1, 1), padding=(1, 1), bias=False)
        (1): BatchNorm2d(96, eps=1e-05, momentum=0.1, affine=True, track_running_stats=False)
        (2): ReLU(inplace=True)
        (3): Conv2d(96, 96, kernel_size=(3, 3), stride=(1, 1), padding=(1, 1), bias=False)
        (4): BatchNorm2d(96, eps=1e-05, momentum=0.1, affine=True, track_running_stats=False)
      )
      (shortcut): Sequential()
    )
  )
  (layer2): Sequential(
    (0): ResidualBlock(
      (left): Sequential(
        (0): Conv2d(96, 51, kernel_size=(3, 3), stride=(2, 2), padding=(1, 1), bias=False)
        (1): BatchNorm2d(51, eps=1e-05, momentum=0.1, affine=True, track_running_stats=False)
        (2): ReLU(inplace=True)
        (3): Conv2d(51, 51, kernel_size=(3, 3), stride=(1, 1), padding=(1, 1), bias=False)
        (4): BatchNorm2d(51, eps=1e-05, momentum=0.1, affine=True, track_running_stats=False)
      )
      (shortcut): Sequential(
        (0): Conv2d(96, 51, kernel_size=(1, 1), stride=(2, 2), bias=False)
        (1): BatchNorm2d(51, eps=1e-05, momentum=0.1, affine=True, track_running_stats=False)
      )
    )
    (1): ResidualBlock(
      (left): Sequential(
        (0): Conv2d(51, 51, kernel_size=(3, 3), stride=(1, 1), padding=(1, 1), bias=False)
        (1): BatchNorm2d(51, eps=1e-05, momentum=0.1, affine=True, track_running_stats=False)
        (2): ReLU(inplace=True)
        (3): Conv2d(51, 51, kernel_size=(3, 3), stride=(1, 1), padding=(1, 1), bias=False)
        (4): BatchNorm2d(51, eps=1e-05, momentum=0.1, affine=True, track_running_stats=False)
      )
      (shortcut): Sequential()
    )
  )
  (layer3): Sequential(
    (0): ResidualBlock(
      (left): Sequential(
        (0): Conv2d(51, 102, kernel_size=(3, 3), stride=(2, 2), padding=(1, 1), bias=False)
        (1): BatchNorm2d(102, eps=1e-05, momentum=0.1, affine=True, track_running_stats=False)
        (2): ReLU(inplace=True)
        (3): Conv2d(102, 102, kernel_size=(3, 3), stride=(1, 1), padding=(1, 1), bias=False)
        (4): BatchNorm2d(102, eps=1e-05, momentum=0.1, affine=True, track_running_stats=False)
      )
      (shortcut): Sequential(
        (0): Conv2d(51, 102, kernel_size=(1, 1), stride=(2, 2), bias=False)
        (1): BatchNorm2d(102, eps=1e-05, momentum=0.1, affine=True, track_running_stats=False)
      )
    )
    (1): ResidualBlock(
      (left): Sequential(
        (0): Conv2d(102, 102, kernel_size=(3, 3), stride=(1, 1), padding=(1, 1), bias=False)
        (1): BatchNorm2d(102, eps=1e-05, momentum=0.1, affine=True, track_running_stats=False)
        (2): ReLU(inplace=True)
        (3): Conv2d(102, 102, kernel_size=(3, 3), stride=(1, 1), padding=(1, 1), bias=False)
        (4): BatchNorm2d(102, eps=1e-05, momentum=0.1, affine=True, track_running_stats=False)
      )
      (shortcut): Sequential()
    )
  )
  (layer4): Sequential(
    (0): ResidualBlock(
      (left): Sequential(
        (0): Conv2d(102, 204, kernel_size=(3, 3), stride=(2, 2), padding=(1, 1), bias=False)
        (1): BatchNorm2d(204, eps=1e-05, momentum=0.1, affine=True, track_running_stats=False)
        (2): ReLU(inplace=True)
        (3): Conv2d(204, 204, kernel_size=(3, 3), stride=(1, 1), padding=(1, 1), bias=False)
        (4): BatchNorm2d(204, eps=1e-05, momentum=0.1, affine=True, track_running_stats=False)
      )
      (shortcut): Sequential(
        (0): Conv2d(102, 204, kernel_size=(1, 1), stride=(2, 2), bias=False)
        (1): BatchNorm2d(204, eps=1e-05, momentum=0.1, affine=True, track_running_stats=False)
      )
    )
    (1): ResidualBlock(
      (left): Sequential(
        (0): Conv2d(204, 204, kernel_size=(3, 3), stride=(1, 1), padding=(1, 1), bias=False)
        (1): BatchNorm2d(204, eps=1e-05, momentum=0.1, affine=True, track_running_stats=False)
        (2): ReLU(inplace=True)
        (3): Conv2d(204, 204, kernel_size=(3, 3), stride=(1, 1), padding=(1, 1), bias=False)
        (4): BatchNorm2d(204, eps=1e-05, momentum=0.1, affine=True, track_running_stats=False)
      )
      (shortcut): Sequential()
    )
  )
  (fc): Linear(in_features=204, out_features=100, bias=True)
)
====================================================================================================
【model config】  model_name:resnet, width:0.4 , depth:3, param:10.585424MB
ResNet(
  (conv1): Sequential(
    (0): Conv2d(3, 64, kernel_size=(3, 3), stride=(1, 1), padding=(1, 1), bias=False)
    (1): BatchNorm2d(64, eps=1e-05, momentum=0.1, affine=True, track_running_stats=False)
    (2): ReLU()
  )
  (layer1): Sequential(
    (0): ResidualBlock(
      (left): Sequential(
        (0): Conv2d(64, 96, kernel_size=(3, 3), stride=(1, 1), padding=(1, 1), bias=False)
        (1): BatchNorm2d(96, eps=1e-05, momentum=0.1, affine=True, track_running_stats=False)
        (2): ReLU(inplace=True)
        (3): Conv2d(96, 96, kernel_size=(3, 3), stride=(1, 1), padding=(1, 1), bias=False)
        (4): BatchNorm2d(96, eps=1e-05, momentum=0.1, affine=True, track_running_stats=False)
      )
      (shortcut): Sequential(
        (0): Conv2d(64, 96, kernel_size=(1, 1), stride=(1, 1), bias=False)
        (1): BatchNorm2d(96, eps=1e-05, momentum=0.1, affine=True, track_running_stats=False)
      )
    )
    (1): ResidualBlock(
      (left): Sequential(
        (0): Conv2d(96, 96, kernel_size=(3, 3), stride=(1, 1), padding=(1, 1), bias=False)
        (1): BatchNorm2d(96, eps=1e-05, momentum=0.1, affine=True, track_running_stats=False)
        (2): ReLU(inplace=True)
        (3): Conv2d(96, 96, kernel_size=(3, 3), stride=(1, 1), padding=(1, 1), bias=False)
        (4): BatchNorm2d(96, eps=1e-05, momentum=0.1, affine=True, track_running_stats=False)
      )
      (shortcut): Sequential()
    )
  )
  (layer2): Sequential(
    (0): ResidualBlock(
      (left): Sequential(
        (0): Conv2d(96, 128, kernel_size=(3, 3), stride=(2, 2), padding=(1, 1), bias=False)
        (1): BatchNorm2d(128, eps=1e-05, momentum=0.1, affine=True, track_running_stats=False)
        (2): ReLU(inplace=True)
        (3): Conv2d(128, 128, kernel_size=(3, 3), stride=(1, 1), padding=(1, 1), bias=False)
        (4): BatchNorm2d(128, eps=1e-05, momentum=0.1, affine=True, track_running_stats=False)
      )
      (shortcut): Sequential(
        (0): Conv2d(96, 128, kernel_size=(1, 1), stride=(2, 2), bias=False)
        (1): BatchNorm2d(128, eps=1e-05, momentum=0.1, affine=True, track_running_stats=False)
      )
    )
    (1): ResidualBlock(
      (left): Sequential(
        (0): Conv2d(128, 128, kernel_size=(3, 3), stride=(1, 1), padding=(1, 1), bias=False)
        (1): BatchNorm2d(128, eps=1e-05, momentum=0.1, affine=True, track_running_stats=False)
        (2): ReLU(inplace=True)
        (3): Conv2d(128, 128, kernel_size=(3, 3), stride=(1, 1), padding=(1, 1), bias=False)
        (4): BatchNorm2d(128, eps=1e-05, momentum=0.1, affine=True, track_running_stats=False)
      )
      (shortcut): Sequential()
    )
  )
  (layer3): Sequential(
    (0): ResidualBlock(
      (left): Sequential(
        (0): Conv2d(128, 102, kernel_size=(3, 3), stride=(2, 2), padding=(1, 1), bias=False)
        (1): BatchNorm2d(102, eps=1e-05, momentum=0.1, affine=True, track_running_stats=False)
        (2): ReLU(inplace=True)
        (3): Conv2d(102, 102, kernel_size=(3, 3), stride=(1, 1), padding=(1, 1), bias=False)
        (4): BatchNorm2d(102, eps=1e-05, momentum=0.1, affine=True, track_running_stats=False)
      )
      (shortcut): Sequential(
        (0): Conv2d(128, 102, kernel_size=(1, 1), stride=(2, 2), bias=False)
        (1): BatchNorm2d(102, eps=1e-05, momentum=0.1, affine=True, track_running_stats=False)
      )
    )
    (1): ResidualBlock(
      (left): Sequential(
        (0): Conv2d(102, 102, kernel_size=(3, 3), stride=(1, 1), padding=(1, 1), bias=False)
        (1): BatchNorm2d(102, eps=1e-05, momentum=0.1, affine=True, track_running_stats=False)
        (2): ReLU(inplace=True)
        (3): Conv2d(102, 102, kernel_size=(3, 3), stride=(1, 1), padding=(1, 1), bias=False)
        (4): BatchNorm2d(102, eps=1e-05, momentum=0.1, affine=True, track_running_stats=False)
      )
      (shortcut): Sequential()
    )
  )
  (layer4): Sequential(
    (0): ResidualBlock(
      (left): Sequential(
        (0): Conv2d(102, 204, kernel_size=(3, 3), stride=(2, 2), padding=(1, 1), bias=False)
        (1): BatchNorm2d(204, eps=1e-05, momentum=0.1, affine=True, track_running_stats=False)
        (2): ReLU(inplace=True)
        (3): Conv2d(204, 204, kernel_size=(3, 3), stride=(1, 1), padding=(1, 1), bias=False)
        (4): BatchNorm2d(204, eps=1e-05, momentum=0.1, affine=True, track_running_stats=False)
      )
      (shortcut): Sequential(
        (0): Conv2d(102, 204, kernel_size=(1, 1), stride=(2, 2), bias=False)
        (1): BatchNorm2d(204, eps=1e-05, momentum=0.1, affine=True, track_running_stats=False)
      )
    )
    (1): ResidualBlock(
      (left): Sequential(
        (0): Conv2d(204, 204, kernel_size=(3, 3), stride=(1, 1), padding=(1, 1), bias=False)
        (1): BatchNorm2d(204, eps=1e-05, momentum=0.1, affine=True, track_running_stats=False)
        (2): ReLU(inplace=True)
        (3): Conv2d(204, 204, kernel_size=(3, 3), stride=(1, 1), padding=(1, 1), bias=False)
        (4): BatchNorm2d(204, eps=1e-05, momentum=0.1, affine=True, track_running_stats=False)
      )
      (shortcut): Sequential()
    )
  )
  (fc): Linear(in_features=204, out_features=100, bias=True)
)
====================================================================================================
【model config】  model_name:resnet, width:0.4 , depth:4, param:18.59096MB
ResNet(
  (conv1): Sequential(
    (0): Conv2d(3, 64, kernel_size=(3, 3), stride=(1, 1), padding=(1, 1), bias=False)
    (1): BatchNorm2d(64, eps=1e-05, momentum=0.1, affine=True, track_running_stats=False)
    (2): ReLU()
  )
  (layer1): Sequential(
    (0): ResidualBlock(
      (left): Sequential(
        (0): Conv2d(64, 96, kernel_size=(3, 3), stride=(1, 1), padding=(1, 1), bias=False)
        (1): BatchNorm2d(96, eps=1e-05, momentum=0.1, affine=True, track_running_stats=False)
        (2): ReLU(inplace=True)
        (3): Conv2d(96, 96, kernel_size=(3, 3), stride=(1, 1), padding=(1, 1), bias=False)
        (4): BatchNorm2d(96, eps=1e-05, momentum=0.1, affine=True, track_running_stats=False)
      )
      (shortcut): Sequential(
        (0): Conv2d(64, 96, kernel_size=(1, 1), stride=(1, 1), bias=False)
        (1): BatchNorm2d(96, eps=1e-05, momentum=0.1, affine=True, track_running_stats=False)
      )
    )
    (1): ResidualBlock(
      (left): Sequential(
        (0): Conv2d(96, 96, kernel_size=(3, 3), stride=(1, 1), padding=(1, 1), bias=False)
        (1): BatchNorm2d(96, eps=1e-05, momentum=0.1, affine=True, track_running_stats=False)
        (2): ReLU(inplace=True)
        (3): Conv2d(96, 96, kernel_size=(3, 3), stride=(1, 1), padding=(1, 1), bias=False)
        (4): BatchNorm2d(96, eps=1e-05, momentum=0.1, affine=True, track_running_stats=False)
      )
      (shortcut): Sequential()
    )
  )
  (layer2): Sequential(
    (0): ResidualBlock(
      (left): Sequential(
        (0): Conv2d(96, 128, kernel_size=(3, 3), stride=(2, 2), padding=(1, 1), bias=False)
        (1): BatchNorm2d(128, eps=1e-05, momentum=0.1, affine=True, track_running_stats=False)
        (2): ReLU(inplace=True)
        (3): Conv2d(128, 128, kernel_size=(3, 3), stride=(1, 1), padding=(1, 1), bias=False)
        (4): BatchNorm2d(128, eps=1e-05, momentum=0.1, affine=True, track_running_stats=False)
      )
      (shortcut): Sequential(
        (0): Conv2d(96, 128, kernel_size=(1, 1), stride=(2, 2), bias=False)
        (1): BatchNorm2d(128, eps=1e-05, momentum=0.1, affine=True, track_running_stats=False)
      )
    )
    (1): ResidualBlock(
      (left): Sequential(
        (0): Conv2d(128, 128, kernel_size=(3, 3), stride=(1, 1), padding=(1, 1), bias=False)
        (1): BatchNorm2d(128, eps=1e-05, momentum=0.1, affine=True, track_running_stats=False)
        (2): ReLU(inplace=True)
        (3): Conv2d(128, 128, kernel_size=(3, 3), stride=(1, 1), padding=(1, 1), bias=False)
        (4): BatchNorm2d(128, eps=1e-05, momentum=0.1, affine=True, track_running_stats=False)
      )
      (shortcut): Sequential()
    )
  )
  (layer3): Sequential(
    (0): ResidualBlock(
      (left): Sequential(
        (0): Conv2d(128, 256, kernel_size=(3, 3), stride=(2, 2), padding=(1, 1), bias=False)
        (1): BatchNorm2d(256, eps=1e-05, momentum=0.1, affine=True, track_running_stats=False)
        (2): ReLU(inplace=True)
        (3): Conv2d(256, 256, kernel_size=(3, 3), stride=(1, 1), padding=(1, 1), bias=False)
        (4): BatchNorm2d(256, eps=1e-05, momentum=0.1, affine=True, track_running_stats=False)
      )
      (shortcut): Sequential(
        (0): Conv2d(128, 256, kernel_size=(1, 1), stride=(2, 2), bias=False)
        (1): BatchNorm2d(256, eps=1e-05, momentum=0.1, affine=True, track_running_stats=False)
      )
    )
    (1): ResidualBlock(
      (left): Sequential(
        (0): Conv2d(256, 256, kernel_size=(3, 3), stride=(1, 1), padding=(1, 1), bias=False)
        (1): BatchNorm2d(256, eps=1e-05, momentum=0.1, affine=True, track_running_stats=False)
        (2): ReLU(inplace=True)
        (3): Conv2d(256, 256, kernel_size=(3, 3), stride=(1, 1), padding=(1, 1), bias=False)
        (4): BatchNorm2d(256, eps=1e-05, momentum=0.1, affine=True, track_running_stats=False)
      )
      (shortcut): Sequential()
    )
  )
  (layer4): Sequential(
    (0): ResidualBlock(
      (left): Sequential(
        (0): Conv2d(256, 204, kernel_size=(3, 3), stride=(2, 2), padding=(1, 1), bias=False)
        (1): BatchNorm2d(204, eps=1e-05, momentum=0.1, affine=True, track_running_stats=False)
        (2): ReLU(inplace=True)
        (3): Conv2d(204, 204, kernel_size=(3, 3), stride=(1, 1), padding=(1, 1), bias=False)
        (4): BatchNorm2d(204, eps=1e-05, momentum=0.1, affine=True, track_running_stats=False)
      )
      (shortcut): Sequential(
        (0): Conv2d(256, 204, kernel_size=(1, 1), stride=(2, 2), bias=False)
        (1): BatchNorm2d(204, eps=1e-05, momentum=0.1, affine=True, track_running_stats=False)
      )
    )
    (1): ResidualBlock(
      (left): Sequential(
        (0): Conv2d(204, 204, kernel_size=(3, 3), stride=(1, 1), padding=(1, 1), bias=False)
        (1): BatchNorm2d(204, eps=1e-05, momentum=0.1, affine=True, track_running_stats=False)
        (2): ReLU(inplace=True)
        (3): Conv2d(204, 204, kernel_size=(3, 3), stride=(1, 1), padding=(1, 1), bias=False)
        (4): BatchNorm2d(204, eps=1e-05, momentum=0.1, affine=True, track_running_stats=False)
      )
      (shortcut): Sequential()
    )
  )
  (fc): Linear(in_features=204, out_features=100, bias=True)
)
====================================================================================================
【model config】  model_name:resnet, width:0.66 , depth:2, param:20.638484MB
ResNet(
  (conv1): Sequential(
    (0): Conv2d(3, 64, kernel_size=(3, 3), stride=(1, 1), padding=(1, 1), bias=False)
    (1): BatchNorm2d(64, eps=1e-05, momentum=0.1, affine=True, track_running_stats=False)
    (2): ReLU()
  )
  (layer1): Sequential(
    (0): ResidualBlock(
      (left): Sequential(
        (0): Conv2d(64, 96, kernel_size=(3, 3), stride=(1, 1), padding=(1, 1), bias=False)
        (1): BatchNorm2d(96, eps=1e-05, momentum=0.1, affine=True, track_running_stats=False)
        (2): ReLU(inplace=True)
        (3): Conv2d(96, 96, kernel_size=(3, 3), stride=(1, 1), padding=(1, 1), bias=False)
        (4): BatchNorm2d(96, eps=1e-05, momentum=0.1, affine=True, track_running_stats=False)
      )
      (shortcut): Sequential(
        (0): Conv2d(64, 96, kernel_size=(1, 1), stride=(1, 1), bias=False)
        (1): BatchNorm2d(96, eps=1e-05, momentum=0.1, affine=True, track_running_stats=False)
      )
    )
    (1): ResidualBlock(
      (left): Sequential(
        (0): Conv2d(96, 96, kernel_size=(3, 3), stride=(1, 1), padding=(1, 1), bias=False)
        (1): BatchNorm2d(96, eps=1e-05, momentum=0.1, affine=True, track_running_stats=False)
        (2): ReLU(inplace=True)
        (3): Conv2d(96, 96, kernel_size=(3, 3), stride=(1, 1), padding=(1, 1), bias=False)
        (4): BatchNorm2d(96, eps=1e-05, momentum=0.1, affine=True, track_running_stats=False)
      )
      (shortcut): Sequential()
    )
  )
  (layer2): Sequential(
    (0): ResidualBlock(
      (left): Sequential(
        (0): Conv2d(96, 84, kernel_size=(3, 3), stride=(2, 2), padding=(1, 1), bias=False)
        (1): BatchNorm2d(84, eps=1e-05, momentum=0.1, affine=True, track_running_stats=False)
        (2): ReLU(inplace=True)
        (3): Conv2d(84, 84, kernel_size=(3, 3), stride=(1, 1), padding=(1, 1), bias=False)
        (4): BatchNorm2d(84, eps=1e-05, momentum=0.1, affine=True, track_running_stats=False)
      )
      (shortcut): Sequential(
        (0): Conv2d(96, 84, kernel_size=(1, 1), stride=(2, 2), bias=False)
        (1): BatchNorm2d(84, eps=1e-05, momentum=0.1, affine=True, track_running_stats=False)
      )
    )
    (1): ResidualBlock(
      (left): Sequential(
        (0): Conv2d(84, 84, kernel_size=(3, 3), stride=(1, 1), padding=(1, 1), bias=False)
        (1): BatchNorm2d(84, eps=1e-05, momentum=0.1, affine=True, track_running_stats=False)
        (2): ReLU(inplace=True)
        (3): Conv2d(84, 84, kernel_size=(3, 3), stride=(1, 1), padding=(1, 1), bias=False)
        (4): BatchNorm2d(84, eps=1e-05, momentum=0.1, affine=True, track_running_stats=False)
      )
      (shortcut): Sequential()
    )
  )
  (layer3): Sequential(
    (0): ResidualBlock(
      (left): Sequential(
        (0): Conv2d(84, 168, kernel_size=(3, 3), stride=(2, 2), padding=(1, 1), bias=False)
        (1): BatchNorm2d(168, eps=1e-05, momentum=0.1, affine=True, track_running_stats=False)
        (2): ReLU(inplace=True)
        (3): Conv2d(168, 168, kernel_size=(3, 3), stride=(1, 1), padding=(1, 1), bias=False)
        (4): BatchNorm2d(168, eps=1e-05, momentum=0.1, affine=True, track_running_stats=False)
      )
      (shortcut): Sequential(
        (0): Conv2d(84, 168, kernel_size=(1, 1), stride=(2, 2), bias=False)
        (1): BatchNorm2d(168, eps=1e-05, momentum=0.1, affine=True, track_running_stats=False)
      )
    )
    (1): ResidualBlock(
      (left): Sequential(
        (0): Conv2d(168, 168, kernel_size=(3, 3), stride=(1, 1), padding=(1, 1), bias=False)
        (1): BatchNorm2d(168, eps=1e-05, momentum=0.1, affine=True, track_running_stats=False)
        (2): ReLU(inplace=True)
        (3): Conv2d(168, 168, kernel_size=(3, 3), stride=(1, 1), padding=(1, 1), bias=False)
        (4): BatchNorm2d(168, eps=1e-05, momentum=0.1, affine=True, track_running_stats=False)
      )
      (shortcut): Sequential()
    )
  )
  (layer4): Sequential(
    (0): ResidualBlock(
      (left): Sequential(
        (0): Conv2d(168, 337, kernel_size=(3, 3), stride=(2, 2), padding=(1, 1), bias=False)
        (1): BatchNorm2d(337, eps=1e-05, momentum=0.1, affine=True, track_running_stats=False)
        (2): ReLU(inplace=True)
        (3): Conv2d(337, 337, kernel_size=(3, 3), stride=(1, 1), padding=(1, 1), bias=False)
        (4): BatchNorm2d(337, eps=1e-05, momentum=0.1, affine=True, track_running_stats=False)
      )
      (shortcut): Sequential(
        (0): Conv2d(168, 337, kernel_size=(1, 1), stride=(2, 2), bias=False)
        (1): BatchNorm2d(337, eps=1e-05, momentum=0.1, affine=True, track_running_stats=False)
      )
    )
    (1): ResidualBlock(
      (left): Sequential(
        (0): Conv2d(337, 337, kernel_size=(3, 3), stride=(1, 1), padding=(1, 1), bias=False)
        (1): BatchNorm2d(337, eps=1e-05, momentum=0.1, affine=True, track_running_stats=False)
        (2): ReLU(inplace=True)
        (3): Conv2d(337, 337, kernel_size=(3, 3), stride=(1, 1), padding=(1, 1), bias=False)
        (4): BatchNorm2d(337, eps=1e-05, momentum=0.1, affine=True, track_running_stats=False)
      )
      (shortcut): Sequential()
    )
  )
  (fc): Linear(in_features=337, out_features=100, bias=True)
)
====================================================================================================
【model config】  model_name:resnet, width:0.66 , depth:3, param:22.112308MB
ResNet(
  (conv1): Sequential(
    (0): Conv2d(3, 64, kernel_size=(3, 3), stride=(1, 1), padding=(1, 1), bias=False)
    (1): BatchNorm2d(64, eps=1e-05, momentum=0.1, affine=True, track_running_stats=False)
    (2): ReLU()
  )
  (layer1): Sequential(
    (0): ResidualBlock(
      (left): Sequential(
        (0): Conv2d(64, 96, kernel_size=(3, 3), stride=(1, 1), padding=(1, 1), bias=False)
        (1): BatchNorm2d(96, eps=1e-05, momentum=0.1, affine=True, track_running_stats=False)
        (2): ReLU(inplace=True)
        (3): Conv2d(96, 96, kernel_size=(3, 3), stride=(1, 1), padding=(1, 1), bias=False)
        (4): BatchNorm2d(96, eps=1e-05, momentum=0.1, affine=True, track_running_stats=False)
      )
      (shortcut): Sequential(
        (0): Conv2d(64, 96, kernel_size=(1, 1), stride=(1, 1), bias=False)
        (1): BatchNorm2d(96, eps=1e-05, momentum=0.1, affine=True, track_running_stats=False)
      )
    )
    (1): ResidualBlock(
      (left): Sequential(
        (0): Conv2d(96, 96, kernel_size=(3, 3), stride=(1, 1), padding=(1, 1), bias=False)
        (1): BatchNorm2d(96, eps=1e-05, momentum=0.1, affine=True, track_running_stats=False)
        (2): ReLU(inplace=True)
        (3): Conv2d(96, 96, kernel_size=(3, 3), stride=(1, 1), padding=(1, 1), bias=False)
        (4): BatchNorm2d(96, eps=1e-05, momentum=0.1, affine=True, track_running_stats=False)
      )
      (shortcut): Sequential()
    )
  )
  (layer2): Sequential(
    (0): ResidualBlock(
      (left): Sequential(
        (0): Conv2d(96, 128, kernel_size=(3, 3), stride=(2, 2), padding=(1, 1), bias=False)
        (1): BatchNorm2d(128, eps=1e-05, momentum=0.1, affine=True, track_running_stats=False)
        (2): ReLU(inplace=True)
        (3): Conv2d(128, 128, kernel_size=(3, 3), stride=(1, 1), padding=(1, 1), bias=False)
        (4): BatchNorm2d(128, eps=1e-05, momentum=0.1, affine=True, track_running_stats=False)
      )
      (shortcut): Sequential(
        (0): Conv2d(96, 128, kernel_size=(1, 1), stride=(2, 2), bias=False)
        (1): BatchNorm2d(128, eps=1e-05, momentum=0.1, affine=True, track_running_stats=False)
      )
    )
    (1): ResidualBlock(
      (left): Sequential(
        (0): Conv2d(128, 128, kernel_size=(3, 3), stride=(1, 1), padding=(1, 1), bias=False)
        (1): BatchNorm2d(128, eps=1e-05, momentum=0.1, affine=True, track_running_stats=False)
        (2): ReLU(inplace=True)
        (3): Conv2d(128, 128, kernel_size=(3, 3), stride=(1, 1), padding=(1, 1), bias=False)
        (4): BatchNorm2d(128, eps=1e-05, momentum=0.1, affine=True, track_running_stats=False)
      )
      (shortcut): Sequential()
    )
  )
  (layer3): Sequential(
    (0): ResidualBlock(
      (left): Sequential(
        (0): Conv2d(128, 168, kernel_size=(3, 3), stride=(2, 2), padding=(1, 1), bias=False)
        (1): BatchNorm2d(168, eps=1e-05, momentum=0.1, affine=True, track_running_stats=False)
        (2): ReLU(inplace=True)
        (3): Conv2d(168, 168, kernel_size=(3, 3), stride=(1, 1), padding=(1, 1), bias=False)
        (4): BatchNorm2d(168, eps=1e-05, momentum=0.1, affine=True, track_running_stats=False)
      )
      (shortcut): Sequential(
        (0): Conv2d(128, 168, kernel_size=(1, 1), stride=(2, 2), bias=False)
        (1): BatchNorm2d(168, eps=1e-05, momentum=0.1, affine=True, track_running_stats=False)
      )
    )
    (1): ResidualBlock(
      (left): Sequential(
        (0): Conv2d(168, 168, kernel_size=(3, 3), stride=(1, 1), padding=(1, 1), bias=False)
        (1): BatchNorm2d(168, eps=1e-05, momentum=0.1, affine=True, track_running_stats=False)
        (2): ReLU(inplace=True)
        (3): Conv2d(168, 168, kernel_size=(3, 3), stride=(1, 1), padding=(1, 1), bias=False)
        (4): BatchNorm2d(168, eps=1e-05, momentum=0.1, affine=True, track_running_stats=False)
      )
      (shortcut): Sequential()
    )
  )
  (layer4): Sequential(
    (0): ResidualBlock(
      (left): Sequential(
        (0): Conv2d(168, 337, kernel_size=(3, 3), stride=(2, 2), padding=(1, 1), bias=False)
        (1): BatchNorm2d(337, eps=1e-05, momentum=0.1, affine=True, track_running_stats=False)
        (2): ReLU(inplace=True)
        (3): Conv2d(337, 337, kernel_size=(3, 3), stride=(1, 1), padding=(1, 1), bias=False)
        (4): BatchNorm2d(337, eps=1e-05, momentum=0.1, affine=True, track_running_stats=False)
      )
      (shortcut): Sequential(
        (0): Conv2d(168, 337, kernel_size=(1, 1), stride=(2, 2), bias=False)
        (1): BatchNorm2d(337, eps=1e-05, momentum=0.1, affine=True, track_running_stats=False)
      )
    )
    (1): ResidualBlock(
      (left): Sequential(
        (0): Conv2d(337, 337, kernel_size=(3, 3), stride=(1, 1), padding=(1, 1), bias=False)
        (1): BatchNorm2d(337, eps=1e-05, momentum=0.1, affine=True, track_running_stats=False)
        (2): ReLU(inplace=True)
        (3): Conv2d(337, 337, kernel_size=(3, 3), stride=(1, 1), padding=(1, 1), bias=False)
        (4): BatchNorm2d(337, eps=1e-05, momentum=0.1, affine=True, track_running_stats=False)
      )
      (shortcut): Sequential()
    )
  )
  (fc): Linear(in_features=337, out_features=100, bias=True)
)
====================================================================================================
【model config】  model_name:resnet, width:0.66 , depth:4, param:27.782324MB
ResNet(
  (conv1): Sequential(
    (0): Conv2d(3, 64, kernel_size=(3, 3), stride=(1, 1), padding=(1, 1), bias=False)
    (1): BatchNorm2d(64, eps=1e-05, momentum=0.1, affine=True, track_running_stats=False)
    (2): ReLU()
  )
  (layer1): Sequential(
    (0): ResidualBlock(
      (left): Sequential(
        (0): Conv2d(64, 96, kernel_size=(3, 3), stride=(1, 1), padding=(1, 1), bias=False)
        (1): BatchNorm2d(96, eps=1e-05, momentum=0.1, affine=True, track_running_stats=False)
        (2): ReLU(inplace=True)
        (3): Conv2d(96, 96, kernel_size=(3, 3), stride=(1, 1), padding=(1, 1), bias=False)
        (4): BatchNorm2d(96, eps=1e-05, momentum=0.1, affine=True, track_running_stats=False)
      )
      (shortcut): Sequential(
        (0): Conv2d(64, 96, kernel_size=(1, 1), stride=(1, 1), bias=False)
        (1): BatchNorm2d(96, eps=1e-05, momentum=0.1, affine=True, track_running_stats=False)
      )
    )
    (1): ResidualBlock(
      (left): Sequential(
        (0): Conv2d(96, 96, kernel_size=(3, 3), stride=(1, 1), padding=(1, 1), bias=False)
        (1): BatchNorm2d(96, eps=1e-05, momentum=0.1, affine=True, track_running_stats=False)
        (2): ReLU(inplace=True)
        (3): Conv2d(96, 96, kernel_size=(3, 3), stride=(1, 1), padding=(1, 1), bias=False)
        (4): BatchNorm2d(96, eps=1e-05, momentum=0.1, affine=True, track_running_stats=False)
      )
      (shortcut): Sequential()
    )
  )
  (layer2): Sequential(
    (0): ResidualBlock(
      (left): Sequential(
        (0): Conv2d(96, 128, kernel_size=(3, 3), stride=(2, 2), padding=(1, 1), bias=False)
        (1): BatchNorm2d(128, eps=1e-05, momentum=0.1, affine=True, track_running_stats=False)
        (2): ReLU(inplace=True)
        (3): Conv2d(128, 128, kernel_size=(3, 3), stride=(1, 1), padding=(1, 1), bias=False)
        (4): BatchNorm2d(128, eps=1e-05, momentum=0.1, affine=True, track_running_stats=False)
      )
      (shortcut): Sequential(
        (0): Conv2d(96, 128, kernel_size=(1, 1), stride=(2, 2), bias=False)
        (1): BatchNorm2d(128, eps=1e-05, momentum=0.1, affine=True, track_running_stats=False)
      )
    )
    (1): ResidualBlock(
      (left): Sequential(
        (0): Conv2d(128, 128, kernel_size=(3, 3), stride=(1, 1), padding=(1, 1), bias=False)
        (1): BatchNorm2d(128, eps=1e-05, momentum=0.1, affine=True, track_running_stats=False)
        (2): ReLU(inplace=True)
        (3): Conv2d(128, 128, kernel_size=(3, 3), stride=(1, 1), padding=(1, 1), bias=False)
        (4): BatchNorm2d(128, eps=1e-05, momentum=0.1, affine=True, track_running_stats=False)
      )
      (shortcut): Sequential()
    )
  )
  (layer3): Sequential(
    (0): ResidualBlock(
      (left): Sequential(
        (0): Conv2d(128, 256, kernel_size=(3, 3), stride=(2, 2), padding=(1, 1), bias=False)
        (1): BatchNorm2d(256, eps=1e-05, momentum=0.1, affine=True, track_running_stats=False)
        (2): ReLU(inplace=True)
        (3): Conv2d(256, 256, kernel_size=(3, 3), stride=(1, 1), padding=(1, 1), bias=False)
        (4): BatchNorm2d(256, eps=1e-05, momentum=0.1, affine=True, track_running_stats=False)
      )
      (shortcut): Sequential(
        (0): Conv2d(128, 256, kernel_size=(1, 1), stride=(2, 2), bias=False)
        (1): BatchNorm2d(256, eps=1e-05, momentum=0.1, affine=True, track_running_stats=False)
      )
    )
    (1): ResidualBlock(
      (left): Sequential(
        (0): Conv2d(256, 256, kernel_size=(3, 3), stride=(1, 1), padding=(1, 1), bias=False)
        (1): BatchNorm2d(256, eps=1e-05, momentum=0.1, affine=True, track_running_stats=False)
        (2): ReLU(inplace=True)
        (3): Conv2d(256, 256, kernel_size=(3, 3), stride=(1, 1), padding=(1, 1), bias=False)
        (4): BatchNorm2d(256, eps=1e-05, momentum=0.1, affine=True, track_running_stats=False)
      )
      (shortcut): Sequential()
    )
  )
  (layer4): Sequential(
    (0): ResidualBlock(
      (left): Sequential(
        (0): Conv2d(256, 337, kernel_size=(3, 3), stride=(2, 2), padding=(1, 1), bias=False)
        (1): BatchNorm2d(337, eps=1e-05, momentum=0.1, affine=True, track_running_stats=False)
        (2): ReLU(inplace=True)
        (3): Conv2d(337, 337, kernel_size=(3, 3), stride=(1, 1), padding=(1, 1), bias=False)
        (4): BatchNorm2d(337, eps=1e-05, momentum=0.1, affine=True, track_running_stats=False)
      )
      (shortcut): Sequential(
        (0): Conv2d(256, 337, kernel_size=(1, 1), stride=(2, 2), bias=False)
        (1): BatchNorm2d(337, eps=1e-05, momentum=0.1, affine=True, track_running_stats=False)
      )
    )
    (1): ResidualBlock(
      (left): Sequential(
        (0): Conv2d(337, 337, kernel_size=(3, 3), stride=(1, 1), padding=(1, 1), bias=False)
        (1): BatchNorm2d(337, eps=1e-05, momentum=0.1, affine=True, track_running_stats=False)
        (2): ReLU(inplace=True)
        (3): Conv2d(337, 337, kernel_size=(3, 3), stride=(1, 1), padding=(1, 1), bias=False)
        (4): BatchNorm2d(337, eps=1e-05, momentum=0.1, affine=True, track_running_stats=False)
      )
      (shortcut): Sequential()
    )
  )
  (fc): Linear(in_features=337, out_features=100, bias=True)
)
====================================================================================================
【model config】  model_name:resnet, width:1.0 , depth:2, param:45.697424MB
ResNet(
  (conv1): Sequential(
    (0): Conv2d(3, 64, kernel_size=(3, 3), stride=(1, 1), padding=(1, 1), bias=False)
    (1): BatchNorm2d(64, eps=1e-05, momentum=0.1, affine=True, track_running_stats=False)
    (2): ReLU()
  )
  (layer1): Sequential(
    (0): ResidualBlock(
      (left): Sequential(
        (0): Conv2d(64, 96, kernel_size=(3, 3), stride=(1, 1), padding=(1, 1), bias=False)
        (1): BatchNorm2d(96, eps=1e-05, momentum=0.1, affine=True, track_running_stats=False)
        (2): ReLU(inplace=True)
        (3): Conv2d(96, 96, kernel_size=(3, 3), stride=(1, 1), padding=(1, 1), bias=False)
        (4): BatchNorm2d(96, eps=1e-05, momentum=0.1, affine=True, track_running_stats=False)
      )
      (shortcut): Sequential(
        (0): Conv2d(64, 96, kernel_size=(1, 1), stride=(1, 1), bias=False)
        (1): BatchNorm2d(96, eps=1e-05, momentum=0.1, affine=True, track_running_stats=False)
      )
    )
    (1): ResidualBlock(
      (left): Sequential(
        (0): Conv2d(96, 96, kernel_size=(3, 3), stride=(1, 1), padding=(1, 1), bias=False)
        (1): BatchNorm2d(96, eps=1e-05, momentum=0.1, affine=True, track_running_stats=False)
        (2): ReLU(inplace=True)
        (3): Conv2d(96, 96, kernel_size=(3, 3), stride=(1, 1), padding=(1, 1), bias=False)
        (4): BatchNorm2d(96, eps=1e-05, momentum=0.1, affine=True, track_running_stats=False)
      )
      (shortcut): Sequential()
    )
  )
  (layer2): Sequential(
    (0): ResidualBlock(
      (left): Sequential(
        (0): Conv2d(96, 128, kernel_size=(3, 3), stride=(2, 2), padding=(1, 1), bias=False)
        (1): BatchNorm2d(128, eps=1e-05, momentum=0.1, affine=True, track_running_stats=False)
        (2): ReLU(inplace=True)
        (3): Conv2d(128, 128, kernel_size=(3, 3), stride=(1, 1), padding=(1, 1), bias=False)
        (4): BatchNorm2d(128, eps=1e-05, momentum=0.1, affine=True, track_running_stats=False)
      )
      (shortcut): Sequential(
        (0): Conv2d(96, 128, kernel_size=(1, 1), stride=(2, 2), bias=False)
        (1): BatchNorm2d(128, eps=1e-05, momentum=0.1, affine=True, track_running_stats=False)
      )
    )
    (1): ResidualBlock(
      (left): Sequential(
        (0): Conv2d(128, 128, kernel_size=(3, 3), stride=(1, 1), padding=(1, 1), bias=False)
        (1): BatchNorm2d(128, eps=1e-05, momentum=0.1, affine=True, track_running_stats=False)
        (2): ReLU(inplace=True)
        (3): Conv2d(128, 128, kernel_size=(3, 3), stride=(1, 1), padding=(1, 1), bias=False)
        (4): BatchNorm2d(128, eps=1e-05, momentum=0.1, affine=True, track_running_stats=False)
      )
      (shortcut): Sequential()
    )
  )
  (layer3): Sequential(
    (0): ResidualBlock(
      (left): Sequential(
        (0): Conv2d(128, 256, kernel_size=(3, 3), stride=(2, 2), padding=(1, 1), bias=False)
        (1): BatchNorm2d(256, eps=1e-05, momentum=0.1, affine=True, track_running_stats=False)
        (2): ReLU(inplace=True)
        (3): Conv2d(256, 256, kernel_size=(3, 3), stride=(1, 1), padding=(1, 1), bias=False)
        (4): BatchNorm2d(256, eps=1e-05, momentum=0.1, affine=True, track_running_stats=False)
      )
      (shortcut): Sequential(
        (0): Conv2d(128, 256, kernel_size=(1, 1), stride=(2, 2), bias=False)
        (1): BatchNorm2d(256, eps=1e-05, momentum=0.1, affine=True, track_running_stats=False)
      )
    )
    (1): ResidualBlock(
      (left): Sequential(
        (0): Conv2d(256, 256, kernel_size=(3, 3), stride=(1, 1), padding=(1, 1), bias=False)
        (1): BatchNorm2d(256, eps=1e-05, momentum=0.1, affine=True, track_running_stats=False)
        (2): ReLU(inplace=True)
        (3): Conv2d(256, 256, kernel_size=(3, 3), stride=(1, 1), padding=(1, 1), bias=False)
        (4): BatchNorm2d(256, eps=1e-05, momentum=0.1, affine=True, track_running_stats=False)
      )
      (shortcut): Sequential()
    )
  )
  (layer4): Sequential(
    (0): ResidualBlock(
      (left): Sequential(
        (0): Conv2d(256, 512, kernel_size=(3, 3), stride=(2, 2), padding=(1, 1), bias=False)
        (1): BatchNorm2d(512, eps=1e-05, momentum=0.1, affine=True, track_running_stats=False)
        (2): ReLU(inplace=True)
        (3): Conv2d(512, 512, kernel_size=(3, 3), stride=(1, 1), padding=(1, 1), bias=False)
        (4): BatchNorm2d(512, eps=1e-05, momentum=0.1, affine=True, track_running_stats=False)
      )
      (shortcut): Sequential(
        (0): Conv2d(256, 512, kernel_size=(1, 1), stride=(2, 2), bias=False)
        (1): BatchNorm2d(512, eps=1e-05, momentum=0.1, affine=True, track_running_stats=False)
      )
    )
    (1): ResidualBlock(
      (left): Sequential(
        (0): Conv2d(512, 512, kernel_size=(3, 3), stride=(1, 1), padding=(1, 1), bias=False)
        (1): BatchNorm2d(512, eps=1e-05, momentum=0.1, affine=True, track_running_stats=False)
        (2): ReLU(inplace=True)
        (3): Conv2d(512, 512, kernel_size=(3, 3), stride=(1, 1), padding=(1, 1), bias=False)
        (4): BatchNorm2d(512, eps=1e-05, momentum=0.1, affine=True, track_running_stats=False)
      )
      (shortcut): Sequential()
    )
  )
  (fc): Linear(in_features=512, out_features=100, bias=True)
)
********************************************************************************
Round   0
this epoch cost time:1.2589995861053467
this epoch choose: [48, 76, 94, 97, 8, 56, 47, 63, 97, 57]
this epoch dispatch models: [5 3 4 0 1 3 5 0 0 1]
this epoch received models: [np.int64(5), np.int64(3), np.int64(4), np.int64(0), np.int64(1), np.int64(3), np.int64(5), np.int64(0), np.int64(0), np.int64(1)]
hetero_proportion: 	4:3:3
(0.4, 2, 2.120985)
(0.4, 3, 2.646356)
(0.4, 4, 4.64774)
(0.66, 2, 5.159621)
(0.66, 3, 5.528077)
(0.66, 4, 6.945581)
(1.0, 2, 11.424356)
Testing accuracy: 1.21
Full (1.0, 2) accuracy: 1.210000
********************************************************************************
Round   1
this epoch cost time:1.0760014057159424
this epoch choose: [70, 81, 64, 95, 26, 12, 71, 70, 97, 49]
this epoch dispatch models: [4 5 4 6 1 2 4 6 5 2]
this epoch received models: [np.int64(4), np.int64(5), np.int64(4), np.int64(6), np.int64(1), np.int64(2), np.int64(4), np.int64(6), np.int64(5), np.int64(2)]
hetero_proportion: 	4:3:3
TemporalSupport diagnostics: support_mean=0.573877, support_nonzero_ratio=1.000000, temporal_mean_l2=0.812531, memory_component_l2=0.454392, current_update_l2=0.812531, final_update_l2=0.812531
(0.4, 2, 2.120985)
(0.4, 3, 2.646356)
(0.4, 4, 4.64774)
(0.66, 2, 5.159621)
(0.66, 3, 5.528077)
(0.66, 4, 6.945581)
(1.0, 2, 11.424356)
Testing accuracy: 2.66
Full (1.0, 2) accuracy: 2.660000
********************************************************************************
Round   2
this epoch cost time:0.8559999465942383
this epoch choose: [67, 78, 88, 98, 40, 84, 84, 34, 86, 29]
this epoch dispatch models: [4 3 4 2 4 5 6 2 4 1]
this epoch received models: [np.int64(4), np.int64(3), np.int64(4), np.int64(2), np.int64(4), np.int64(5), np.int64(6), np.int64(2), np.int64(4), np.int64(1)]
hetero_proportion: 	4:3:3
TemporalSupport diagnostics: support_mean=0.497532, support_nonzero_ratio=1.000000, temporal_mean_l2=0.631008, memory_component_l2=0.410167, current_update_l2=0.880698, final_update_l2=0.718211
(0.4, 2, 2.120985)
(0.4, 3, 2.646356)
(0.4, 4, 4.64774)
(0.66, 2, 5.159621)
(0.66, 3, 5.528077)
(0.66, 4, 6.945581)
(1.0, 2, 11.424356)
Testing accuracy: 4.72
Full (1.0, 2) accuracy: 4.720000
********************************************************************************
Round   3
this epoch cost time:1.0649995803833008
this epoch choose: [75, 73, 40, 70, 41, 3, 83, 74, 70, 48]
this epoch dispatch models: [1 6 0 6 5 1 1 5 6 1]
this epoch received models: [np.int64(1), np.int64(6), np.int64(0), np.int64(6), np.int64(5), np.int64(1), np.int64(1), np.int64(5), np.int64(6), np.int64(1)]
hetero_proportion: 	4:3:3
TemporalSupport diagnostics: support_mean=0.526397, support_nonzero_ratio=1.000000, temporal_mean_l2=0.600442, memory_component_l2=0.322601, current_update_l2=0.909028, final_update_l2=0.777873
(0.4, 2, 2.120985)
(0.4, 3, 2.646356)
(0.4, 4, 4.64774)
(0.66, 2, 5.159621)
(0.66, 3, 5.528077)
(0.66, 4, 6.945581)
(1.0, 2, 11.424356)
Testing accuracy: 6.65
Full (1.0, 2) accuracy: 6.650000
********************************************************************************
Round   4
this epoch cost time:0.9070017337799072
this epoch choose: [87, 27, 67, 92, 3, 67, 54, 88, 56, 63]
this epoch dispatch models: [1 0 4 1 0 0 5 3 2 1]
this epoch received models: [np.int64(1), np.int64(0), np.int64(4), np.int64(1), np.int64(0), np.int64(0), np.int64(5), np.int64(3), np.int64(2), np.int64(1)]
hetero_proportion: 	4:3:3
TemporalSupport diagnostics: support_mean=0.326079, support_nonzero_ratio=0.607963, temporal_mean_l2=0.598441, memory_component_l2=0.210818, current_update_l2=0.871785, final_update_l2=0.648759
(0.4, 2, 2.120985)
(0.4, 3, 2.646356)
(0.4, 4, 4.64774)
(0.66, 2, 5.159621)
(0.66, 3, 5.528077)
(0.66, 4, 6.945581)
(1.0, 2, 11.424356)
Testing accuracy: 6.55
Full (1.0, 2) accuracy: 6.550000
********************************************************************************
Round   5
this epoch cost time:1.2280006408691406
this epoch choose: [70, 77, 62, 77, 83, 28, 97, 69, 58, 2]
this epoch dispatch models: [0 6 3 6 5 1 1 3 4 0]
this epoch received models: [np.int64(0), np.int64(6), np.int64(3), np.int64(6), np.int64(5), np.int64(1), np.int64(1), np.int64(3), np.int64(4), np.int64(0)]
hetero_proportion: 	4:3:3
TemporalSupport diagnostics: support_mean=0.464174, support_nonzero_ratio=1.000000, temporal_mean_l2=0.561871, memory_component_l2=0.329901, current_update_l2=1.076408, final_update_l2=0.801486
(0.4, 2, 2.120985)
(0.4, 3, 2.646356)
(0.4, 4, 4.64774)
(0.66, 2, 5.159621)
(0.66, 3, 5.528077)
(0.66, 4, 6.945581)
(1.0, 2, 11.424356)
Testing accuracy: 7.69
Full (1.0, 2) accuracy: 7.690000
********************************************************************************
Round   6
this epoch cost time:0.9189987182617188
this epoch choose: [53, 93, 98, 71, 99, 82, 46, 51, 80, 92]
this epoch dispatch models: [1 3 4 2 4 0 5 3 1 2]
this epoch received models: [np.int64(1), np.int64(3), np.int64(4), np.int64(2), np.int64(4), np.int64(0), np.int64(5), np.int64(3), np.int64(1), np.int64(2)]
hetero_proportion: 	4:3:3
TemporalSupport diagnostics: support_mean=0.384721, support_nonzero_ratio=0.607963, temporal_mean_l2=0.558316, memory_component_l2=0.166806, current_update_l2=0.818627, final_update_l2=0.683244
(0.4, 2, 2.120985)
(0.4, 3, 2.646356)
(0.4, 4, 4.64774)
(0.66, 2, 5.159621)
(0.66, 3, 5.528077)
(0.66, 4, 6.945581)
(1.0, 2, 11.424356)
Testing accuracy: 8.65
Full (1.0, 2) accuracy: 8.650000
********************************************************************************
Round   7
this epoch cost time:0.7860004901885986
this epoch choose: [37, 47, 95, 42, 92, 91, 64, 99, 54, 72]
this epoch dispatch models: [0 4 1 2 2 1 0 6 1 3]
this epoch received models: [np.int64(0), np.int64(4), np.int64(1), np.int64(2), np.int64(2), np.int64(1), np.int64(0), np.int64(6), np.int64(1), np.int64(3)]
hetero_proportion: 	4:3:3
TemporalSupport diagnostics: support_mean=0.376714, support_nonzero_ratio=1.000000, temporal_mean_l2=0.527160, memory_component_l2=0.337791, current_update_l2=0.995675, final_update_l2=0.700089
(0.4, 2, 2.120985)
(0.4, 3, 2.646356)
(0.4, 4, 4.64774)
(0.66, 2, 5.159621)
(0.66, 3, 5.528077)
(0.66, 4, 6.945581)
(1.0, 2, 11.424356)
Testing accuracy: 9.49
Full (1.0, 2) accuracy: 9.490000
********************************************************************************
Round   8
this epoch cost time:0.8540005683898926
this epoch choose: [96, 98, 82, 52, 59, 36, 77, 98, 63, 64]
this epoch dispatch models: [6 5 4 3 5 1 3 6 0 0]
this epoch received models: [np.int64(6), np.int64(5), np.int64(4), np.int64(3), np.int64(5), np.int64(1), np.int64(3), np.int64(6), np.int64(0), np.int64(0)]
hetero_proportion: 	4:3:3
TemporalSupport diagnostics: support_mean=0.512270, support_nonzero_ratio=1.000000, temporal_mean_l2=0.490973, memory_component_l2=0.247288, current_update_l2=0.885294, final_update_l2=0.689380
(0.4, 2, 2.120985)
(0.4, 3, 2.646356)
(0.4, 4, 4.64774)
(0.66, 2, 5.159621)
(0.66, 3, 5.528077)
(0.66, 4, 6.945581)
(1.0, 2, 11.424356)
Testing accuracy: 11.41
Full (1.0, 2) accuracy: 11.410000
********************************************************************************
Round   9
this epoch cost time:0.9260003566741943
this epoch choose: [50, 75, 4, 70, 55, 95, 95, 82, 53, 85]
this epoch dispatch models: [2 2 1 3 4 2 6 6 0 0]
this epoch received models: [np.int64(2), np.int64(2), np.int64(1), np.int64(3), np.int64(4), np.int64(2), np.int64(6), np.int64(6), np.int64(0), np.int64(0)]
hetero_proportion: 	4:3:3
TemporalSupport diagnostics: support_mean=0.456162, support_nonzero_ratio=1.000000, temporal_mean_l2=0.464815, memory_component_l2=0.241751, current_update_l2=0.871335, final_update_l2=0.701037
(0.4, 2, 2.120985)
(0.4, 3, 2.646356)
(0.4, 4, 4.64774)
(0.66, 2, 5.159621)
(0.66, 3, 5.528077)
(0.66, 4, 6.945581)
(1.0, 2, 11.424356)
Testing accuracy: 12.47
Full (1.0, 2) accuracy: 12.470000
********************************************************************************
Round  10
this epoch cost time:1.2350001335144043
this epoch choose: [22, 46, 75, 96, 89, 99, 83, 87, 81, 45]
this epoch dispatch models: [1 1 5 3 0 0 5 5 6 4]
this epoch received models: [np.int64(1), np.int64(1), np.int64(5), np.int64(3), np.int64(0), np.int64(0), np.int64(5), np.int64(5), np.int64(6), np.int64(4)]
hetero_proportion: 	4:3:3
TemporalSupport diagnostics: support_mean=0.487399, support_nonzero_ratio=1.000000, temporal_mean_l2=0.472326, memory_component_l2=0.244034, current_update_l2=1.091515, final_update_l2=0.752438
(0.4, 2, 2.120985)
(0.4, 3, 2.646356)
(0.4, 4, 4.64774)
(0.66, 2, 5.159621)
(0.66, 3, 5.528077)
(0.66, 4, 6.945581)
(1.0, 2, 11.424356)
Testing accuracy: 14.64
Full (1.0, 2) accuracy: 14.640000
********************************************************************************
Round  11
this epoch cost time:0.9019994735717773
this epoch choose: [68, 91, 65, 46, 89, 50, 73, 93, 50, 63]
this epoch dispatch models: [5 6 2 4 3 5 3 5 0 3]
this epoch received models: [np.int64(5), np.int64(6), np.int64(2), np.int64(4), np.int64(3), np.int64(5), np.int64(3), np.int64(5), np.int64(0), np.int64(3)]
hetero_proportion: 	4:3:3
TemporalSupport diagnostics: support_mean=0.537625, support_nonzero_ratio=1.000000, temporal_mean_l2=0.444568, memory_component_l2=0.223980, current_update_l2=0.902169, final_update_l2=0.655974
(0.4, 2, 2.120985)
(0.4, 3, 2.646356)
(0.4, 4, 4.64774)
(0.66, 2, 5.159621)
(0.66, 3, 5.528077)
(0.66, 4, 6.945581)
(1.0, 2, 11.424356)
Testing accuracy: 15.45
Full (1.0, 2) accuracy: 15.450000
********************************************************************************
Round  12
this epoch cost time:0.9270000457763672
this epoch choose: [71, 86, 41, 85, 42, 59, 85, 78, 75, 77]
this epoch dispatch models: [4 3 4 6 4 5 4 1 0 4]
this epoch received models: [np.int64(4), np.int64(3), np.int64(4), np.int64(6), np.int64(4), np.int64(5), np.int64(4), np.int64(1), np.int64(0), np.int64(4)]
hetero_proportion: 	4:3:3
TemporalSupport diagnostics: support_mean=0.491019, support_nonzero_ratio=1.000000, temporal_mean_l2=0.427874, memory_component_l2=0.233231, current_update_l2=1.019970, final_update_l2=0.695888
(0.4, 2, 2.120985)
(0.4, 3, 2.646356)
(0.4, 4, 4.64774)
(0.66, 2, 5.159621)
(0.66, 3, 5.528077)
(0.66, 4, 6.945581)
(1.0, 2, 11.424356)
Testing accuracy: 15.58
Full (1.0, 2) accuracy: 15.580000
********************************************************************************
Round  13
this epoch cost time:0.8370006084442139
this epoch choose: [50, 82, 50, 21, 72, 29, 1, 98, 25, 74]
this epoch dispatch models: [2 0 5 2 4 1 1 0 2 4]
this epoch received models: [np.int64(2), np.int64(0), np.int64(5), np.int64(2), np.int64(4), np.int64(1), np.int64(1), np.int64(0), np.int64(2), np.int64(4)]
hetero_proportion: 	4:3:3
TemporalSupport diagnostics: support_mean=0.358520, support_nonzero_ratio=0.607963, temporal_mean_l2=0.418984, memory_component_l2=0.144178, current_update_l2=0.772744, final_update_l2=0.614712
(0.4, 2, 2.120985)
(0.4, 3, 2.646356)
(0.4, 4, 4.64774)
(0.66, 2, 5.159621)
(0.66, 3, 5.528077)
(0.66, 4, 6.945581)
(1.0, 2, 11.424356)
Testing accuracy: 17.11
Full (1.0, 2) accuracy: 17.110001
********************************************************************************
Round  14
this epoch cost time:0.8889994621276855
this epoch choose: [98, 70, 54, 51, 86, 62, 73, 45, 58, 98]
this epoch dispatch models: [4 0 4 1 6 4 1 0 2 3]
this epoch received models: [np.int64(4), np.int64(0), np.int64(4), np.int64(1), np.int64(6), np.int64(4), np.int64(1), np.int64(0), np.int64(2), np.int64(3)]
hetero_proportion: 	4:3:3
TemporalSupport diagnostics: support_mean=0.409407, support_nonzero_ratio=1.000000, temporal_mean_l2=0.404248, memory_component_l2=0.232309, current_update_l2=1.027681, final_update_l2=0.678322
(0.4, 2, 2.120985)
(0.4, 3, 2.646356)
(0.4, 4, 4.64774)
(0.66, 2, 5.159621)
(0.66, 3, 5.528077)
(0.66, 4, 6.945581)
(1.0, 2, 11.424356)
Testing accuracy: 16.90
Full (1.0, 2) accuracy: 16.900000
********************************************************************************
Round  15
this epoch cost time:0.9360017776489258
this epoch choose: [34, 84, 75, 78, 93, 0, 82, 94, 65, 16]
this epoch dispatch models: [1 2 4 4 2 2 6 0 1 2]
this epoch received models: [np.int64(1), np.int64(2), np.int64(4), np.int64(4), np.int64(2), np.int64(2), np.int64(6), np.int64(0), np.int64(1), np.int64(2)]
hetero_proportion: 	4:3:3
TemporalSupport diagnostics: support_mean=0.424117, support_nonzero_ratio=1.000000, temporal_mean_l2=0.386773, memory_component_l2=0.211754, current_update_l2=0.840654, final_update_l2=0.633192
(0.4, 2, 2.120985)
(0.4, 3, 2.646356)
(0.4, 4, 4.64774)
(0.66, 2, 5.159621)
(0.66, 3, 5.528077)
(0.66, 4, 6.945581)
(1.0, 2, 11.424356)
Testing accuracy: 18.61
Full (1.0, 2) accuracy: 18.610001
********************************************************************************
Round  16
this epoch cost time:1.3180005550384521
this epoch choose: [86, 94, 71, 26, 83, 43, 61, 46, 76, 87]
this epoch dispatch models: [6 6 2 0 6 5 1 2 4 6]
this epoch received models: [np.int64(6), np.int64(6), np.int64(2), np.int64(0), np.int64(6), np.int64(5), np.int64(1), np.int64(2), np.int64(4), np.int64(6)]
hetero_proportion: 	4:3:3
TemporalSupport diagnostics: support_mean=0.644163, support_nonzero_ratio=1.000000, temporal_mean_l2=0.366092, memory_component_l2=0.120473, current_update_l2=0.733161, final_update_l2=0.647899
(0.4, 2, 2.120985)
(0.4, 3, 2.646356)
(0.4, 4, 4.64774)
(0.66, 2, 5.159621)
(0.66, 3, 5.528077)
(0.66, 4, 6.945581)
(1.0, 2, 11.424356)
Testing accuracy: 19.12
Full (1.0, 2) accuracy: 19.120001
********************************************************************************
Round  17
this epoch cost time:0.9779989719390869
this epoch choose: [25, 86, 66, 71, 45, 53, 44, 40, 74, 69]
this epoch dispatch models: [0 6 5 5 1 2 1 5 4 2]
this epoch received models: [np.int64(0), np.int64(6), np.int64(5), np.int64(5), np.int64(1), np.int64(2), np.int64(1), np.int64(5), np.int64(4), np.int64(2)]
hetero_proportion: 	4:3:3
TemporalSupport diagnostics: support_mean=0.476139, support_nonzero_ratio=1.000000, temporal_mean_l2=0.360241, memory_component_l2=0.177735, current_update_l2=0.816199, final_update_l2=0.636957
(0.4, 2, 2.120985)
(0.4, 3, 2.646356)
(0.4, 4, 4.64774)
(0.66, 2, 5.159621)
(0.66, 3, 5.528077)
(0.66, 4, 6.945581)
(1.0, 2, 11.424356)
Testing accuracy: 19.82
Full (1.0, 2) accuracy: 19.820000
********************************************************************************
Round  18
this epoch cost time:1.0770008563995361
this epoch choose: [79, 90, 78, 42, 69, 76, 3, 91, 29, 81]
this epoch dispatch models: [0 5 0 1 5 0 1 3 1 1]
this epoch received models: [np.int64(0), np.int64(5), np.int64(0), np.int64(1), np.int64(5), np.int64(0), np.int64(1), np.int64(3), np.int64(1), np.int64(1)]
hetero_proportion: 	4:3:3
TemporalSupport diagnostics: support_mean=0.332052, support_nonzero_ratio=0.607963, temporal_mean_l2=0.362530, memory_component_l2=0.146717, current_update_l2=1.046497, final_update_l2=0.666579
(0.4, 2, 2.120985)
(0.4, 3, 2.646356)
(0.4, 4, 4.64774)
(0.66, 2, 5.159621)
(0.66, 3, 5.528077)
(0.66, 4, 6.945581)
(1.0, 2, 11.424356)
Testing accuracy: 19.56
Full (1.0, 2) accuracy: 19.559999
********************************************************************************
Round  19
this epoch cost time:1.0179998874664307
this epoch choose: [75, 75, 77, 51, 95, 72, 91, 70, 91, 32]
this epoch dispatch models: [6 5 4 4 3 6 5 0 3 0]
this epoch received models: [np.int64(6), np.int64(5), np.int64(4), np.int64(4), np.int64(3), np.int64(6), np.int64(5), np.int64(0), np.int64(3), np.int64(0)]
hetero_proportion: 	4:3:3
TemporalSupport diagnostics: support_mean=0.543630, support_nonzero_ratio=1.000000, temporal_mean_l2=0.348388, memory_component_l2=0.156727, current_update_l2=0.926207, final_update_l2=0.700653
(0.4, 2, 2.120985)
(0.4, 3, 2.646356)
(0.4, 4, 4.64774)
(0.66, 2, 5.159621)
(0.66, 3, 5.528077)
(0.66, 4, 6.945581)
(1.0, 2, 11.424356)
Testing accuracy: 19.69
Full (1.0, 2) accuracy: 19.690001
********************************************************************************
Round  20
this epoch cost time:0.9100003242492676
this epoch choose: [42, 86, 9, 45, 95, 41, 68, 1, 88, 96]
this epoch dispatch models: [3 1 2 5 5 4 5 0 5 0]
this epoch received models: [np.int64(3), np.int64(1), np.int64(2), np.int64(5), np.int64(5), np.int64(4), np.int64(5), np.int64(0), np.int64(5), np.int64(0)]
hetero_proportion: 	4:3:3
TemporalSupport diagnostics: support_mean=0.436797, support_nonzero_ratio=0.607963, temporal_mean_l2=0.334725, memory_component_l2=0.087658, current_update_l2=0.738556, final_update_l2=0.608176
(0.4, 2, 2.120985)
(0.4, 3, 2.646356)
(0.4, 4, 4.64774)
(0.66, 2, 5.159621)
(0.66, 3, 5.528077)
(0.66, 4, 6.945581)
(1.0, 2, 11.424356)
Testing accuracy: 20.17
Full (1.0, 2) accuracy: 20.170000
********************************************************************************
Round  21
this epoch cost time:1.016000747680664
this epoch choose: [57, 55, 34, 14, 91, 79, 75, 62, 37, 44]
this epoch dispatch models: [5 3 1 1 5 0 6 5 0 4]
this epoch received models: [np.int64(5), np.int64(3), np.int64(1), np.int64(1), np.int64(5), np.int64(0), np.int64(6), np.int64(5), np.int64(0), np.int64(4)]
hetero_proportion: 	4:3:3
TemporalSupport diagnostics: support_mean=0.465116, support_nonzero_ratio=1.000000, temporal_mean_l2=0.330629, memory_component_l2=0.171414, current_update_l2=0.835116, final_update_l2=0.609915
(0.4, 2, 2.120985)
(0.4, 3, 2.646356)
(0.4, 4, 4.64774)
(0.66, 2, 5.159621)
(0.66, 3, 5.528077)
(0.66, 4, 6.945581)
(1.0, 2, 11.424356)
Testing accuracy: 20.67
Full (1.0, 2) accuracy: 20.670000
********************************************************************************
Round  22
this epoch cost time:0.8589990139007568
this epoch choose: [21, 50, 56, 73, 21, 91, 78, 82, 85, 58]
this epoch dispatch models: [2 5 3 4 2 6 6 0 5 3]
this epoch received models: [np.int64(2), np.int64(5), np.int64(3), np.int64(4), np.int64(2), np.int64(6), np.int64(6), np.int64(0), np.int64(5), np.int64(3)]
hetero_proportion: 	4:3:3
TemporalSupport diagnostics: support_mean=0.547954, support_nonzero_ratio=1.000000, temporal_mean_l2=0.308849, memory_component_l2=0.129684, current_update_l2=0.746392, final_update_l2=0.613647
(0.4, 2, 2.120985)
(0.4, 3, 2.646356)
(0.4, 4, 4.64774)
(0.66, 2, 5.159621)
(0.66, 3, 5.528077)
(0.66, 4, 6.945581)
(1.0, 2, 11.424356)
Testing accuracy: 21.16
Full (1.0, 2) accuracy: 21.160000
********************************************************************************
Round  23
this epoch cost time:0.9680004119873047
this epoch choose: [69, 84, 60, 63, 60, 47, 41, 39, 82, 43]
this epoch dispatch models: [3 5 5 1 2 4 3 0 6 0]
this epoch received models: [np.int64(3), np.int64(5), np.int64(5), np.int64(1), np.int64(2), np.int64(4), np.int64(3), np.int64(0), np.int64(6), np.int64(0)]
hetero_proportion: 	4:3:3
TemporalSupport diagnostics: support_mean=0.458487, support_nonzero_ratio=1.000000, temporal_mean_l2=0.298719, memory_component_l2=0.148765, current_update_l2=0.872180, final_update_l2=0.627938
(0.4, 2, 2.120985)
(0.4, 3, 2.646356)
(0.4, 4, 4.64774)
(0.66, 2, 5.159621)
(0.66, 3, 5.528077)
(0.66, 4, 6.945581)
(1.0, 2, 11.424356)
Testing accuracy: 22.08
Full (1.0, 2) accuracy: 22.080000
********************************************************************************
Round  24
this epoch cost time:0.8820006847381592
this epoch choose: [66, 90, 24, 56, 73, 32, 93, 72, 53, 77]
this epoch dispatch models: [5 4 2 4 6 2 0 5 3 0]
this epoch received models: [np.int64(5), np.int64(4), np.int64(2), np.int64(4), np.int64(6), np.int64(2), np.int64(0), np.int64(5), np.int64(3), np.int64(0)]
hetero_proportion: 	4:3:3
TemporalSupport diagnostics: support_mean=0.494212, support_nonzero_ratio=1.000000, temporal_mean_l2=0.288626, memory_component_l2=0.132607, current_update_l2=0.818067, final_update_l2=0.594527
(0.4, 2, 2.120985)
(0.4, 3, 2.646356)
(0.4, 4, 4.64774)
(0.66, 2, 5.159621)
(0.66, 3, 5.528077)
(0.66, 4, 6.945581)
(1.0, 2, 11.424356)
Testing accuracy: 22.62
Full (1.0, 2) accuracy: 22.620001
********************************************************************************
Round  25
this epoch cost time:0.9690003395080566
this epoch choose: [55, 92, 41, 28, 2, 50, 49, 42, 92, 20]
this epoch dispatch models: [0 4 5 2 1 0 4 3 0 1]
this epoch received models: [np.int64(0), np.int64(4), np.int64(5), np.int64(2), np.int64(1), np.int64(0), np.int64(4), np.int64(3), np.int64(0), np.int64(1)]
hetero_proportion: 	4:3:3
TemporalSupport diagnostics: support_mean=0.356499, support_nonzero_ratio=0.607963, temporal_mean_l2=0.287161, memory_component_l2=0.115505, current_update_l2=0.891257, final_update_l2=0.589544
(0.4, 2, 2.120985)
(0.4, 3, 2.646356)
(0.4, 4, 4.64774)
(0.66, 2, 5.159621)
(0.66, 3, 5.528077)
(0.66, 4, 6.945581)
(1.0, 2, 11.424356)
Testing accuracy: 23.97
Full (1.0, 2) accuracy: 23.969999
********************************************************************************
Round  26
this epoch cost time:0.9379978179931641
this epoch choose: [57, 85, 72, 91, 67, 87, 93, 54, 80, 88]
this epoch dispatch models: [2 4 4 6 3 6 3 3 3 2]
this epoch received models: [np.int64(2), np.int64(4), np.int64(4), np.int64(6), np.int64(3), np.int64(6), np.int64(3), np.int64(3), np.int64(3), np.int64(2)]
hetero_proportion: 	4:3:3
TemporalSupport diagnostics: support_mean=0.546348, support_nonzero_ratio=1.000000, temporal_mean_l2=0.273386, memory_component_l2=0.119097, current_update_l2=0.702466, final_update_l2=0.574111
(0.4, 2, 2.120985)
(0.4, 3, 2.646356)
(0.4, 4, 4.64774)
(0.66, 2, 5.159621)
(0.66, 3, 5.528077)
(0.66, 4, 6.945581)
(1.0, 2, 11.424356)
Testing accuracy: 23.34
Full (1.0, 2) accuracy: 23.340000
********************************************************************************
Round  27
this epoch cost time:0.9269998073577881
this epoch choose: [73, 84, 54, 73, 90, 41, 65, 86, 76, 91]
this epoch dispatch models: [3 6 3 5 6 4 3 2 4 4]
this epoch received models: [np.int64(3), np.int64(6), np.int64(3), np.int64(5), np.int64(6), np.int64(4), np.int64(3), np.int64(2), np.int64(4), np.int64(4)]
hetero_proportion: 	4:3:3
TemporalSupport diagnostics: support_mean=0.580344, support_nonzero_ratio=1.000000, temporal_mean_l2=0.269367, memory_component_l2=0.114708, current_update_l2=0.750681, final_update_l2=0.582680
(0.4, 2, 2.120985)
(0.4, 3, 2.646356)
(0.4, 4, 4.64774)
(0.66, 2, 5.159621)
(0.66, 3, 5.528077)
(0.66, 4, 6.945581)
(1.0, 2, 11.424356)
Testing accuracy: 23.48
Full (1.0, 2) accuracy: 23.480000
********************************************************************************
Round  28
this epoch cost time:0.992999792098999
this epoch choose: [41, 82, 80, 54, 43, 87, 79, 74, 53, 6]
this epoch dispatch models: [0 3 3 0 3 5 6 6 5 1]
this epoch received models: [np.int64(0), np.int64(3), np.int64(3), np.int64(0), np.int64(3), np.int64(5), np.int64(6), np.int64(6), np.int64(5), np.int64(1)]
hetero_proportion: 	4:3:3
TemporalSupport diagnostics: support_mean=0.514968, support_nonzero_ratio=1.000000, temporal_mean_l2=0.270346, memory_component_l2=0.127367, current_update_l2=0.865648, final_update_l2=0.612785
(0.4, 2, 2.120985)
(0.4, 3, 2.646356)
(0.4, 4, 4.64774)
(0.66, 2, 5.159621)
(0.66, 3, 5.528077)
(0.66, 4, 6.945581)
(1.0, 2, 11.424356)
Testing accuracy: 24.72
Full (1.0, 2) accuracy: 24.719999
********************************************************************************
Round  29
this epoch cost time:1.0240001678466797
this epoch choose: [39, 9, 9, 39, 38, 95, 75, 53, 76, 32]
this epoch dispatch models: [0 2 2 2 0 2 6 1 4 0]
this epoch received models: [np.int64(0), np.int64(2), np.int64(2), np.int64(2), np.int64(0), np.int64(2), np.int64(6), np.int64(1), np.int64(4), np.int64(0)]
hetero_proportion: 	4:3:3
TemporalSupport diagnostics: support_mean=0.408569, support_nonzero_ratio=1.000000, temporal_mean_l2=0.261890, memory_component_l2=0.128722, current_update_l2=0.772452, final_update_l2=0.554976
(0.4, 2, 2.120985)
(0.4, 3, 2.646356)
(0.4, 4, 4.64774)
(0.66, 2, 5.159621)
(0.66, 3, 5.528077)
(0.66, 4, 6.945581)
(1.0, 2, 11.424356)
Testing accuracy: 24.47
Full (1.0, 2) accuracy: 24.469999
********************************************************************************
Round  30
this epoch cost time:0.9399991035461426
this epoch choose: [48, 40, 87, 4, 77, 27, 97, 88, 84, 21]
this epoch dispatch models: [4 4 6 1 3 1 4 6 6 1]
this epoch received models: [np.int64(4), np.int64(4), np.int64(6), np.int64(1), np.int64(3), np.int64(1), np.int64(4), np.int64(6), np.int64(6), np.int64(1)]
hetero_proportion: 	4:3:3
TemporalSupport diagnostics: support_mean=0.539194, support_nonzero_ratio=1.000000, temporal_mean_l2=0.254462, memory_component_l2=0.115507, current_update_l2=0.767336, final_update_l2=0.578720
(0.4, 2, 2.120985)
(0.4, 3, 2.646356)
(0.4, 4, 4.64774)
(0.66, 2, 5.159621)
(0.66, 3, 5.528077)
(0.66, 4, 6.945581)
(1.0, 2, 11.424356)
Testing accuracy: 24.60
Full (1.0, 2) accuracy: 24.600000
********************************************************************************
Round  31
this epoch cost time:0.8999998569488525
this epoch choose: [99, 85, 89, 65, 71, 48, 25, 44, 73, 53]
this epoch dispatch models: [2 5 6 1 6 0 0 2 6 4]
this epoch received models: [np.int64(2), np.int64(5), np.int64(6), np.int64(1), np.int64(6), np.int64(0), np.int64(0), np.int64(2), np.int64(6), np.int64(4)]
hetero_proportion: 	4:3:3
TemporalSupport diagnostics: support_mean=0.530292, support_nonzero_ratio=1.000000, temporal_mean_l2=0.247429, memory_component_l2=0.096690, current_update_l2=0.694507, final_update_l2=0.561370
(0.4, 2, 2.120985)
(0.4, 3, 2.646356)
(0.4, 4, 4.64774)
(0.66, 2, 5.159621)
(0.66, 3, 5.528077)
(0.66, 4, 6.945581)
(1.0, 2, 11.424356)
Testing accuracy: 25.75
Full (1.0, 2) accuracy: 25.750000
********************************************************************************
Round  32
this epoch cost time:0.8460004329681396
this epoch choose: [73, 91, 55, 88, 24, 71, 13, 85, 64, 58]
this epoch dispatch models: [1 6 0 6 0 3 1 0 4 3]
this epoch received models: [np.int64(1), np.int64(6), np.int64(0), np.int64(6), np.int64(0), np.int64(3), np.int64(1), np.int64(0), np.int64(4), np.int64(3)]
hetero_proportion: 	4:3:3
TemporalSupport diagnostics: support_mean=0.435029, support_nonzero_ratio=1.000000, temporal_mean_l2=0.243848, memory_component_l2=0.131318, current_update_l2=0.806190, final_update_l2=0.542801
(0.4, 2, 2.120985)
(0.4, 3, 2.646356)
(0.4, 4, 4.64774)
(0.66, 2, 5.159621)
(0.66, 3, 5.528077)
(0.66, 4, 6.945581)
(1.0, 2, 11.424356)
Testing accuracy: 25.41
Full (1.0, 2) accuracy: 25.410000
********************************************************************************
Round  33
this epoch cost time:1.1529996395111084
this epoch choose: [64, 71, 41, 80, 79, 97, 65, 97, 36, 2]
this epoch dispatch models: [2 3 4 6 5 6 4 3 0 0]
this epoch received models: [np.int64(2), np.int64(3), np.int64(4), np.int64(6), np.int64(5), np.int64(6), np.int64(4), np.int64(3), np.int64(0), np.int64(0)]
hetero_proportion: 	4:3:3
TemporalSupport diagnostics: support_mean=0.530994, support_nonzero_ratio=1.000000, temporal_mean_l2=0.247159, memory_component_l2=0.105593, current_update_l2=0.803814, final_update_l2=0.590279
(0.4, 2, 2.120985)
(0.4, 3, 2.646356)
(0.4, 4, 4.64774)
(0.66, 2, 5.159621)
(0.66, 3, 5.528077)
(0.66, 4, 6.945581)
(1.0, 2, 11.424356)
Testing accuracy: 26.42
Full (1.0, 2) accuracy: 26.420000
********************************************************************************
Round  34
this epoch cost time:0.7719998359680176
this epoch choose: [20, 76, 97, 60, 95, 76, 17, 61, 67, 27]
this epoch dispatch models: [0 6 6 4 6 5 1 5 4 1]
this epoch received models: [np.int64(0), np.int64(6), np.int64(6), np.int64(4), np.int64(6), np.int64(5), np.int64(1), np.int64(5), np.int64(4), np.int64(1)]
hetero_proportion: 	4:3:3
TemporalSupport diagnostics: support_mean=0.574581, support_nonzero_ratio=1.000000, temporal_mean_l2=0.243718, memory_component_l2=0.091147, current_update_l2=0.699047, final_update_l2=0.562665
(0.4, 2, 2.120985)
(0.4, 3, 2.646356)
(0.4, 4, 4.64774)
(0.66, 2, 5.159621)
(0.66, 3, 5.528077)
(0.66, 4, 6.945581)
(1.0, 2, 11.424356)
Testing accuracy: 25.89
Full (1.0, 2) accuracy: 25.889999
********************************************************************************
Round  35
this epoch cost time:1.2019994258880615
this epoch choose: [34, 83, 12, 96, 64, 99, 75, 81, 98, 98]
this epoch dispatch models: [2 5 2 6 5 4 5 6 3 6]
this epoch received models: [np.int64(2), np.int64(5), np.int64(2), np.int64(6), np.int64(5), np.int64(4), np.int64(5), np.int64(6), np.int64(3), np.int64(6)]
hetero_proportion: 	4:3:3
TemporalSupport diagnostics: support_mean=0.663476, support_nonzero_ratio=1.000000, temporal_mean_l2=0.236150, memory_component_l2=0.065438, current_update_l2=0.665692, final_update_l2=0.591794
(0.4, 2, 2.120985)
(0.4, 3, 2.646356)
(0.4, 4, 4.64774)
(0.66, 2, 5.159621)
(0.66, 3, 5.528077)
(0.66, 4, 6.945581)
(1.0, 2, 11.424356)
Testing accuracy: 26.86
Full (1.0, 2) accuracy: 26.860001
********************************************************************************
Round  36
this epoch cost time:1.1399996280670166
this epoch choose: [93, 83, 68, 71, 98, 74, 55, 44, 86, 5]
this epoch dispatch models: [4 4 0 3 2 4 5 3 4 2]
this epoch received models: [np.int64(4), np.int64(4), np.int64(0), np.int64(3), np.int64(2), np.int64(4), np.int64(5), np.int64(3), np.int64(4), np.int64(2)]
hetero_proportion: 	4:3:3
TemporalSupport diagnostics: support_mean=0.445258, support_nonzero_ratio=0.607963, temporal_mean_l2=0.235730, memory_component_l2=0.084042, current_update_l2=0.717328, final_update_l2=0.552537
(0.4, 2, 2.120985)
(0.4, 3, 2.646356)
(0.4, 4, 4.64774)
(0.66, 2, 5.159621)
(0.66, 3, 5.528077)
(0.66, 4, 6.945581)
(1.0, 2, 11.424356)
Testing accuracy: 26.80
Full (1.0, 2) accuracy: 26.799999
********************************************************************************
Round  37
this epoch cost time:0.9039995670318604
this epoch choose: [72, 48, 21, 50, 98, 68, 27, 57, 97, 42]
this epoch dispatch models: [6 3 0 5 5 2 1 3 2 0]
this epoch received models: [np.int64(6), np.int64(3), np.int64(0), np.int64(5), np.int64(5), np.int64(2), np.int64(1), np.int64(3), np.int64(2), np.int64(0)]
hetero_proportion: 	4:3:3
TemporalSupport diagnostics: support_mean=0.430943, support_nonzero_ratio=1.000000, temporal_mean_l2=0.230839, memory_component_l2=0.112086, current_update_l2=0.741912, final_update_l2=0.539111
(0.4, 2, 2.120985)
(0.4, 3, 2.646356)
(0.4, 4, 4.64774)
(0.66, 2, 5.159621)
(0.66, 3, 5.528077)
(0.66, 4, 6.945581)
(1.0, 2, 11.424356)
Testing accuracy: 27.07
Full (1.0, 2) accuracy: 27.070000
********************************************************************************
Round  38
this epoch cost time:0.8970012664794922
this epoch choose: [78, 64, 93, 32, 63, 61, 43, 14, 79, 30]
this epoch dispatch models: [5 1 4 1 3 3 1 2 6 0]
this epoch received models: [np.int64(5), np.int64(1), np.int64(4), np.int64(1), np.int64(3), np.int64(3), np.int64(1), np.int64(2), np.int64(6), np.int64(0)]
hetero_proportion: 	4:3:3
TemporalSupport diagnostics: support_mean=0.428768, support_nonzero_ratio=1.000000, temporal_mean_l2=0.227030, memory_component_l2=0.115151, current_update_l2=0.794214, final_update_l2=0.530900
(0.4, 2, 2.120985)
(0.4, 3, 2.646356)
(0.4, 4, 4.64774)
(0.66, 2, 5.159621)
(0.66, 3, 5.528077)
(0.66, 4, 6.945581)
(1.0, 2, 11.424356)
Testing accuracy: 27.92
Full (1.0, 2) accuracy: 27.920000
********************************************************************************
Round  39
this epoch cost time:0.9230003356933594
this epoch choose: [77, 89, 92, 62, 74, 74, 75, 89, 73, 60]
this epoch dispatch models: [2 4 6 0 6 2 4 3 6 4]
this epoch received models: [np.int64(2), np.int64(4), np.int64(6), np.int64(0), np.int64(6), np.int64(2), np.int64(4), np.int64(3), np.int64(6), np.int64(4)]
hetero_proportion: 	4:3:3
TemporalSupport diagnostics: support_mean=0.600405, support_nonzero_ratio=1.000000, temporal_mean_l2=0.223875, memory_component_l2=0.079610, current_update_l2=0.688288, final_update_l2=0.568769
(0.4, 2, 2.120985)
(0.4, 3, 2.646356)
(0.4, 4, 4.64774)
(0.66, 2, 5.159621)
(0.66, 3, 5.528077)
(0.66, 4, 6.945581)
(1.0, 2, 11.424356)
Testing accuracy: 27.43
Full (1.0, 2) accuracy: 27.430000
********************************************************************************
Round  40
this epoch cost time:0.8869996070861816
this epoch choose: [71, 66, 9, 64, 97, 90, 49, 96, 16, 43]
this epoch dispatch models: [6 3 0 5 6 5 4 6 2 2]
this epoch received models: [np.int64(6), np.int64(3), np.int64(0), np.int64(5), np.int64(6), np.int64(5), np.int64(4), np.int64(6), np.int64(2), np.int64(2)]
hetero_proportion: 	4:3:3
TemporalSupport diagnostics: support_mean=0.616838, support_nonzero_ratio=1.000000, temporal_mean_l2=0.215896, memory_component_l2=0.068731, current_update_l2=0.615004, final_update_l2=0.532598
(0.4, 2, 2.120985)
(0.4, 3, 2.646356)
(0.4, 4, 4.64774)
(0.66, 2, 5.159621)
(0.66, 3, 5.528077)
(0.66, 4, 6.945581)
(1.0, 2, 11.424356)
Testing accuracy: 28.60
Full (1.0, 2) accuracy: 28.600000
********************************************************************************
Round  41
this epoch cost time:0.8980000019073486
this epoch choose: [47, 78, 75, 90, 48, 9, 73, 70, 54, 88]
this epoch dispatch models: [4 1 2 5 1 1 1 0 5 6]
this epoch received models: [np.int64(4), np.int64(1), np.int64(2), np.int64(5), np.int64(1), np.int64(1), np.int64(1), np.int64(0), np.int64(5), np.int64(6)]
hetero_proportion: 	4:3:3
TemporalSupport diagnostics: support_mean=0.418400, support_nonzero_ratio=1.000000, temporal_mean_l2=0.212944, memory_component_l2=0.103683, current_update_l2=0.720091, final_update_l2=0.519721
(0.4, 2, 2.120985)
(0.4, 3, 2.646356)
(0.4, 4, 4.64774)
(0.66, 2, 5.159621)
(0.66, 3, 5.528077)
(0.66, 4, 6.945581)
(1.0, 2, 11.424356)
Testing accuracy: 28.46
Full (1.0, 2) accuracy: 28.459999
********************************************************************************
Round  42
this epoch cost time:0.9680061340332031
this epoch choose: [45, 57, 63, 37, 72, 74, 14, 69, 35, 13]
this epoch dispatch models: [5 4 4 2 2 3 1 4 0 0]
this epoch received models: [np.int64(5), np.int64(4), np.int64(4), np.int64(2), np.int64(2), np.int64(3), np.int64(1), np.int64(4), np.int64(0), np.int64(0)]
hetero_proportion: 	4:3:3
TemporalSupport diagnostics: support_mean=0.393981, support_nonzero_ratio=0.607963, temporal_mean_l2=0.215219, memory_component_l2=0.085637, current_update_l2=0.769548, final_update_l2=0.565320
(0.4, 2, 2.120985)
(0.4, 3, 2.646356)
(0.4, 4, 4.64774)
(0.66, 2, 5.159621)
(0.66, 3, 5.528077)
(0.66, 4, 6.945581)
(1.0, 2, 11.424356)
Testing accuracy: 27.97
Full (1.0, 2) accuracy: 27.969999
********************************************************************************
Round  43
this epoch cost time:0.6760008335113525
this epoch choose: [95, 42, 37, 40, 78, 82, 1, 11, 52, 47]
this epoch dispatch models: [6 3 2 4 1 3 1 1 2 5]
this epoch received models: [np.int64(6), np.int64(3), np.int64(2), np.int64(4), np.int64(1), np.int64(3), np.int64(1), np.int64(1), np.int64(2), np.int64(5)]
hetero_proportion: 	4:3:3
TemporalSupport diagnostics: support_mean=0.442991, support_nonzero_ratio=1.000000, temporal_mean_l2=0.210867, memory_component_l2=0.099347, current_update_l2=0.702514, final_update_l2=0.506387
(0.4, 2, 2.120985)
(0.4, 3, 2.646356)
(0.4, 4, 4.64774)
(0.66, 2, 5.159621)
(0.66, 3, 5.528077)
(0.66, 4, 6.945581)
(1.0, 2, 11.424356)
Testing accuracy: 29.04
Full (1.0, 2) accuracy: 29.040001
********************************************************************************
Round  44
this epoch cost time:0.8689999580383301
this epoch choose: [92, 96, 90, 71, 24, 55, 75, 66, 20, 47]
this epoch dispatch models: [5 4 5 6 0 3 0 4 2 3]
this epoch received models: [np.int64(5), np.int64(4), np.int64(5), np.int64(6), np.int64(0), np.int64(3), np.int64(0), np.int64(4), np.int64(2), np.int64(3)]
hetero_proportion: 	4:3:3
TemporalSupport diagnostics: support_mean=0.481622, support_nonzero_ratio=1.000000, temporal_mean_l2=0.210350, memory_component_l2=0.096892, current_update_l2=0.693334, final_update_l2=0.518011
(0.4, 2, 2.120985)
(0.4, 3, 2.646356)
(0.4, 4, 4.64774)
(0.66, 2, 5.159621)
(0.66, 3, 5.528077)
(0.66, 4, 6.945581)
(1.0, 2, 11.424356)
Testing accuracy: 29.11
Full (1.0, 2) accuracy: 29.110001
********************************************************************************
Round  45
this epoch cost time:0.8859987258911133
this epoch choose: [68, 21, 87, 55, 50, 95, 13, 55, 99, 64]
this epoch dispatch models: [5 1 1 4 4 0 2 1 6 3]
this epoch received models: [np.int64(5), np.int64(1), np.int64(1), np.int64(4), np.int64(4), np.int64(0), np.int64(2), np.int64(1), np.int64(6), np.int64(3)]
hetero_proportion: 	4:3:3
TemporalSupport diagnostics: support_mean=0.436588, support_nonzero_ratio=1.000000, temporal_mean_l2=0.213073, memory_component_l2=0.104975, current_update_l2=0.806258, final_update_l2=0.546185
(0.4, 2, 2.120985)
(0.4, 3, 2.646356)
(0.4, 4, 4.64774)
(0.66, 2, 5.159621)
(0.66, 3, 5.528077)
(0.66, 4, 6.945581)
(1.0, 2, 11.424356)
Testing accuracy: 28.60
Full (1.0, 2) accuracy: 28.600000
********************************************************************************
Round  46
this epoch cost time:0.8570003509521484
this epoch choose: [95, 69, 37, 70, 56, 91, 61, 60, 73, 53]
this epoch dispatch models: [6 0 1 0 5 2 2 4 6 3]
this epoch received models: [np.int64(6), np.int64(0), np.int64(1), np.int64(0), np.int64(5), np.int64(2), np.int64(2), np.int64(4), np.int64(6), np.int64(3)]
hetero_proportion: 	4:3:3
TemporalSupport diagnostics: support_mean=0.463455, support_nonzero_ratio=1.000000, temporal_mean_l2=0.207007, memory_component_l2=0.092971, current_update_l2=0.677831, final_update_l2=0.534209
(0.4, 2, 2.120985)
(0.4, 3, 2.646356)
(0.4, 4, 4.64774)
(0.66, 2, 5.159621)
(0.66, 3, 5.528077)
(0.66, 4, 6.945581)
(1.0, 2, 11.424356)
Testing accuracy: 29.91
Full (1.0, 2) accuracy: 29.910000
********************************************************************************
Round  47
this epoch cost time:1.1220006942749023
this epoch choose: [83, 40, 5, 3, 40, 37, 92, 78, 60, 57]
this epoch dispatch models: [2 2 2 0 5 2 0 4 5 1]
this epoch received models: [np.int64(2), np.int64(2), np.int64(2), np.int64(0), np.int64(5), np.int64(2), np.int64(0), np.int64(4), np.int64(5), np.int64(1)]
hetero_proportion: 	4:3:3
TemporalSupport diagnostics: support_mean=0.383124, support_nonzero_ratio=0.607963, temporal_mean_l2=0.209687, memory_component_l2=0.063090, current_update_l2=0.665925, final_update_l2=0.538952
(0.4, 2, 2.120985)
(0.4, 3, 2.646356)
(0.4, 4, 4.64774)
(0.66, 2, 5.159621)
(0.66, 3, 5.528077)
(0.66, 4, 6.945581)
(1.0, 2, 11.424356)
Testing accuracy: 29.26
Full (1.0, 2) accuracy: 29.260000
********************************************************************************
Round  48
this epoch cost time:0.9780004024505615
this epoch choose: [65, 40, 51, 44, 72, 99, 40, 89, 69, 47]
this epoch dispatch models: [5 0 2 3 6 6 0 6 4 3]
this epoch received models: [np.int64(5), np.int64(0), np.int64(2), np.int64(3), np.int64(6), np.int64(6), np.int64(0), np.int64(6), np.int64(4), np.int64(3)]
hetero_proportion: 	4:3:3
TemporalSupport diagnostics: support_mean=0.548874, support_nonzero_ratio=1.000000, temporal_mean_l2=0.212974, memory_component_l2=0.084804, current_update_l2=0.704039, final_update_l2=0.561255
(0.4, 2, 2.120985)
(0.4, 3, 2.646356)
(0.4, 4, 4.64774)
(0.66, 2, 5.159621)
(0.66, 3, 5.528077)
(0.66, 4, 6.945581)
(1.0, 2, 11.424356)
Testing accuracy: 29.85
Full (1.0, 2) accuracy: 29.850000
********************************************************************************
Round  49
this epoch cost time:0.8880000114440918
this epoch choose: [56, 53, 79, 94, 97, 69, 97, 88, 60, 91]
this epoch dispatch models: [3 3 0 6 3 1 6 2 0 6]
this epoch received models: [np.int64(3), np.int64(3), np.int64(0), np.int64(6), np.int64(3), np.int64(1), np.int64(6), np.int64(2), np.int64(0), np.int64(6)]
hetero_proportion: 	4:3:3
TemporalSupport diagnostics: support_mean=0.520018, support_nonzero_ratio=1.000000, temporal_mean_l2=0.207834, memory_component_l2=0.091084, current_update_l2=0.677084, final_update_l2=0.512338
(0.4, 2, 2.120985)
(0.4, 3, 2.646356)
(0.4, 4, 4.64774)
(0.66, 2, 5.159621)
(0.66, 3, 5.528077)
(0.66, 4, 6.945581)
(1.0, 2, 11.424356)
Testing accuracy: 29.73
Full (1.0, 2) accuracy: 29.730000
********************************************************************************
Round  50
this epoch cost time:1.069000005722046
this epoch choose: [45, 78, 51, 69, 53, 59, 52, 55, 81, 10]
this epoch dispatch models: [1 6 4 2 3 4 5 4 6 2]
this epoch received models: [np.int64(1), np.int64(6), np.int64(4), np.int64(2), np.int64(3), np.int64(4), np.int64(5), np.int64(4), np.int64(6), np.int64(2)]
hetero_proportion: 	4:3:3
TemporalSupport diagnostics: support_mean=0.546742, support_nonzero_ratio=1.000000, temporal_mean_l2=0.212759, memory_component_l2=0.080665, current_update_l2=0.697771, final_update_l2=0.542665
(0.4, 2, 2.120985)
(0.4, 3, 2.646356)
(0.4, 4, 4.64774)
(0.66, 2, 5.159621)
(0.66, 3, 5.528077)
(0.66, 4, 6.945581)
(1.0, 2, 11.424356)
Testing accuracy: 30.72
Full (1.0, 2) accuracy: 30.719999
********************************************************************************
Round  51
this epoch cost time:1.034999132156372
this epoch choose: [96, 35, 11, 94, 68, 11, 81, 76, 81, 61]
this epoch dispatch models: [6 1 2 6 5 0 5 3 5 3]
this epoch received models: [np.int64(6), np.int64(1), np.int64(2), np.int64(6), np.int64(5), np.int64(0), np.int64(5), np.int64(3), np.int64(5), np.int64(3)]
hetero_proportion: 	4:3:3
TemporalSupport diagnostics: support_mean=0.555738, support_nonzero_ratio=1.000000, temporal_mean_l2=0.225611, memory_component_l2=0.081521, current_update_l2=0.743590, final_update_l2=0.607627
(0.4, 2, 2.120985)
(0.4, 3, 2.646356)
(0.4, 4, 4.64774)
(0.66, 2, 5.159621)
(0.66, 3, 5.528077)
(0.66, 4, 6.945581)
(1.0, 2, 11.424356)
Testing accuracy: 29.31
Full (1.0, 2) accuracy: 29.309999
********************************************************************************
Round  52
this epoch cost time:0.8310000896453857
this epoch choose: [29, 82, 39, 71, 41, 23, 40, 95, 74, 97]
this epoch dispatch models: [2 6 0 6 0 0 0 6 2 4]
this epoch received models: [np.int64(2), np.int64(6), np.int64(0), np.int64(6), np.int64(0), np.int64(0), np.int64(0), np.int64(6), np.int64(2), np.int64(4)]
hetero_proportion: 	4:3:3
TemporalSupport diagnostics: support_mean=0.479370, support_nonzero_ratio=1.000000, temporal_mean_l2=0.213289, memory_component_l2=0.096288, current_update_l2=0.659978, final_update_l2=0.509615
(0.4, 2, 2.120985)
(0.4, 3, 2.646356)
(0.4, 4, 4.64774)
(0.66, 2, 5.159621)
(0.66, 3, 5.528077)
(0.66, 4, 6.945581)
(1.0, 2, 11.424356)
Testing accuracy: 30.09
Full (1.0, 2) accuracy: 30.090000
********************************************************************************
Round  53
this epoch cost time:0.878000020980835
this epoch choose: [38, 55, 42, 12, 69, 78, 77, 76, 45, 55]
this epoch dispatch models: [0 4 1 2 1 2 4 1 3 5]
this epoch received models: [np.int64(0), np.int64(4), np.int64(1), np.int64(2), np.int64(1), np.int64(2), np.int64(4), np.int64(1), np.int64(3), np.int64(5)]
hetero_proportion: 	4:3:3
TemporalSupport diagnostics: support_mean=0.371918, support_nonzero_ratio=0.607963, temporal_mean_l2=0.212036, memory_component_l2=0.087208, current_update_l2=0.714912, final_update_l2=0.519127
(0.4, 2, 2.120985)
(0.4, 3, 2.646356)
(0.4, 4, 4.64774)
(0.66, 2, 5.159621)
(0.66, 3, 5.528077)
(0.66, 4, 6.945581)
(1.0, 2, 11.424356)
Testing accuracy: 30.51
Full (1.0, 2) accuracy: 30.510000
********************************************************************************
Round  54
this epoch cost time:0.9439997673034668
this epoch choose: [28, 41, 31, 51, 72, 57, 70, 9, 93, 9]
this epoch dispatch models: [1 5 1 2 6 4 1 0 6 2]
this epoch received models: [np.int64(1), np.int64(5), np.int64(1), np.int64(2), np.int64(6), np.int64(4), np.int64(1), np.int64(0), np.int64(6), np.int64(2)]
hetero_proportion: 	4:3:3
TemporalSupport diagnostics: support_mean=0.437866, support_nonzero_ratio=1.000000, temporal_mean_l2=0.206779, memory_component_l2=0.089922, current_update_l2=0.699704, final_update_l2=0.541369
(0.4, 2, 2.120985)
(0.4, 3, 2.646356)
(0.4, 4, 4.64774)
(0.66, 2, 5.159621)
(0.66, 3, 5.528077)
(0.66, 4, 6.945581)
(1.0, 2, 11.424356)
Testing accuracy: 31.73
Full (1.0, 2) accuracy: 31.730000
********************************************************************************
Round  55
this epoch cost time:0.9369997978210449
this epoch choose: [41, 81, 1, 37, 96, 90, 62, 71, 60, 95]
this epoch dispatch models: [5 1 2 0 0 5 3 4 1 5]
this epoch received models: [np.int64(5), np.int64(1), np.int64(2), np.int64(0), np.int64(0), np.int64(5), np.int64(3), np.int64(4), np.int64(1), np.int64(5)]
hetero_proportion: 	4:3:3
TemporalSupport diagnostics: support_mean=0.400004, support_nonzero_ratio=0.607963, temporal_mean_l2=0.203193, memory_component_l2=0.073794, current_update_l2=0.629378, final_update_l2=0.497193
(0.4, 2, 2.120985)
(0.4, 3, 2.646356)
(0.4, 4, 4.64774)
(0.66, 2, 5.159621)
(0.66, 3, 5.528077)
(0.66, 4, 6.945581)
(1.0, 2, 11.424356)
Testing accuracy: 30.19
Full (1.0, 2) accuracy: 30.190001
********************************************************************************
Round  56
this epoch cost time:0.8810007572174072
this epoch choose: [19, 46, 64, 94, 90, 41, 44, 72, 85, 51]
this epoch dispatch models: [0 4 0 6 3 2 4 3 2 4]
this epoch received models: [np.int64(0), np.int64(4), np.int64(0), np.int64(6), np.int64(3), np.int64(2), np.int64(4), np.int64(3), np.int64(2), np.int64(4)]
hetero_proportion: 	4:3:3
TemporalSupport diagnostics: support_mean=0.446525, support_nonzero_ratio=1.000000, temporal_mean_l2=0.207608, memory_component_l2=0.101090, current_update_l2=0.726196, final_update_l2=0.518521
(0.4, 2, 2.120985)
(0.4, 3, 2.646356)
(0.4, 4, 4.64774)
(0.66, 2, 5.159621)
(0.66, 3, 5.528077)
(0.66, 4, 6.945581)
(1.0, 2, 11.424356)
Testing accuracy: 30.69
Full (1.0, 2) accuracy: 30.690001
********************************************************************************
Round  57
this epoch cost time:0.8210010528564453
this epoch choose: [22, 89, 19, 18, 92, 95, 40, 39, 46, 90]
this epoch dispatch models: [2 4 0 0 5 4 2 2 4 2]
this epoch received models: [np.int64(2), np.int64(4), np.int64(0), np.int64(0), np.int64(5), np.int64(4), np.int64(2), np.int64(2), np.int64(4), np.int64(2)]
hetero_proportion: 	4:3:3
TemporalSupport diagnostics: support_mean=0.403113, support_nonzero_ratio=0.607963, temporal_mean_l2=0.203084, memory_component_l2=0.062101, current_update_l2=0.577952, final_update_l2=0.467813
(0.4, 2, 2.120985)
(0.4, 3, 2.646356)
(0.4, 4, 4.64774)
(0.66, 2, 5.159621)
(0.66, 3, 5.528077)
(0.66, 4, 6.945581)
(1.0, 2, 11.424356)
Testing accuracy: 31.16
Full (1.0, 2) accuracy: 31.160000
********************************************************************************
Round  58
this epoch cost time:0.8730001449584961
this epoch choose: [86, 93, 98, 77, 37, 48, 97, 53, 49, 74]
this epoch dispatch models: [6 3 5 0 0 4 3 4 3 3]
this epoch received models: [np.int64(6), np.int64(3), np.int64(5), np.int64(0), np.int64(0), np.int64(4), np.int64(3), np.int64(4), np.int64(3), np.int64(3)]
hetero_proportion: 	4:3:3
TemporalSupport diagnostics: support_mean=0.484307, support_nonzero_ratio=1.000000, temporal_mean_l2=0.209091, memory_component_l2=0.114592, current_update_l2=0.935824, final_update_l2=0.567933
(0.4, 2, 2.120985)
(0.4, 3, 2.646356)
(0.4, 4, 4.64774)
(0.66, 2, 5.159621)
(0.66, 3, 5.528077)
(0.66, 4, 6.945581)
(1.0, 2, 11.424356)
Testing accuracy: 31.13
Full (1.0, 2) accuracy: 31.129999
********************************************************************************
Round  59
this epoch cost time:1.1050002574920654
this epoch choose: [98, 92, 71, 89, 60, 92, 79, 91, 83, 98]
this epoch dispatch models: [4 0 6 5 3 5 1 4 4 3]
this epoch received models: [np.int64(4), np.int64(0), np.int64(6), np.int64(5), np.int64(3), np.int64(5), np.int64(1), np.int64(4), np.int64(4), np.int64(3)]
hetero_proportion: 	4:3:3
TemporalSupport diagnostics: support_mean=0.497343, support_nonzero_ratio=1.000000, temporal_mean_l2=0.202591, memory_component_l2=0.096929, current_update_l2=0.648413, final_update_l2=0.522188
(0.4, 2, 2.120985)
(0.4, 3, 2.646356)
(0.4, 4, 4.64774)
(0.66, 2, 5.159621)
(0.66, 3, 5.528077)
(0.66, 4, 6.945581)
(1.0, 2, 11.424356)
Testing accuracy: 30.69
Full (1.0, 2) accuracy: 30.690001
********************************************************************************
Round  60
this epoch cost time:1.246999979019165
this epoch choose: [70, 95, 88, 76, 22, 79, 83, 68, 20, 6]
this epoch dispatch models: [2 2 2 6 2 6 6 2 0 2]
this epoch received models: [np.int64(2), np.int64(2), np.int64(2), np.int64(6), np.int64(2), np.int64(6), np.int64(6), np.int64(2), np.int64(0), np.int64(2)]
hetero_proportion: 	4:3:3
TemporalSupport diagnostics: support_mean=0.579086, support_nonzero_ratio=1.000000, temporal_mean_l2=0.204644, memory_component_l2=0.068448, current_update_l2=0.593944, final_update_l2=0.514323
(0.4, 2, 2.120985)
(0.4, 3, 2.646356)
(0.4, 4, 4.64774)
(0.66, 2, 5.159621)
(0.66, 3, 5.528077)
(0.66, 4, 6.945581)
(1.0, 2, 11.424356)
Testing accuracy: 31.22
Full (1.0, 2) accuracy: 31.219999
********************************************************************************
Round  61
this epoch cost time:0.7960002422332764
this epoch choose: [91, 97, 82, 31, 78, 89, 44, 87, 57, 91]
this epoch dispatch models: [1 6 5 2 6 3 5 0 0 5]
this epoch received models: [np.int64(1), np.int64(6), np.int64(5), np.int64(2), np.int64(6), np.int64(3), np.int64(5), np.int64(0), np.int64(0), np.int64(5)]
hetero_proportion: 	4:3:3
TemporalSupport diagnostics: support_mean=0.521534, support_nonzero_ratio=1.000000, temporal_mean_l2=0.191938, memory_component_l2=0.079107, current_update_l2=0.564035, final_update_l2=0.464290
(0.4, 2, 2.120985)
(0.4, 3, 2.646356)
(0.4, 4, 4.64774)
(0.66, 2, 5.159621)
(0.66, 3, 5.528077)
(0.66, 4, 6.945581)
(1.0, 2, 11.424356)
Testing accuracy: 31.04
Full (1.0, 2) accuracy: 31.040001
********************************************************************************
Round  62
this epoch cost time:0.9150054454803467
this epoch choose: [67, 87, 56, 69, 84, 68, 69, 40, 65, 96]
this epoch dispatch models: [5 6 5 1 6 1 3 3 5 6]
this epoch received models: [np.int64(5), np.int64(6), np.int64(5), np.int64(1), np.int64(6), np.int64(1), np.int64(3), np.int64(3), np.int64(5), np.int64(6)]
hetero_proportion: 	4:3:3
TemporalSupport diagnostics: support_mean=0.576145, support_nonzero_ratio=1.000000, temporal_mean_l2=0.191255, memory_component_l2=0.071812, current_update_l2=0.689988, final_update_l2=0.573872
(0.4, 2, 2.120985)
(0.4, 3, 2.646356)
(0.4, 4, 4.64774)
(0.66, 2, 5.159621)
(0.66, 3, 5.528077)
(0.66, 4, 6.945581)
(1.0, 2, 11.424356)
Testing accuracy: 31.78
Full (1.0, 2) accuracy: 31.780001
********************************************************************************
Round  63
this epoch cost time:0.9960081577301025
this epoch choose: [61, 75, 33, 71, 41, 90, 90, 53, 76, 2]
this epoch dispatch models: [3 6 1 3 3 3 6 1 3 0]
this epoch received models: [np.int64(3), np.int64(6), np.int64(1), np.int64(3), np.int64(3), np.int64(3), np.int64(6), np.int64(1), np.int64(3), np.int64(0)]
hetero_proportion: 	4:3:3
TemporalSupport diagnostics: support_mean=0.505036, support_nonzero_ratio=1.000000, temporal_mean_l2=0.186640, memory_component_l2=0.095195, current_update_l2=0.744203, final_update_l2=0.511096
(0.4, 2, 2.120985)
(0.4, 3, 2.646356)
(0.4, 4, 4.64774)
(0.66, 2, 5.159621)
(0.66, 3, 5.528077)
(0.66, 4, 6.945581)
(1.0, 2, 11.424356)
Testing accuracy: 31.80
Full (1.0, 2) accuracy: 31.799999
********************************************************************************
Round  64
this epoch cost time:0.9560003280639648
this epoch choose: [43, 84, 45, 77, 48, 75, 74, 74, 56, 93]
this epoch dispatch models: [4 5 0 5 5 2 6 6 4 4]
this epoch received models: [np.int64(4), np.int64(5), np.int64(0), np.int64(5), np.int64(5), np.int64(2), np.int64(6), np.int64(6), np.int64(4), np.int64(4)]
hetero_proportion: 	4:3:3
TemporalSupport diagnostics: support_mean=0.597478, support_nonzero_ratio=1.000000, temporal_mean_l2=0.189688, memory_component_l2=0.063690, current_update_l2=0.625605, final_update_l2=0.523822
(0.4, 2, 2.120985)
(0.4, 3, 2.646356)
(0.4, 4, 4.64774)
(0.66, 2, 5.159621)
(0.66, 3, 5.528077)
(0.66, 4, 6.945581)
(1.0, 2, 11.424356)
Testing accuracy: 31.64
Full (1.0, 2) accuracy: 31.639999
********************************************************************************
Round  65
this epoch cost time:0.8759992122650146
this epoch choose: [35, 50, 88, 65, 51, 78, 45, 54, 62, 40]
this epoch dispatch models: [2 0 6 3 5 2 4 5 0 4]
this epoch received models: [np.int64(2), np.int64(0), np.int64(6), np.int64(3), np.int64(5), np.int64(2), np.int64(4), np.int64(5), np.int64(0), np.int64(4)]
hetero_proportion: 	4:3:3
TemporalSupport diagnostics: support_mean=0.498902, support_nonzero_ratio=1.000000, temporal_mean_l2=0.185855, memory_component_l2=0.078025, current_update_l2=0.661112, final_update_l2=0.504762
(0.4, 2, 2.120985)
(0.4, 3, 2.646356)
(0.4, 4, 4.64774)
(0.66, 2, 5.159621)
(0.66, 3, 5.528077)
(0.66, 4, 6.945581)
(1.0, 2, 11.424356)
Testing accuracy: 32.83
Full (1.0, 2) accuracy: 32.830002
********************************************************************************
Round  66
this epoch cost time:1.137000322341919
this epoch choose: [75, 73, 40, 72, 97, 83, 98, 56, 99, 83]
this epoch dispatch models: [6 5 2 3 4 2 4 1 3 4]
this epoch received models: [np.int64(6), np.int64(5), np.int64(2), np.int64(3), np.int64(4), np.int64(2), np.int64(4), np.int64(1), np.int64(3), np.int64(4)]
hetero_proportion: 	4:3:3
TemporalSupport diagnostics: support_mean=0.505843, support_nonzero_ratio=1.000000, temporal_mean_l2=0.180221, memory_component_l2=0.076080, current_update_l2=0.563259, final_update_l2=0.476929
(0.4, 2, 2.120985)
(0.4, 3, 2.646356)
(0.4, 4, 4.64774)
(0.66, 2, 5.159621)
(0.66, 3, 5.528077)
(0.66, 4, 6.945581)
(1.0, 2, 11.424356)
Testing accuracy: 30.63
Full (1.0, 2) accuracy: 30.629999
********************************************************************************
Round  67
this epoch cost time:0.911998987197876
this epoch choose: [80, 93, 54, 30, 60, 85, 91, 70, 28, 92]
this epoch dispatch models: [3 0 3 0 4 6 6 3 0 6]
this epoch received models: [np.int64(3), np.int64(0), np.int64(3), np.int64(0), np.int64(4), np.int64(6), np.int64(6), np.int64(3), np.int64(0), np.int64(6)]
hetero_proportion: 	4:3:3
TemporalSupport diagnostics: support_mean=0.551993, support_nonzero_ratio=1.000000, temporal_mean_l2=0.182581, memory_component_l2=0.086974, current_update_l2=0.753559, final_update_l2=0.542733
(0.4, 2, 2.120985)
(0.4, 3, 2.646356)
(0.4, 4, 4.64774)
(0.66, 2, 5.159621)
(0.66, 3, 5.528077)
(0.66, 4, 6.945581)
(1.0, 2, 11.424356)
Testing accuracy: 32.20
Full (1.0, 2) accuracy: 32.200001
********************************************************************************
Round  68
this epoch cost time:1.233999252319336
this epoch choose: [83, 61, 75, 78, 99, 86, 98, 81, 78, 90]
this epoch dispatch models: [6 5 3 1 6 4 4 5 6 6]
this epoch received models: [np.int64(6), np.int64(5), np.int64(3), np.int64(1), np.int64(6), np.int64(4), np.int64(4), np.int64(5), np.int64(6), np.int64(6)]
hetero_proportion: 	4:3:3
TemporalSupport diagnostics: support_mean=0.704042, support_nonzero_ratio=1.000000, temporal_mean_l2=0.169064, memory_component_l2=0.042494, current_update_l2=0.475952, final_update_l2=0.433230
(0.4, 2, 2.120985)
(0.4, 3, 2.646356)
(0.4, 4, 4.64774)
(0.66, 2, 5.159621)
(0.66, 3, 5.528077)
(0.66, 4, 6.945581)
(1.0, 2, 11.424356)
Testing accuracy: 31.13
Full (1.0, 2) accuracy: 31.129999
********************************************************************************
Round  69
this epoch cost time:0.7799997329711914
this epoch choose: [28, 43, 98, 9, 88, 65, 82, 47, 50, 65]
this epoch dispatch models: [2 5 5 2 4 2 1 2 3 1]
this epoch received models: [np.int64(2), np.int64(5), np.int64(5), np.int64(2), np.int64(4), np.int64(2), np.int64(1), np.int64(2), np.int64(3), np.int64(1)]
hetero_proportion: 	4:3:3
TemporalSupport diagnostics: support_mean=0.425283, support_nonzero_ratio=0.607963, temporal_mean_l2=0.168745, memory_component_l2=0.042847, current_update_l2=0.561085, final_update_l2=0.474523
(0.4, 2, 2.120985)
(0.4, 3, 2.646356)
(0.4, 4, 4.64774)
(0.66, 2, 5.159621)
(0.66, 3, 5.528077)
(0.66, 4, 6.945581)
(1.0, 2, 11.424356)
Testing accuracy: 31.66
Full (1.0, 2) accuracy: 31.660000
********************************************************************************
Round  70
this epoch cost time:0.9379994869232178
this epoch choose: [89, 90, 96, 53, 79, 38, 84, 59, 94, 75]
this epoch dispatch models: [5 5 3 3 6 0 4 3 3 5]
this epoch received models: [np.int64(5), np.int64(5), np.int64(3), np.int64(3), np.int64(6), np.int64(0), np.int64(4), np.int64(3), np.int64(3), np.int64(5)]
hetero_proportion: 	4:3:3
TemporalSupport diagnostics: support_mean=0.533435, support_nonzero_ratio=1.000000, temporal_mean_l2=0.163240, memory_component_l2=0.072489, current_update_l2=0.592142, final_update_l2=0.439570
(0.4, 2, 2.120985)
(0.4, 3, 2.646356)
(0.4, 4, 4.64774)
(0.66, 2, 5.159621)
(0.66, 3, 5.528077)
(0.66, 4, 6.945581)
(1.0, 2, 11.424356)
Testing accuracy: 32.06
Full (1.0, 2) accuracy: 32.060001
********************************************************************************
Round  71
this epoch cost time:0.7999992370605469
this epoch choose: [63, 50, 92, 89, 94, 84, 78, 45, 15, 97]
this epoch dispatch models: [3 3 6 0 2 6 3 5 1 5]
this epoch received models: [np.int64(3), np.int64(3), np.int64(6), np.int64(0), np.int64(2), np.int64(6), np.int64(3), np.int64(5), np.int64(1), np.int64(5)]
hetero_proportion: 	4:3:3
TemporalSupport diagnostics: support_mean=0.553529, support_nonzero_ratio=1.000000, temporal_mean_l2=0.161493, memory_component_l2=0.061577, current_update_l2=0.540218, final_update_l2=0.435719
(0.4, 2, 2.120985)
(0.4, 3, 2.646356)
(0.4, 4, 4.64774)
(0.66, 2, 5.159621)
(0.66, 3, 5.528077)
(0.66, 4, 6.945581)
(1.0, 2, 11.424356)
Testing accuracy: 32.05
Full (1.0, 2) accuracy: 32.049999
********************************************************************************
Round  72
this epoch cost time:0.7709991931915283
this epoch choose: [78, 65, 88, 64, 51, 19, 78, 67, 27, 72]
this epoch dispatch models: [3 2 6 5 3 2 6 5 2 0]
this epoch received models: [np.int64(3), np.int64(2), np.int64(6), np.int64(5), np.int64(3), np.int64(2), np.int64(6), np.int64(5), np.int64(2), np.int64(0)]
hetero_proportion: 	4:3:3
TemporalSupport diagnostics: support_mean=0.555160, support_nonzero_ratio=1.000000, temporal_mean_l2=0.160813, memory_component_l2=0.051907, current_update_l2=0.537952, final_update_l2=0.465191
(0.4, 2, 2.120985)
(0.4, 3, 2.646356)
(0.4, 4, 4.64774)
(0.66, 2, 5.159621)
(0.66, 3, 5.528077)
(0.66, 4, 6.945581)
(1.0, 2, 11.424356)
Testing accuracy: 32.66
Full (1.0, 2) accuracy: 32.660000
********************************************************************************
Round  73
this epoch cost time:0.880000114440918
this epoch choose: [86, 96, 6, 71, 87, 82, 91, 81, 44, 49]
this epoch dispatch models: [4 0 1 3 0 6 0 0 1 2]
this epoch received models: [np.int64(4), np.int64(0), np.int64(1), np.int64(3), np.int64(0), np.int64(6), np.int64(0), np.int64(0), np.int64(1), np.int64(2)]
hetero_proportion: 	4:3:3
TemporalSupport diagnostics: support_mean=0.356948, support_nonzero_ratio=1.000000, temporal_mean_l2=0.166999, memory_component_l2=0.094555, current_update_l2=0.857302, final_update_l2=0.510483
(0.4, 2, 2.120985)
(0.4, 3, 2.646356)
(0.4, 4, 4.64774)
(0.66, 2, 5.159621)
(0.66, 3, 5.528077)
(0.66, 4, 6.945581)
(1.0, 2, 11.424356)
Testing accuracy: 32.56
Full (1.0, 2) accuracy: 32.560001
********************************************************************************
Round  74
this epoch cost time:0.9539999961853027
this epoch choose: [72, 97, 50, 69, 93, 5, 67, 11, 91, 78]
this epoch dispatch models: [4 6 4 2 0 1 0 0 5 6]
this epoch received models: [np.int64(4), np.int64(6), np.int64(4), np.int64(2), np.int64(0), np.int64(1), np.int64(0), np.int64(0), np.int64(5), np.int64(6)]
hetero_proportion: 	4:3:3
TemporalSupport diagnostics: support_mean=0.475051, support_nonzero_ratio=1.000000, temporal_mean_l2=0.159490, memory_component_l2=0.064260, current_update_l2=0.523115, final_update_l2=0.419827
(0.4, 2, 2.120985)
(0.4, 3, 2.646356)
(0.4, 4, 4.64774)
(0.66, 2, 5.159621)
(0.66, 3, 5.528077)
(0.66, 4, 6.945581)
(1.0, 2, 11.424356)
Testing accuracy: 32.62
Full (1.0, 2) accuracy: 32.619999
********************************************************************************
Round  75
this epoch cost time:0.9569993019104004
this epoch choose: [80, 73, 57, 87, 98, 10, 74, 99, 78, 93]
this epoch dispatch models: [2 6 5 4 3 0 6 2 1 3]
this epoch received models: [np.int64(2), np.int64(6), np.int64(5), np.int64(4), np.int64(3), np.int64(0), np.int64(6), np.int64(2), np.int64(1), np.int64(3)]
hetero_proportion: 	4:3:3
TemporalSupport diagnostics: support_mean=0.536566, support_nonzero_ratio=1.000000, temporal_mean_l2=0.160823, memory_component_l2=0.053561, current_update_l2=0.574169, final_update_l2=0.469446
(0.4, 2, 2.120985)
(0.4, 3, 2.646356)
(0.4, 4, 4.64774)
(0.66, 2, 5.159621)
(0.66, 3, 5.528077)
(0.66, 4, 6.945581)
(1.0, 2, 11.424356)
Testing accuracy: 32.60
Full (1.0, 2) accuracy: 32.599998
********************************************************************************
Round  76
this epoch cost time:0.8329997062683105
this epoch choose: [82, 87, 84, 45, 68, 94, 30, 48, 55, 82]
this epoch dispatch models: [3 1 4 4 4 5 0 1 0 6]
this epoch received models: [np.int64(3), np.int64(1), np.int64(4), np.int64(4), np.int64(4), np.int64(5), np.int64(0), np.int64(1), np.int64(0), np.int64(6)]
hetero_proportion: 	4:3:3
TemporalSupport diagnostics: support_mean=0.426560, support_nonzero_ratio=1.000000, temporal_mean_l2=0.163912, memory_component_l2=0.083413, current_update_l2=0.673390, final_update_l2=0.480864
(0.4, 2, 2.120985)
(0.4, 3, 2.646356)
(0.4, 4, 4.64774)
(0.66, 2, 5.159621)
(0.66, 3, 5.528077)
(0.66, 4, 6.945581)
(1.0, 2, 11.424356)
Testing accuracy: 32.06
Full (1.0, 2) accuracy: 32.060001
********************************************************************************
Round  77
this epoch cost time:0.898000955581665
this epoch choose: [21, 41, 56, 48, 79, 98, 85, 27, 47, 67]
this epoch dispatch models: [1 2 2 4 5 5 6 2 4 5]
this epoch received models: [np.int64(1), np.int64(2), np.int64(2), np.int64(4), np.int64(5), np.int64(5), np.int64(6), np.int64(2), np.int64(4), np.int64(5)]
hetero_proportion: 	4:3:3
TemporalSupport diagnostics: support_mean=0.518573, support_nonzero_ratio=1.000000, temporal_mean_l2=0.162074, memory_component_l2=0.053830, current_update_l2=0.570342, final_update_l2=0.453948
(0.4, 2, 2.120985)
(0.4, 3, 2.646356)
(0.4, 4, 4.64774)
(0.66, 2, 5.159621)
(0.66, 3, 5.528077)
(0.66, 4, 6.945581)
(1.0, 2, 11.424356)
Testing accuracy: 32.09
Full (1.0, 2) accuracy: 32.090000
********************************************************************************
Round  78
this epoch cost time:0.8689992427825928
this epoch choose: [89, 68, 66, 15, 82, 58, 57, 31, 48, 95]
this epoch dispatch models: [6 0 5 2 5 4 4 1 1 1]
this epoch received models: [np.int64(6), np.int64(0), np.int64(5), np.int64(2), np.int64(5), np.int64(4), np.int64(4), np.int64(1), np.int64(1), np.int64(1)]
hetero_proportion: 	4:3:3
TemporalSupport diagnostics: support_mean=0.433939, support_nonzero_ratio=1.000000, temporal_mean_l2=0.165671, memory_component_l2=0.074615, current_update_l2=0.646608, final_update_l2=0.466731
(0.4, 2, 2.120985)
(0.4, 3, 2.646356)
(0.4, 4, 4.64774)
(0.66, 2, 5.159621)
(0.66, 3, 5.528077)
(0.66, 4, 6.945581)
(1.0, 2, 11.424356)
Testing accuracy: 32.53
Full (1.0, 2) accuracy: 32.529999
********************************************************************************
Round  79
this epoch cost time:0.9840009212493896
this epoch choose: [71, 40, 52, 86, 68, 77, 70, 41, 80, 77]
this epoch dispatch models: [1 5 4 6 5 3 6 4 1 1]
this epoch received models: [np.int64(1), np.int64(5), np.int64(4), np.int64(6), np.int64(5), np.int64(3), np.int64(6), np.int64(4), np.int64(1), np.int64(1)]
hetero_proportion: 	4:3:3
TemporalSupport diagnostics: support_mean=0.545788, support_nonzero_ratio=1.000000, temporal_mean_l2=0.176008, memory_component_l2=0.074922, current_update_l2=0.692057, final_update_l2=0.518764
(0.4, 2, 2.120985)
(0.4, 3, 2.646356)
(0.4, 4, 4.64774)
(0.66, 2, 5.159621)
(0.66, 3, 5.528077)
(0.66, 4, 6.945581)
(1.0, 2, 11.424356)
Testing accuracy: 33.22
Full (1.0, 2) accuracy: 33.220001
********************************************************************************
Round  80
this epoch cost time:0.9999995231628418
this epoch choose: [77, 93, 33, 26, 75, 58, 49, 69, 52, 57]
this epoch dispatch models: [6 5 1 2 6 4 3 2 3 3]
this epoch received models: [np.int64(6), np.int64(5), np.int64(1), np.int64(2), np.int64(6), np.int64(4), np.int64(3), np.int64(2), np.int64(3), np.int64(3)]
hetero_proportion: 	4:3:3
TemporalSupport diagnostics: support_mean=0.549179, support_nonzero_ratio=1.000000, temporal_mean_l2=0.173156, memory_component_l2=0.068421, current_update_l2=0.549306, final_update_l2=0.463609
(0.4, 2, 2.120985)
(0.4, 3, 2.646356)
(0.4, 4, 4.64774)
(0.66, 2, 5.159621)
(0.66, 3, 5.528077)
(0.66, 4, 6.945581)
(1.0, 2, 11.424356)
Testing accuracy: 33.57
Full (1.0, 2) accuracy: 33.570000
********************************************************************************
Round  81
this epoch cost time:1.0720009803771973
this epoch choose: [39, 77, 96, 32, 87, 57, 90, 21, 74, 81]
this epoch dispatch models: [2 3 0 2 0 1 5 0 5 6]
this epoch received models: [np.int64(2), np.int64(3), np.int64(0), np.int64(2), np.int64(0), np.int64(1), np.int64(5), np.int64(0), np.int64(5), np.int64(6)]
hetero_proportion: 	4:3:3
TemporalSupport diagnostics: support_mean=0.454259, support_nonzero_ratio=1.000000, temporal_mean_l2=0.165514, memory_component_l2=0.075268, current_update_l2=0.550464, final_update_l2=0.409441
(0.4, 2, 2.120985)
(0.4, 3, 2.646356)
(0.4, 4, 4.64774)
(0.66, 2, 5.159621)
(0.66, 3, 5.528077)
(0.66, 4, 6.945581)
(1.0, 2, 11.424356)
Testing accuracy: 32.48
Full (1.0, 2) accuracy: 32.480000
********************************************************************************
Round  82
this epoch cost time:0.9329996109008789
this epoch choose: [62, 66, 94, 15, 98, 53, 73, 49, 26, 36]
this epoch dispatch models: [0 3 4 0 0 5 0 0 1 0]
this epoch received models: [np.int64(0), np.int64(3), np.int64(4), np.int64(0), np.int64(0), np.int64(5), np.int64(0), np.int64(0), np.int64(1), np.int64(0)]
hetero_proportion: 	4:3:3
TemporalSupport diagnostics: support_mean=0.292739, support_nonzero_ratio=0.607963, temporal_mean_l2=0.175902, memory_component_l2=0.099994, current_update_l2=1.127440, final_update_l2=0.525923
(0.4, 2, 2.120985)
(0.4, 3, 2.646356)
(0.4, 4, 4.64774)
(0.66, 2, 5.159621)
(0.66, 3, 5.528077)
(0.66, 4, 6.945581)
(1.0, 2, 11.424356)
Testing accuracy: 32.40
Full (1.0, 2) accuracy: 32.400002
********************************************************************************
Round  83
this epoch cost time:0.8449990749359131
this epoch choose: [91, 13, 97, 95, 41, 73, 76, 93, 40, 69]
this epoch dispatch models: [5 1 3 6 3 6 4 6 5 0]
this epoch received models: [np.int64(5), np.int64(1), np.int64(3), np.int64(6), np.int64(3), np.int64(6), np.int64(4), np.int64(6), np.int64(5), np.int64(0)]
hetero_proportion: 	4:3:3
TemporalSupport diagnostics: support_mean=0.547514, support_nonzero_ratio=1.000000, temporal_mean_l2=0.165517, memory_component_l2=0.064947, current_update_l2=0.528545, final_update_l2=0.444816
(0.4, 2, 2.120985)
(0.4, 3, 2.646356)
(0.4, 4, 4.64774)
(0.66, 2, 5.159621)
(0.66, 3, 5.528077)
(0.66, 4, 6.945581)
(1.0, 2, 11.424356)
Testing accuracy: 32.82
Full (1.0, 2) accuracy: 32.820000
********************************************************************************
Round  84
this epoch cost time:1.1720006465911865
this epoch choose: [37, 83, 97, 93, 81, 17, 9, 64, 47, 73]
this epoch dispatch models: [1 5 0 6 3 2 1 1 0 0]
this epoch received models: [np.int64(1), np.int64(5), np.int64(0), np.int64(6), np.int64(3), np.int64(2), np.int64(1), np.int64(1), np.int64(0), np.int64(0)]
hetero_proportion: 	4:3:3
TemporalSupport diagnostics: support_mean=0.363742, support_nonzero_ratio=1.000000, temporal_mean_l2=0.169353, memory_component_l2=0.089219, current_update_l2=0.725936, final_update_l2=0.479672
(0.4, 2, 2.120985)
(0.4, 3, 2.646356)
(0.4, 4, 4.64774)
(0.66, 2, 5.159621)
(0.66, 3, 5.528077)
(0.66, 4, 6.945581)
(1.0, 2, 11.424356)
Testing accuracy: 32.04
Full (1.0, 2) accuracy: 32.040001
********************************************************************************
Round  85
this epoch cost time:1.2350003719329834
this epoch choose: [39, 83, 86, 86, 62, 88, 73, 60, 40, 47]
this epoch dispatch models: [1 6 6 1 3 3 5 3 4 5]
this epoch received models: [np.int64(1), np.int64(6), np.int64(6), np.int64(1), np.int64(3), np.int64(3), np.int64(5), np.int64(3), np.int64(4), np.int64(5)]
hetero_proportion: 	4:3:3
TemporalSupport diagnostics: support_mean=0.581617, support_nonzero_ratio=1.000000, temporal_mean_l2=0.161034, memory_component_l2=0.058129, current_update_l2=0.475231, final_update_l2=0.403040
(0.4, 2, 2.120985)
(0.4, 3, 2.646356)
(0.4, 4, 4.64774)
(0.66, 2, 5.159621)
(0.66, 3, 5.528077)
(0.66, 4, 6.945581)
(1.0, 2, 11.424356)
Testing accuracy: 31.80
Full (1.0, 2) accuracy: 31.799999
********************************************************************************
Round  86
this epoch cost time:0.9539999961853027
this epoch choose: [56, 85, 68, 44, 39, 69, 51, 43, 93, 91]
this epoch dispatch models: [2 5 3 0 2 2 0 2 2 6]
this epoch received models: [np.int64(2), np.int64(5), np.int64(3), np.int64(0), np.int64(2), np.int64(2), np.int64(0), np.int64(2), np.int64(2), np.int64(6)]
hetero_proportion: 	4:3:3
TemporalSupport diagnostics: support_mean=0.451229, support_nonzero_ratio=1.000000, temporal_mean_l2=0.154536, memory_component_l2=0.057020, current_update_l2=0.501487, final_update_l2=0.409038
(0.4, 2, 2.120985)
(0.4, 3, 2.646356)
(0.4, 4, 4.64774)
(0.66, 2, 5.159621)
(0.66, 3, 5.528077)
(0.66, 4, 6.945581)
(1.0, 2, 11.424356)
Testing accuracy: 32.25
Full (1.0, 2) accuracy: 32.250000
********************************************************************************
Round  87
this epoch cost time:0.9439995288848877
this epoch choose: [73, 63, 14, 81, 99, 64, 48, 53, 71, 0]
this epoch dispatch models: [1 0 1 4 6 3 1 4 0 0]
this epoch received models: [np.int64(1), np.int64(0), np.int64(1), np.int64(4), np.int64(6), np.int64(3), np.int64(1), np.int64(4), np.int64(0), np.int64(0)]
hetero_proportion: 	4:3:3
TemporalSupport diagnostics: support_mean=0.358903, support_nonzero_ratio=1.000000, temporal_mean_l2=0.160991, memory_component_l2=0.091510, current_update_l2=0.853229, final_update_l2=0.479564
(0.4, 2, 2.120985)
(0.4, 3, 2.646356)
(0.4, 4, 4.64774)
(0.66, 2, 5.159621)
(0.66, 3, 5.528077)
(0.66, 4, 6.945581)
(1.0, 2, 11.424356)
Testing accuracy: 31.81
Full (1.0, 2) accuracy: 31.809999
********************************************************************************
Round  88
this epoch cost time:0.9160001277923584
this epoch choose: [35, 90, 89, 92, 94, 96, 86, 65, 52, 59]
this epoch dispatch models: [0 6 6 2 0 6 4 1 4 0]
this epoch received models: [np.int64(0), np.int64(6), np.int64(6), np.int64(2), np.int64(0), np.int64(6), np.int64(4), np.int64(1), np.int64(4), np.int64(0)]
hetero_proportion: 	4:3:3
TemporalSupport diagnostics: support_mean=0.527669, support_nonzero_ratio=1.000000, temporal_mean_l2=0.157861, memory_component_l2=0.063159, current_update_l2=0.542583, final_update_l2=0.420182
(0.4, 2, 2.120985)
(0.4, 3, 2.646356)
(0.4, 4, 4.64774)
(0.66, 2, 5.159621)
(0.66, 3, 5.528077)
(0.66, 4, 6.945581)
(1.0, 2, 11.424356)
Testing accuracy: 32.49
Full (1.0, 2) accuracy: 32.490002
********************************************************************************
Round  89
this epoch cost time:0.8249988555908203
this epoch choose: [76, 93, 73, 52, 99, 93, 91, 79, 84, 50]
this epoch dispatch models: [2 5 3 2 5 6 1 6 5 3]
this epoch received models: [np.int64(2), np.int64(5), np.int64(3), np.int64(2), np.int64(5), np.int64(6), np.int64(1), np.int64(6), np.int64(5), np.int64(3)]
hetero_proportion: 	4:3:3
TemporalSupport diagnostics: support_mean=0.561212, support_nonzero_ratio=1.000000, temporal_mean_l2=0.155345, memory_component_l2=0.047652, current_update_l2=0.483338, final_update_l2=0.420807
(0.4, 2, 2.120985)
(0.4, 3, 2.646356)
(0.4, 4, 4.64774)
(0.66, 2, 5.159621)
(0.66, 3, 5.528077)
(0.66, 4, 6.945581)
(1.0, 2, 11.424356)
Testing accuracy: 32.64
Full (1.0, 2) accuracy: 32.639999
********************************************************************************
Round  90
this epoch cost time:0.9950001239776611
this epoch choose: [57, 79, 82, 86, 76, 46, 73, 70, 86, 64]
this epoch dispatch models: [1 1 5 6 6 2 5 6 0 4]
this epoch received models: [np.int64(1), np.int64(1), np.int64(5), np.int64(6), np.int64(6), np.int64(2), np.int64(5), np.int64(6), np.int64(0), np.int64(4)]
hetero_proportion: 	4:3:3
TemporalSupport diagnostics: support_mean=0.575736, support_nonzero_ratio=1.000000, temporal_mean_l2=0.157416, memory_component_l2=0.052221, current_update_l2=0.521639, final_update_l2=0.438396
(0.4, 2, 2.120985)
(0.4, 3, 2.646356)
(0.4, 4, 4.64774)
(0.66, 2, 5.159621)
(0.66, 3, 5.528077)
(0.66, 4, 6.945581)
(1.0, 2, 11.424356)
Testing accuracy: 32.45
Full (1.0, 2) accuracy: 32.450001
********************************************************************************
Round  91
this epoch cost time:0.8140006065368652
this epoch choose: [77, 54, 51, 61, 79, 74, 93, 84, 97, 93]
this epoch dispatch models: [4 2 2 4 0 0 6 3 4 6]
this epoch received models: [np.int64(4), np.int64(2), np.int64(2), np.int64(4), np.int64(0), np.int64(0), np.int64(6), np.int64(3), np.int64(4), np.int64(6)]
hetero_proportion: 	4:3:3
TemporalSupport diagnostics: support_mean=0.451012, support_nonzero_ratio=1.000000, temporal_mean_l2=0.156962, memory_component_l2=0.069872, current_update_l2=0.582367, final_update_l2=0.453191
(0.4, 2, 2.120985)
(0.4, 3, 2.646356)
(0.4, 4, 4.64774)
(0.66, 2, 5.159621)
(0.66, 3, 5.528077)
(0.66, 4, 6.945581)
(1.0, 2, 11.424356)
Testing accuracy: 32.92
Full (1.0, 2) accuracy: 32.919998
********************************************************************************
Round  92
this epoch cost time:1.0219995975494385
this epoch choose: [44, 71, 87, 31, 81, 81, 79, 80, 2, 52]
this epoch dispatch models: [4 3 5 1 0 3 6 5 1 2]
this epoch received models: [np.int64(4), np.int64(3), np.int64(5), np.int64(1), np.int64(0), np.int64(3), np.int64(6), np.int64(5), np.int64(1), np.int64(2)]
hetero_proportion: 	4:3:3
TemporalSupport diagnostics: support_mean=0.461414, support_nonzero_ratio=1.000000, temporal_mean_l2=0.163940, memory_component_l2=0.072024, current_update_l2=0.662360, final_update_l2=0.507717
(0.4, 2, 2.120985)
(0.4, 3, 2.646356)
(0.4, 4, 4.64774)
(0.66, 2, 5.159621)
(0.66, 3, 5.528077)
(0.66, 4, 6.945581)
(1.0, 2, 11.424356)
Testing accuracy: 33.41
Full (1.0, 2) accuracy: 33.410000
********************************************************************************
Round  93
this epoch cost time:0.908001184463501
this epoch choose: [86, 90, 49, 81, 99, 99, 50, 34, 22, 94]
this epoch dispatch models: [3 6 3 1 0 4 0 1 1 6]
this epoch received models: [np.int64(3), np.int64(6), np.int64(3), np.int64(1), np.int64(0), np.int64(4), np.int64(0), np.int64(1), np.int64(1), np.int64(6)]
hetero_proportion: 	4:3:3
TemporalSupport diagnostics: support_mean=0.445107, support_nonzero_ratio=1.000000, temporal_mean_l2=0.164093, memory_component_l2=0.081882, current_update_l2=0.635479, final_update_l2=0.464560
(0.4, 2, 2.120985)
(0.4, 3, 2.646356)
(0.4, 4, 4.64774)
(0.66, 2, 5.159621)
(0.66, 3, 5.528077)
(0.66, 4, 6.945581)
(1.0, 2, 11.424356)
Testing accuracy: 33.45
Full (1.0, 2) accuracy: 33.450001
********************************************************************************
Round  94
this epoch cost time:0.7860002517700195
this epoch choose: [72, 92, 89, 78, 40, 62, 98, 33, 91, 92]
this epoch dispatch models: [6 5 3 5 5 4 4 2 5 6]
this epoch received models: [np.int64(6), np.int64(5), np.int64(3), np.int64(5), np.int64(5), np.int64(4), np.int64(4), np.int64(2), np.int64(5), np.int64(6)]
hetero_proportion: 	4:3:3
TemporalSupport diagnostics: support_mean=0.626102, support_nonzero_ratio=1.000000, temporal_mean_l2=0.149717, memory_component_l2=0.039077, current_update_l2=0.410980, final_update_l2=0.367567
(0.4, 2, 2.120985)
(0.4, 3, 2.646356)
(0.4, 4, 4.64774)
(0.66, 2, 5.159621)
(0.66, 3, 5.528077)
(0.66, 4, 6.945581)
(1.0, 2, 11.424356)
Testing accuracy: 33.12
Full (1.0, 2) accuracy: 33.119999
********************************************************************************
Round  95
this epoch cost time:1.0199995040893555
this epoch choose: [52, 87, 74, 38, 49, 69, 33, 71, 21, 69]
this epoch dispatch models: [2 2 5 2 3 4 1 3 1 5]
this epoch received models: [np.int64(2), np.int64(2), np.int64(5), np.int64(2), np.int64(3), np.int64(4), np.int64(1), np.int64(3), np.int64(1), np.int64(5)]
hetero_proportion: 	4:3:3
TemporalSupport diagnostics: support_mean=0.444437, support_nonzero_ratio=0.607963, temporal_mean_l2=0.147575, memory_component_l2=0.042388, current_update_l2=0.474268, final_update_l2=0.401504
(0.4, 2, 2.120985)
(0.4, 3, 2.646356)
(0.4, 4, 4.64774)
(0.66, 2, 5.159621)
(0.66, 3, 5.528077)
(0.66, 4, 6.945581)
(1.0, 2, 11.424356)
Testing accuracy: 33.54
Full (1.0, 2) accuracy: 33.540001
********************************************************************************
Round  96
this epoch cost time:0.7549991607666016
this epoch choose: [65, 42, 34, 72, 12, 87, 75, 67, 72, 45]
this epoch dispatch models: [1 4 1 3 0 4 0 4 6 1]
this epoch received models: [np.int64(1), np.int64(4), np.int64(1), np.int64(3), np.int64(0), np.int64(4), np.int64(0), np.int64(4), np.int64(6), np.int64(1)]
hetero_proportion: 	4:3:3
TemporalSupport diagnostics: support_mean=0.364539, support_nonzero_ratio=1.000000, temporal_mean_l2=0.156466, memory_component_l2=0.087329, current_update_l2=0.794194, final_update_l2=0.494365
(0.4, 2, 2.120985)
(0.4, 3, 2.646356)
(0.4, 4, 4.64774)
(0.66, 2, 5.159621)
(0.66, 3, 5.528077)
(0.66, 4, 6.945581)
(1.0, 2, 11.424356)
Testing accuracy: 33.56
Full (1.0, 2) accuracy: 33.560001
********************************************************************************
Round  97
this epoch cost time:0.869999885559082
this epoch choose: [8, 84, 56, 41, 50, 86, 90, 20, 88, 45]
this epoch dispatch models: [2 0 2 4 4 6 1 0 1 4]
this epoch received models: [np.int64(2), np.int64(0), np.int64(2), np.int64(4), np.int64(4), np.int64(6), np.int64(1), np.int64(0), np.int64(1), np.int64(4)]
hetero_proportion: 	4:3:3
TemporalSupport diagnostics: support_mean=0.413173, support_nonzero_ratio=1.000000, temporal_mean_l2=0.153823, memory_component_l2=0.068666, current_update_l2=0.582995, final_update_l2=0.437417
(0.4, 2, 2.120985)
(0.4, 3, 2.646356)
(0.4, 4, 4.64774)
(0.66, 2, 5.159621)
(0.66, 3, 5.528077)
(0.66, 4, 6.945581)
(1.0, 2, 11.424356)
Testing accuracy: 33.91
Full (1.0, 2) accuracy: 33.910000
********************************************************************************
Round  98
this epoch cost time:0.9139995574951172
this epoch choose: [51, 80, 92, 35, 77, 59, 26, 67, 26, 77]
this epoch dispatch models: [1 3 6 0 2 5 1 1 1 6]
this epoch received models: [np.int64(1), np.int64(3), np.int64(6), np.int64(0), np.int64(2), np.int64(5), np.int64(1), np.int64(1), np.int64(1), np.int64(6)]
hetero_proportion: 	4:3:3
TemporalSupport diagnostics: support_mean=0.457373, support_nonzero_ratio=1.000000, temporal_mean_l2=0.161301, memory_component_l2=0.070200, current_update_l2=0.674200, final_update_l2=0.499251
(0.4, 2, 2.120985)
(0.4, 3, 2.646356)
(0.4, 4, 4.64774)
(0.66, 2, 5.159621)
(0.66, 3, 5.528077)
(0.66, 4, 6.945581)
(1.0, 2, 11.424356)
Testing accuracy: 34.23
Full (1.0, 2) accuracy: 34.230000
********************************************************************************
Round  99
this epoch cost time:0.9130043983459473
this epoch choose: [42, 57, 8, 9, 84, 93, 66, 82, 47, 69]
this epoch dispatch models: [2 4 0 2 5 5 0 4 2 3]
this epoch received models: [np.int64(2), np.int64(4), np.int64(0), np.int64(2), np.int64(5), np.int64(5), np.int64(0), np.int64(4), np.int64(2), np.int64(3)]
hetero_proportion: 	4:3:3
TemporalSupport diagnostics: support_mean=0.412651, support_nonzero_ratio=0.607963, temporal_mean_l2=0.158097, memory_component_l2=0.053017, current_update_l2=0.539864, final_update_l2=0.439048
(0.4, 2, 2.120985)
(0.4, 3, 2.646356)
(0.4, 4, 4.64774)
(0.66, 2, 5.159621)
(0.66, 3, 5.528077)
(0.66, 4, 6.945581)
(1.0, 2, 11.424356)
Testing accuracy: 33.84
Full (1.0, 2) accuracy: 33.840000
********************************************************************************
Round 100
this epoch cost time:0.9449989795684814
this epoch choose: [65, 75, 93, 6, 50, 38, 81, 93, 91, 71]
this epoch dispatch models: [2 5 6 0 4 2 3 6 1 0]
this epoch received models: [np.int64(2), np.int64(5), np.int64(6), np.int64(0), np.int64(4), np.int64(2), np.int64(3), np.int64(6), np.int64(1), np.int64(0)]
hetero_proportion: 	4:3:3
TemporalSupport diagnostics: support_mean=0.451373, support_nonzero_ratio=1.000000, temporal_mean_l2=0.152094, memory_component_l2=0.061830, current_update_l2=0.502411, final_update_l2=0.398448
(0.4, 2, 2.120985)
(0.4, 3, 2.646356)
(0.4, 4, 4.64774)
(0.66, 2, 5.159621)
(0.66, 3, 5.528077)
(0.66, 4, 6.945581)
(1.0, 2, 11.424356)
Testing accuracy: 33.85
Full (1.0, 2) accuracy: 33.849998
********************************************************************************
Round 101
this epoch cost time:0.9359993934631348
this epoch choose: [78, 62, 78, 94, 29, 50, 71, 65, 22, 70]
this epoch dispatch models: [6 5 0 2 2 2 0 3 1 5]
this epoch received models: [np.int64(6), np.int64(5), np.int64(0), np.int64(2), np.int64(2), np.int64(2), np.int64(0), np.int64(3), np.int64(1), np.int64(5)]
hetero_proportion: 	4:3:3
TemporalSupport diagnostics: support_mean=0.445635, support_nonzero_ratio=1.000000, temporal_mean_l2=0.159224, memory_component_l2=0.057483, current_update_l2=0.598847, final_update_l2=0.471575
(0.4, 2, 2.120985)
(0.4, 3, 2.646356)
(0.4, 4, 4.64774)
(0.66, 2, 5.159621)
(0.66, 3, 5.528077)
(0.66, 4, 6.945581)
(1.0, 2, 11.424356)
Testing accuracy: 34.19
Full (1.0, 2) accuracy: 34.189999
********************************************************************************
Round 102
this epoch cost time:1.0680005550384521
this epoch choose: [33, 78, 80, 85, 77, 33, 78, 90, 31, 94]
this epoch dispatch models: [1 1 6 3 6 2 1 1 2 5]
this epoch received models: [np.int64(1), np.int64(1), np.int64(6), np.int64(3), np.int64(6), np.int64(2), np.int64(1), np.int64(1), np.int64(2), np.int64(5)]
hetero_proportion: 	4:3:3
TemporalSupport diagnostics: support_mean=0.507759, support_nonzero_ratio=1.000000, temporal_mean_l2=0.162699, memory_component_l2=0.064001, current_update_l2=0.555665, final_update_l2=0.448308
(0.4, 2, 2.120985)
(0.4, 3, 2.646356)
(0.4, 4, 4.64774)
(0.66, 2, 5.159621)
(0.66, 3, 5.528077)
(0.66, 4, 6.945581)
(1.0, 2, 11.424356)
Testing accuracy: 33.89
Full (1.0, 2) accuracy: 33.889999
********************************************************************************
Round 103
this epoch cost time:0.8099997043609619
this epoch choose: [82, 3, 97, 97, 95, 79, 65, 60, 99, 67]
this epoch dispatch models: [5 2 6 4 3 1 4 5 3 3]
this epoch received models: [np.int64(5), np.int64(2), np.int64(6), np.int64(4), np.int64(3), np.int64(1), np.int64(4), np.int64(5), np.int64(3), np.int64(3)]
hetero_proportion: 	4:3:3
TemporalSupport diagnostics: support_mean=0.517430, support_nonzero_ratio=1.000000, temporal_mean_l2=0.160842, memory_component_l2=0.066565, current_update_l2=0.578934, final_update_l2=0.451972
(0.4, 2, 2.120985)
(0.4, 3, 2.646356)
(0.4, 4, 4.64774)
(0.66, 2, 5.159621)
(0.66, 3, 5.528077)
(0.66, 4, 6.945581)
(1.0, 2, 11.424356)
Testing accuracy: 34.41
Full (1.0, 2) accuracy: 34.410000
********************************************************************************
Round 104
this epoch cost time:0.9010000228881836
this epoch choose: [99, 88, 31, 34, 24, 44, 90, 93, 50, 97]
this epoch dispatch models: [5 5 0 2 1 4 6 1 4 6]
this epoch received models: [np.int64(5), np.int64(5), np.int64(0), np.int64(2), np.int64(1), np.int64(4), np.int64(6), np.int64(1), np.int64(4), np.int64(6)]
hetero_proportion: 	4:3:3
TemporalSupport diagnostics: support_mean=0.554924, support_nonzero_ratio=1.000000, temporal_mean_l2=0.148034, memory_component_l2=0.048988, current_update_l2=0.412005, final_update_l2=0.358726
(0.4, 2, 2.120985)
(0.4, 3, 2.646356)
(0.4, 4, 4.64774)
(0.66, 2, 5.159621)
(0.66, 3, 5.528077)
(0.66, 4, 6.945581)
(1.0, 2, 11.424356)
Testing accuracy: 34.14
Full (1.0, 2) accuracy: 34.139999
********************************************************************************
Round 105
this epoch cost time:1.0159997940063477
this epoch choose: [74, 68, 77, 93, 18, 78, 33, 69, 73, 75]
this epoch dispatch models: [1 3 3 2 0 4 0 5 4 6]
this epoch received models: [np.int64(1), np.int64(3), np.int64(3), np.int64(2), np.int64(0), np.int64(4), np.int64(0), np.int64(5), np.int64(4), np.int64(6)]
hetero_proportion: 	4:3:3
TemporalSupport diagnostics: support_mean=0.472481, support_nonzero_ratio=1.000000, temporal_mean_l2=0.141102, memory_component_l2=0.062972, current_update_l2=0.474001, final_update_l2=0.385605
(0.4, 2, 2.120985)
(0.4, 3, 2.646356)
(0.4, 4, 4.64774)
(0.66, 2, 5.159621)
(0.66, 3, 5.528077)
(0.66, 4, 6.945581)
(1.0, 2, 11.424356)
Testing accuracy: 33.81
Full (1.0, 2) accuracy: 33.810001
********************************************************************************
Round 106
this epoch cost time:0.740999698638916
this epoch choose: [17, 89, 17, 97, 91, 56, 46, 39, 96, 65]
this epoch dispatch models: [1 3 0 5 2 0 1 2 2 5]
this epoch received models: [np.int64(1), np.int64(3), np.int64(0), np.int64(5), np.int64(2), np.int64(0), np.int64(1), np.int64(2), np.int64(2), np.int64(5)]
hetero_proportion: 	4:3:3
TemporalSupport diagnostics: support_mean=0.364846, support_nonzero_ratio=0.607963, temporal_mean_l2=0.138403, memory_component_l2=0.048303, current_update_l2=0.478021, final_update_l2=0.402051
(0.4, 2, 2.120985)
(0.4, 3, 2.646356)
(0.4, 4, 4.64774)
(0.66, 2, 5.159621)
(0.66, 3, 5.528077)
(0.66, 4, 6.945581)
(1.0, 2, 11.424356)
Testing accuracy: 33.85
Full (1.0, 2) accuracy: 33.849998
********************************************************************************
Round 107
this epoch cost time:1.0530004501342773
this epoch choose: [30, 73, 85, 53, 85, 87, 39, 44, 13, 54]
this epoch dispatch models: [2 6 5 3 5 1 2 5 2 5]
this epoch received models: [np.int64(2), np.int64(6), np.int64(5), np.int64(3), np.int64(5), np.int64(1), np.int64(2), np.int64(5), np.int64(2), np.int64(5)]
hetero_proportion: 	4:3:3
TemporalSupport diagnostics: support_mean=0.540548, support_nonzero_ratio=1.000000, temporal_mean_l2=0.142172, memory_component_l2=0.038184, current_update_l2=0.486832, final_update_l2=0.441106
(0.4, 2, 2.120985)
(0.4, 3, 2.646356)
(0.4, 4, 4.64774)
(0.66, 2, 5.159621)
(0.66, 3, 5.528077)
(0.66, 4, 6.945581)
(1.0, 2, 11.424356)
Testing accuracy: 34.26
Full (1.0, 2) accuracy: 34.259998
********************************************************************************
Round 108
this epoch cost time:0.9679989814758301
this epoch choose: [65, 60, 63, 99, 73, 23, 42, 7, 76, 2]
this epoch dispatch models: [5 4 1 6 6 1 5 0 1 0]
this epoch received models: [np.int64(5), np.int64(4), np.int64(1), np.int64(6), np.int64(6), np.int64(1), np.int64(5), np.int64(0), np.int64(1), np.int64(0)]
hetero_proportion: 	4:3:3
TemporalSupport diagnostics: support_mean=0.462061, support_nonzero_ratio=1.000000, temporal_mean_l2=0.140670, memory_component_l2=0.060639, current_update_l2=0.514524, final_update_l2=0.422243
(0.4, 2, 2.120985)
(0.4, 3, 2.646356)
(0.4, 4, 4.64774)
(0.66, 2, 5.159621)
(0.66, 3, 5.528077)
(0.66, 4, 6.945581)
(1.0, 2, 11.424356)
Testing accuracy: 33.58
Full (1.0, 2) accuracy: 33.580002
********************************************************************************
Round 109
this epoch cost time:0.8319997787475586
this epoch choose: [96, 76, 87, 71, 63, 90, 73, 92, 96, 89]
this epoch dispatch models: [1 6 2 6 1 0 3 0 5 6]
this epoch received models: [np.int64(1), np.int64(6), np.int64(2), np.int64(6), np.int64(1), np.int64(0), np.int64(3), np.int64(0), np.int64(5), np.int64(6)]
hetero_proportion: 	4:3:3
TemporalSupport diagnostics: support_mean=0.513374, support_nonzero_ratio=1.000000, temporal_mean_l2=0.143810, memory_component_l2=0.056925, current_update_l2=0.518007, final_update_l2=0.412871
(0.4, 2, 2.120985)
(0.4, 3, 2.646356)
(0.4, 4, 4.64774)
(0.66, 2, 5.159621)
(0.66, 3, 5.528077)
(0.66, 4, 6.945581)
(1.0, 2, 11.424356)
Testing accuracy: 33.81
Full (1.0, 2) accuracy: 33.810001
********************************************************************************
Round 110
this epoch cost time:0.7830002307891846
this epoch choose: [56, 43, 84, 93, 35, 47, 79, 84, 22, 12]
this epoch dispatch models: [0 0 2 3 1 3 5 3 2 2]
this epoch received models: [np.int64(0), np.int64(0), np.int64(2), np.int64(3), np.int64(1), np.int64(3), np.int64(5), np.int64(3), np.int64(2), np.int64(2)]
hetero_proportion: 	4:3:3
TemporalSupport diagnostics: support_mean=0.371877, support_nonzero_ratio=0.607963, temporal_mean_l2=0.146249, memory_component_l2=0.054305, current_update_l2=0.596567, final_update_l2=0.445078
(0.4, 2, 2.120985)
(0.4, 3, 2.646356)
(0.4, 4, 4.64774)
(0.66, 2, 5.159621)
(0.66, 3, 5.528077)
(0.66, 4, 6.945581)
(1.0, 2, 11.424356)
Testing accuracy: 34.04
Full (1.0, 2) accuracy: 34.040001
********************************************************************************
Round 111
this epoch cost time:0.8860001564025879
this epoch choose: [54, 51, 54, 71, 57, 48, 88, 50, 29, 55]
this epoch dispatch models: [5 1 3 3 2 2 3 5 2 3]
this epoch received models: [np.int64(5), np.int64(1), np.int64(3), np.int64(3), np.int64(2), np.int64(2), np.int64(3), np.int64(5), np.int64(2), np.int64(3)]
hetero_proportion: 	4:3:3
TemporalSupport diagnostics: support_mean=0.440315, support_nonzero_ratio=0.607963, temporal_mean_l2=0.150499, memory_component_l2=0.045560, current_update_l2=0.562222, final_update_l2=0.463356
(0.4, 2, 2.120985)
(0.4, 3, 2.646356)
(0.4, 4, 4.64774)
(0.66, 2, 5.159621)
(0.66, 3, 5.528077)
(0.66, 4, 6.945581)
(1.0, 2, 11.424356)
Testing accuracy: 34.93
Full (1.0, 2) accuracy: 34.930000
********************************************************************************
Round 112
this epoch cost time:0.8799993991851807
this epoch choose: [92, 58, 84, 70, 77, 64, 53, 57, 91, 33]
this epoch dispatch models: [3 3 6 1 5 3 4 0 1 0]
this epoch received models: [np.int64(3), np.int64(3), np.int64(6), np.int64(1), np.int64(5), np.int64(3), np.int64(4), np.int64(0), np.int64(1), np.int64(0)]
hetero_proportion: 	4:3:3
TemporalSupport diagnostics: support_mean=0.411843, support_nonzero_ratio=1.000000, temporal_mean_l2=0.149014, memory_component_l2=0.077231, current_update_l2=0.566967, final_update_l2=0.434693
(0.4, 2, 2.120985)
(0.4, 3, 2.646356)
(0.4, 4, 4.64774)
(0.66, 2, 5.159621)
(0.66, 3, 5.528077)
(0.66, 4, 6.945581)
(1.0, 2, 11.424356)
Testing accuracy: 33.99
Full (1.0, 2) accuracy: 33.990002
********************************************************************************
Round 113
this epoch cost time:1.0770013332366943
this epoch choose: [80, 71, 88, 47, 27, 45, 42, 40, 0, 94]
this epoch dispatch models: [6 4 6 4 1 5 4 3 2 3]
this epoch received models: [np.int64(6), np.int64(4), np.int64(6), np.int64(4), np.int64(1), np.int64(5), np.int64(4), np.int64(3), np.int64(2), np.int64(3)]
hetero_proportion: 	4:3:3
TemporalSupport diagnostics: support_mean=0.577320, support_nonzero_ratio=1.000000, temporal_mean_l2=0.150105, memory_component_l2=0.053328, current_update_l2=0.526747, final_update_l2=0.435384
(0.4, 2, 2.120985)
(0.4, 3, 2.646356)
(0.4, 4, 4.64774)
(0.66, 2, 5.159621)
(0.66, 3, 5.528077)
(0.66, 4, 6.945581)
(1.0, 2, 11.424356)
Testing accuracy: 34.68
Full (1.0, 2) accuracy: 34.680000
********************************************************************************
Round 114
this epoch cost time:0.8060004711151123
this epoch choose: [61, 40, 98, 64, 74, 58, 25, 65, 20, 97]
this epoch dispatch models: [2 0 6 3 2 4 0 5 1 2]
this epoch received models: [np.int64(2), np.int64(0), np.int64(6), np.int64(3), np.int64(2), np.int64(4), np.int64(0), np.int64(5), np.int64(1), np.int64(2)]
hetero_proportion: 	4:3:3
TemporalSupport diagnostics: support_mean=0.421972, support_nonzero_ratio=1.000000, temporal_mean_l2=0.147888, memory_component_l2=0.065301, current_update_l2=0.546846, final_update_l2=0.401209
(0.4, 2, 2.120985)
(0.4, 3, 2.646356)
(0.4, 4, 4.64774)
(0.66, 2, 5.159621)
(0.66, 3, 5.528077)
(0.66, 4, 6.945581)
(1.0, 2, 11.424356)
Testing accuracy: 34.58
Full (1.0, 2) accuracy: 34.580002
********************************************************************************
Round 115
this epoch cost time:0.9580061435699463
this epoch choose: [81, 19, 90, 98, 3, 1, 64, 49, 96, 85]
this epoch dispatch models: [4 1 4 5 2 1 4 3 3 1]
this epoch received models: [np.int64(4), np.int64(1), np.int64(4), np.int64(5), np.int64(2), np.int64(1), np.int64(4), np.int64(3), np.int64(3), np.int64(1)]
hetero_proportion: 	4:3:3
TemporalSupport diagnostics: support_mean=0.409403, support_nonzero_ratio=0.607963, temporal_mean_l2=0.151016, memory_component_l2=0.062180, current_update_l2=0.646227, final_update_l2=0.447625
(0.4, 2, 2.120985)
(0.4, 3, 2.646356)
(0.4, 4, 4.64774)
(0.66, 2, 5.159621)
(0.66, 3, 5.528077)
(0.66, 4, 6.945581)
(1.0, 2, 11.424356)
Testing accuracy: 34.09
Full (1.0, 2) accuracy: 34.090000
********************************************************************************
Round 116
this epoch cost time:1.000000238418579
this epoch choose: [74, 43, 72, 82, 56, 16, 10, 84, 83, 38]
this epoch dispatch models: [5 5 2 6 5 1 1 6 1 2]
this epoch received models: [np.int64(5), np.int64(5), np.int64(2), np.int64(6), np.int64(5), np.int64(1), np.int64(1), np.int64(6), np.int64(1), np.int64(2)]
hetero_proportion: 	4:3:3
TemporalSupport diagnostics: support_mean=0.514051, support_nonzero_ratio=1.000000, temporal_mean_l2=0.144454, memory_component_l2=0.049031, current_update_l2=0.462415, final_update_l2=0.415600
(0.4, 2, 2.120985)
(0.4, 3, 2.646356)
(0.4, 4, 4.64774)
(0.66, 2, 5.159621)
(0.66, 3, 5.528077)
(0.66, 4, 6.945581)
(1.0, 2, 11.424356)
Testing accuracy: 34.82
Full (1.0, 2) accuracy: 34.820000
********************************************************************************
Round 117
this epoch cost time:0.8610000610351562
this epoch choose: [98, 40, 4, 74, 43, 73, 93, 48, 5, 35]
this epoch dispatch models: [6 5 0 5 4 4 3 3 2 0]
this epoch received models: [np.int64(6), np.int64(5), np.int64(0), np.int64(5), np.int64(4), np.int64(4), np.int64(3), np.int64(3), np.int64(2), np.int64(0)]
hetero_proportion: 	4:3:3
TemporalSupport diagnostics: support_mean=0.483151, support_nonzero_ratio=1.000000, temporal_mean_l2=0.145400, memory_component_l2=0.060260, current_update_l2=0.512301, final_update_l2=0.416326
(0.4, 2, 2.120985)
(0.4, 3, 2.646356)
(0.4, 4, 4.64774)
(0.66, 2, 5.159621)
(0.66, 3, 5.528077)
(0.66, 4, 6.945581)
(1.0, 2, 11.424356)
Testing accuracy: 34.34
Full (1.0, 2) accuracy: 34.340000
********************************************************************************
Round 118
this epoch cost time:0.9329991340637207
this epoch choose: [89, 15, 67, 45, 24, 3, 63, 80, 48, 87]
this epoch dispatch models: [5 2 4 4 1 2 2 3 5 5]
this epoch received models: [np.int64(5), np.int64(2), np.int64(4), np.int64(4), np.int64(1), np.int64(2), np.int64(2), np.int64(3), np.int64(5), np.int64(5)]
hetero_proportion: 	4:3:3
TemporalSupport diagnostics: support_mean=0.463206, support_nonzero_ratio=0.607963, temporal_mean_l2=0.147659, memory_component_l2=0.035120, current_update_l2=0.489553, final_update_l2=0.431479
(0.4, 2, 2.120985)
(0.4, 3, 2.646356)
(0.4, 4, 4.64774)
(0.66, 2, 5.159621)
(0.66, 3, 5.528077)
(0.66, 4, 6.945581)
(1.0, 2, 11.424356)
Testing accuracy: 35.09
Full (1.0, 2) accuracy: 35.090000
********************************************************************************
Round 119
this epoch cost time:0.9570009708404541
this epoch choose: [35, 91, 92, 94, 52, 82, 68, 49, 42, 80]
this epoch dispatch models: [1 6 4 3 3 5 4 1 0 2]
this epoch received models: [np.int64(1), np.int64(6), np.int64(4), np.int64(3), np.int64(3), np.int64(5), np.int64(4), np.int64(1), np.int64(0), np.int64(2)]
hetero_proportion: 	4:3:3
TemporalSupport diagnostics: support_mean=0.449874, support_nonzero_ratio=1.000000, temporal_mean_l2=0.141808, memory_component_l2=0.062057, current_update_l2=0.481747, final_update_l2=0.396377
(0.4, 2, 2.120985)
(0.4, 3, 2.646356)
(0.4, 4, 4.64774)
(0.66, 2, 5.159621)
(0.66, 3, 5.528077)
(0.66, 4, 6.945581)
(1.0, 2, 11.424356)
Testing accuracy: 34.68
Full (1.0, 2) accuracy: 34.680000
********************************************************************************
Round 120
this epoch cost time:0.9109992980957031
this epoch choose: [34, 56, 82, 80, 55, 31, 43, 88, 75, 51]
this epoch dispatch models: [0 3 2 3 5 1 3 6 2 3]
this epoch received models: [np.int64(0), np.int64(3), np.int64(2), np.int64(3), np.int64(5), np.int64(1), np.int64(3), np.int64(6), np.int64(2), np.int64(3)]
hetero_proportion: 	4:3:3
TemporalSupport diagnostics: support_mean=0.464352, support_nonzero_ratio=1.000000, temporal_mean_l2=0.143400, memory_component_l2=0.062268, current_update_l2=0.549093, final_update_l2=0.419072
(0.4, 2, 2.120985)
(0.4, 3, 2.646356)
(0.4, 4, 4.64774)
(0.66, 2, 5.159621)
(0.66, 3, 5.528077)
(0.66, 4, 6.945581)
(1.0, 2, 11.424356)
Testing accuracy: 34.36
Full (1.0, 2) accuracy: 34.360001
********************************************************************************
Round 121
this epoch cost time:0.9080004692077637
this epoch choose: [44, 54, 78, 89, 71, 90, 86, 7, 45, 75]
this epoch dispatch models: [0 0 4 0 2 6 6 2 0 3]
this epoch received models: [np.int64(0), np.int64(0), np.int64(4), np.int64(0), np.int64(2), np.int64(6), np.int64(6), np.int64(2), np.int64(0), np.int64(3)]
hetero_proportion: 	4:3:3
TemporalSupport diagnostics: support_mean=0.470034, support_nonzero_ratio=1.000000, temporal_mean_l2=0.141946, memory_component_l2=0.063030, current_update_l2=0.540516, final_update_l2=0.406205
(0.4, 2, 2.120985)
(0.4, 3, 2.646356)
(0.4, 4, 4.64774)
(0.66, 2, 5.159621)
(0.66, 3, 5.528077)
(0.66, 4, 6.945581)
(1.0, 2, 11.424356)
Testing accuracy: 34.65
Full (1.0, 2) accuracy: 34.650002
********************************************************************************
Round 122
this epoch cost time:1.2330002784729004
this epoch choose: [83, 68, 52, 85, 68, 83, 99, 82, 8, 85]
this epoch dispatch models: [6 2 3 4 1 6 6 3 2 4]
this epoch received models: [np.int64(6), np.int64(2), np.int64(3), np.int64(4), np.int64(1), np.int64(6), np.int64(6), np.int64(3), np.int64(2), np.int64(4)]
hetero_proportion: 	4:3:3
TemporalSupport diagnostics: support_mean=0.623843, support_nonzero_ratio=1.000000, temporal_mean_l2=0.151886, memory_component_l2=0.049264, current_update_l2=0.540960, final_update_l2=0.465689
(0.4, 2, 2.120985)
(0.4, 3, 2.646356)
(0.4, 4, 4.64774)
(0.66, 2, 5.159621)
(0.66, 3, 5.528077)
(0.66, 4, 6.945581)
(1.0, 2, 11.424356)
Testing accuracy: 33.62
Full (1.0, 2) accuracy: 33.619999
********************************************************************************
Round 123
this epoch cost time:0.9940001964569092
this epoch choose: [34, 95, 79, 92, 88, 44, 32, 75, 12, 49]
this epoch dispatch models: [1 2 3 1 5 5 2 6 1 4]
this epoch received models: [np.int64(1), np.int64(2), np.int64(3), np.int64(1), np.int64(5), np.int64(5), np.int64(2), np.int64(6), np.int64(1), np.int64(4)]
hetero_proportion: 	4:3:3
TemporalSupport diagnostics: support_mean=0.475587, support_nonzero_ratio=1.000000, temporal_mean_l2=0.144745, memory_component_l2=0.060277, current_update_l2=0.473612, final_update_l2=0.403225
(0.4, 2, 2.120985)
(0.4, 3, 2.646356)
(0.4, 4, 4.64774)
(0.66, 2, 5.159621)
(0.66, 3, 5.528077)
(0.66, 4, 6.945581)
(1.0, 2, 11.424356)
Testing accuracy: 34.40
Full (1.0, 2) accuracy: 34.400002
********************************************************************************
Round 124
this epoch cost time:0.9129989147186279
this epoch choose: [71, 98, 26, 94, 54, 5, 43, 80, 45, 99]
this epoch dispatch models: [6 3 0 5 2 2 5 3 5 6]
this epoch received models: [np.int64(6), np.int64(3), np.int64(0), np.int64(5), np.int64(2), np.int64(2), np.int64(5), np.int64(3), np.int64(5), np.int64(6)]
hetero_proportion: 	4:3:3
TemporalSupport diagnostics: support_mean=0.569293, support_nonzero_ratio=1.000000, temporal_mean_l2=0.132237, memory_component_l2=0.042477, current_update_l2=0.355260, final_update_l2=0.311765
(0.4, 2, 2.120985)
(0.4, 3, 2.646356)
(0.4, 4, 4.64774)
(0.66, 2, 5.159621)
(0.66, 3, 5.528077)
(0.66, 4, 6.945581)
(1.0, 2, 11.424356)
Testing accuracy: 33.93
Full (1.0, 2) accuracy: 33.930000
********************************************************************************
Round 125
this epoch cost time:0.8779995441436768
this epoch choose: [92, 72, 70, 72, 47, 12, 40, 42, 48, 68]
this epoch dispatch models: [4 3 4 5 1 2 2 4 3 0]
this epoch received models: [np.int64(4), np.int64(3), np.int64(4), np.int64(5), np.int64(1), np.int64(2), np.int64(2), np.int64(4), np.int64(3), np.int64(0)]
hetero_proportion: 	4:3:3
TemporalSupport diagnostics: support_mean=0.415700, support_nonzero_ratio=0.607963, temporal_mean_l2=0.137717, memory_component_l2=0.050187, current_update_l2=0.559963, final_update_l2=0.438681
(0.4, 2, 2.120985)
(0.4, 3, 2.646356)
(0.4, 4, 4.64774)
(0.66, 2, 5.159621)
(0.66, 3, 5.528077)
(0.66, 4, 6.945581)
(1.0, 2, 11.424356)
Testing accuracy: 33.82
Full (1.0, 2) accuracy: 33.820000
********************************************************************************
Round 126
this epoch cost time:0.8749980926513672
this epoch choose: [4, 68, 85, 48, 97, 65, 97, 85, 57, 41]
this epoch dispatch models: [2 5 2 3 3 4 2 5 2 4]
this epoch received models: [np.int64(2), np.int64(5), np.int64(2), np.int64(3), np.int64(3), np.int64(4), np.int64(2), np.int64(5), np.int64(2), np.int64(4)]
hetero_proportion: 	4:3:3
TemporalSupport diagnostics: support_mean=0.471661, support_nonzero_ratio=0.607963, temporal_mean_l2=0.129567, memory_component_l2=0.028818, current_update_l2=0.360253, final_update_l2=0.320580
(0.4, 2, 2.120985)
(0.4, 3, 2.646356)
(0.4, 4, 4.64774)
(0.66, 2, 5.159621)
(0.66, 3, 5.528077)
(0.66, 4, 6.945581)
(1.0, 2, 11.424356)
Testing accuracy: 33.59
Full (1.0, 2) accuracy: 33.590000
********************************************************************************
Round 127
this epoch cost time:0.8710031509399414
this epoch choose: [94, 86, 57, 11, 32, 95, 41, 45, 38, 71]
this epoch dispatch models: [2 6 4 2 0 6 0 5 2 6]
this epoch received models: [np.int64(2), np.int64(6), np.int64(4), np.int64(2), np.int64(0), np.int64(6), np.int64(0), np.int64(5), np.int64(2), np.int64(6)]
hetero_proportion: 	4:3:3
TemporalSupport diagnostics: support_mean=0.564316, support_nonzero_ratio=1.000000, temporal_mean_l2=0.124690, memory_component_l2=0.037835, current_update_l2=0.389551, final_update_l2=0.344413
(0.4, 2, 2.120985)
(0.4, 3, 2.646356)
(0.4, 4, 4.64774)
(0.66, 2, 5.159621)
(0.66, 3, 5.528077)
(0.66, 4, 6.945581)
(1.0, 2, 11.424356)
Testing accuracy: 34.18
Full (1.0, 2) accuracy: 34.180000
********************************************************************************
Round 128
this epoch cost time:0.9389996528625488
this epoch choose: [95, 64, 7, 86, 56, 60, 87, 48, 33, 48]
this epoch dispatch models: [4 3 0 4 3 4 4 5 1 0]
this epoch received models: [np.int64(4), np.int64(3), np.int64(0), np.int64(4), np.int64(3), np.int64(4), np.int64(4), np.int64(5), np.int64(1), np.int64(0)]
hetero_proportion: 	4:3:3
TemporalSupport diagnostics: support_mean=0.405277, support_nonzero_ratio=0.607963, temporal_mean_l2=0.128309, memory_component_l2=0.055659, current_update_l2=0.553985, final_update_l2=0.404076
(0.4, 2, 2.120985)
(0.4, 3, 2.646356)
(0.4, 4, 4.64774)
(0.66, 2, 5.159621)
(0.66, 3, 5.528077)
(0.66, 4, 6.945581)
(1.0, 2, 11.424356)
Testing accuracy: 33.41
Full (1.0, 2) accuracy: 33.410000
********************************************************************************
Round 129
this epoch cost time:0.8679919242858887
this epoch choose: [91, 47, 94, 91, 59, 12, 67, 31, 64, 75]
this epoch dispatch models: [3 5 3 6 5 2 3 0 1 4]
this epoch received models: [np.int64(3), np.int64(5), np.int64(3), np.int64(6), np.int64(5), np.int64(2), np.int64(3), np.int64(0), np.int64(1), np.int64(4)]
hetero_proportion: 	4:3:3
TemporalSupport diagnostics: support_mean=0.499841, support_nonzero_ratio=1.000000, temporal_mean_l2=0.134687, memory_component_l2=0.052782, current_update_l2=0.565289, final_update_l2=0.446611
(0.4, 2, 2.120985)
(0.4, 3, 2.646356)
(0.4, 4, 4.64774)
(0.66, 2, 5.159621)
(0.66, 3, 5.528077)
(0.66, 4, 6.945581)
(1.0, 2, 11.424356)
Testing accuracy: 33.99
Full (1.0, 2) accuracy: 33.990002
********************************************************************************
Round 130
this epoch cost time:0.8750078678131104
this epoch choose: [53, 61, 43, 72, 50, 97, 77, 85, 46, 16]
this epoch dispatch models: [4 5 0 3 1 5 4 6 4 1]
this epoch received models: [np.int64(4), np.int64(5), np.int64(0), np.int64(3), np.int64(1), np.int64(5), np.int64(4), np.int64(6), np.int64(4), np.int64(1)]
hetero_proportion: 	4:3:3
TemporalSupport diagnostics: support_mean=0.487453, support_nonzero_ratio=1.000000, temporal_mean_l2=0.131454, memory_component_l2=0.053303, current_update_l2=0.493606, final_update_l2=0.398156
(0.4, 2, 2.120985)
(0.4, 3, 2.646356)
(0.4, 4, 4.64774)
(0.66, 2, 5.159621)
(0.66, 3, 5.528077)
(0.66, 4, 6.945581)
(1.0, 2, 11.424356)
Testing accuracy: 33.99
Full (1.0, 2) accuracy: 33.990002
********************************************************************************
Round 131
this epoch cost time:0.9059984683990479
this epoch choose: [90, 57, 73, 87, 86, 94, 93, 77, 84, 73]
this epoch dispatch models: [6 1 3 6 4 3 3 4 5 4]
this epoch received models: [np.int64(6), np.int64(1), np.int64(3), np.int64(6), np.int64(4), np.int64(3), np.int64(3), np.int64(4), np.int64(5), np.int64(4)]
hetero_proportion: 	4:3:3
TemporalSupport diagnostics: support_mean=0.556993, support_nonzero_ratio=1.000000, temporal_mean_l2=0.120416, memory_component_l2=0.046472, current_update_l2=0.330856, final_update_l2=0.282041
(0.4, 2, 2.120985)
(0.4, 3, 2.646356)
(0.4, 4, 4.64774)
(0.66, 2, 5.159621)
(0.66, 3, 5.528077)
(0.66, 4, 6.945581)
(1.0, 2, 11.424356)
Testing accuracy: 33.00
Full (1.0, 2) accuracy: 33.000000
********************************************************************************
Round 132
this epoch cost time:0.8090000152587891
this epoch choose: [68, 3, 97, 93, 58, 87, 50, 52, 47, 82]
this epoch dispatch models: [0 2 3 4 3 4 4 4 2 6]
this epoch received models: [np.int64(0), np.int64(2), np.int64(3), np.int64(4), np.int64(3), np.int64(4), np.int64(4), np.int64(4), np.int64(2), np.int64(6)]
hetero_proportion: 	4:3:3
TemporalSupport diagnostics: support_mean=0.476074, support_nonzero_ratio=1.000000, temporal_mean_l2=0.121535, memory_component_l2=0.049129, current_update_l2=0.472495, final_update_l2=0.372715
(0.4, 2, 2.120985)
(0.4, 3, 2.646356)
(0.4, 4, 4.64774)
(0.66, 2, 5.159621)
(0.66, 3, 5.528077)
(0.66, 4, 6.945581)
(1.0, 2, 11.424356)
Testing accuracy: 33.77
Full (1.0, 2) accuracy: 33.770000
********************************************************************************
Round 133
this epoch cost time:1.0689985752105713
this epoch choose: [73, 41, 46, 52, 81, 16, 76, 8, 71, 59]
this epoch dispatch models: [3 0 4 2 6 2 4 1 6 3]
this epoch received models: [np.int64(3), np.int64(0), np.int64(4), np.int64(2), np.int64(6), np.int64(2), np.int64(4), np.int64(1), np.int64(6), np.int64(3)]
hetero_proportion: 	4:3:3
TemporalSupport diagnostics: support_mean=0.519824, support_nonzero_ratio=1.000000, temporal_mean_l2=0.128610, memory_component_l2=0.048540, current_update_l2=0.506623, final_update_l2=0.410507
(0.4, 2, 2.120985)
(0.4, 3, 2.646356)
(0.4, 4, 4.64774)
(0.66, 2, 5.159621)
(0.66, 3, 5.528077)
(0.66, 4, 6.945581)
(1.0, 2, 11.424356)
Testing accuracy: 33.96
Full (1.0, 2) accuracy: 33.959999
********************************************************************************
Round 134
this epoch cost time:0.8879995346069336
this epoch choose: [83, 87, 40, 53, 38, 40, 45, 34, 41, 95]
this epoch dispatch models: [0 6 2 1 2 1 0 2 1 2]
this epoch received models: [np.int64(0), np.int64(6), np.int64(2), np.int64(1), np.int64(2), np.int64(1), np.int64(0), np.int64(2), np.int64(1), np.int64(2)]
hetero_proportion: 	4:3:3
TemporalSupport diagnostics: support_mean=0.332079, support_nonzero_ratio=1.000000, temporal_mean_l2=0.132586, memory_component_l2=0.060514, current_update_l2=0.517903, final_update_l2=0.424880
(0.4, 2, 2.120985)
(0.4, 3, 2.646356)
(0.4, 4, 4.64774)
(0.66, 2, 5.159621)
(0.66, 3, 5.528077)
(0.66, 4, 6.945581)
(1.0, 2, 11.424356)
Testing accuracy: 33.40
Full (1.0, 2) accuracy: 33.400002
********************************************************************************
Round 135
this epoch cost time:0.9850020408630371
this epoch choose: [87, 86, 64, 70, 73, 47, 49, 40, 98, 93]
this epoch dispatch models: [4 6 0 6 5 4 5 0 3 0]
this epoch received models: [np.int64(4), np.int64(6), np.int64(0), np.int64(6), np.int64(5), np.int64(4), np.int64(5), np.int64(0), np.int64(3), np.int64(0)]
hetero_proportion: 	4:3:3
TemporalSupport diagnostics: support_mean=0.564218, support_nonzero_ratio=1.000000, temporal_mean_l2=0.139722, memory_component_l2=0.051690, current_update_l2=0.533137, final_update_l2=0.410347
(0.4, 2, 2.120985)
(0.4, 3, 2.646356)
(0.4, 4, 4.64774)
(0.66, 2, 5.159621)
(0.66, 3, 5.528077)
(0.66, 4, 6.945581)
(1.0, 2, 11.424356)
Testing accuracy: 33.91
Full (1.0, 2) accuracy: 33.910000
********************************************************************************
Round 136
this epoch cost time:1.0210013389587402
this epoch choose: [41, 41, 88, 44, 57, 35, 61, 69, 98, 46]
this epoch dispatch models: [2 2 6 4 2 2 1 5 5 0]
this epoch received models: [np.int64(2), np.int64(2), np.int64(6), np.int64(4), np.int64(2), np.int64(2), np.int64(1), np.int64(5), np.int64(5), np.int64(0)]
hetero_proportion: 	4:3:3
TemporalSupport diagnostics: support_mean=0.470815, support_nonzero_ratio=1.000000, temporal_mean_l2=0.130638, memory_component_l2=0.041806, current_update_l2=0.402400, final_update_l2=0.342872
(0.4, 2, 2.120985)
(0.4, 3, 2.646356)
(0.4, 4, 4.64774)
(0.66, 2, 5.159621)
(0.66, 3, 5.528077)
(0.66, 4, 6.945581)
(1.0, 2, 11.424356)
Testing accuracy: 34.01
Full (1.0, 2) accuracy: 34.009998
********************************************************************************
Round 137
this epoch cost time:0.9079999923706055
this epoch choose: [94, 64, 92, 10, 99, 77, 91, 7, 74, 6]
this epoch dispatch models: [2 4 5 2 6 3 5 1 6 2]
this epoch received models: [np.int64(2), np.int64(4), np.int64(5), np.int64(2), np.int64(6), np.int64(3), np.int64(5), np.int64(1), np.int64(6), np.int64(2)]
hetero_proportion: 	4:3:3
TemporalSupport diagnostics: support_mean=0.572581, support_nonzero_ratio=1.000000, temporal_mean_l2=0.120923, memory_component_l2=0.031844, current_update_l2=0.353494, final_update_l2=0.320834
(0.4, 2, 2.120985)
(0.4, 3, 2.646356)
(0.4, 4, 4.64774)
(0.66, 2, 5.159621)
(0.66, 3, 5.528077)
(0.66, 4, 6.945581)
(1.0, 2, 11.424356)
Testing accuracy: 34.65
Full (1.0, 2) accuracy: 34.650002
********************************************************************************
Round 138
this epoch cost time:0.8229973316192627
this epoch choose: [86, 71, 76, 94, 32, 90, 55, 89, 76, 87]
this epoch dispatch models: [6 4 5 5 2 3 4 1 5 5]
this epoch received models: [np.int64(6), np.int64(4), np.int64(5), np.int64(5), np.int64(2), np.int64(3), np.int64(4), np.int64(1), np.int64(5), np.int64(5)]
hetero_proportion: 	4:3:3
TemporalSupport diagnostics: support_mean=0.558337, support_nonzero_ratio=1.000000, temporal_mean_l2=0.119652, memory_component_l2=0.036143, current_update_l2=0.414057, final_update_l2=0.376669
(0.4, 2, 2.120985)
(0.4, 3, 2.646356)
(0.4, 4, 4.64774)
(0.66, 2, 5.159621)
(0.66, 3, 5.528077)
(0.66, 4, 6.945581)
(1.0, 2, 11.424356)
Testing accuracy: 34.27
Full (1.0, 2) accuracy: 34.270000
********************************************************************************
Round 139
this epoch cost time:1.0679981708526611
this epoch choose: [43, 46, 91, 82, 47, 51, 39, 59, 78, 80]
this epoch dispatch models: [2 0 3 2 1 0 0 0 4 6]
this epoch received models: [np.int64(2), np.int64(0), np.int64(3), np.int64(2), np.int64(1), np.int64(0), np.int64(0), np.int64(0), np.int64(4), np.int64(6)]
hetero_proportion: 	4:3:3
TemporalSupport diagnostics: support_mean=0.390955, support_nonzero_ratio=1.000000, temporal_mean_l2=0.120644, memory_component_l2=0.058831, current_update_l2=0.501001, final_update_l2=0.369866
(0.4, 2, 2.120985)
(0.4, 3, 2.646356)
(0.4, 4, 4.64774)
(0.66, 2, 5.159621)
(0.66, 3, 5.528077)
(0.66, 4, 6.945581)
(1.0, 2, 11.424356)
Testing accuracy: 34.05
Full (1.0, 2) accuracy: 34.049999
********************************************************************************
Round 140
this epoch cost time:0.9929978847503662
this epoch choose: [74, 64, 75, 3, 49, 56, 87, 28, 88, 17]
this epoch dispatch models: [4 2 6 0 5 5 2 1 6 2]
this epoch received models: [np.int64(4), np.int64(2), np.int64(6), np.int64(0), np.int64(5), np.int64(5), np.int64(2), np.int64(1), np.int64(6), np.int64(2)]
hetero_proportion: 	4:3:3
TemporalSupport diagnostics: support_mean=0.540618, support_nonzero_ratio=1.000000, temporal_mean_l2=0.120771, memory_component_l2=0.032375, current_update_l2=0.424420, final_update_l2=0.378417
(0.4, 2, 2.120985)
(0.4, 3, 2.646356)
(0.4, 4, 4.64774)
(0.66, 2, 5.159621)
(0.66, 3, 5.528077)
(0.66, 4, 6.945581)
(1.0, 2, 11.424356)
Testing accuracy: 34.84
Full (1.0, 2) accuracy: 34.840000
********************************************************************************
Round 141
this epoch cost time:0.7949984073638916
this epoch choose: [98, 73, 51, 98, 52, 93, 79, 6, 91, 46]
this epoch dispatch models: [5 6 3 2 2 0 0 1 4 3]
this epoch received models: [np.int64(5), np.int64(6), np.int64(3), np.int64(2), np.int64(2), np.int64(0), np.int64(0), np.int64(1), np.int64(4), np.int64(3)]
hetero_proportion: 	4:3:3
TemporalSupport diagnostics: support_mean=0.455135, support_nonzero_ratio=1.000000, temporal_mean_l2=0.120340, memory_component_l2=0.045949, current_update_l2=0.439827, final_update_l2=0.361151
(0.4, 2, 2.120985)
(0.4, 3, 2.646356)
(0.4, 4, 4.64774)
(0.66, 2, 5.159621)
(0.66, 3, 5.528077)
(0.66, 4, 6.945581)
(1.0, 2, 11.424356)
Testing accuracy: 33.91
Full (1.0, 2) accuracy: 33.910000
********************************************************************************
Round 142
this epoch cost time:0.9409999847412109
this epoch choose: [74, 87, 57, 92, 13, 53, 56, 8, 80, 76]
this epoch dispatch models: [3 1 5 6 2 3 5 2 4 4]
this epoch received models: [np.int64(3), np.int64(1), np.int64(5), np.int64(6), np.int64(2), np.int64(3), np.int64(5), np.int64(2), np.int64(4), np.int64(4)]
hetero_proportion: 	4:3:3
TemporalSupport diagnostics: support_mean=0.518694, support_nonzero_ratio=1.000000, temporal_mean_l2=0.120930, memory_component_l2=0.036458, current_update_l2=0.437315, final_update_l2=0.371209
(0.4, 2, 2.120985)
(0.4, 3, 2.646356)
(0.4, 4, 4.64774)
(0.66, 2, 5.159621)
(0.66, 3, 5.528077)
(0.66, 4, 6.945581)
(1.0, 2, 11.424356)
Testing accuracy: 34.21
Full (1.0, 2) accuracy: 34.209999
********************************************************************************
Round 143
this epoch cost time:1.0219988822937012
this epoch choose: [73, 81, 10, 97, 44, 95, 97, 27, 90, 93]
this epoch dispatch models: [3 5 2 6 5 6 6 1 6 3]
this epoch received models: [np.int64(3), np.int64(5), np.int64(2), np.int64(6), np.int64(5), np.int64(6), np.int64(6), np.int64(1), np.int64(6), np.int64(3)]
hetero_proportion: 	4:3:3
TemporalSupport diagnostics: support_mean=0.690891, support_nonzero_ratio=1.000000, temporal_mean_l2=0.111658, memory_component_l2=0.020012, current_update_l2=0.315021, final_update_l2=0.288351
(0.4, 2, 2.120985)
(0.4, 3, 2.646356)
(0.4, 4, 4.64774)
(0.66, 2, 5.159621)
(0.66, 3, 5.528077)
(0.66, 4, 6.945581)
(1.0, 2, 11.424356)
Testing accuracy: 34.17
Full (1.0, 2) accuracy: 34.169998
********************************************************************************
Round 144
this epoch cost time:1.2329983711242676
this epoch choose: [22, 72, 95, 83, 41, 75, 47, 62, 90, 36]
this epoch dispatch models: [0 4 3 6 5 0 2 2 1 1]
this epoch received models: [np.int64(0), np.int64(4), np.int64(3), np.int64(6), np.int64(5), np.int64(0), np.int64(2), np.int64(2), np.int64(1), np.int64(1)]
hetero_proportion: 	4:3:3
TemporalSupport diagnostics: support_mean=0.437951, support_nonzero_ratio=1.000000, temporal_mean_l2=0.114117, memory_component_l2=0.044359, current_update_l2=0.470210, final_update_l2=0.383947
(0.4, 2, 2.120985)
(0.4, 3, 2.646356)
(0.4, 4, 4.64774)
(0.66, 2, 5.159621)
(0.66, 3, 5.528077)
(0.66, 4, 6.945581)
(1.0, 2, 11.424356)
Testing accuracy: 34.09
Full (1.0, 2) accuracy: 34.090000
********************************************************************************
Round 145
this epoch cost time:1.073000431060791
this epoch choose: [54, 97, 25, 78, 63, 30, 54, 68, 86, 81]
this epoch dispatch models: [4 3 2 5 1 1 0 3 1 6]
this epoch received models: [np.int64(4), np.int64(3), np.int64(2), np.int64(5), np.int64(1), np.int64(1), np.int64(0), np.int64(3), np.int64(1), np.int64(6)]
hetero_proportion: 	4:3:3
TemporalSupport diagnostics: support_mean=0.439274, support_nonzero_ratio=1.000000, temporal_mean_l2=0.118940, memory_component_l2=0.048523, current_update_l2=0.540358, final_update_l2=0.411503
(0.4, 2, 2.120985)
(0.4, 3, 2.646356)
(0.4, 4, 4.64774)
(0.66, 2, 5.159621)
(0.66, 3, 5.528077)
(0.66, 4, 6.945581)
(1.0, 2, 11.424356)
Testing accuracy: 34.91
Full (1.0, 2) accuracy: 34.910000
********************************************************************************
Round 146
this epoch cost time:0.7729983329772949
this epoch choose: [74, 98, 52, 91, 61, 86, 44, 32, 52, 52]
this epoch dispatch models: [3 5 5 3 1 3 3 0 2 4]
this epoch received models: [np.int64(3), np.int64(5), np.int64(5), np.int64(3), np.int64(1), np.int64(3), np.int64(3), np.int64(0), np.int64(2), np.int64(4)]
hetero_proportion: 	4:3:3
TemporalSupport diagnostics: support_mean=0.434843, support_nonzero_ratio=0.607963, temporal_mean_l2=0.119569, memory_component_l2=0.045673, current_update_l2=0.444145, final_update_l2=0.357574
(0.4, 2, 2.120985)
(0.4, 3, 2.646356)
(0.4, 4, 4.64774)
(0.66, 2, 5.159621)
(0.66, 3, 5.528077)
(0.66, 4, 6.945581)
(1.0, 2, 11.424356)
Testing accuracy: 33.42
Full (1.0, 2) accuracy: 33.419998
********************************************************************************
Round 147
this epoch cost time:0.7470014095306396
this epoch choose: [40, 93, 68, 98, 82, 65, 62, 44, 82, 78]
this epoch dispatch models: [5 6 1 0 6 1 2 5 6 0]
this epoch received models: [np.int64(5), np.int64(6), np.int64(1), np.int64(0), np.int64(6), np.int64(1), np.int64(2), np.int64(5), np.int64(6), np.int64(0)]
hetero_proportion: 	4:3:3
TemporalSupport diagnostics: support_mean=0.533232, support_nonzero_ratio=1.000000, temporal_mean_l2=0.113405, memory_component_l2=0.035219, current_update_l2=0.337685, final_update_l2=0.297387
(0.4, 2, 2.120985)
(0.4, 3, 2.646356)
(0.4, 4, 4.64774)
(0.66, 2, 5.159621)
(0.66, 3, 5.528077)
(0.66, 4, 6.945581)
(1.0, 2, 11.424356)
Testing accuracy: 33.55
Full (1.0, 2) accuracy: 33.549999
********************************************************************************
Round 148
this epoch cost time:0.854999303817749
this epoch choose: [96, 72, 90, 77, 74, 54, 71, 45, 94, 84]
this epoch dispatch models: [3 3 5 3 1 0 6 2 5 6]
this epoch received models: [np.int64(3), np.int64(3), np.int64(5), np.int64(3), np.int64(1), np.int64(0), np.int64(6), np.int64(2), np.int64(5), np.int64(6)]
hetero_proportion: 	4:3:3
TemporalSupport diagnostics: support_mean=0.528536, support_nonzero_ratio=1.000000, temporal_mean_l2=0.109701, memory_component_l2=0.033578, current_update_l2=0.373703, final_update_l2=0.322841
(0.4, 2, 2.120985)
(0.4, 3, 2.646356)
(0.4, 4, 4.64774)
(0.66, 2, 5.159621)
(0.66, 3, 5.528077)
(0.66, 4, 6.945581)
(1.0, 2, 11.424356)
Testing accuracy: 33.62
Full (1.0, 2) accuracy: 33.619999
********************************************************************************
Round 149
this epoch cost time:0.9579987525939941
this epoch choose: [0, 52, 38, 84, 84, 90, 0, 69, 15, 38]
this epoch dispatch models: [2 3 2 3 5 6 0 2 2 0]
this epoch received models: [np.int64(2), np.int64(3), np.int64(2), np.int64(3), np.int64(5), np.int64(6), np.int64(0), np.int64(2), np.int64(2), np.int64(0)]
hetero_proportion: 	4:3:3
TemporalSupport diagnostics: support_mean=0.450587, support_nonzero_ratio=1.000000, temporal_mean_l2=0.115486, memory_component_l2=0.034884, current_update_l2=0.471785, final_update_l2=0.403513
(0.4, 2, 2.120985)
(0.4, 3, 2.646356)
(0.4, 4, 4.64774)
(0.66, 2, 5.159621)
(0.66, 3, 5.528077)
(0.66, 4, 6.945581)
(1.0, 2, 11.424356)
Testing accuracy: 33.98
Full (1.0, 2) accuracy: 33.980000
********************************************************************************
Round 150
this epoch cost time:0.8450000286102295
this epoch choose: [72, 95, 40, 89, 87, 82, 88, 75, 58, 67]
this epoch dispatch models: [4 2 0 5 6 2 6 3 3 0]
this epoch received models: [np.int64(4), np.int64(2), np.int64(0), np.int64(5), np.int64(6), np.int64(2), np.int64(6), np.int64(3), np.int64(3), np.int64(0)]
hetero_proportion: 	4:3:3
TemporalSupport diagnostics: support_mean=0.504633, support_nonzero_ratio=1.000000, temporal_mean_l2=0.112542, memory_component_l2=0.037618, current_update_l2=0.414580, final_update_l2=0.349814
(0.4, 2, 2.120985)
(0.4, 3, 2.646356)
(0.4, 4, 4.64774)
(0.66, 2, 5.159621)
(0.66, 3, 5.528077)
(0.66, 4, 6.945581)
(1.0, 2, 11.424356)
Testing accuracy: 33.75
Full (1.0, 2) accuracy: 33.750000
********************************************************************************
Round 151
this epoch cost time:0.9050002098083496
this epoch choose: [52, 74, 66, 52, 89, 90, 74, 39, 57, 59]
this epoch dispatch models: [2 4 0 0 6 6 2 1 2 4]
this epoch received models: [np.int64(2), np.int64(4), np.int64(0), np.int64(0), np.int64(6), np.int64(6), np.int64(2), np.int64(1), np.int64(2), np.int64(4)]
hetero_proportion: 	4:3:3
TemporalSupport diagnostics: support_mean=0.490538, support_nonzero_ratio=1.000000, temporal_mean_l2=0.105986, memory_component_l2=0.032092, current_update_l2=0.328501, final_update_l2=0.284903
(0.4, 2, 2.120985)
(0.4, 3, 2.646356)
(0.4, 4, 4.64774)
(0.66, 2, 5.159621)
(0.66, 3, 5.528077)
(0.66, 4, 6.945581)
(1.0, 2, 11.424356)
Testing accuracy: 34.26
Full (1.0, 2) accuracy: 34.259998
********************************************************************************
Round 152
this epoch cost time:0.9870002269744873
this epoch choose: [16, 72, 56, 77, 48, 70, 98, 75, 32, 81]
this epoch dispatch models: [2 5 0 3 4 0 2 6 1 0]
this epoch received models: [np.int64(2), np.int64(5), np.int64(0), np.int64(3), np.int64(4), np.int64(0), np.int64(2), np.int64(6), np.int64(1), np.int64(0)]
hetero_proportion: 	4:3:3
TemporalSupport diagnostics: support_mean=0.411927, support_nonzero_ratio=1.000000, temporal_mean_l2=0.108041, memory_component_l2=0.042973, current_update_l2=0.450706, final_update_l2=0.371583
(0.4, 2, 2.120985)
(0.4, 3, 2.646356)
(0.4, 4, 4.64774)
(0.66, 2, 5.159621)
(0.66, 3, 5.528077)
(0.66, 4, 6.945581)
(1.0, 2, 11.424356)
Testing accuracy: 33.60
Full (1.0, 2) accuracy: 33.599998
********************************************************************************
Round 153
this epoch cost time:0.880000114440918
this epoch choose: [1, 67, 94, 82, 72, 71, 63, 53, 82, 58]
this epoch dispatch models: [1 4 0 3 1 6 4 2 6 4]
this epoch received models: [np.int64(1), np.int64(4), np.int64(0), np.int64(3), np.int64(1), np.int64(6), np.int64(4), np.int64(2), np.int64(6), np.int64(4)]
hetero_proportion: 	4:3:3
TemporalSupport diagnostics: support_mean=0.508107, support_nonzero_ratio=1.000000, temporal_mean_l2=0.113804, memory_component_l2=0.036205, current_update_l2=0.468673, final_update_l2=0.382408
(0.4, 2, 2.120985)
(0.4, 3, 2.646356)
(0.4, 4, 4.64774)
(0.66, 2, 5.159621)
(0.66, 3, 5.528077)
(0.66, 4, 6.945581)
(1.0, 2, 11.424356)
Testing accuracy: 34.14
Full (1.0, 2) accuracy: 34.139999
********************************************************************************
Round 154
this epoch cost time:0.7360002994537354
this epoch choose: [84, 96, 85, 2, 97, 45, 11, 0, 64, 78]
this epoch dispatch models: [1 0 1 2 5 3 2 0 3 6]
this epoch received models: [np.int64(1), np.int64(0), np.int64(1), np.int64(2), np.int64(5), np.int64(3), np.int64(2), np.int64(0), np.int64(3), np.int64(6)]
hetero_proportion: 	4:3:3
TemporalSupport diagnostics: support_mean=0.394975, support_nonzero_ratio=1.000000, temporal_mean_l2=0.123300, memory_component_l2=0.049250, current_update_l2=0.581600, final_update_l2=0.429499
(0.4, 2, 2.120985)
(0.4, 3, 2.646356)
(0.4, 4, 4.64774)
(0.66, 2, 5.159621)
(0.66, 3, 5.528077)
(0.66, 4, 6.945581)
(1.0, 2, 11.424356)
Testing accuracy: 34.75
Full (1.0, 2) accuracy: 34.750000
********************************************************************************
Round 155
this epoch cost time:1.018998384475708
this epoch choose: [69, 57, 47, 80, 95, 94, 85, 98, 43, 49]
this epoch dispatch models: [3 4 1 5 0 3 6 1 1 1]
this epoch received models: [np.int64(3), np.int64(4), np.int64(1), np.int64(5), np.int64(0), np.int64(3), np.int64(6), np.int64(1), np.int64(1), np.int64(1)]
hetero_proportion: 	4:3:3
TemporalSupport diagnostics: support_mean=0.425570, support_nonzero_ratio=1.000000, temporal_mean_l2=0.120741, memory_component_l2=0.050048, current_update_l2=0.466988, final_update_l2=0.369418
(0.4, 2, 2.120985)
(0.4, 3, 2.646356)
(0.4, 4, 4.64774)
(0.66, 2, 5.159621)
(0.66, 3, 5.528077)
(0.66, 4, 6.945581)
(1.0, 2, 11.424356)
Testing accuracy: 34.64
Full (1.0, 2) accuracy: 34.639999
********************************************************************************
Round 156
this epoch cost time:0.9869987964630127
this epoch choose: [84, 14, 61, 45, 74, 66, 49, 41, 75, 33]
this epoch dispatch models: [6 0 2 1 6 4 3 4 6 1]
this epoch received models: [np.int64(6), np.int64(0), np.int64(2), np.int64(1), np.int64(6), np.int64(4), np.int64(3), np.int64(4), np.int64(6), np.int64(1)]
hetero_proportion: 	4:3:3
TemporalSupport diagnostics: support_mean=0.551508, support_nonzero_ratio=1.000000, temporal_mean_l2=0.112938, memory_component_l2=0.034643, current_update_l2=0.345715, final_update_l2=0.301671
(0.4, 2, 2.120985)
(0.4, 3, 2.646356)
(0.4, 4, 4.64774)
(0.66, 2, 5.159621)
(0.66, 3, 5.528077)
(0.66, 4, 6.945581)
(1.0, 2, 11.424356)
Testing accuracy: 34.76
Full (1.0, 2) accuracy: 34.759998
********************************************************************************
Round 157
this epoch cost time:0.8469984531402588
this epoch choose: [47, 94, 16, 77, 95, 79, 52, 56, 72, 36]
this epoch dispatch models: [2 3 1 3 6 6 2 5 4 1]
this epoch received models: [np.int64(2), np.int64(3), np.int64(1), np.int64(3), np.int64(6), np.int64(6), np.int64(2), np.int64(5), np.int64(4), np.int64(1)]
hetero_proportion: 	4:3:3
TemporalSupport diagnostics: support_mean=0.521664, support_nonzero_ratio=1.000000, temporal_mean_l2=0.108123, memory_component_l2=0.031055, current_update_l2=0.349865, final_update_l2=0.302946
(0.4, 2, 2.120985)
(0.4, 3, 2.646356)
(0.4, 4, 4.64774)
(0.66, 2, 5.159621)
(0.66, 3, 5.528077)
(0.66, 4, 6.945581)
(1.0, 2, 11.424356)
Testing accuracy: 34.78
Full (1.0, 2) accuracy: 34.779999
********************************************************************************
Round 158
this epoch cost time:1.2310078144073486
this epoch choose: [87, 83, 84, 35, 55, 80, 89, 62, 27, 85]
this epoch dispatch models: [3 6 5 0 2 6 4 0 2 3]
this epoch received models: [np.int64(3), np.int64(6), np.int64(5), np.int64(0), np.int64(2), np.int64(6), np.int64(4), np.int64(0), np.int64(2), np.int64(3)]
hetero_proportion: 	4:3:3
TemporalSupport diagnostics: support_mean=0.564506, support_nonzero_ratio=1.000000, temporal_mean_l2=0.108543, memory_component_l2=0.030978, current_update_l2=0.397664, final_update_l2=0.338096
(0.4, 2, 2.120985)
(0.4, 3, 2.646356)
(0.4, 4, 4.64774)
(0.66, 2, 5.159621)
(0.66, 3, 5.528077)
(0.66, 4, 6.945581)
(1.0, 2, 11.424356)
Testing accuracy: 34.59
Full (1.0, 2) accuracy: 34.590000
********************************************************************************
Round 159
this epoch cost time:0.9040029048919678
this epoch choose: [62, 65, 91, 54, 11, 44, 74, 76, 49, 54]
this epoch dispatch models: [1 3 0 2 0 4 6 6 4 3]
this epoch received models: [np.int64(1), np.int64(3), np.int64(0), np.int64(2), np.int64(0), np.int64(4), np.int64(6), np.int64(6), np.int64(4), np.int64(3)]
hetero_proportion: 	4:3:3
TemporalSupport diagnostics: support_mean=0.488754, support_nonzero_ratio=1.000000, temporal_mean_l2=0.108286, memory_component_l2=0.040633, current_update_l2=0.410679, final_update_l2=0.338658
(0.4, 2, 2.120985)
(0.4, 3, 2.646356)
(0.4, 4, 4.64774)
(0.66, 2, 5.159621)
(0.66, 3, 5.528077)
(0.66, 4, 6.945581)
(1.0, 2, 11.424356)
Testing accuracy: 34.53
Full (1.0, 2) accuracy: 34.529999
********************************************************************************
Round 160
this epoch cost time:1.0129988193511963
this epoch choose: [86, 41, 46, 78, 19, 70, 99, 12, 51, 83]
this epoch dispatch models: [5 5 4 6 2 5 2 2 0 1]
this epoch received models: [np.int64(5), np.int64(5), np.int64(4), np.int64(6), np.int64(2), np.int64(5), np.int64(2), np.int64(2), np.int64(0), np.int64(1)]
hetero_proportion: 	4:3:3
TemporalSupport diagnostics: support_mean=0.473439, support_nonzero_ratio=1.000000, temporal_mean_l2=0.109955, memory_component_l2=0.028585, current_update_l2=0.413842, final_update_l2=0.368026
(0.4, 2, 2.120985)
(0.4, 3, 2.646356)
(0.4, 4, 4.64774)
(0.66, 2, 5.159621)
(0.66, 3, 5.528077)
(0.66, 4, 6.945581)
(1.0, 2, 11.424356)
Testing accuracy: 35.03
Full (1.0, 2) accuracy: 35.029999
********************************************************************************
Round 161
this epoch cost time:0.8809998035430908
this epoch choose: [92, 51, 0, 45, 54, 78, 6, 75, 53, 68]
this epoch dispatch models: [1 5 2 5 1 0 1 3 3 2]
this epoch received models: [np.int64(1), np.int64(5), np.int64(2), np.int64(5), np.int64(1), np.int64(0), np.int64(1), np.int64(3), np.int64(3), np.int64(2)]
hetero_proportion: 	4:3:3
TemporalSupport diagnostics: support_mean=0.395162, support_nonzero_ratio=0.607963, temporal_mean_l2=0.111736, memory_component_l2=0.038552, current_update_l2=0.445604, final_update_l2=0.344112
(0.4, 2, 2.120985)
(0.4, 3, 2.646356)
(0.4, 4, 4.64774)
(0.66, 2, 5.159621)
(0.66, 3, 5.528077)
(0.66, 4, 6.945581)
(1.0, 2, 11.424356)
Testing accuracy: 35.15
Full (1.0, 2) accuracy: 35.150002
********************************************************************************
Round 162
this epoch cost time:1.2269985675811768
this epoch choose: [54, 44, 6, 81, 13, 94, 75, 83, 83, 93]
this epoch dispatch models: [2 0 2 3 2 2 3 4 6 3]
this epoch received models: [np.int64(2), np.int64(0), np.int64(2), np.int64(3), np.int64(2), np.int64(2), np.int64(3), np.int64(4), np.int64(6), np.int64(3)]
hetero_proportion: 	4:3:3
TemporalSupport diagnostics: support_mean=0.496342, support_nonzero_ratio=1.000000, temporal_mean_l2=0.112227, memory_component_l2=0.035960, current_update_l2=0.392496, final_update_l2=0.329028
(0.4, 2, 2.120985)
(0.4, 3, 2.646356)
(0.4, 4, 4.64774)
(0.66, 2, 5.159621)
(0.66, 3, 5.528077)
(0.66, 4, 6.945581)
(1.0, 2, 11.424356)
Testing accuracy: 34.28
Full (1.0, 2) accuracy: 34.279999
********************************************************************************
Round 163
this epoch cost time:1.1630017757415771
this epoch choose: [82, 87, 73, 78, 83, 57, 22, 70, 90, 94]
this epoch dispatch models: [4 4 6 6 5 4 2 5 2 5]
this epoch received models: [np.int64(4), np.int64(4), np.int64(6), np.int64(6), np.int64(5), np.int64(4), np.int64(2), np.int64(5), np.int64(2), np.int64(5)]
hetero_proportion: 	4:3:3
TemporalSupport diagnostics: support_mean=0.594917, support_nonzero_ratio=1.000000, temporal_mean_l2=0.100408, memory_component_l2=0.020111, current_update_l2=0.242048, final_update_l2=0.225376
(0.4, 2, 2.120985)
(0.4, 3, 2.646356)
(0.4, 4, 4.64774)
(0.66, 2, 5.159621)
(0.66, 3, 5.528077)
(0.66, 4, 6.945581)
(1.0, 2, 11.424356)
Testing accuracy: 34.07
Full (1.0, 2) accuracy: 34.070000
********************************************************************************
Round 164
this epoch cost time:0.9370009899139404
this epoch choose: [71, 27, 86, 81, 45, 95, 49, 15, 91, 68]
this epoch dispatch models: [6 0 1 4 3 4 2 2 6 5]
this epoch received models: [np.int64(6), np.int64(0), np.int64(1), np.int64(4), np.int64(3), np.int64(4), np.int64(2), np.int64(2), np.int64(6), np.int64(5)]
hetero_proportion: 	4:3:3
TemporalSupport diagnostics: support_mean=0.530938, support_nonzero_ratio=1.000000, temporal_mean_l2=0.097341, memory_component_l2=0.028782, current_update_l2=0.331402, final_update_l2=0.287642
(0.4, 2, 2.120985)
(0.4, 3, 2.646356)
(0.4, 4, 4.64774)
(0.66, 2, 5.159621)
(0.66, 3, 5.528077)
(0.66, 4, 6.945581)
(1.0, 2, 11.424356)
Testing accuracy: 34.26
Full (1.0, 2) accuracy: 34.259998
********************************************************************************
Round 165
this epoch cost time:1.0839977264404297
this epoch choose: [37, 83, 72, 85, 97, 50, 47, 89, 94, 85]
this epoch dispatch models: [1 4 4 6 4 1 3 6 3 6]
this epoch received models: [np.int64(1), np.int64(4), np.int64(4), np.int64(6), np.int64(4), np.int64(1), np.int64(3), np.int64(6), np.int64(3), np.int64(6)]
hetero_proportion: 	4:3:3
TemporalSupport diagnostics: support_mean=0.589800, support_nonzero_ratio=1.000000, temporal_mean_l2=0.092268, memory_component_l2=0.032886, current_update_l2=0.276185, final_update_l2=0.242669
(0.4, 2, 2.120985)
(0.4, 3, 2.646356)
(0.4, 4, 4.64774)
(0.66, 2, 5.159621)
(0.66, 3, 5.528077)
(0.66, 4, 6.945581)
(1.0, 2, 11.424356)
Testing accuracy: 34.24
Full (1.0, 2) accuracy: 34.240002
********************************************************************************
Round 166
this epoch cost time:0.9059979915618896
this epoch choose: [13, 74, 49, 79, 97, 89, 25, 50, 73, 56]
this epoch dispatch models: [0 6 1 4 4 0 0 5 5 3]
this epoch received models: [np.int64(0), np.int64(6), np.int64(1), np.int64(4), np.int64(4), np.int64(0), np.int64(0), np.int64(5), np.int64(5), np.int64(3)]
hetero_proportion: 	4:3:3
TemporalSupport diagnostics: support_mean=0.437373, support_nonzero_ratio=1.000000, temporal_mean_l2=0.099788, memory_component_l2=0.041541, current_update_l2=0.456521, final_update_l2=0.366014
(0.4, 2, 2.120985)
(0.4, 3, 2.646356)
(0.4, 4, 4.64774)
(0.66, 2, 5.159621)
(0.66, 3, 5.528077)
(0.66, 4, 6.945581)
(1.0, 2, 11.424356)
Testing accuracy: 34.18
Full (1.0, 2) accuracy: 34.180000
********************************************************************************
Round 167
this epoch cost time:1.238999605178833
this epoch choose: [83, 95, 96, 68, 58, 63, 90, 97, 91, 69]
this epoch dispatch models: [6 2 4 2 5 0 6 3 3 1]
this epoch received models: [np.int64(6), np.int64(2), np.int64(4), np.int64(2), np.int64(5), np.int64(0), np.int64(6), np.int64(3), np.int64(3), np.int64(1)]
hetero_proportion: 	4:3:3
TemporalSupport diagnostics: support_mean=0.542916, support_nonzero_ratio=1.000000, temporal_mean_l2=0.100809, memory_component_l2=0.029140, current_update_l2=0.388798, final_update_l2=0.329018
(0.4, 2, 2.120985)
(0.4, 3, 2.646356)
(0.4, 4, 4.64774)
(0.66, 2, 5.159621)
(0.66, 3, 5.528077)
(0.66, 4, 6.945581)
(1.0, 2, 11.424356)
Testing accuracy: 34.73
Full (1.0, 2) accuracy: 34.730000
********************************************************************************
Round 168
this epoch cost time:0.8089990615844727
this epoch choose: [27, 97, 79, 43, 95, 62, 13, 40, 94, 93]
this epoch dispatch models: [2 0 5 2 4 1 2 4 6 0]
this epoch received models: [np.int64(2), np.int64(0), np.int64(5), np.int64(2), np.int64(4), np.int64(1), np.int64(2), np.int64(4), np.int64(6), np.int64(0)]
hetero_proportion: 	4:3:3
TemporalSupport diagnostics: support_mean=0.445865, support_nonzero_ratio=1.000000, temporal_mean_l2=0.100718, memory_component_l2=0.030459, current_update_l2=0.353764, final_update_l2=0.300540
(0.4, 2, 2.120985)
(0.4, 3, 2.646356)
(0.4, 4, 4.64774)
(0.66, 2, 5.159621)
(0.66, 3, 5.528077)
(0.66, 4, 6.945581)
(1.0, 2, 11.424356)
Testing accuracy: 33.90
Full (1.0, 2) accuracy: 33.900002
********************************************************************************
Round 169
this epoch cost time:0.9409990310668945
this epoch choose: [82, 44, 99, 90, 57, 7, 74, 80, 56, 38]
this epoch dispatch models: [4 2 4 1 3 1 5 4 0 2]
this epoch received models: [np.int64(4), np.int64(2), np.int64(4), np.int64(1), np.int64(3), np.int64(1), np.int64(5), np.int64(4), np.int64(0), np.int64(2)]
hetero_proportion: 	4:3:3
TemporalSupport diagnostics: support_mean=0.400154, support_nonzero_ratio=0.607963, temporal_mean_l2=0.103420, memory_component_l2=0.036738, current_update_l2=0.435152, final_update_l2=0.360127
(0.4, 2, 2.120985)
(0.4, 3, 2.646356)
(0.4, 4, 4.64774)
(0.66, 2, 5.159621)
(0.66, 3, 5.528077)
(0.66, 4, 6.945581)
(1.0, 2, 11.424356)
Testing accuracy: 34.51
Full (1.0, 2) accuracy: 34.509998
********************************************************************************
Round 170
this epoch cost time:0.8659908771514893
this epoch choose: [97, 97, 93, 12, 54, 72, 78, 57, 85, 55]
this epoch dispatch models: [2 3 4 0 5 4 6 4 4 4]
this epoch received models: [np.int64(2), np.int64(3), np.int64(4), np.int64(0), np.int64(5), np.int64(4), np.int64(6), np.int64(4), np.int64(4), np.int64(4)]
hetero_proportion: 	4:3:3
TemporalSupport diagnostics: support_mean=0.498012, support_nonzero_ratio=1.000000, temporal_mean_l2=0.095148, memory_component_l2=0.031501, current_update_l2=0.266618, final_update_l2=0.238253
(0.4, 2, 2.120985)
(0.4, 3, 2.646356)
(0.4, 4, 4.64774)
(0.66, 2, 5.159621)
(0.66, 3, 5.528077)
(0.66, 4, 6.945581)
(1.0, 2, 11.424356)
Testing accuracy: 34.19
Full (1.0, 2) accuracy: 34.189999
********************************************************************************
Round 171
this epoch cost time:0.9550004005432129
this epoch choose: [52, 49, 16, 56, 52, 66, 71, 80, 78, 97]
this epoch dispatch models: [2 3 2 4 4 3 0 2 3 5]
this epoch received models: [np.int64(2), np.int64(3), np.int64(2), np.int64(4), np.int64(4), np.int64(3), np.int64(0), np.int64(2), np.int64(3), np.int64(5)]
hetero_proportion: 	4:3:3
TemporalSupport diagnostics: support_mean=0.431852, support_nonzero_ratio=0.607963, temporal_mean_l2=0.094350, memory_component_l2=0.028980, current_update_l2=0.347285, final_update_l2=0.296351
(0.4, 2, 2.120985)
(0.4, 3, 2.646356)
(0.4, 4, 4.64774)
(0.66, 2, 5.159621)
(0.66, 3, 5.528077)
(0.66, 4, 6.945581)
(1.0, 2, 11.424356)
Testing accuracy: 34.41
Full (1.0, 2) accuracy: 34.410000
********************************************************************************
Round 172
this epoch cost time:0.8699934482574463
this epoch choose: [7, 68, 77, 72, 19, 66, 78, 57, 70, 84]
this epoch dispatch models: [1 0 1 3 0 4 6 3 4 3]
this epoch received models: [np.int64(1), np.int64(0), np.int64(1), np.int64(3), np.int64(0), np.int64(4), np.int64(6), np.int64(3), np.int64(4), np.int64(3)]
hetero_proportion: 	4:3:3
TemporalSupport diagnostics: support_mean=0.400773, support_nonzero_ratio=1.000000, temporal_mean_l2=0.105968, memory_component_l2=0.048123, current_update_l2=0.503541, final_update_l2=0.392932
(0.4, 2, 2.120985)
(0.4, 3, 2.646356)
(0.4, 4, 4.64774)
(0.66, 2, 5.159621)
(0.66, 3, 5.528077)
(0.66, 4, 6.945581)
(1.0, 2, 11.424356)
Testing accuracy: 34.42
Full (1.0, 2) accuracy: 34.419998
********************************************************************************
Round 173
this epoch cost time:0.8219993114471436
this epoch choose: [79, 34, 62, 27, 71, 63, 76, 60, 55, 61]
this epoch dispatch models: [6 0 0 0 5 4 0 0 3 3]
this epoch received models: [np.int64(6), np.int64(0), np.int64(0), np.int64(0), np.int64(5), np.int64(4), np.int64(0), np.int64(0), np.int64(3), np.int64(3)]
hetero_proportion: 	4:3:3
TemporalSupport diagnostics: support_mean=0.398043, support_nonzero_ratio=1.000000, temporal_mean_l2=0.113764, memory_component_l2=0.053629, current_update_l2=0.582479, final_update_l2=0.414748
(0.4, 2, 2.120985)
(0.4, 3, 2.646356)
(0.4, 4, 4.64774)
(0.66, 2, 5.159621)
(0.66, 3, 5.528077)
(0.66, 4, 6.945581)
(1.0, 2, 11.424356)
Testing accuracy: 34.72
Full (1.0, 2) accuracy: 34.720001
********************************************************************************
Round 174
this epoch cost time:0.8839986324310303
this epoch choose: [22, 89, 97, 23, 87, 74, 84, 84, 74, 49]
this epoch dispatch models: [2 6 1 2 4 2 5 6 4 3]
this epoch received models: [np.int64(2), np.int64(6), np.int64(1), np.int64(2), np.int64(4), np.int64(2), np.int64(5), np.int64(6), np.int64(4), np.int64(3)]
hetero_proportion: 	4:3:3
TemporalSupport diagnostics: support_mean=0.521884, support_nonzero_ratio=1.000000, temporal_mean_l2=0.114673, memory_component_l2=0.029088, current_update_l2=0.361109, final_update_l2=0.315295
(0.4, 2, 2.120985)
(0.4, 3, 2.646356)
(0.4, 4, 4.64774)
(0.66, 2, 5.159621)
(0.66, 3, 5.528077)
(0.66, 4, 6.945581)
(1.0, 2, 11.424356)
Testing accuracy: 34.73
Full (1.0, 2) accuracy: 34.730000
********************************************************************************
Round 175
this epoch cost time:0.844001054763794
this epoch choose: [7, 72, 60, 73, 88, 48, 82, 88, 27, 60]
this epoch dispatch models: [0 3 3 3 1 3 2 5 0 3]
this epoch received models: [np.int64(0), np.int64(3), np.int64(3), np.int64(3), np.int64(1), np.int64(3), np.int64(2), np.int64(5), np.int64(0), np.int64(3)]
hetero_proportion: 	4:3:3
TemporalSupport diagnostics: support_mean=0.391103, support_nonzero_ratio=0.607963, temporal_mean_l2=0.120709, memory_component_l2=0.054224, current_update_l2=0.529684, final_update_l2=0.398764
(0.4, 2, 2.120985)
(0.4, 3, 2.646356)
(0.4, 4, 4.64774)
(0.66, 2, 5.159621)
(0.66, 3, 5.528077)
(0.66, 4, 6.945581)
(1.0, 2, 11.424356)
Testing accuracy: 33.78
Full (1.0, 2) accuracy: 33.779999
********************************************************************************
Round 176
this epoch cost time:0.9420003890991211
this epoch choose: [79, 71, 70, 42, 15, 74, 96, 17, 84, 56]
this epoch dispatch models: [4 5 5 0 0 6 4 1 5 4]
this epoch received models: [np.int64(4), np.int64(5), np.int64(5), np.int64(0), np.int64(0), np.int64(6), np.int64(4), np.int64(1), np.int64(5), np.int64(4)]
hetero_proportion: 	4:3:3
TemporalSupport diagnostics: support_mean=0.502644, support_nonzero_ratio=1.000000, temporal_mean_l2=0.110375, memory_component_l2=0.033655, current_update_l2=0.322085, final_update_l2=0.289318
(0.4, 2, 2.120985)
(0.4, 3, 2.646356)
(0.4, 4, 4.64774)
(0.66, 2, 5.159621)
(0.66, 3, 5.528077)
(0.66, 4, 6.945581)
(1.0, 2, 11.424356)
Testing accuracy: 34.40
Full (1.0, 2) accuracy: 34.400002
********************************************************************************
Round 177
this epoch cost time:0.9399995803833008
this epoch choose: [28, 45, 80, 87, 96, 89, 71, 76, 51, 87]
this epoch dispatch models: [2 4 4 6 6 0 6 4 3 0]
this epoch received models: [np.int64(2), np.int64(4), np.int64(4), np.int64(6), np.int64(6), np.int64(0), np.int64(6), np.int64(4), np.int64(3), np.int64(0)]
hetero_proportion: 	4:3:3
TemporalSupport diagnostics: support_mean=0.573716, support_nonzero_ratio=1.000000, temporal_mean_l2=0.108193, memory_component_l2=0.035299, current_update_l2=0.375719, final_update_l2=0.304617
(0.4, 2, 2.120985)
(0.4, 3, 2.646356)
(0.4, 4, 4.64774)
(0.66, 2, 5.159621)
(0.66, 3, 5.528077)
(0.66, 4, 6.945581)
(1.0, 2, 11.424356)
Testing accuracy: 35.00
Full (1.0, 2) accuracy: 35.000000
********************************************************************************
Round 178
this epoch cost time:0.806999683380127
this epoch choose: [14, 28, 88, 76, 64, 76, 84, 96, 39, 54]
this epoch dispatch models: [0 0 6 6 0 5 1 3 1 2]
this epoch received models: [np.int64(0), np.int64(0), np.int64(6), np.int64(6), np.int64(0), np.int64(5), np.int64(1), np.int64(3), np.int64(1), np.int64(2)]
hetero_proportion: 	4:3:3
TemporalSupport diagnostics: support_mean=0.443346, support_nonzero_ratio=1.000000, temporal_mean_l2=0.105394, memory_component_l2=0.042878, current_update_l2=0.356534, final_update_l2=0.308368
(0.4, 2, 2.120985)
(0.4, 3, 2.646356)
(0.4, 4, 4.64774)
(0.66, 2, 5.159621)
(0.66, 3, 5.528077)
(0.66, 4, 6.945581)
(1.0, 2, 11.424356)
Testing accuracy: 34.68
Full (1.0, 2) accuracy: 34.680000
********************************************************************************
Round 179
this epoch cost time:1.0669984817504883
this epoch choose: [80, 0, 89, 2, 96, 59, 92, 78, 28, 45]
this epoch dispatch models: [6 1 5 0 6 5 3 1 1 3]
this epoch received models: [np.int64(6), np.int64(1), np.int64(5), np.int64(0), np.int64(6), np.int64(5), np.int64(3), np.int64(1), np.int64(1), np.int64(3)]
hetero_proportion: 	4:3:3
TemporalSupport diagnostics: support_mean=0.511430, support_nonzero_ratio=1.000000, temporal_mean_l2=0.109520, memory_component_l2=0.038288, current_update_l2=0.426590, final_update_l2=0.349270
(0.4, 2, 2.120985)
(0.4, 3, 2.646356)
(0.4, 4, 4.64774)
(0.66, 2, 5.159621)
(0.66, 3, 5.528077)
(0.66, 4, 6.945581)
(1.0, 2, 11.424356)
Testing accuracy: 34.95
Full (1.0, 2) accuracy: 34.950001
********************************************************************************
Round 180
this epoch cost time:0.9059994220733643
this epoch choose: [95, 54, 57, 87, 90, 43, 57, 78, 93, 66]
this epoch dispatch models: [1 5 3 2 6 1 3 5 6 0]
this epoch received models: [np.int64(1), np.int64(5), np.int64(3), np.int64(2), np.int64(6), np.int64(1), np.int64(3), np.int64(5), np.int64(6), np.int64(0)]
hetero_proportion: 	4:3:3
TemporalSupport diagnostics: support_mean=0.511831, support_nonzero_ratio=1.000000, temporal_mean_l2=0.100160, memory_component_l2=0.031873, current_update_l2=0.293081, final_update_l2=0.256142
(0.4, 2, 2.120985)
(0.4, 3, 2.646356)
(0.4, 4, 4.64774)
(0.66, 2, 5.159621)
(0.66, 3, 5.528077)
(0.66, 4, 6.945581)
(1.0, 2, 11.424356)
Testing accuracy: 35.11
Full (1.0, 2) accuracy: 35.110001
********************************************************************************
Round 181
this epoch cost time:0.9079985618591309
this epoch choose: [64, 41, 15, 42, 44, 74, 14, 56, 97, 89]
this epoch dispatch models: [3 3 0 1 0 6 1 5 4 3]
this epoch received models: [np.int64(3), np.int64(3), np.int64(0), np.int64(1), np.int64(0), np.int64(6), np.int64(1), np.int64(5), np.int64(4), np.int64(3)]
hetero_proportion: 	4:3:3
TemporalSupport diagnostics: support_mean=0.440236, support_nonzero_ratio=1.000000, temporal_mean_l2=0.101547, memory_component_l2=0.040618, current_update_l2=0.397228, final_update_l2=0.325832
(0.4, 2, 2.120985)
(0.4, 3, 2.646356)
(0.4, 4, 4.64774)
(0.66, 2, 5.159621)
(0.66, 3, 5.528077)
(0.66, 4, 6.945581)
(1.0, 2, 11.424356)
Testing accuracy: 35.19
Full (1.0, 2) accuracy: 35.189999
********************************************************************************
Round 182
this epoch cost time:1.0890004634857178
this epoch choose: [49, 83, 73, 5, 44, 72, 72, 92, 73, 79]
this epoch dispatch models: [4 4 2 0 0 6 6 0 6 6]
this epoch received models: [np.int64(4), np.int64(4), np.int64(2), np.int64(0), np.int64(0), np.int64(6), np.int64(6), np.int64(0), np.int64(6), np.int64(6)]
hetero_proportion: 	4:3:3
TemporalSupport diagnostics: support_mean=0.560838, support_nonzero_ratio=1.000000, temporal_mean_l2=0.095683, memory_component_l2=0.028771, current_update_l2=0.304449, final_update_l2=0.267485
(0.4, 2, 2.120985)
(0.4, 3, 2.646356)
(0.4, 4, 4.64774)
(0.66, 2, 5.159621)
(0.66, 3, 5.528077)
(0.66, 4, 6.945581)
(1.0, 2, 11.424356)
Testing accuracy: 34.44
Full (1.0, 2) accuracy: 34.439999
********************************************************************************
Round 183
this epoch cost time:0.8299999237060547
this epoch choose: [60, 31, 34, 86, 43, 63, 3, 72, 17, 99]
this epoch dispatch models: [3 0 2 6 5 3 2 6 2 3]
this epoch received models: [np.int64(3), np.int64(0), np.int64(2), np.int64(6), np.int64(5), np.int64(3), np.int64(2), np.int64(6), np.int64(2), np.int64(3)]
hetero_proportion: 	4:3:3
TemporalSupport diagnostics: support_mean=0.530872, support_nonzero_ratio=1.000000, temporal_mean_l2=0.108982, memory_component_l2=0.028848, current_update_l2=0.442520, final_update_l2=0.380283
(0.4, 2, 2.120985)
(0.4, 3, 2.646356)
(0.4, 4, 4.64774)
(0.66, 2, 5.159621)
(0.66, 3, 5.528077)
(0.66, 4, 6.945581)
(1.0, 2, 11.424356)
Testing accuracy: 35.23
Full (1.0, 2) accuracy: 35.230000
********************************************************************************
Round 184
this epoch cost time:1.0820000171661377
this epoch choose: [51, 63, 92, 81, 84, 55, 12, 83, 42, 78]
this epoch dispatch models: [1 5 1 1 4 5 1 4 0 6]
this epoch received models: [np.int64(1), np.int64(5), np.int64(1), np.int64(1), np.int64(4), np.int64(5), np.int64(1), np.int64(4), np.int64(0), np.int64(6)]
hetero_proportion: 	4:3:3
TemporalSupport diagnostics: support_mean=0.413396, support_nonzero_ratio=1.000000, temporal_mean_l2=0.110726, memory_component_l2=0.048095, current_update_l2=0.443879, final_update_l2=0.331568
(0.4, 2, 2.120985)
(0.4, 3, 2.646356)
(0.4, 4, 4.64774)
(0.66, 2, 5.159621)
(0.66, 3, 5.528077)
(0.66, 4, 6.945581)
(1.0, 2, 11.424356)
Testing accuracy: 34.90
Full (1.0, 2) accuracy: 34.900002
********************************************************************************
Round 185
this epoch cost time:0.7799990177154541
this epoch choose: [40, 72, 96, 41, 14, 62, 99, 95, 95, 82]
this epoch dispatch models: [5 3 5 0 0 5 6 6 6 0]
this epoch received models: [np.int64(5), np.int64(3), np.int64(5), np.int64(0), np.int64(0), np.int64(5), np.int64(6), np.int64(6), np.int64(6), np.int64(0)]
hetero_proportion: 	4:3:3
TemporalSupport diagnostics: support_mean=0.547584, support_nonzero_ratio=1.000000, temporal_mean_l2=0.106782, memory_component_l2=0.034749, current_update_l2=0.357719, final_update_l2=0.312888
(0.4, 2, 2.120985)
(0.4, 3, 2.646356)
(0.4, 4, 4.64774)
(0.66, 2, 5.159621)
(0.66, 3, 5.528077)
(0.66, 4, 6.945581)
(1.0, 2, 11.424356)
Testing accuracy: 34.84
Full (1.0, 2) accuracy: 34.840000
********************************************************************************
Round 186
this epoch cost time:1.1689989566802979
this epoch choose: [93, 16, 78, 34, 65, 45, 83, 76, 79, 92]
this epoch dispatch models: [6 2 4 0 4 4 5 4 1 2]
this epoch received models: [np.int64(6), np.int64(2), np.int64(4), np.int64(0), np.int64(4), np.int64(4), np.int64(5), np.int64(4), np.int64(1), np.int64(2)]
hetero_proportion: 	4:3:3
TemporalSupport diagnostics: support_mean=0.453396, support_nonzero_ratio=1.000000, temporal_mean_l2=0.099538, memory_component_l2=0.032518, current_update_l2=0.309378, final_update_l2=0.269587
(0.4, 2, 2.120985)
(0.4, 3, 2.646356)
(0.4, 4, 4.64774)
(0.66, 2, 5.159621)
(0.66, 3, 5.528077)
(0.66, 4, 6.945581)
(1.0, 2, 11.424356)
Testing accuracy: 34.46
Full (1.0, 2) accuracy: 34.459999
********************************************************************************
Round 187
this epoch cost time:1.2330000400543213
this epoch choose: [67, 60, 76, 83, 68, 50, 38, 97, 28, 90]
this epoch dispatch models: [0 2 3 6 0 2 1 3 1 6]
this epoch received models: [np.int64(0), np.int64(2), np.int64(3), np.int64(6), np.int64(0), np.int64(2), np.int64(1), np.int64(3), np.int64(1), np.int64(6)]
hetero_proportion: 	4:3:3
TemporalSupport diagnostics: support_mean=0.496068, support_nonzero_ratio=1.000000, temporal_mean_l2=0.097576, memory_component_l2=0.034387, current_update_l2=0.354233, final_update_l2=0.296643
(0.4, 2, 2.120985)
(0.4, 3, 2.646356)
(0.4, 4, 4.64774)
(0.66, 2, 5.159621)
(0.66, 3, 5.528077)
(0.66, 4, 6.945581)
(1.0, 2, 11.424356)
Testing accuracy: 34.65
Full (1.0, 2) accuracy: 34.650002
********************************************************************************
Round 188
this epoch cost time:0.8860001564025879
this epoch choose: [38, 70, 48, 6, 78, 65, 73, 22, 55, 27]
this epoch dispatch models: [2 2 3 1 5 2 6 2 4 2]
this epoch received models: [np.int64(2), np.int64(2), np.int64(3), np.int64(1), np.int64(5), np.int64(2), np.int64(6), np.int64(2), np.int64(4), np.int64(2)]
hetero_proportion: 	4:3:3
TemporalSupport diagnostics: support_mean=0.479616, support_nonzero_ratio=1.000000, temporal_mean_l2=0.090329, memory_component_l2=0.020799, current_update_l2=0.264713, final_update_l2=0.234524
(0.4, 2, 2.120985)
(0.4, 3, 2.646356)
(0.4, 4, 4.64774)
(0.66, 2, 5.159621)
(0.66, 3, 5.528077)
(0.66, 4, 6.945581)
(1.0, 2, 11.424356)
Testing accuracy: 34.39
Full (1.0, 2) accuracy: 34.389999
********************************************************************************
Round 189
this epoch cost time:0.9340000152587891
this epoch choose: [55, 35, 69, 41, 56, 68, 57, 86, 33, 70]
this epoch dispatch models: [1 1 1 5 4 0 4 6 2 3]
this epoch received models: [np.int64(1), np.int64(1), np.int64(1), np.int64(5), np.int64(4), np.int64(0), np.int64(4), np.int64(6), np.int64(2), np.int64(3)]
hetero_proportion: 	4:3:3
TemporalSupport diagnostics: support_mean=0.430593, support_nonzero_ratio=1.000000, temporal_mean_l2=0.095358, memory_component_l2=0.036279, current_update_l2=0.414169, final_update_l2=0.326877
(0.4, 2, 2.120985)
(0.4, 3, 2.646356)
(0.4, 4, 4.64774)
(0.66, 2, 5.159621)
(0.66, 3, 5.528077)
(0.66, 4, 6.945581)
(1.0, 2, 11.424356)
Testing accuracy: 34.57
Full (1.0, 2) accuracy: 34.570000
********************************************************************************
Round 190
this epoch cost time:0.9120006561279297
this epoch choose: [16, 65, 92, 13, 95, 47, 44, 90, 69, 46]
this epoch dispatch models: [0 5 6 0 2 1 4 6 0 0]
this epoch received models: [np.int64(0), np.int64(5), np.int64(6), np.int64(0), np.int64(2), np.int64(1), np.int64(4), np.int64(6), np.int64(0), np.int64(0)]
hetero_proportion: 	4:3:3
TemporalSupport diagnostics: support_mean=0.443704, support_nonzero_ratio=1.000000, temporal_mean_l2=0.097917, memory_component_l2=0.037760, current_update_l2=0.372818, final_update_l2=0.343259
(0.4, 2, 2.120985)
(0.4, 3, 2.646356)
(0.4, 4, 4.64774)
(0.66, 2, 5.159621)
(0.66, 3, 5.528077)
(0.66, 4, 6.945581)
(1.0, 2, 11.424356)
Testing accuracy: 34.87
Full (1.0, 2) accuracy: 34.869999
********************************************************************************
Round 191
this epoch cost time:0.8470003604888916
this epoch choose: [74, 75, 94, 92, 86, 91, 74, 3, 79, 79]
this epoch dispatch models: [3 3 4 1 6 6 0 0 0 6]
this epoch received models: [np.int64(3), np.int64(3), np.int64(4), np.int64(1), np.int64(6), np.int64(6), np.int64(0), np.int64(0), np.int64(0), np.int64(6)]
hetero_proportion: 	4:3:3
TemporalSupport diagnostics: support_mean=0.512563, support_nonzero_ratio=1.000000, temporal_mean_l2=0.097852, memory_component_l2=0.035301, current_update_l2=0.388435, final_update_l2=0.332010
(0.4, 2, 2.120985)
(0.4, 3, 2.646356)
(0.4, 4, 4.64774)
(0.66, 2, 5.159621)
(0.66, 3, 5.528077)
(0.66, 4, 6.945581)
(1.0, 2, 11.424356)
Testing accuracy: 34.50
Full (1.0, 2) accuracy: 34.500000
********************************************************************************
Round 192
this epoch cost time:1.181999683380127
this epoch choose: [57, 83, 16, 19, 44, 74, 74, 86, 27, 70]
this epoch dispatch models: [0 5 2 0 4 0 6 1 1 5]
this epoch received models: [np.int64(0), np.int64(5), np.int64(2), np.int64(0), np.int64(4), np.int64(0), np.int64(6), np.int64(1), np.int64(1), np.int64(5)]
hetero_proportion: 	4:3:3
TemporalSupport diagnostics: support_mean=0.426593, support_nonzero_ratio=1.000000, temporal_mean_l2=0.094343, memory_component_l2=0.029566, current_update_l2=0.290907, final_update_l2=0.270123
(0.4, 2, 2.120985)
(0.4, 3, 2.646356)
(0.4, 4, 4.64774)
(0.66, 2, 5.159621)
(0.66, 3, 5.528077)
(0.66, 4, 6.945581)
(1.0, 2, 11.424356)
Testing accuracy: 34.25
Full (1.0, 2) accuracy: 34.250000
********************************************************************************
Round 193
this epoch cost time:0.8569998741149902
this epoch choose: [98, 61, 46, 37, 20, 49, 97, 90, 48, 56]
this epoch dispatch models: [0 4 0 0 1 3 6 5 1 2]
this epoch received models: [np.int64(0), np.int64(4), np.int64(0), np.int64(0), np.int64(1), np.int64(3), np.int64(6), np.int64(5), np.int64(1), np.int64(2)]
hetero_proportion: 	4:3:3
TemporalSupport diagnostics: support_mean=0.397269, support_nonzero_ratio=1.000000, temporal_mean_l2=0.096117, memory_component_l2=0.033181, current_update_l2=0.395659, final_update_l2=0.325688
(0.4, 2, 2.120985)
(0.4, 3, 2.646356)
(0.4, 4, 4.64774)
(0.66, 2, 5.159621)
(0.66, 3, 5.528077)
(0.66, 4, 6.945581)
(1.0, 2, 11.424356)
Testing accuracy: 34.41
Full (1.0, 2) accuracy: 34.410000
********************************************************************************
Round 194
this epoch cost time:1.165998935699463
this epoch choose: [82, 73, 78, 18, 34, 37, 91, 83, 81, 77]
this epoch dispatch models: [6 6 3 2 1 0 6 5 2 1]
this epoch received models: [np.int64(6), np.int64(6), np.int64(3), np.int64(2), np.int64(1), np.int64(0), np.int64(6), np.int64(5), np.int64(2), np.int64(1)]
hetero_proportion: 	4:3:3
TemporalSupport diagnostics: support_mean=0.551944, support_nonzero_ratio=1.000000, temporal_mean_l2=0.094510, memory_component_l2=0.020005, current_update_l2=0.300811, final_update_l2=0.270224
(0.4, 2, 2.120985)
(0.4, 3, 2.646356)
(0.4, 4, 4.64774)
(0.66, 2, 5.159621)
(0.66, 3, 5.528077)
(0.66, 4, 6.945581)
(1.0, 2, 11.424356)
Testing accuracy: 34.66
Full (1.0, 2) accuracy: 34.660000
********************************************************************************
Round 195
this epoch cost time:0.8499994277954102
this epoch choose: [1, 74, 40, 82, 16, 82, 87, 75, 96, 12]
this epoch dispatch models: [1 4 5 1 2 6 4 3 4 0]
this epoch received models: [np.int64(1), np.int64(4), np.int64(5), np.int64(1), np.int64(2), np.int64(6), np.int64(4), np.int64(3), np.int64(4), np.int64(0)]
hetero_proportion: 	4:3:3
TemporalSupport diagnostics: support_mean=0.458826, support_nonzero_ratio=1.000000, temporal_mean_l2=0.088604, memory_component_l2=0.028133, current_update_l2=0.265030, final_update_l2=0.235473
(0.4, 2, 2.120985)
(0.4, 3, 2.646356)
(0.4, 4, 4.64774)
(0.66, 2, 5.159621)
(0.66, 3, 5.528077)
(0.66, 4, 6.945581)
(1.0, 2, 11.424356)
Testing accuracy: 34.23
Full (1.0, 2) accuracy: 34.230000
********************************************************************************
Round 196
this epoch cost time:1.2350010871887207
this epoch choose: [69, 41, 89, 83, 78, 86, 67, 57, 47, 66]
this epoch dispatch models: [5 4 5 6 3 2 4 4 1 4]
this epoch received models: [np.int64(5), np.int64(4), np.int64(5), np.int64(6), np.int64(3), np.int64(2), np.int64(4), np.int64(4), np.int64(1), np.int64(4)]
hetero_proportion: 	4:3:3
TemporalSupport diagnostics: support_mean=0.553781, support_nonzero_ratio=1.000000, temporal_mean_l2=0.082754, memory_component_l2=0.019249, current_update_l2=0.231160, final_update_l2=0.210833
(0.4, 2, 2.120985)
(0.4, 3, 2.646356)
(0.4, 4, 4.64774)
(0.66, 2, 5.159621)
(0.66, 3, 5.528077)
(0.66, 4, 6.945581)
(1.0, 2, 11.424356)
Testing accuracy: 34.59
Full (1.0, 2) accuracy: 34.590000
********************************************************************************
Round 197
this epoch cost time:1.0180003643035889
this epoch choose: [65, 89, 69, 43, 46, 60, 99, 4, 81, 85]
this epoch dispatch models: [3 6 5 4 4 1 1 1 4 3]
this epoch received models: [np.int64(3), np.int64(6), np.int64(5), np.int64(4), np.int64(4), np.int64(1), np.int64(1), np.int64(1), np.int64(4), np.int64(3)]
hetero_proportion: 	4:3:3
TemporalSupport diagnostics: support_mean=0.463786, support_nonzero_ratio=1.000000, temporal_mean_l2=0.088919, memory_component_l2=0.028633, current_update_l2=0.367886, final_update_l2=0.322300
(0.4, 2, 2.120985)
(0.4, 3, 2.646356)
(0.4, 4, 4.64774)
(0.66, 2, 5.159621)
(0.66, 3, 5.528077)
(0.66, 4, 6.945581)
(1.0, 2, 11.424356)
Testing accuracy: 35.20
Full (1.0, 2) accuracy: 35.200001
********************************************************************************
Round 198
this epoch cost time:0.9360003471374512
this epoch choose: [92, 0, 5, 93, 73, 88, 48, 86, 65, 88]
this epoch dispatch models: [6 0 1 5 6 6 5 6 2 4]
this epoch received models: [np.int64(6), np.int64(0), np.int64(1), np.int64(5), np.int64(6), np.int64(6), np.int64(5), np.int64(6), np.int64(2), np.int64(4)]
hetero_proportion: 	4:3:3
TemporalSupport diagnostics: support_mean=0.639076, support_nonzero_ratio=1.000000, temporal_mean_l2=0.088886, memory_component_l2=0.017092, current_update_l2=0.320636, final_update_l2=0.296872
(0.4, 2, 2.120985)
(0.4, 3, 2.646356)
(0.4, 4, 4.64774)
(0.66, 2, 5.159621)
(0.66, 3, 5.528077)
(0.66, 4, 6.945581)
(1.0, 2, 11.424356)
Testing accuracy: 35.03
Full (1.0, 2) accuracy: 35.029999
********************************************************************************
Round 199
this epoch cost time:0.9090018272399902
this epoch choose: [62, 75, 57, 72, 98, 90, 45, 91, 85, 89]
this epoch dispatch models: [5 3 4 1 5 6 1 4 6 2]
this epoch received models: [np.int64(5), np.int64(3), np.int64(4), np.int64(1), np.int64(5), np.int64(6), np.int64(1), np.int64(4), np.int64(6), np.int64(2)]
hetero_proportion: 	4:3:3
TemporalSupport diagnostics: support_mean=0.567764, support_nonzero_ratio=1.000000, temporal_mean_l2=0.080446, memory_component_l2=0.019058, current_update_l2=0.220008, final_update_l2=0.195395
(0.4, 2, 2.120985)
(0.4, 3, 2.646356)
(0.4, 4, 4.64774)
(0.66, 2, 5.159621)
(0.66, 3, 5.528077)
(0.66, 4, 6.945581)
(1.0, 2, 11.424356)
Testing accuracy: 34.35
Full (1.0, 2) accuracy: 34.349998
********************************************************************************
Round 200
this epoch cost time:0.981999397277832
this epoch choose: [31, 99, 79, 55, 13, 71, 45, 95, 75, 47]
this epoch dispatch models: [0 4 0 4 1 1 0 4 6 5]
this epoch received models: [np.int64(0), np.int64(4), np.int64(0), np.int64(4), np.int64(1), np.int64(1), np.int64(0), np.int64(4), np.int64(6), np.int64(5)]
hetero_proportion: 	4:3:3
TemporalSupport diagnostics: support_mean=0.418061, support_nonzero_ratio=1.000000, temporal_mean_l2=0.083448, memory_component_l2=0.031788, current_update_l2=0.350800, final_update_l2=0.296267
(0.4, 2, 2.120985)
(0.4, 3, 2.646356)
(0.4, 4, 4.64774)
(0.66, 2, 5.159621)
(0.66, 3, 5.528077)
(0.66, 4, 6.945581)
(1.0, 2, 11.424356)
Testing accuracy: 34.38
Full (1.0, 2) accuracy: 34.380001
********************************************************************************
Round 201
this epoch cost time:0.8260006904602051
this epoch choose: [99, 5, 90, 60, 67, 96, 86, 44, 32, 91]
this epoch dispatch models: [1 1 0 3 4 3 3 2 2 6]
this epoch received models: [np.int64(1), np.int64(1), np.int64(0), np.int64(3), np.int64(4), np.int64(3), np.int64(3), np.int64(2), np.int64(2), np.int64(6)]
hetero_proportion: 	4:3:3
TemporalSupport diagnostics: support_mean=0.428129, support_nonzero_ratio=1.000000, temporal_mean_l2=0.092232, memory_component_l2=0.032586, current_update_l2=0.419782, final_update_l2=0.334179
(0.4, 2, 2.120985)
(0.4, 3, 2.646356)
(0.4, 4, 4.64774)
(0.66, 2, 5.159621)
(0.66, 3, 5.528077)
(0.66, 4, 6.945581)
(1.0, 2, 11.424356)
Testing accuracy: 34.53
Full (1.0, 2) accuracy: 34.529999
********************************************************************************
Round 202
this epoch cost time:0.8729991912841797
this epoch choose: [80, 98, 7, 78, 67, 66, 64, 62, 58, 96]
this epoch dispatch models: [1 2 2 1 5 3 5 5 3 2]
this epoch received models: [np.int64(1), np.int64(2), np.int64(2), np.int64(1), np.int64(5), np.int64(3), np.int64(5), np.int64(5), np.int64(3), np.int64(2)]
hetero_proportion: 	4:3:3
TemporalSupport diagnostics: support_mean=0.434792, support_nonzero_ratio=0.607963, temporal_mean_l2=0.103862, memory_component_l2=0.026134, current_update_l2=0.429539, final_update_l2=0.369781
(0.4, 2, 2.120985)
(0.4, 3, 2.646356)
(0.4, 4, 4.64774)
(0.66, 2, 5.159621)
(0.66, 3, 5.528077)
(0.66, 4, 6.945581)
(1.0, 2, 11.424356)
Testing accuracy: 34.92
Full (1.0, 2) accuracy: 34.919998
********************************************************************************
Round 203
this epoch cost time:1.015000820159912
this epoch choose: [92, 61, 68, 91, 84, 30, 80, 79, 73, 49]
this epoch dispatch models: [3 3 3 3 3 0 5 5 3 3]
this epoch received models: [np.int64(3), np.int64(3), np.int64(3), np.int64(3), np.int64(3), np.int64(0), np.int64(5), np.int64(5), np.int64(3), np.int64(3)]
hetero_proportion: 	4:3:3
TemporalSupport diagnostics: support_mean=0.461861, support_nonzero_ratio=0.607963, temporal_mean_l2=0.099560, memory_component_l2=0.044400, current_update_l2=0.314900, final_update_l2=0.289886
(0.4, 2, 2.120985)
(0.4, 3, 2.646356)
(0.4, 4, 4.64774)
(0.66, 2, 5.159621)
(0.66, 3, 5.528077)
(0.66, 4, 6.945581)
(1.0, 2, 11.424356)
Testing accuracy: 34.84
Full (1.0, 2) accuracy: 34.840000
********************************************************************************
Round 204
this epoch cost time:1.0119996070861816
this epoch choose: [7, 43, 91, 73, 97, 72, 22, 69, 81, 80]
this epoch dispatch models: [1 0 6 6 4 3 1 2 5 3]
this epoch received models: [np.int64(1), np.int64(0), np.int64(6), np.int64(6), np.int64(4), np.int64(3), np.int64(1), np.int64(2), np.int64(5), np.int64(3)]
hetero_proportion: 	4:3:3
TemporalSupport diagnostics: support_mean=0.505366, support_nonzero_ratio=1.000000, temporal_mean_l2=0.091036, memory_component_l2=0.027276, current_update_l2=0.250660, final_update_l2=0.226561
(0.4, 2, 2.120985)
(0.4, 3, 2.646356)
(0.4, 4, 4.64774)
(0.66, 2, 5.159621)
(0.66, 3, 5.528077)
(0.66, 4, 6.945581)
(1.0, 2, 11.424356)
Testing accuracy: 34.86
Full (1.0, 2) accuracy: 34.860001
********************************************************************************
Round 205
this epoch cost time:0.9949994087219238
this epoch choose: [71, 43, 94, 90, 47, 74, 70, 61, 26, 49]
this epoch dispatch models: [5 1 6 2 5 0 6 2 2 0]
this epoch received models: [np.int64(5), np.int64(1), np.int64(6), np.int64(2), np.int64(5), np.int64(0), np.int64(6), np.int64(2), np.int64(2), np.int64(0)]
hetero_proportion: 	4:3:3
TemporalSupport diagnostics: support_mean=0.497102, support_nonzero_ratio=1.000000, temporal_mean_l2=0.089970, memory_component_l2=0.023559, current_update_l2=0.307680, final_update_l2=0.281340
(0.4, 2, 2.120985)
(0.4, 3, 2.646356)
(0.4, 4, 4.64774)
(0.66, 2, 5.159621)
(0.66, 3, 5.528077)
(0.66, 4, 6.945581)
(1.0, 2, 11.424356)
Testing accuracy: 34.94
Full (1.0, 2) accuracy: 34.939999
********************************************************************************
Round 206
this epoch cost time:0.9499990940093994
this epoch choose: [80, 22, 65, 91, 54, 12, 31, 42, 42, 84]
this epoch dispatch models: [2 0 5 0 4 0 2 2 2 0]
this epoch received models: [np.int64(2), np.int64(0), np.int64(5), np.int64(0), np.int64(4), np.int64(0), np.int64(2), np.int64(2), np.int64(2), np.int64(0)]
hetero_proportion: 	4:3:3
TemporalSupport diagnostics: support_mean=0.346231, support_nonzero_ratio=0.607963, temporal_mean_l2=0.100522, memory_component_l2=0.035502, current_update_l2=0.470213, final_update_l2=0.362427
(0.4, 2, 2.120985)
(0.4, 3, 2.646356)
(0.4, 4, 4.64774)
(0.66, 2, 5.159621)
(0.66, 3, 5.528077)
(0.66, 4, 6.945581)
(1.0, 2, 11.424356)
Testing accuracy: 35.34
Full (1.0, 2) accuracy: 35.340000
********************************************************************************
Round 207
this epoch cost time:1.063999891281128
this epoch choose: [31, 90, 86, 59, 95, 85, 81, 71, 81, 98]
this epoch dispatch models: [1 4 1 2 1 6 6 5 5 0]
this epoch received models: [np.int64(1), np.int64(4), np.int64(1), np.int64(2), np.int64(1), np.int64(6), np.int64(6), np.int64(5), np.int64(5), np.int64(0)]
hetero_proportion: 	4:3:3
TemporalSupport diagnostics: support_mean=0.535128, support_nonzero_ratio=1.000000, temporal_mean_l2=0.092520, memory_component_l2=0.025052, current_update_l2=0.265698, final_update_l2=0.234637
(0.4, 2, 2.120985)
(0.4, 3, 2.646356)
(0.4, 4, 4.64774)
(0.66, 2, 5.159621)
(0.66, 3, 5.528077)
(0.66, 4, 6.945581)
(1.0, 2, 11.424356)
Testing accuracy: 34.83
Full (1.0, 2) accuracy: 34.830002
********************************************************************************
Round 208
this epoch cost time:0.8269991874694824
this epoch choose: [91, 92, 99, 24, 55, 68, 82, 87, 15, 76]
this epoch dispatch models: [6 1 6 0 1 3 6 6 2 5]
this epoch received models: [np.int64(6), np.int64(1), np.int64(6), np.int64(0), np.int64(1), np.int64(3), np.int64(6), np.int64(6), np.int64(2), np.int64(5)]
hetero_proportion: 	4:3:3
TemporalSupport diagnostics: support_mean=0.588868, support_nonzero_ratio=1.000000, temporal_mean_l2=0.087569, memory_component_l2=0.023330, current_update_l2=0.287588, final_update_l2=0.257920
(0.4, 2, 2.120985)
(0.4, 3, 2.646356)
(0.4, 4, 4.64774)
(0.66, 2, 5.159621)
(0.66, 3, 5.528077)
(0.66, 4, 6.945581)
(1.0, 2, 11.424356)
Testing accuracy: 35.65
Full (1.0, 2) accuracy: 35.650002
********************************************************************************
Round 209
this epoch cost time:0.880000114440918
this epoch choose: [71, 99, 57, 93, 16, 19, 40, 48, 53, 73]
this epoch dispatch models: [4 6 3 4 2 1 3 2 0 6]
this epoch received models: [np.int64(4), np.int64(6), np.int64(3), np.int64(4), np.int64(2), np.int64(1), np.int64(3), np.int64(2), np.int64(0), np.int64(6)]
hetero_proportion: 	4:3:3
TemporalSupport diagnostics: support_mean=0.493229, support_nonzero_ratio=1.000000, temporal_mean_l2=0.088267, memory_component_l2=0.027617, current_update_l2=0.341314, final_update_l2=0.297457
(0.4, 2, 2.120985)
(0.4, 3, 2.646356)
(0.4, 4, 4.64774)
(0.66, 2, 5.159621)
(0.66, 3, 5.528077)
(0.66, 4, 6.945581)
(1.0, 2, 11.424356)
Testing accuracy: 35.63
Full (1.0, 2) accuracy: 35.630001
********************************************************************************
Round 210
this epoch cost time:0.9149994850158691
this epoch choose: [91, 3, 81, 44, 51, 58, 89, 48, 85, 86]
this epoch dispatch models: [5 2 3 4 5 2 5 1 2 6]
this epoch received models: [np.int64(5), np.int64(2), np.int64(3), np.int64(4), np.int64(5), np.int64(2), np.int64(5), np.int64(1), np.int64(2), np.int64(6)]
hetero_proportion: 	4:3:3
TemporalSupport diagnostics: support_mean=0.511581, support_nonzero_ratio=1.000000, temporal_mean_l2=0.085734, memory_component_l2=0.017717, current_update_l2=0.278142, final_update_l2=0.249555
(0.4, 2, 2.120985)
(0.4, 3, 2.646356)
(0.4, 4, 4.64774)
(0.66, 2, 5.159621)
(0.66, 3, 5.528077)
(0.66, 4, 6.945581)
(1.0, 2, 11.424356)
Testing accuracy: 35.69
Full (1.0, 2) accuracy: 35.689999
********************************************************************************
Round 211
this epoch cost time:0.9379992485046387
this epoch choose: [95, 36, 98, 49, 49, 73, 92, 46, 56, 41]
this epoch dispatch models: [6 2 5 3 5 3 4 3 3 4]
this epoch received models: [np.int64(6), np.int64(2), np.int64(5), np.int64(3), np.int64(5), np.int64(3), np.int64(4), np.int64(3), np.int64(3), np.int64(4)]
hetero_proportion: 	4:3:3
TemporalSupport diagnostics: support_mean=0.524031, support_nonzero_ratio=1.000000, temporal_mean_l2=0.089787, memory_component_l2=0.031701, current_update_l2=0.389118, final_update_l2=0.295071
(0.4, 2, 2.120985)
(0.4, 3, 2.646356)
(0.4, 4, 4.64774)
(0.66, 2, 5.159621)
(0.66, 3, 5.528077)
(0.66, 4, 6.945581)
(1.0, 2, 11.424356)
Testing accuracy: 36.08
Full (1.0, 2) accuracy: 36.080002
********************************************************************************
Round 212
this epoch cost time:0.9549984931945801
this epoch choose: [59, 65, 81, 90, 87, 29, 74, 89, 82, 40]
this epoch dispatch models: [2 3 2 0 3 1 3 1 6 4]
this epoch received models: [np.int64(2), np.int64(3), np.int64(2), np.int64(0), np.int64(3), np.int64(1), np.int64(3), np.int64(1), np.int64(6), np.int64(4)]
hetero_proportion: 	4:3:3
TemporalSupport diagnostics: support_mean=0.426631, support_nonzero_ratio=1.000000, temporal_mean_l2=0.088251, memory_component_l2=0.034740, current_update_l2=0.319355, final_update_l2=0.268608
(0.4, 2, 2.120985)
(0.4, 3, 2.646356)
(0.4, 4, 4.64774)
(0.66, 2, 5.159621)
(0.66, 3, 5.528077)
(0.66, 4, 6.945581)
(1.0, 2, 11.424356)
Testing accuracy: 35.52
Full (1.0, 2) accuracy: 35.520000
********************************************************************************
Round 213
this epoch cost time:0.7969999313354492
this epoch choose: [87, 91, 55, 67, 20, 82, 51, 43, 84, 55]
this epoch dispatch models: [6 3 4 4 0 3 3 0 1 3]
this epoch received models: [np.int64(6), np.int64(3), np.int64(4), np.int64(4), np.int64(0), np.int64(3), np.int64(3), np.int64(0), np.int64(1), np.int64(3)]
hetero_proportion: 	4:3:3
TemporalSupport diagnostics: support_mean=0.418552, support_nonzero_ratio=1.000000, temporal_mean_l2=0.090078, memory_component_l2=0.045891, current_update_l2=0.353313, final_update_l2=0.292752
(0.4, 2, 2.120985)
(0.4, 3, 2.646356)
(0.4, 4, 4.64774)
(0.66, 2, 5.159621)
(0.66, 3, 5.528077)
(0.66, 4, 6.945581)
(1.0, 2, 11.424356)
Testing accuracy: 35.47
Full (1.0, 2) accuracy: 35.470001
********************************************************************************
Round 214
this epoch cost time:0.8030080795288086
this epoch choose: [72, 89, 74, 71, 20, 51, 64, 77, 2, 65]
this epoch dispatch models: [6 4 4 0 2 3 3 4 2 0]
this epoch received models: [np.int64(6), np.int64(4), np.int64(4), np.int64(0), np.int64(2), np.int64(3), np.int64(3), np.int64(4), np.int64(2), np.int64(0)]
hetero_proportion: 	4:3:3
TemporalSupport diagnostics: support_mean=0.438079, support_nonzero_ratio=1.000000, temporal_mean_l2=0.103014, memory_component_l2=0.045074, current_update_l2=0.524312, final_update_l2=0.341329
(0.4, 2, 2.120985)
(0.4, 3, 2.646356)
(0.4, 4, 4.64774)
(0.66, 2, 5.159621)
(0.66, 3, 5.528077)
(0.66, 4, 6.945581)
(1.0, 2, 11.424356)
Testing accuracy: 35.65
Full (1.0, 2) accuracy: 35.650002
********************************************************************************
Round 215
this epoch cost time:0.9640002250671387
this epoch choose: [53, 54, 55, 95, 5, 99, 66, 92, 24, 84]
this epoch dispatch models: [3 2 4 6 2 5 0 0 0 4]
this epoch received models: [np.int64(3), np.int64(2), np.int64(4), np.int64(6), np.int64(2), np.int64(5), np.int64(0), np.int64(0), np.int64(0), np.int64(4)]
hetero_proportion: 	4:3:3
TemporalSupport diagnostics: support_mean=0.427505, support_nonzero_ratio=1.000000, temporal_mean_l2=0.098704, memory_component_l2=0.040174, current_update_l2=0.343289, final_update_l2=0.272410
(0.4, 2, 2.120985)
(0.4, 3, 2.646356)
(0.4, 4, 4.64774)
(0.66, 2, 5.159621)
(0.66, 3, 5.528077)
(0.66, 4, 6.945581)
(1.0, 2, 11.424356)
Testing accuracy: 36.01
Full (1.0, 2) accuracy: 36.009998
********************************************************************************
Round 216
this epoch cost time:1.0199995040893555
this epoch choose: [86, 84, 79, 81, 74, 9, 55, 65, 89, 59]
this epoch dispatch models: [6 3 4 4 5 1 4 4 5 2]
this epoch received models: [np.int64(6), np.int64(3), np.int64(4), np.int64(4), np.int64(5), np.int64(1), np.int64(4), np.int64(4), np.int64(5), np.int64(2)]
hetero_proportion: 	4:3:3
TemporalSupport diagnostics: support_mean=0.527252, support_nonzero_ratio=1.000000, temporal_mean_l2=0.087564, memory_component_l2=0.030117, current_update_l2=0.192031, final_update_l2=0.178767
(0.4, 2, 2.120985)
(0.4, 3, 2.646356)
(0.4, 4, 4.64774)
(0.66, 2, 5.159621)
(0.66, 3, 5.528077)
(0.66, 4, 6.945581)
(1.0, 2, 11.424356)
Testing accuracy: 35.88
Full (1.0, 2) accuracy: 35.880001
********************************************************************************
Round 217
this epoch cost time:1.1939995288848877
this epoch choose: [47, 72, 81, 71, 64, 11, 75, 46, 90, 96]
this epoch dispatch models: [4 0 5 6 3 0 4 3 6 6]
this epoch received models: [np.int64(4), np.int64(0), np.int64(5), np.int64(6), np.int64(3), np.int64(0), np.int64(4), np.int64(3), np.int64(6), np.int64(6)]
hetero_proportion: 	4:3:3
TemporalSupport diagnostics: support_mean=0.604821, support_nonzero_ratio=1.000000, temporal_mean_l2=0.080888, memory_component_l2=0.026019, current_update_l2=0.230798, final_update_l2=0.213291
(0.4, 2, 2.120985)
(0.4, 3, 2.646356)
(0.4, 4, 4.64774)
(0.66, 2, 5.159621)
(0.66, 3, 5.528077)
(0.66, 4, 6.945581)
(1.0, 2, 11.424356)
Testing accuracy: 35.86
Full (1.0, 2) accuracy: 35.860001
********************************************************************************
Round 218
this epoch cost time:0.9350006580352783
this epoch choose: [70, 5, 73, 55, 94, 40, 41, 39, 59, 35]
this epoch dispatch models: [5 0 3 5 6 3 5 0 2 1]
this epoch received models: [np.int64(5), np.int64(0), np.int64(3), np.int64(5), np.int64(6), np.int64(3), np.int64(5), np.int64(0), np.int64(2), np.int64(1)]
hetero_proportion: 	4:3:3
TemporalSupport diagnostics: support_mean=0.478960, support_nonzero_ratio=1.000000, temporal_mean_l2=0.078026, memory_component_l2=0.023807, current_update_l2=0.262806, final_update_l2=0.232585
(0.4, 2, 2.120985)
(0.4, 3, 2.646356)
(0.4, 4, 4.64774)
(0.66, 2, 5.159621)
(0.66, 3, 5.528077)
(0.66, 4, 6.945581)
(1.0, 2, 11.424356)
Testing accuracy: 35.59
Full (1.0, 2) accuracy: 35.590000
********************************************************************************
Round 219
this epoch cost time:0.7350003719329834
this epoch choose: [93, 66, 21, 78, 17, 71, 90, 40, 89, 87]
this epoch dispatch models: [6 4 1 3 1 2 0 1 3 6]
this epoch received models: [np.int64(6), np.int64(4), np.int64(1), np.int64(3), np.int64(1), np.int64(2), np.int64(0), np.int64(1), np.int64(3), np.int64(6)]
hetero_proportion: 	4:3:3
TemporalSupport diagnostics: support_mean=0.411269, support_nonzero_ratio=1.000000, temporal_mean_l2=0.083933, memory_component_l2=0.031971, current_update_l2=0.364759, final_update_l2=0.312397
(0.4, 2, 2.120985)
(0.4, 3, 2.646356)
(0.4, 4, 4.64774)
(0.66, 2, 5.159621)
(0.66, 3, 5.528077)
(0.66, 4, 6.945581)
(1.0, 2, 11.424356)
Testing accuracy: 35.35
Full (1.0, 2) accuracy: 35.349998
********************************************************************************
Round 220
this epoch cost time:0.8830006122589111
this epoch choose: [81, 68, 64, 91, 66, 70, 50, 89, 50, 84]
this epoch dispatch models: [1 5 1 4 5 2 5 0 2 4]
this epoch received models: [np.int64(1), np.int64(5), np.int64(1), np.int64(4), np.int64(5), np.int64(2), np.int64(5), np.int64(0), np.int64(2), np.int64(4)]
hetero_proportion: 	4:3:3
TemporalSupport diagnostics: support_mean=0.419801, support_nonzero_ratio=0.607963, temporal_mean_l2=0.086271, memory_component_l2=0.023928, current_update_l2=0.315701, final_update_l2=0.264358
(0.4, 2, 2.120985)
(0.4, 3, 2.646356)
(0.4, 4, 4.64774)
(0.66, 2, 5.159621)
(0.66, 3, 5.528077)
(0.66, 4, 6.945581)
(1.0, 2, 11.424356)
Testing accuracy: 35.25
Full (1.0, 2) accuracy: 35.250000
********************************************************************************
Round 221
this epoch cost time:0.8269991874694824
this epoch choose: [49, 25, 85, 92, 35, 46, 99, 19, 56, 76]
this epoch dispatch models: [1 0 6 3 1 0 6 2 3 3]
this epoch received models: [np.int64(1), np.int64(0), np.int64(6), np.int64(3), np.int64(1), np.int64(0), np.int64(6), np.int64(2), np.int64(3), np.int64(3)]
hetero_proportion: 	4:3:3
TemporalSupport diagnostics: support_mean=0.446219, support_nonzero_ratio=1.000000, temporal_mean_l2=0.091816, memory_component_l2=0.039636, current_update_l2=0.434580, final_update_l2=0.319981
(0.4, 2, 2.120985)
(0.4, 3, 2.646356)
(0.4, 4, 4.64774)
(0.66, 2, 5.159621)
(0.66, 3, 5.528077)
(0.66, 4, 6.945581)
(1.0, 2, 11.424356)
Testing accuracy: 35.63
Full (1.0, 2) accuracy: 35.630001
********************************************************************************
Round 222
this epoch cost time:1.0709998607635498
this epoch choose: [78, 94, 22, 99, 86, 79, 45, 93, 63, 80]
this epoch dispatch models: [6 5 2 2 5 1 4 1 4 6]
this epoch received models: [np.int64(6), np.int64(5), np.int64(2), np.int64(2), np.int64(5), np.int64(1), np.int64(4), np.int64(1), np.int64(4), np.int64(6)]
hetero_proportion: 	4:3:3
TemporalSupport diagnostics: support_mean=0.563785, support_nonzero_ratio=1.000000, temporal_mean_l2=0.082063, memory_component_l2=0.017127, current_update_l2=0.219752, final_update_l2=0.202974
(0.4, 2, 2.120985)
(0.4, 3, 2.646356)
(0.4, 4, 4.64774)
(0.66, 2, 5.159621)
(0.66, 3, 5.528077)
(0.66, 4, 6.945581)
(1.0, 2, 11.424356)
Testing accuracy: 35.61
Full (1.0, 2) accuracy: 35.610001
********************************************************************************
Round 223
this epoch cost time:1.0199992656707764
this epoch choose: [18, 56, 56, 56, 44, 64, 57, 76, 69, 1]
this epoch dispatch models: [0 3 5 5 2 4 3 5 5 0]
this epoch received models: [np.int64(0), np.int64(3), np.int64(5), np.int64(5), np.int64(2), np.int64(4), np.int64(3), np.int64(5), np.int64(5), np.int64(0)]
hetero_proportion: 	4:3:3
TemporalSupport diagnostics: support_mean=0.470001, support_nonzero_ratio=0.607963, temporal_mean_l2=0.077143, memory_component_l2=0.021150, current_update_l2=0.233965, final_update_l2=0.211025
(0.4, 2, 2.120985)
(0.4, 3, 2.646356)
(0.4, 4, 4.64774)
(0.66, 2, 5.159621)
(0.66, 3, 5.528077)
(0.66, 4, 6.945581)
(1.0, 2, 11.424356)
Testing accuracy: 35.67
Full (1.0, 2) accuracy: 35.669998
********************************************************************************
Round 224
this epoch cost time:0.8449993133544922
this epoch choose: [19, 48, 56, 77, 52, 9, 74, 87, 79, 76]
this epoch dispatch models: [1 3 3 6 3 0 0 6 4 6]
this epoch received models: [np.int64(1), np.int64(3), np.int64(3), np.int64(6), np.int64(3), np.int64(0), np.int64(0), np.int64(6), np.int64(4), np.int64(6)]
hetero_proportion: 	4:3:3
TemporalSupport diagnostics: support_mean=0.511806, support_nonzero_ratio=1.000000, temporal_mean_l2=0.080376, memory_component_l2=0.033047, current_update_l2=0.337563, final_update_l2=0.268279
(0.4, 2, 2.120985)
(0.4, 3, 2.646356)
(0.4, 4, 4.64774)
(0.66, 2, 5.159621)
(0.66, 3, 5.528077)
(0.66, 4, 6.945581)
(1.0, 2, 11.424356)
Testing accuracy: 36.02
Full (1.0, 2) accuracy: 36.020000
********************************************************************************
Round 225
this epoch cost time:1.2369990348815918
this epoch choose: [69, 83, 85, 95, 55, 73, 74, 87, 69, 50]
this epoch dispatch models: [1 6 5 4 4 0 6 6 4 2]
this epoch received models: [np.int64(1), np.int64(6), np.int64(5), np.int64(4), np.int64(4), np.int64(0), np.int64(6), np.int64(6), np.int64(4), np.int64(2)]
hetero_proportion: 	4:3:3
TemporalSupport diagnostics: support_mean=0.590421, support_nonzero_ratio=1.000000, temporal_mean_l2=0.072961, memory_component_l2=0.018368, current_update_l2=0.200939, final_update_l2=0.189178
(0.4, 2, 2.120985)
(0.4, 3, 2.646356)
(0.4, 4, 4.64774)
(0.66, 2, 5.159621)
(0.66, 3, 5.528077)
(0.66, 4, 6.945581)
(1.0, 2, 11.424356)
Testing accuracy: 35.63
Full (1.0, 2) accuracy: 35.630001
********************************************************************************
Round 226
this epoch cost time:1.0130000114440918
this epoch choose: [85, 25, 10, 80, 99, 72, 19, 85, 43, 70]
this epoch dispatch models: [3 0 2 5 5 6 2 2 3 6]
this epoch received models: [np.int64(3), np.int64(0), np.int64(2), np.int64(5), np.int64(5), np.int64(6), np.int64(2), np.int64(2), np.int64(3), np.int64(6)]
hetero_proportion: 	4:3:3
TemporalSupport diagnostics: support_mean=0.547382, support_nonzero_ratio=1.000000, temporal_mean_l2=0.080380, memory_component_l2=0.017520, current_update_l2=0.311624, final_update_l2=0.282087
(0.4, 2, 2.120985)
(0.4, 3, 2.646356)
(0.4, 4, 4.64774)
(0.66, 2, 5.159621)
(0.66, 3, 5.528077)
(0.66, 4, 6.945581)
(1.0, 2, 11.424356)
Testing accuracy: 35.64
Full (1.0, 2) accuracy: 35.639999
********************************************************************************
Round 227
this epoch cost time:1.0550003051757812
this epoch choose: [95, 65, 64, 66, 83, 74, 75, 76, 74, 86]
this epoch dispatch models: [0 5 4 5 3 6 1 2 6 2]
this epoch received models: [np.int64(0), np.int64(5), np.int64(4), np.int64(5), np.int64(3), np.int64(6), np.int64(1), np.int64(2), np.int64(6), np.int64(2)]
hetero_proportion: 	4:3:3
TemporalSupport diagnostics: support_mean=0.545273, support_nonzero_ratio=1.000000, temporal_mean_l2=0.089591, memory_component_l2=0.019774, current_update_l2=0.390225, final_update_l2=0.353823
(0.4, 2, 2.120985)
(0.4, 3, 2.646356)
(0.4, 4, 4.64774)
(0.66, 2, 5.159621)
(0.66, 3, 5.528077)
(0.66, 4, 6.945581)
(1.0, 2, 11.424356)
Testing accuracy: 35.10
Full (1.0, 2) accuracy: 35.099998
********************************************************************************
Round 228
this epoch cost time:0.9489996433258057
this epoch choose: [74, 69, 44, 99, 55, 97, 48, 48, 79, 76]
this epoch dispatch models: [5 2 5 3 4 6 0 4 6 6]
this epoch received models: [np.int64(5), np.int64(2), np.int64(5), np.int64(3), np.int64(4), np.int64(6), np.int64(0), np.int64(4), np.int64(6), np.int64(6)]
hetero_proportion: 	4:3:3
TemporalSupport diagnostics: support_mean=0.596528, support_nonzero_ratio=1.000000, temporal_mean_l2=0.080361, memory_component_l2=0.015432, current_update_l2=0.208764, final_update_l2=0.199431
(0.4, 2, 2.120985)
(0.4, 3, 2.646356)
(0.4, 4, 4.64774)
(0.66, 2, 5.159621)
(0.66, 3, 5.528077)
(0.66, 4, 6.945581)
(1.0, 2, 11.424356)
Testing accuracy: 35.55
Full (1.0, 2) accuracy: 35.549999
********************************************************************************
Round 229
this epoch cost time:0.9909932613372803
this epoch choose: [84, 86, 65, 45, 95, 96, 75, 54, 38, 90]
this epoch dispatch models: [2 5 4 2 1 6 6 4 1 0]
this epoch received models: [np.int64(2), np.int64(5), np.int64(4), np.int64(2), np.int64(1), np.int64(6), np.int64(6), np.int64(4), np.int64(1), np.int64(0)]
hetero_proportion: 	4:3:3
TemporalSupport diagnostics: support_mean=0.520130, support_nonzero_ratio=1.000000, temporal_mean_l2=0.074995, memory_component_l2=0.018615, current_update_l2=0.227928, final_update_l2=0.206430
(0.4, 2, 2.120985)
(0.4, 3, 2.646356)
(0.4, 4, 4.64774)
(0.66, 2, 5.159621)
(0.66, 3, 5.528077)
(0.66, 4, 6.945581)
(1.0, 2, 11.424356)
Testing accuracy: 35.39
Full (1.0, 2) accuracy: 35.389999
********************************************************************************
Round 230
this epoch cost time:0.8560001850128174
this epoch choose: [18, 62, 62, 74, 58, 72, 72, 96, 59, 26]
this epoch dispatch models: [1 4 1 5 4 6 5 6 3 2]
this epoch received models: [np.int64(1), np.int64(4), np.int64(1), np.int64(5), np.int64(4), np.int64(6), np.int64(5), np.int64(6), np.int64(3), np.int64(2)]
hetero_proportion: 	4:3:3
TemporalSupport diagnostics: support_mean=0.542653, support_nonzero_ratio=1.000000, temporal_mean_l2=0.084058, memory_component_l2=0.018490, current_update_l2=0.369064, final_update_l2=0.335383
(0.4, 2, 2.120985)
(0.4, 3, 2.646356)
(0.4, 4, 4.64774)
(0.66, 2, 5.159621)
(0.66, 3, 5.528077)
(0.66, 4, 6.945581)
(1.0, 2, 11.424356)
Testing accuracy: 36.12
Full (1.0, 2) accuracy: 36.119999
********************************************************************************
Round 231
this epoch cost time:0.8630001544952393
this epoch choose: [92, 59, 41, 58, 79, 75, 46, 78, 47, 88]
this epoch dispatch models: [6 1 3 5 2 0 5 0 2 5]
this epoch received models: [np.int64(6), np.int64(1), np.int64(3), np.int64(5), np.int64(2), np.int64(0), np.int64(5), np.int64(0), np.int64(2), np.int64(5)]
hetero_proportion: 	4:3:3
TemporalSupport diagnostics: support_mean=0.473289, support_nonzero_ratio=1.000000, temporal_mean_l2=0.088873, memory_component_l2=0.024610, current_update_l2=0.369414, final_update_l2=0.305286
(0.4, 2, 2.120985)
(0.4, 3, 2.646356)
(0.4, 4, 4.64774)
(0.66, 2, 5.159621)
(0.66, 3, 5.528077)
(0.66, 4, 6.945581)
(1.0, 2, 11.424356)
Testing accuracy: 36.04
Full (1.0, 2) accuracy: 36.040001
********************************************************************************
Round 232
this epoch cost time:0.8699991703033447
this epoch choose: [56, 56, 79, 71, 6, 40, 20, 16, 80, 13]
this epoch dispatch models: [0 3 4 6 1 0 2 0 1 0]
this epoch received models: [np.int64(0), np.int64(3), np.int64(4), np.int64(6), np.int64(1), np.int64(0), np.int64(2), np.int64(0), np.int64(1), np.int64(0)]
hetero_proportion: 	4:3:3
TemporalSupport diagnostics: support_mean=0.355033, support_nonzero_ratio=1.000000, temporal_mean_l2=0.092717, memory_component_l2=0.044160, current_update_l2=0.493383, final_update_l2=0.331795
(0.4, 2, 2.120985)
(0.4, 3, 2.646356)
(0.4, 4, 4.64774)
(0.66, 2, 5.159621)
(0.66, 3, 5.528077)
(0.66, 4, 6.945581)
(1.0, 2, 11.424356)
Testing accuracy: 35.60
Full (1.0, 2) accuracy: 35.599998
********************************************************************************
Round 233
this epoch cost time:0.9390006065368652
this epoch choose: [73, 55, 80, 88, 31, 87, 53, 64, 86, 65]
this epoch dispatch models: [6 0 4 6 1 3 5 2 6 3]
this epoch received models: [np.int64(6), np.int64(0), np.int64(4), np.int64(6), np.int64(1), np.int64(3), np.int64(5), np.int64(2), np.int64(6), np.int64(3)]
hetero_proportion: 	4:3:3
TemporalSupport diagnostics: support_mean=0.589645, support_nonzero_ratio=1.000000, temporal_mean_l2=0.091960, memory_component_l2=0.024445, current_update_l2=0.330915, final_update_l2=0.279259
(0.4, 2, 2.120985)
(0.4, 3, 2.646356)
(0.4, 4, 4.64774)
(0.66, 2, 5.159621)
(0.66, 3, 5.528077)
(0.66, 4, 6.945581)
(1.0, 2, 11.424356)
Testing accuracy: 35.65
Full (1.0, 2) accuracy: 35.650002
********************************************************************************
Round 234
this epoch cost time:0.8429996967315674
this epoch choose: [15, 90, 53, 49, 82, 66, 17, 92, 92, 74]
this epoch dispatch models: [2 2 3 0 5 1 1 3 6 2]
this epoch received models: [np.int64(2), np.int64(2), np.int64(3), np.int64(0), np.int64(5), np.int64(1), np.int64(1), np.int64(3), np.int64(6), np.int64(2)]
hetero_proportion: 	4:3:3
TemporalSupport diagnostics: support_mean=0.431129, support_nonzero_ratio=1.000000, temporal_mean_l2=0.086709, memory_component_l2=0.028200, current_update_l2=0.286992, final_update_l2=0.250546
(0.4, 2, 2.120985)
(0.4, 3, 2.646356)
(0.4, 4, 4.64774)
(0.66, 2, 5.159621)
(0.66, 3, 5.528077)
(0.66, 4, 6.945581)
(1.0, 2, 11.424356)
Testing accuracy: 35.12
Full (1.0, 2) accuracy: 35.119999
********************************************************************************
Round 235
this epoch cost time:0.8060002326965332
this epoch choose: [78, 92, 0, 91, 73, 25, 94, 72, 48, 82]
this epoch dispatch models: [6 0 1 2 6 1 6 1 0 4]
this epoch received models: [np.int64(6), np.int64(0), np.int64(1), np.int64(2), np.int64(6), np.int64(1), np.int64(6), np.int64(1), np.int64(0), np.int64(4)]
hetero_proportion: 	4:3:3
TemporalSupport diagnostics: support_mean=0.460985, support_nonzero_ratio=1.000000, temporal_mean_l2=0.087917, memory_component_l2=0.031027, current_update_l2=0.339030, final_update_l2=0.305450
(0.4, 2, 2.120985)
(0.4, 3, 2.646356)
(0.4, 4, 4.64774)
(0.66, 2, 5.159621)
(0.66, 3, 5.528077)
(0.66, 4, 6.945581)
(1.0, 2, 11.424356)
Testing accuracy: 35.90
Full (1.0, 2) accuracy: 35.900002
********************************************************************************
Round 236
this epoch cost time:0.9060003757476807
this epoch choose: [85, 74, 79, 54, 78, 4, 90, 50, 91, 85]
this epoch dispatch models: [6 5 4 5 6 0 6 4 6 0]
this epoch received models: [np.int64(6), np.int64(5), np.int64(4), np.int64(5), np.int64(6), np.int64(0), np.int64(6), np.int64(4), np.int64(6), np.int64(0)]
hetero_proportion: 	4:3:3
TemporalSupport diagnostics: support_mean=0.660572, support_nonzero_ratio=1.000000, temporal_mean_l2=0.078507, memory_component_l2=0.014222, current_update_l2=0.203172, final_update_l2=0.198490
(0.4, 2, 2.120985)
(0.4, 3, 2.646356)
(0.4, 4, 4.64774)
(0.66, 2, 5.159621)
(0.66, 3, 5.528077)
(0.66, 4, 6.945581)
(1.0, 2, 11.424356)
Testing accuracy: 35.80
Full (1.0, 2) accuracy: 35.799999
********************************************************************************
Round 237
this epoch cost time:0.867999792098999
this epoch choose: [98, 87, 72, 54, 52, 35, 89, 84, 66, 82]
this epoch dispatch models: [5 6 3 5 1 0 4 0 5 6]
this epoch received models: [np.int64(5), np.int64(6), np.int64(3), np.int64(5), np.int64(1), np.int64(0), np.int64(4), np.int64(0), np.int64(5), np.int64(6)]
hetero_proportion: 	4:3:3
TemporalSupport diagnostics: support_mean=0.534998, support_nonzero_ratio=1.000000, temporal_mean_l2=0.073237, memory_component_l2=0.017315, current_update_l2=0.228738, final_update_l2=0.211315
(0.4, 2, 2.120985)
(0.4, 3, 2.646356)
(0.4, 4, 4.64774)
(0.66, 2, 5.159621)
(0.66, 3, 5.528077)
(0.66, 4, 6.945581)
(1.0, 2, 11.424356)
Testing accuracy: 35.48
Full (1.0, 2) accuracy: 35.480000
********************************************************************************
Round 238
this epoch cost time:0.9439995288848877
this epoch choose: [34, 71, 46, 85, 93, 93, 16, 23, 75, 41]
this epoch dispatch models: [1 4 4 0 5 5 1 0 5 5]
this epoch received models: [np.int64(1), np.int64(4), np.int64(4), np.int64(0), np.int64(5), np.int64(5), np.int64(1), np.int64(0), np.int64(5), np.int64(5)]
hetero_proportion: 	4:3:3
TemporalSupport diagnostics: support_mean=0.406464, support_nonzero_ratio=0.607963, temporal_mean_l2=0.078024, memory_component_l2=0.020290, current_update_l2=0.321838, final_update_l2=0.294614
(0.4, 2, 2.120985)
(0.4, 3, 2.646356)
(0.4, 4, 4.64774)
(0.66, 2, 5.159621)
(0.66, 3, 5.528077)
(0.66, 4, 6.945581)
(1.0, 2, 11.424356)
Testing accuracy: 35.41
Full (1.0, 2) accuracy: 35.410000
********************************************************************************
Round 239
this epoch cost time:1.0110008716583252
this epoch choose: [69, 88, 71, 62, 76, 50, 93, 74, 96, 43]
this epoch dispatch models: [5 4 6 0 6 0 1 3 6 0]
this epoch received models: [np.int64(5), np.int64(4), np.int64(6), np.int64(0), np.int64(6), np.int64(0), np.int64(1), np.int64(3), np.int64(6), np.int64(0)]
hetero_proportion: 	4:3:3
TemporalSupport diagnostics: support_mean=0.563131, support_nonzero_ratio=1.000000, temporal_mean_l2=0.072746, memory_component_l2=0.018619, current_update_l2=0.229728, final_update_l2=0.204654
(0.4, 2, 2.120985)
(0.4, 3, 2.646356)
(0.4, 4, 4.64774)
(0.66, 2, 5.159621)
(0.66, 3, 5.528077)
(0.66, 4, 6.945581)
(1.0, 2, 11.424356)
Testing accuracy: 35.48
Full (1.0, 2) accuracy: 35.480000
********************************************************************************
Round 240
this epoch cost time:1.2330002784729004
this epoch choose: [99, 31, 46, 44, 86, 95, 42, 97, 83, 93]
this epoch dispatch models: [6 1 4 5 2 1 3 6 6 4]
this epoch received models: [np.int64(6), np.int64(1), np.int64(4), np.int64(5), np.int64(2), np.int64(1), np.int64(3), np.int64(6), np.int64(6), np.int64(4)]
hetero_proportion: 	4:3:3
TemporalSupport diagnostics: support_mean=0.629828, support_nonzero_ratio=1.000000, temporal_mean_l2=0.069275, memory_component_l2=0.011092, current_update_l2=0.212239, final_update_l2=0.198080
(0.4, 2, 2.120985)
(0.4, 3, 2.646356)
(0.4, 4, 4.64774)
(0.66, 2, 5.159621)
(0.66, 3, 5.528077)
(0.66, 4, 6.945581)
(1.0, 2, 11.424356)
Testing accuracy: 35.68
Full (1.0, 2) accuracy: 35.680000
********************************************************************************
Round 241
this epoch cost time:0.9879999160766602
this epoch choose: [68, 52, 75, 76, 86, 24, 65, 64, 73, 63]
this epoch dispatch models: [5 4 6 2 6 0 2 4 5 4]
this epoch received models: [np.int64(5), np.int64(4), np.int64(6), np.int64(2), np.int64(6), np.int64(0), np.int64(2), np.int64(4), np.int64(5), np.int64(4)]
hetero_proportion: 	4:3:3
TemporalSupport diagnostics: support_mean=0.584070, support_nonzero_ratio=1.000000, temporal_mean_l2=0.064335, memory_component_l2=0.009915, current_update_l2=0.193102, final_update_l2=0.182336
(0.4, 2, 2.120985)
(0.4, 3, 2.646356)
(0.4, 4, 4.64774)
(0.66, 2, 5.159621)
(0.66, 3, 5.528077)
(0.66, 4, 6.945581)
(1.0, 2, 11.424356)
Testing accuracy: 35.63
Full (1.0, 2) accuracy: 35.630001
********************************************************************************
Round 242
this epoch cost time:0.8089990615844727
this epoch choose: [52, 29, 63, 84, 98, 77, 94, 99, 8, 43]
this epoch dispatch models: [3 0 5 2 6 3 6 0 2 1]
this epoch received models: [np.int64(3), np.int64(0), np.int64(5), np.int64(2), np.int64(6), np.int64(3), np.int64(6), np.int64(0), np.int64(2), np.int64(1)]
hetero_proportion: 	4:3:3
TemporalSupport diagnostics: support_mean=0.483532, support_nonzero_ratio=1.000000, temporal_mean_l2=0.078683, memory_component_l2=0.023896, current_update_l2=0.394241, final_update_l2=0.314622
(0.4, 2, 2.120985)
(0.4, 3, 2.646356)
(0.4, 4, 4.64774)
(0.66, 2, 5.159621)
(0.66, 3, 5.528077)
(0.66, 4, 6.945581)
(1.0, 2, 11.424356)
Testing accuracy: 35.70
Full (1.0, 2) accuracy: 35.700001
********************************************************************************
Round 243
this epoch cost time:0.9860002994537354
this epoch choose: [6, 69, 42, 78, 75, 98, 49, 97, 36, 60]
this epoch dispatch models: [0 3 3 1 6 6 5 6 1 0]
this epoch received models: [np.int64(0), np.int64(3), np.int64(3), np.int64(1), np.int64(6), np.int64(6), np.int64(5), np.int64(6), np.int64(1), np.int64(0)]
hetero_proportion: 	4:3:3
TemporalSupport diagnostics: support_mean=0.546609, support_nonzero_ratio=1.000000, temporal_mean_l2=0.081394, memory_component_l2=0.025561, current_update_l2=0.332520, final_update_l2=0.284508
(0.4, 2, 2.120985)
(0.4, 3, 2.646356)
(0.4, 4, 4.64774)
(0.66, 2, 5.159621)
(0.66, 3, 5.528077)
(0.66, 4, 6.945581)
(1.0, 2, 11.424356)
Testing accuracy: 35.71
Full (1.0, 2) accuracy: 35.709999
********************************************************************************
Round 244
this epoch cost time:0.7460007667541504
this epoch choose: [42, 77, 64, 8, 97, 93, 76, 82, 45, 82]
this epoch dispatch models: [3 3 2 1 6 4 4 6 3 6]
this epoch received models: [np.int64(3), np.int64(3), np.int64(2), np.int64(1), np.int64(6), np.int64(4), np.int64(4), np.int64(6), np.int64(3), np.int64(6)]
hetero_proportion: 	4:3:3
TemporalSupport diagnostics: support_mean=0.596818, support_nonzero_ratio=1.000000, temporal_mean_l2=0.078640, memory_component_l2=0.020046, current_update_l2=0.232136, final_update_l2=0.210069
(0.4, 2, 2.120985)
(0.4, 3, 2.646356)
(0.4, 4, 4.64774)
(0.66, 2, 5.159621)
(0.66, 3, 5.528077)
(0.66, 4, 6.945581)
(1.0, 2, 11.424356)
Testing accuracy: 36.17
Full (1.0, 2) accuracy: 36.169998
********************************************************************************
Round 245
this epoch cost time:0.9079995155334473
this epoch choose: [90, 65, 73, 90, 38, 82, 34, 45, 70, 6]
this epoch dispatch models: [5 0 2 6 1 6 2 2 4 1]
this epoch received models: [np.int64(5), np.int64(0), np.int64(2), np.int64(6), np.int64(1), np.int64(6), np.int64(2), np.int64(2), np.int64(4), np.int64(1)]
hetero_proportion: 	4:3:3
TemporalSupport diagnostics: support_mean=0.514223, support_nonzero_ratio=1.000000, temporal_mean_l2=0.076379, memory_component_l2=0.016752, current_update_l2=0.263356, final_update_l2=0.236886
(0.4, 2, 2.120985)
(0.4, 3, 2.646356)
(0.4, 4, 4.64774)
(0.66, 2, 5.159621)
(0.66, 3, 5.528077)
(0.66, 4, 6.945581)
(1.0, 2, 11.424356)
Testing accuracy: 35.51
Full (1.0, 2) accuracy: 35.509998
********************************************************************************
Round 246
this epoch cost time:0.9929995536804199
this epoch choose: [70, 61, 70, 54, 38, 75, 87, 60, 19, 78]
this epoch dispatch models: [2 2 6 2 1 0 4 5 0 4]
this epoch received models: [np.int64(2), np.int64(2), np.int64(6), np.int64(2), np.int64(1), np.int64(0), np.int64(4), np.int64(5), np.int64(0), np.int64(4)]
hetero_proportion: 	4:3:3
TemporalSupport diagnostics: support_mean=0.447289, support_nonzero_ratio=1.000000, temporal_mean_l2=0.075430, memory_component_l2=0.020595, current_update_l2=0.264786, final_update_l2=0.233013
(0.4, 2, 2.120985)
(0.4, 3, 2.646356)
(0.4, 4, 4.64774)
(0.66, 2, 5.159621)
(0.66, 3, 5.528077)
(0.66, 4, 6.945581)
(1.0, 2, 11.424356)
Testing accuracy: 35.37
Full (1.0, 2) accuracy: 35.369999
********************************************************************************
Round 247
this epoch cost time:0.800999641418457
this epoch choose: [75, 87, 35, 44, 77, 99, 63, 66, 65, 73]
this epoch dispatch models: [1 6 1 3 2 0 3 4 3 5]
this epoch received models: [np.int64(1), np.int64(6), np.int64(1), np.int64(3), np.int64(2), np.int64(0), np.int64(3), np.int64(4), np.int64(3), np.int64(5)]
hetero_proportion: 	4:3:3
TemporalSupport diagnostics: support_mean=0.426427, support_nonzero_ratio=1.000000, temporal_mean_l2=0.077003, memory_component_l2=0.026440, current_update_l2=0.295291, final_update_l2=0.247216
(0.4, 2, 2.120985)
(0.4, 3, 2.646356)
(0.4, 4, 4.64774)
(0.66, 2, 5.159621)
(0.66, 3, 5.528077)
(0.66, 4, 6.945581)
(1.0, 2, 11.424356)
Testing accuracy: 34.90
Full (1.0, 2) accuracy: 34.900002
********************************************************************************
Round 248
this epoch cost time:0.8830046653747559
this epoch choose: [3, 73, 88, 14, 42, 73, 67, 40, 12, 42]
this epoch dispatch models: [0 2 6 2 5 1 2 5 2 2]
this epoch received models: [np.int64(0), np.int64(2), np.int64(6), np.int64(2), np.int64(5), np.int64(1), np.int64(2), np.int64(5), np.int64(2), np.int64(2)]
hetero_proportion: 	4:3:3
TemporalSupport diagnostics: support_mean=0.460720, support_nonzero_ratio=1.000000, temporal_mean_l2=0.085563, memory_component_l2=0.017507, current_update_l2=0.348956, final_update_l2=0.318477
(0.4, 2, 2.120985)
(0.4, 3, 2.646356)
(0.4, 4, 4.64774)
(0.66, 2, 5.159621)
(0.66, 3, 5.528077)
(0.66, 4, 6.945581)
(1.0, 2, 11.424356)
Testing accuracy: 35.26
Full (1.0, 2) accuracy: 35.259998
********************************************************************************
Round 249
this epoch cost time:0.9509997367858887
this epoch choose: [43, 47, 96, 75, 4, 80, 63, 74, 9, 71]
this epoch dispatch models: [0 1 1 3 1 4 4 1 0 3]
this epoch received models: [np.int64(0), np.int64(1), np.int64(1), np.int64(3), np.int64(1), np.int64(4), np.int64(4), np.int64(1), np.int64(0), np.int64(3)]
hetero_proportion: 	4:3:3
TemporalSupport diagnostics: support_mean=0.325777, support_nonzero_ratio=0.483885, temporal_mean_l2=0.085884, memory_component_l2=0.024778, current_update_l2=0.329929, final_update_l2=0.274686
(0.4, 2, 2.120985)
(0.4, 3, 2.646356)
(0.4, 4, 4.64774)
(0.66, 2, 5.159621)
(0.66, 3, 5.528077)
(0.66, 4, 6.945581)
(1.0, 2, 11.424356)
Testing accuracy: 35.15
Full (1.0, 2) accuracy: 35.150002
********************************************************************************
Round 250
this epoch cost time:0.9060008525848389
this epoch choose: [97, 90, 45, 97, 74, 57, 61, 64, 99, 69]
this epoch dispatch models: [5 6 3 6 4 0 4 1 6 1]
this epoch received models: [np.int64(5), np.int64(6), np.int64(3), np.int64(6), np.int64(4), np.int64(0), np.int64(4), np.int64(1), np.int64(6), np.int64(1)]
hetero_proportion: 	4:3:3
TemporalSupport diagnostics: support_mean=0.553659, support_nonzero_ratio=1.000000, temporal_mean_l2=0.078629, memory_component_l2=0.024335, current_update_l2=0.218397, final_update_l2=0.201615
(0.4, 2, 2.120985)
(0.4, 3, 2.646356)
(0.4, 4, 4.64774)
(0.66, 2, 5.159621)
(0.66, 3, 5.528077)
(0.66, 4, 6.945581)
(1.0, 2, 11.424356)
Testing accuracy: 34.85
Full (1.0, 2) accuracy: 34.849998
********************************************************************************
Round 251
this epoch cost time:1.0709993839263916
this epoch choose: [40, 99, 20, 41, 81, 27, 18, 97, 74, 49]
this epoch dispatch models: [5 3 0 0 6 0 0 5 0 4]
this epoch received models: [np.int64(5), np.int64(3), np.int64(0), np.int64(0), np.int64(6), np.int64(0), np.int64(0), np.int64(5), np.int64(0), np.int64(4)]
hetero_proportion: 	4:3:3
TemporalSupport diagnostics: support_mean=0.422964, support_nonzero_ratio=1.000000, temporal_mean_l2=0.078636, memory_component_l2=0.032226, current_update_l2=0.290436, final_update_l2=0.263678
(0.4, 2, 2.120985)
(0.4, 3, 2.646356)
(0.4, 4, 4.64774)
(0.66, 2, 5.159621)
(0.66, 3, 5.528077)
(0.66, 4, 6.945581)
(1.0, 2, 11.424356)
Testing accuracy: 35.06
Full (1.0, 2) accuracy: 35.060001
********************************************************************************
Round 252
this epoch cost time:1.0749995708465576
this epoch choose: [77, 46, 51, 80, 95, 65, 53, 46, 61, 94]
this epoch dispatch models: [4 4 2 6 4 1 2 2 5 4]
this epoch received models: [np.int64(4), np.int64(4), np.int64(2), np.int64(6), np.int64(4), np.int64(1), np.int64(2), np.int64(2), np.int64(5), np.int64(4)]
hetero_proportion: 	4:3:3
TemporalSupport diagnostics: support_mean=0.514134, support_nonzero_ratio=1.000000, temporal_mean_l2=0.074766, memory_component_l2=0.017001, current_update_l2=0.227345, final_update_l2=0.202058
(0.4, 2, 2.120985)
(0.4, 3, 2.646356)
(0.4, 4, 4.64774)
(0.66, 2, 5.159621)
(0.66, 3, 5.528077)
(0.66, 4, 6.945581)
(1.0, 2, 11.424356)
Testing accuracy: 34.82
Full (1.0, 2) accuracy: 34.820000
********************************************************************************
Round 253
this epoch cost time:0.9060003757476807
this epoch choose: [33, 78, 47, 42, 85, 8, 98, 90, 31, 92]
this epoch dispatch models: [1 5 2 3 3 0 2 6 0 5]
this epoch received models: [np.int64(1), np.int64(5), np.int64(2), np.int64(3), np.int64(3), np.int64(0), np.int64(2), np.int64(6), np.int64(0), np.int64(5)]
hetero_proportion: 	4:3:3
TemporalSupport diagnostics: support_mean=0.470130, support_nonzero_ratio=1.000000, temporal_mean_l2=0.073198, memory_component_l2=0.021831, current_update_l2=0.263116, final_update_l2=0.237840
(0.4, 2, 2.120985)
(0.4, 3, 2.646356)
(0.4, 4, 4.64774)
(0.66, 2, 5.159621)
(0.66, 3, 5.528077)
(0.66, 4, 6.945581)
(1.0, 2, 11.424356)
Testing accuracy: 34.87
Full (1.0, 2) accuracy: 34.869999
********************************************************************************
Round 254
this epoch cost time:0.7850003242492676
this epoch choose: [33, 94, 50, 87, 58, 88, 79, 45, 9, 90]
this epoch dispatch models: [1 6 2 6 5 6 0 3 1 1]
this epoch received models: [np.int64(1), np.int64(6), np.int64(2), np.int64(6), np.int64(5), np.int64(6), np.int64(0), np.int64(3), np.int64(1), np.int64(1)]
hetero_proportion: 	4:3:3
TemporalSupport diagnostics: support_mean=0.514325, support_nonzero_ratio=1.000000, temporal_mean_l2=0.074647, memory_component_l2=0.021935, current_update_l2=0.277770, final_update_l2=0.240158
(0.4, 2, 2.120985)
(0.4, 3, 2.646356)
(0.4, 4, 4.64774)
(0.66, 2, 5.159621)
(0.66, 3, 5.528077)
(0.66, 4, 6.945581)
(1.0, 2, 11.424356)
Testing accuracy: 34.85
Full (1.0, 2) accuracy: 34.849998
********************************************************************************
Round 255
this epoch cost time:0.8640000820159912
this epoch choose: [21, 97, 99, 34, 52, 45, 16, 58, 75, 86]
this epoch dispatch models: [1 5 3 1 2 4 1 4 4 4]
this epoch received models: [np.int64(1), np.int64(5), np.int64(3), np.int64(1), np.int64(2), np.int64(4), np.int64(1), np.int64(4), np.int64(4), np.int64(4)]
hetero_proportion: 	4:3:3
TemporalSupport diagnostics: support_mean=0.409069, support_nonzero_ratio=0.607963, temporal_mean_l2=0.072302, memory_component_l2=0.024831, current_update_l2=0.243905, final_update_l2=0.223499
(0.4, 2, 2.120985)
(0.4, 3, 2.646356)
(0.4, 4, 4.64774)
(0.66, 2, 5.159621)
(0.66, 3, 5.528077)
(0.66, 4, 6.945581)
(1.0, 2, 11.424356)
Testing accuracy: 34.76
Full (1.0, 2) accuracy: 34.759998
********************************************************************************
Round 256
this epoch cost time:1.0150001049041748
this epoch choose: [81, 33, 77, 53, 12, 78, 86, 70, 43, 87]
this epoch dispatch models: [5 2 6 5 1 6 3 5 3 3]
this epoch received models: [np.int64(5), np.int64(2), np.int64(6), np.int64(5), np.int64(1), np.int64(6), np.int64(3), np.int64(5), np.int64(3), np.int64(3)]
hetero_proportion: 	4:3:3
TemporalSupport diagnostics: support_mean=0.576853, support_nonzero_ratio=1.000000, temporal_mean_l2=0.070981, memory_component_l2=0.014671, current_update_l2=0.228596, final_update_l2=0.208725
(0.4, 2, 2.120985)
(0.4, 3, 2.646356)
(0.4, 4, 4.64774)
(0.66, 2, 5.159621)
(0.66, 3, 5.528077)
(0.66, 4, 6.945581)
(1.0, 2, 11.424356)
Testing accuracy: 35.15
Full (1.0, 2) accuracy: 35.150002
********************************************************************************
Round 257
this epoch cost time:0.8710005283355713
this epoch choose: [86, 79, 95, 97, 91, 26, 92, 69, 9, 70]
this epoch dispatch models: [6 6 6 6 5 2 3 1 1 0]
this epoch received models: [np.int64(6), np.int64(6), np.int64(6), np.int64(6), np.int64(5), np.int64(2), np.int64(3), np.int64(1), np.int64(1), np.int64(0)]
hetero_proportion: 	4:3:3
TemporalSupport diagnostics: support_mean=0.583177, support_nonzero_ratio=1.000000, temporal_mean_l2=0.069898, memory_component_l2=0.017066, current_update_l2=0.241179, final_update_l2=0.221858
(0.4, 2, 2.120985)
(0.4, 3, 2.646356)
(0.4, 4, 4.64774)
(0.66, 2, 5.159621)
(0.66, 3, 5.528077)
(0.66, 4, 6.945581)
(1.0, 2, 11.424356)
Testing accuracy: 35.44
Full (1.0, 2) accuracy: 35.439999
********************************************************************************
Round 258
this epoch cost time:1.072000503540039
this epoch choose: [60, 80, 99, 58, 95, 66, 74, 4, 68, 92]
this epoch dispatch models: [5 6 4 4 3 1 6 1 4 5]
this epoch received models: [np.int64(5), np.int64(6), np.int64(4), np.int64(4), np.int64(3), np.int64(1), np.int64(6), np.int64(1), np.int64(4), np.int64(5)]
hetero_proportion: 	4:3:3
TemporalSupport diagnostics: support_mean=0.583525, support_nonzero_ratio=1.000000, temporal_mean_l2=0.068531, memory_component_l2=0.015500, current_update_l2=0.233215, final_update_l2=0.215742
(0.4, 2, 2.120985)
(0.4, 3, 2.646356)
(0.4, 4, 4.64774)
(0.66, 2, 5.159621)
(0.66, 3, 5.528077)
(0.66, 4, 6.945581)
(1.0, 2, 11.424356)
Testing accuracy: 35.70
Full (1.0, 2) accuracy: 35.700001
********************************************************************************
Round 259
this epoch cost time:1.0750007629394531
this epoch choose: [46, 91, 95, 4, 3, 80, 53, 93, 50, 98]
this epoch dispatch models: [1 5 1 1 2 6 2 6 5 6]
this epoch received models: [np.int64(1), np.int64(5), np.int64(1), np.int64(1), np.int64(2), np.int64(6), np.int64(2), np.int64(6), np.int64(5), np.int64(6)]
hetero_proportion: 	4:3:3
TemporalSupport diagnostics: support_mean=0.556738, support_nonzero_ratio=1.000000, temporal_mean_l2=0.066345, memory_component_l2=0.012856, current_update_l2=0.193434, final_update_l2=0.183791
(0.4, 2, 2.120985)
(0.4, 3, 2.646356)
(0.4, 4, 4.64774)
(0.66, 2, 5.159621)
(0.66, 3, 5.528077)
(0.66, 4, 6.945581)
(1.0, 2, 11.424356)
Testing accuracy: 35.22
Full (1.0, 2) accuracy: 35.220001
********************************************************************************
Round 260
this epoch cost time:0.8850002288818359
this epoch choose: [75, 5, 90, 75, 84, 84, 80, 67, 54, 51]
this epoch dispatch models: [3 0 2 2 3 1 0 0 2 4]
this epoch received models: [np.int64(3), np.int64(0), np.int64(2), np.int64(2), np.int64(3), np.int64(1), np.int64(0), np.int64(0), np.int64(2), np.int64(4)]
hetero_proportion: 	4:3:3
TemporalSupport diagnostics: support_mean=0.343128, support_nonzero_ratio=0.597718, temporal_mean_l2=0.069823, memory_component_l2=0.024029, current_update_l2=0.314027, final_update_l2=0.271158
(0.4, 2, 2.120985)
(0.4, 3, 2.646356)
(0.4, 4, 4.64774)
(0.66, 2, 5.159621)
(0.66, 3, 5.528077)
(0.66, 4, 6.945581)
(1.0, 2, 11.424356)
Testing accuracy: 34.94
Full (1.0, 2) accuracy: 34.939999
********************************************************************************
Round 261
this epoch cost time:0.9070000648498535
this epoch choose: [97, 25, 29, 73, 77, 74, 77, 72, 47, 93]
this epoch dispatch models: [3 0 2 6 4 6 4 4 5 6]
this epoch received models: [np.int64(3), np.int64(0), np.int64(2), np.int64(6), np.int64(4), np.int64(6), np.int64(4), np.int64(4), np.int64(5), np.int64(6)]
hetero_proportion: 	4:3:3
TemporalSupport diagnostics: support_mean=0.597419, support_nonzero_ratio=1.000000, temporal_mean_l2=0.070527, memory_component_l2=0.016583, current_update_l2=0.265851, final_update_l2=0.231307
(0.4, 2, 2.120985)
(0.4, 3, 2.646356)
(0.4, 4, 4.64774)
(0.66, 2, 5.159621)
(0.66, 3, 5.528077)
(0.66, 4, 6.945581)
(1.0, 2, 11.424356)
Testing accuracy: 35.47
Full (1.0, 2) accuracy: 35.470001
********************************************************************************
Round 262
this epoch cost time:0.781998872756958
this epoch choose: [34, 84, 52, 90, 43, 63, 58, 42, 99, 78]
this epoch dispatch models: [0 6 5 3 5 3 0 2 6 0]
this epoch received models: [np.int64(0), np.int64(6), np.int64(5), np.int64(3), np.int64(5), np.int64(3), np.int64(0), np.int64(2), np.int64(6), np.int64(0)]
hetero_proportion: 	4:3:3
TemporalSupport diagnostics: support_mean=0.493815, support_nonzero_ratio=1.000000, temporal_mean_l2=0.073703, memory_component_l2=0.022791, current_update_l2=0.315958, final_update_l2=0.278293
(0.4, 2, 2.120985)
(0.4, 3, 2.646356)
(0.4, 4, 4.64774)
(0.66, 2, 5.159621)
(0.66, 3, 5.528077)
(0.66, 4, 6.945581)
(1.0, 2, 11.424356)
Testing accuracy: 35.58
Full (1.0, 2) accuracy: 35.580002
********************************************************************************
Round 263
this epoch cost time:0.7739996910095215
this epoch choose: [86, 62, 54, 99, 99, 81, 40, 1, 62, 42]
this epoch dispatch models: [4 5 3 4 6 0 4 2 0 3]
this epoch received models: [np.int64(4), np.int64(5), np.int64(3), np.int64(4), np.int64(6), np.int64(0), np.int64(4), np.int64(2), np.int64(0), np.int64(3)]
hetero_proportion: 	4:3:3
TemporalSupport diagnostics: support_mean=0.462552, support_nonzero_ratio=1.000000, temporal_mean_l2=0.078457, memory_component_l2=0.026347, current_update_l2=0.368484, final_update_l2=0.287687
(0.4, 2, 2.120985)
(0.4, 3, 2.646356)
(0.4, 4, 4.64774)
(0.66, 2, 5.159621)
(0.66, 3, 5.528077)
(0.66, 4, 6.945581)
(1.0, 2, 11.424356)
Testing accuracy: 35.47
Full (1.0, 2) accuracy: 35.470001
********************************************************************************
Round 264
this epoch cost time:0.8060009479522705
this epoch choose: [50, 56, 70, 42, 40, 54, 97, 96, 45, 67]
this epoch dispatch models: [5 4 0 4 4 4 1 5 5 0]
this epoch received models: [np.int64(5), np.int64(4), np.int64(0), np.int64(4), np.int64(4), np.int64(4), np.int64(1), np.int64(5), np.int64(5), np.int64(0)]
hetero_proportion: 	4:3:3
TemporalSupport diagnostics: support_mean=0.429388, support_nonzero_ratio=0.607963, temporal_mean_l2=0.074721, memory_component_l2=0.022965, current_update_l2=0.229531, final_update_l2=0.210268
(0.4, 2, 2.120985)
(0.4, 3, 2.646356)
(0.4, 4, 4.64774)
(0.66, 2, 5.159621)
(0.66, 3, 5.528077)
(0.66, 4, 6.945581)
(1.0, 2, 11.424356)
Testing accuracy: 35.73
Full (1.0, 2) accuracy: 35.730000
********************************************************************************
Round 265
this epoch cost time:0.8799998760223389
this epoch choose: [22, 42, 73, 52, 26, 68, 36, 55, 62, 72]
this epoch dispatch models: [1 4 4 5 0 5 2 4 2 3]
this epoch received models: [np.int64(1), np.int64(4), np.int64(4), np.int64(5), np.int64(0), np.int64(5), np.int64(2), np.int64(4), np.int64(2), np.int64(3)]
hetero_proportion: 	4:3:3
TemporalSupport diagnostics: support_mean=0.434297, support_nonzero_ratio=0.607963, temporal_mean_l2=0.081250, memory_component_l2=0.024454, current_update_l2=0.343006, final_update_l2=0.276630
(0.4, 2, 2.120985)
(0.4, 3, 2.646356)
(0.4, 4, 4.64774)
(0.66, 2, 5.159621)
(0.66, 3, 5.528077)
(0.66, 4, 6.945581)
(1.0, 2, 11.424356)
Testing accuracy: 36.18
Full (1.0, 2) accuracy: 36.180000
********************************************************************************
Round 266
this epoch cost time:1.0919992923736572
this epoch choose: [81, 60, 50, 81, 44, 52, 76, 51, 24, 83]
this epoch dispatch models: [6 4 1 4 5 3 0 4 0 4]
this epoch received models: [np.int64(6), np.int64(4), np.int64(1), np.int64(4), np.int64(5), np.int64(3), np.int64(0), np.int64(4), np.int64(0), np.int64(4)]
hetero_proportion: 	4:3:3
TemporalSupport diagnostics: support_mean=0.485207, support_nonzero_ratio=1.000000, temporal_mean_l2=0.076712, memory_component_l2=0.030796, current_update_l2=0.241888, final_update_l2=0.216851
(0.4, 2, 2.120985)
(0.4, 3, 2.646356)
(0.4, 4, 4.64774)
(0.66, 2, 5.159621)
(0.66, 3, 5.528077)
(0.66, 4, 6.945581)
(1.0, 2, 11.424356)
Testing accuracy: 36.02
Full (1.0, 2) accuracy: 36.020000
********************************************************************************
Round 267
this epoch cost time:1.0650005340576172
this epoch choose: [79, 59, 74, 54, 79, 60, 81, 2, 85, 41]
this epoch dispatch models: [4 4 0 2 5 1 6 2 6 5]
this epoch received models: [np.int64(4), np.int64(4), np.int64(0), np.int64(2), np.int64(5), np.int64(1), np.int64(6), np.int64(2), np.int64(6), np.int64(5)]
hetero_proportion: 	4:3:3
TemporalSupport diagnostics: support_mean=0.553881, support_nonzero_ratio=1.000000, temporal_mean_l2=0.074431, memory_component_l2=0.016076, current_update_l2=0.244834, final_update_l2=0.220977
(0.4, 2, 2.120985)
(0.4, 3, 2.646356)
(0.4, 4, 4.64774)
(0.66, 2, 5.159621)
(0.66, 3, 5.528077)
(0.66, 4, 6.945581)
(1.0, 2, 11.424356)
Testing accuracy: 36.07
Full (1.0, 2) accuracy: 36.070000
********************************************************************************
Round 268
this epoch cost time:0.8690006732940674
this epoch choose: [13, 91, 80, 76, 82, 79, 55, 92, 85, 77]
this epoch dispatch models: [2 6 1 5 4 1 2 5 5 4]
this epoch received models: [np.int64(2), np.int64(6), np.int64(1), np.int64(5), np.int64(4), np.int64(1), np.int64(2), np.int64(5), np.int64(5), np.int64(4)]
hetero_proportion: 	4:3:3
TemporalSupport diagnostics: support_mean=0.497697, support_nonzero_ratio=1.000000, temporal_mean_l2=0.069594, memory_component_l2=0.016363, current_update_l2=0.208807, final_update_l2=0.187503
(0.4, 2, 2.120985)
(0.4, 3, 2.646356)
(0.4, 4, 4.64774)
(0.66, 2, 5.159621)
(0.66, 3, 5.528077)
(0.66, 4, 6.945581)
(1.0, 2, 11.424356)
Testing accuracy: 35.42
Full (1.0, 2) accuracy: 35.419998
********************************************************************************
Round 269
this epoch cost time:1.2319996356964111
this epoch choose: [61, 61, 9, 82, 83, 52, 84, 65, 63, 93]
this epoch dispatch models: [4 4 1 2 6 3 4 2 1 4]
this epoch received models: [np.int64(4), np.int64(4), np.int64(1), np.int64(2), np.int64(6), np.int64(3), np.int64(4), np.int64(2), np.int64(1), np.int64(4)]
hetero_proportion: 	4:3:3
TemporalSupport diagnostics: support_mean=0.496565, support_nonzero_ratio=1.000000, temporal_mean_l2=0.066548, memory_component_l2=0.021248, current_update_l2=0.216460, final_update_l2=0.198246
(0.4, 2, 2.120985)
(0.4, 3, 2.646356)
(0.4, 4, 4.64774)
(0.66, 2, 5.159621)
(0.66, 3, 5.528077)
(0.66, 4, 6.945581)
(1.0, 2, 11.424356)
Testing accuracy: 34.96
Full (1.0, 2) accuracy: 34.959999
********************************************************************************
Round 270
this epoch cost time:1.0870006084442139
this epoch choose: [77, 76, 82, 70, 72, 97, 61, 76, 83, 94]
this epoch dispatch models: [0 5 3 1 4 6 0 0 4 1]
this epoch received models: [np.int64(0), np.int64(5), np.int64(3), np.int64(1), np.int64(4), np.int64(6), np.int64(0), np.int64(0), np.int64(4), np.int64(1)]
hetero_proportion: 	4:3:3
TemporalSupport diagnostics: support_mean=0.408485, support_nonzero_ratio=1.000000, temporal_mean_l2=0.070427, memory_component_l2=0.028599, current_update_l2=0.279569, final_update_l2=0.249429
(0.4, 2, 2.120985)
(0.4, 3, 2.646356)
(0.4, 4, 4.64774)
(0.66, 2, 5.159621)
(0.66, 3, 5.528077)
(0.66, 4, 6.945581)
(1.0, 2, 11.424356)
Testing accuracy: 34.78
Full (1.0, 2) accuracy: 34.779999
********************************************************************************
Round 271
this epoch cost time:1.0939998626708984
this epoch choose: [88, 97, 94, 98, 84, 78, 85, 50, 34, 83]
this epoch dispatch models: [6 3 4 1 6 3 6 4 2 4]
this epoch received models: [np.int64(6), np.int64(3), np.int64(4), np.int64(1), np.int64(6), np.int64(3), np.int64(6), np.int64(4), np.int64(2), np.int64(4)]
hetero_proportion: 	4:3:3
TemporalSupport diagnostics: support_mean=0.597880, support_nonzero_ratio=1.000000, temporal_mean_l2=0.064784, memory_component_l2=0.017273, current_update_l2=0.179712, final_update_l2=0.155692
(0.4, 2, 2.120985)
(0.4, 3, 2.646356)
(0.4, 4, 4.64774)
(0.66, 2, 5.159621)
(0.66, 3, 5.528077)
(0.66, 4, 6.945581)
(1.0, 2, 11.424356)
Testing accuracy: 34.87
Full (1.0, 2) accuracy: 34.869999
********************************************************************************
Round 272
this epoch cost time:0.8269996643066406
this epoch choose: [96, 67, 38, 88, 97, 50, 77, 74, 33, 32]
this epoch dispatch models: [6 2 2 6 1 0 0 4 0 2]
this epoch received models: [np.int64(6), np.int64(2), np.int64(2), np.int64(6), np.int64(1), np.int64(0), np.int64(0), np.int64(4), np.int64(0), np.int64(2)]
hetero_proportion: 	4:3:3
TemporalSupport diagnostics: support_mean=0.472336, support_nonzero_ratio=1.000000, temporal_mean_l2=0.066817, memory_component_l2=0.020269, current_update_l2=0.254130, final_update_l2=0.218181
(0.4, 2, 2.120985)
(0.4, 3, 2.646356)
(0.4, 4, 4.64774)
(0.66, 2, 5.159621)
(0.66, 3, 5.528077)
(0.66, 4, 6.945581)
(1.0, 2, 11.424356)
Testing accuracy: 35.18
Full (1.0, 2) accuracy: 35.180000
********************************************************************************
Round 273
this epoch cost time:0.8600008487701416
this epoch choose: [59, 40, 77, 96, 42, 90, 84, 58, 97, 45]
this epoch dispatch models: [3 5 2 1 5 5 6 2 3 0]
this epoch received models: [np.int64(3), np.int64(5), np.int64(2), np.int64(1), np.int64(5), np.int64(5), np.int64(6), np.int64(2), np.int64(3), np.int64(0)]
hetero_proportion: 	4:3:3
TemporalSupport diagnostics: support_mean=0.488347, support_nonzero_ratio=1.000000, temporal_mean_l2=0.064279, memory_component_l2=0.015437, current_update_l2=0.218311, final_update_l2=0.198767
(0.4, 2, 2.120985)
(0.4, 3, 2.646356)
(0.4, 4, 4.64774)
(0.66, 2, 5.159621)
(0.66, 3, 5.528077)
(0.66, 4, 6.945581)
(1.0, 2, 11.424356)
Testing accuracy: 35.18
Full (1.0, 2) accuracy: 35.180000
********************************************************************************
Round 274
this epoch cost time:1.0709996223449707
this epoch choose: [29, 72, 56, 26, 89, 70, 99, 80, 84, 80]
this epoch dispatch models: [0 3 2 2 0 3 5 6 5 5]
this epoch received models: [np.int64(0), np.int64(3), np.int64(2), np.int64(2), np.int64(0), np.int64(3), np.int64(5), np.int64(6), np.int64(5), np.int64(5)]
hetero_proportion: 	4:3:3
TemporalSupport diagnostics: support_mean=0.518896, support_nonzero_ratio=1.000000, temporal_mean_l2=0.063527, memory_component_l2=0.014391, current_update_l2=0.229123, final_update_l2=0.209427
(0.4, 2, 2.120985)
(0.4, 3, 2.646356)
(0.4, 4, 4.64774)
(0.66, 2, 5.159621)
(0.66, 3, 5.528077)
(0.66, 4, 6.945581)
(1.0, 2, 11.424356)
Testing accuracy: 35.61
Full (1.0, 2) accuracy: 35.610001
********************************************************************************
Round 275
this epoch cost time:0.8059990406036377
this epoch choose: [18, 82, 55, 43, 82, 14, 45, 97, 90, 98]
this epoch dispatch models: [0 6 0 3 0 1 1 6 3 4]
this epoch received models: [np.int64(0), np.int64(6), np.int64(0), np.int64(3), np.int64(0), np.int64(1), np.int64(1), np.int64(6), np.int64(3), np.int64(4)]
hetero_proportion: 	4:3:3
TemporalSupport diagnostics: support_mean=0.431201, support_nonzero_ratio=1.000000, temporal_mean_l2=0.070040, memory_component_l2=0.026839, current_update_l2=0.339888, final_update_l2=0.283414
(0.4, 2, 2.120985)
(0.4, 3, 2.646356)
(0.4, 4, 4.64774)
(0.66, 2, 5.159621)
(0.66, 3, 5.528077)
(0.66, 4, 6.945581)
(1.0, 2, 11.424356)
Testing accuracy: 35.22
Full (1.0, 2) accuracy: 35.220001
********************************************************************************
Round 276
this epoch cost time:1.0709993839263916
this epoch choose: [1, 56, 88, 69, 87, 6, 39, 82, 1, 80]
this epoch dispatch models: [0 3 5 1 5 2 0 6 0 6]
this epoch received models: [np.int64(0), np.int64(3), np.int64(5), np.int64(1), np.int64(5), np.int64(2), np.int64(0), np.int64(6), np.int64(0), np.int64(6)]
hetero_proportion: 	4:3:3
TemporalSupport diagnostics: support_mean=0.498703, support_nonzero_ratio=1.000000, temporal_mean_l2=0.070198, memory_component_l2=0.019799, current_update_l2=0.274345, final_update_l2=0.246253
(0.4, 2, 2.120985)
(0.4, 3, 2.646356)
(0.4, 4, 4.64774)
(0.66, 2, 5.159621)
(0.66, 3, 5.528077)
(0.66, 4, 6.945581)
(1.0, 2, 11.424356)
Testing accuracy: 35.21
Full (1.0, 2) accuracy: 35.209999
********************************************************************************
Round 277
this epoch cost time:0.8050005435943604
this epoch choose: [61, 59, 75, 96, 95, 6, 76, 91, 72, 42]
this epoch dispatch models: [4 5 1 5 6 2 6 0 6 1]
this epoch received models: [np.int64(4), np.int64(5), np.int64(1), np.int64(5), np.int64(6), np.int64(2), np.int64(6), np.int64(0), np.int64(6), np.int64(1)]
hetero_proportion: 	4:3:3
TemporalSupport diagnostics: support_mean=0.544691, support_nonzero_ratio=1.000000, temporal_mean_l2=0.069021, memory_component_l2=0.015160, current_update_l2=0.233738, final_update_l2=0.219363
(0.4, 2, 2.120985)
(0.4, 3, 2.646356)
(0.4, 4, 4.64774)
(0.66, 2, 5.159621)
(0.66, 3, 5.528077)
(0.66, 4, 6.945581)
(1.0, 2, 11.424356)
Testing accuracy: 34.91
Full (1.0, 2) accuracy: 34.910000
********************************************************************************
Round 278
this epoch cost time:0.742999792098999
this epoch choose: [73, 82, 82, 8, 16, 99, 88, 37, 66, 78]
this epoch dispatch models: [6 5 2 0 2 1 0 1 5 4]
this epoch received models: [np.int64(6), np.int64(5), np.int64(2), np.int64(0), np.int64(2), np.int64(1), np.int64(0), np.int64(1), np.int64(5), np.int64(4)]
hetero_proportion: 	4:3:3
TemporalSupport diagnostics: support_mean=0.428116, support_nonzero_ratio=1.000000, temporal_mean_l2=0.071035, memory_component_l2=0.018268, current_update_l2=0.287019, final_update_l2=0.265271
(0.4, 2, 2.120985)
(0.4, 3, 2.646356)
(0.4, 4, 4.64774)
(0.66, 2, 5.159621)
(0.66, 3, 5.528077)
(0.66, 4, 6.945581)
(1.0, 2, 11.424356)
Testing accuracy: 34.85
Full (1.0, 2) accuracy: 34.849998
********************************************************************************
Round 279
this epoch cost time:0.9109995365142822
this epoch choose: [43, 29, 3, 81, 84, 88, 51, 88, 89, 88]
this epoch dispatch models: [2 1 1 3 3 2 4 3 5 4]
this epoch received models: [np.int64(2), np.int64(1), np.int64(1), np.int64(3), np.int64(3), np.int64(2), np.int64(4), np.int64(3), np.int64(5), np.int64(4)]
hetero_proportion: 	4:3:3
TemporalSupport diagnostics: support_mean=0.415147, support_nonzero_ratio=0.607963, temporal_mean_l2=0.075540, memory_component_l2=0.020482, current_update_l2=0.303925, final_update_l2=0.264378
(0.4, 2, 2.120985)
(0.4, 3, 2.646356)
(0.4, 4, 4.64774)
(0.66, 2, 5.159621)
(0.66, 3, 5.528077)
(0.66, 4, 6.945581)
(1.0, 2, 11.424356)
Testing accuracy: 34.52
Full (1.0, 2) accuracy: 34.520000
********************************************************************************
Round 280
this epoch cost time:1.067000150680542
this epoch choose: [72, 87, 73, 81, 81, 59, 37, 82, 53, 99]
this epoch dispatch models: [3 4 1 4 6 5 1 6 1 3]
this epoch received models: [np.int64(3), np.int64(4), np.int64(1), np.int64(4), np.int64(6), np.int64(5), np.int64(1), np.int64(6), np.int64(1), np.int64(3)]
hetero_proportion: 	4:3:3
TemporalSupport diagnostics: support_mean=0.530449, support_nonzero_ratio=1.000000, temporal_mean_l2=0.071746, memory_component_l2=0.017579, current_update_l2=0.216772, final_update_l2=0.203173
(0.4, 2, 2.120985)
(0.4, 3, 2.646356)
(0.4, 4, 4.64774)
(0.66, 2, 5.159621)
(0.66, 3, 5.528077)
(0.66, 4, 6.945581)
(1.0, 2, 11.424356)
Testing accuracy: 35.07
Full (1.0, 2) accuracy: 35.070000
********************************************************************************
Round 281
this epoch cost time:0.9419999122619629
this epoch choose: [67, 69, 91, 9, 25, 66, 54, 78, 42, 79]
this epoch dispatch models: [0 4 5 2 1 4 4 4 3 5]
this epoch received models: [np.int64(0), np.int64(4), np.int64(5), np.int64(2), np.int64(1), np.int64(4), np.int64(4), np.int64(4), np.int64(3), np.int64(5)]
hetero_proportion: 	4:3:3
TemporalSupport diagnostics: support_mean=0.446702, support_nonzero_ratio=0.607963, temporal_mean_l2=0.070247, memory_component_l2=0.019878, current_update_l2=0.274633, final_update_l2=0.216311
(0.4, 2, 2.120985)
(0.4, 3, 2.646356)
(0.4, 4, 4.64774)
(0.66, 2, 5.159621)
(0.66, 3, 5.528077)
(0.66, 4, 6.945581)
(1.0, 2, 11.424356)
Testing accuracy: 35.62
Full (1.0, 2) accuracy: 35.619999
********************************************************************************
Round 282
this epoch cost time:0.9129996299743652
this epoch choose: [30, 80, 54, 77, 91, 50, 64, 26, 79, 19]
this epoch dispatch models: [1 3 5 6 2 0 4 1 2 0]
this epoch received models: [np.int64(1), np.int64(3), np.int64(5), np.int64(6), np.int64(2), np.int64(0), np.int64(4), np.int64(1), np.int64(2), np.int64(0)]
hetero_proportion: 	4:3:3
TemporalSupport diagnostics: support_mean=0.423156, support_nonzero_ratio=1.000000, temporal_mean_l2=0.069716, memory_component_l2=0.021001, current_update_l2=0.268280, final_update_l2=0.233863
(0.4, 2, 2.120985)
(0.4, 3, 2.646356)
(0.4, 4, 4.64774)
(0.66, 2, 5.159621)
(0.66, 3, 5.528077)
(0.66, 4, 6.945581)
(1.0, 2, 11.424356)
Testing accuracy: 35.77
Full (1.0, 2) accuracy: 35.770000
********************************************************************************
Round 283
this epoch cost time:1.1689999103546143
this epoch choose: [86, 59, 95, 93, 46, 0, 92, 85, 83, 79]
this epoch dispatch models: [3 3 2 6 1 0 6 3 5 6]
this epoch received models: [np.int64(3), np.int64(3), np.int64(2), np.int64(6), np.int64(1), np.int64(0), np.int64(6), np.int64(3), np.int64(5), np.int64(6)]
hetero_proportion: 	4:3:3
TemporalSupport diagnostics: support_mean=0.549065, support_nonzero_ratio=1.000000, temporal_mean_l2=0.067104, memory_component_l2=0.018066, current_update_l2=0.231015, final_update_l2=0.210922
(0.4, 2, 2.120985)
(0.4, 3, 2.646356)
(0.4, 4, 4.64774)
(0.66, 2, 5.159621)
(0.66, 3, 5.528077)
(0.66, 4, 6.945581)
(1.0, 2, 11.424356)
Testing accuracy: 35.30
Full (1.0, 2) accuracy: 35.299999
********************************************************************************
Round 284
this epoch cost time:0.8880000114440918
this epoch choose: [68, 71, 50, 86, 49, 41, 63, 67, 70, 61]
this epoch dispatch models: [3 5 4 2 4 3 3 4 1 3]
this epoch received models: [np.int64(3), np.int64(5), np.int64(4), np.int64(2), np.int64(4), np.int64(3), np.int64(3), np.int64(4), np.int64(1), np.int64(3)]
hetero_proportion: 	4:3:3
TemporalSupport diagnostics: support_mean=0.443703, support_nonzero_ratio=0.607963, temporal_mean_l2=0.065644, memory_component_l2=0.019756, current_update_l2=0.237519, final_update_l2=0.205875
(0.4, 2, 2.120985)
(0.4, 3, 2.646356)
(0.4, 4, 4.64774)
(0.66, 2, 5.159621)
(0.66, 3, 5.528077)
(0.66, 4, 6.945581)
(1.0, 2, 11.424356)
Testing accuracy: 35.60
Full (1.0, 2) accuracy: 35.599998
********************************************************************************
Round 285
this epoch cost time:0.9070000648498535
this epoch choose: [65, 71, 40, 77, 14, 74, 90, 58, 91, 87]
this epoch dispatch models: [1 4 1 0 1 2 6 3 5 6]
this epoch received models: [np.int64(1), np.int64(4), np.int64(1), np.int64(0), np.int64(1), np.int64(2), np.int64(6), np.int64(3), np.int64(5), np.int64(6)]
hetero_proportion: 	4:3:3
TemporalSupport diagnostics: support_mean=0.476767, support_nonzero_ratio=1.000000, temporal_mean_l2=0.064131, memory_component_l2=0.017435, current_update_l2=0.225357, final_update_l2=0.206405
(0.4, 2, 2.120985)
(0.4, 3, 2.646356)
(0.4, 4, 4.64774)
(0.66, 2, 5.159621)
(0.66, 3, 5.528077)
(0.66, 4, 6.945581)
(1.0, 2, 11.424356)
Testing accuracy: 34.88
Full (1.0, 2) accuracy: 34.880001
********************************************************************************
Round 286
this epoch cost time:1.0119996070861816
this epoch choose: [84, 57, 67, 40, 93, 79, 88, 45, 80, 62]
this epoch dispatch models: [0 3 4 3 5 6 3 4 5 1]
this epoch received models: [np.int64(0), np.int64(3), np.int64(4), np.int64(3), np.int64(5), np.int64(6), np.int64(3), np.int64(4), np.int64(5), np.int64(1)]
hetero_proportion: 	4:3:3
TemporalSupport diagnostics: support_mean=0.501169, support_nonzero_ratio=1.000000, temporal_mean_l2=0.061969, memory_component_l2=0.016903, current_update_l2=0.203230, final_update_l2=0.185593
(0.4, 2, 2.120985)
(0.4, 3, 2.646356)
(0.4, 4, 4.64774)
(0.66, 2, 5.159621)
(0.66, 3, 5.528077)
(0.66, 4, 6.945581)
(1.0, 2, 11.424356)
Testing accuracy: 34.91
Full (1.0, 2) accuracy: 34.910000
********************************************************************************
Round 287
this epoch cost time:1.068000078201294
this epoch choose: [47, 72, 77, 77, 95, 82, 95, 33, 67, 81]
this epoch dispatch models: [4 5 6 2 1 1 2 0 5 6]
this epoch received models: [np.int64(4), np.int64(5), np.int64(6), np.int64(2), np.int64(1), np.int64(1), np.int64(2), np.int64(0), np.int64(5), np.int64(6)]
hetero_proportion: 	4:3:3
TemporalSupport diagnostics: support_mean=0.545714, support_nonzero_ratio=1.000000, temporal_mean_l2=0.058441, memory_component_l2=0.012156, current_update_l2=0.176811, final_update_l2=0.165898
(0.4, 2, 2.120985)
(0.4, 3, 2.646356)
(0.4, 4, 4.64774)
(0.66, 2, 5.159621)
(0.66, 3, 5.528077)
(0.66, 4, 6.945581)
(1.0, 2, 11.424356)
Testing accuracy: 34.77
Full (1.0, 2) accuracy: 34.770000
********************************************************************************
Round 288
this epoch cost time:0.902998685836792
this epoch choose: [29, 6, 13, 78, 72, 65, 65, 50, 74, 58]
this epoch dispatch models: [0 2 1 4 5 0 1 3 6 4]
this epoch received models: [np.int64(0), np.int64(2), np.int64(1), np.int64(4), np.int64(5), np.int64(0), np.int64(1), np.int64(3), np.int64(6), np.int64(4)]
hetero_proportion: 	4:3:3
TemporalSupport diagnostics: support_mean=0.433583, support_nonzero_ratio=1.000000, temporal_mean_l2=0.063516, memory_component_l2=0.019099, current_update_l2=0.279710, final_update_l2=0.248311
(0.4, 2, 2.120985)
(0.4, 3, 2.646356)
(0.4, 4, 4.64774)
(0.66, 2, 5.159621)
(0.66, 3, 5.528077)
(0.66, 4, 6.945581)
(1.0, 2, 11.424356)
Testing accuracy: 34.86
Full (1.0, 2) accuracy: 34.860001
********************************************************************************
Round 289
this epoch cost time:1.2390007972717285
this epoch choose: [99, 43, 96, 8, 76, 0, 83, 7, 83, 93]
this epoch dispatch models: [4 3 4 0 6 2 4 1 6 6]
this epoch received models: [np.int64(4), np.int64(3), np.int64(4), np.int64(0), np.int64(6), np.int64(2), np.int64(4), np.int64(1), np.int64(6), np.int64(6)]
hetero_proportion: 	4:3:3
TemporalSupport diagnostics: support_mean=0.561008, support_nonzero_ratio=1.000000, temporal_mean_l2=0.066899, memory_component_l2=0.018646, current_update_l2=0.276575, final_update_l2=0.229185
(0.4, 2, 2.120985)
(0.4, 3, 2.646356)
(0.4, 4, 4.64774)
(0.66, 2, 5.159621)
(0.66, 3, 5.528077)
(0.66, 4, 6.945581)
(1.0, 2, 11.424356)
Testing accuracy: 35.07
Full (1.0, 2) accuracy: 35.070000
********************************************************************************
Round 290
this epoch cost time:0.9850006103515625
this epoch choose: [91, 2, 8, 43, 70, 4, 74, 61, 61, 2]
this epoch dispatch models: [0 0 0 3 6 1 3 3 4 1]
this epoch received models: [np.int64(0), np.int64(0), np.int64(0), np.int64(3), np.int64(6), np.int64(1), np.int64(3), np.int64(3), np.int64(4), np.int64(1)]
hetero_proportion: 	4:3:3
TemporalSupport diagnostics: support_mean=0.397986, support_nonzero_ratio=1.000000, temporal_mean_l2=0.073497, memory_component_l2=0.031769, current_update_l2=0.341655, final_update_l2=0.280673
(0.4, 2, 2.120985)
(0.4, 3, 2.646356)
(0.4, 4, 4.64774)
(0.66, 2, 5.159621)
(0.66, 3, 5.528077)
(0.66, 4, 6.945581)
(1.0, 2, 11.424356)
Testing accuracy: 34.93
Full (1.0, 2) accuracy: 34.930000
********************************************************************************
Round 291
this epoch cost time:0.8689994812011719
this epoch choose: [79, 1, 75, 53, 60, 25, 78, 37, 74, 70]
this epoch dispatch models: [3 1 3 4 1 1 6 0 1 1]
this epoch received models: [np.int64(3), np.int64(1), np.int64(3), np.int64(4), np.int64(1), np.int64(1), np.int64(6), np.int64(0), np.int64(1), np.int64(1)]
hetero_proportion: 	4:3:3
TemporalSupport diagnostics: support_mean=0.357856, support_nonzero_ratio=1.000000, temporal_mean_l2=0.075298, memory_component_l2=0.031483, current_update_l2=0.354632, final_update_l2=0.270207
(0.4, 2, 2.120985)
(0.4, 3, 2.646356)
(0.4, 4, 4.64774)
(0.66, 2, 5.159621)
(0.66, 3, 5.528077)
(0.66, 4, 6.945581)
(1.0, 2, 11.424356)
Testing accuracy: 34.88
Full (1.0, 2) accuracy: 34.880001
********************************************************************************
Round 292
this epoch cost time:0.7789993286132812
this epoch choose: [66, 56, 96, 29, 23, 26, 65, 7, 30, 87]
this epoch dispatch models: [0 3 5 2 0 2 4 2 0 6]
this epoch received models: [np.int64(0), np.int64(3), np.int64(5), np.int64(2), np.int64(0), np.int64(2), np.int64(4), np.int64(2), np.int64(0), np.int64(6)]
hetero_proportion: 	4:3:3
TemporalSupport diagnostics: support_mean=0.407563, support_nonzero_ratio=1.000000, temporal_mean_l2=0.083396, memory_component_l2=0.027650, current_update_l2=0.356104, final_update_l2=0.304801
(0.4, 2, 2.120985)
(0.4, 3, 2.646356)
(0.4, 4, 4.64774)
(0.66, 2, 5.159621)
(0.66, 3, 5.528077)
(0.66, 4, 6.945581)
(1.0, 2, 11.424356)
Testing accuracy: 35.30
Full (1.0, 2) accuracy: 35.299999
********************************************************************************
Round 293
this epoch cost time:0.8069915771484375
this epoch choose: [89, 57, 42, 42, 60, 52, 47, 2, 72, 51]
this epoch dispatch models: [2 1 5 0 3 1 3 2 2 3]
this epoch received models: [np.int64(2), np.int64(1), np.int64(5), np.int64(0), np.int64(3), np.int64(1), np.int64(3), np.int64(2), np.int64(2), np.int64(3)]
hetero_proportion: 	4:3:3
TemporalSupport diagnostics: support_mean=0.381988, support_nonzero_ratio=0.607963, temporal_mean_l2=0.082899, memory_component_l2=0.029161, current_update_l2=0.312434, final_update_l2=0.250333
(0.4, 2, 2.120985)
(0.4, 3, 2.646356)
(0.4, 4, 4.64774)
(0.66, 2, 5.159621)
(0.66, 3, 5.528077)
(0.66, 4, 6.945581)
(1.0, 2, 11.424356)
Testing accuracy: 35.12
Full (1.0, 2) accuracy: 35.119999
********************************************************************************
Round 294
this epoch cost time:0.9819996356964111
this epoch choose: [72, 81, 11, 88, 51, 27, 54, 22, 59, 97]
this epoch dispatch models: [5 2 2 3 3 0 4 1 4 5]
this epoch received models: [np.int64(5), np.int64(2), np.int64(2), np.int64(3), np.int64(3), np.int64(0), np.int64(4), np.int64(1), np.int64(4), np.int64(5)]
hetero_proportion: 	4:3:3
TemporalSupport diagnostics: support_mean=0.429624, support_nonzero_ratio=0.607963, temporal_mean_l2=0.082942, memory_component_l2=0.027683, current_update_l2=0.296772, final_update_l2=0.238379
(0.4, 2, 2.120985)
(0.4, 3, 2.646356)
(0.4, 4, 4.64774)
(0.66, 2, 5.159621)
(0.66, 3, 5.528077)
(0.66, 4, 6.945581)
(1.0, 2, 11.424356)
Testing accuracy: 35.70
Full (1.0, 2) accuracy: 35.700001
********************************************************************************
Round 295
this epoch cost time:0.8710043430328369
this epoch choose: [91, 12, 43, 40, 92, 49, 8, 93, 56, 19]
this epoch dispatch models: [5 1 3 1 1 4 1 5 1 0]
this epoch received models: [np.int64(5), np.int64(1), np.int64(3), np.int64(1), np.int64(1), np.int64(4), np.int64(1), np.int64(5), np.int64(1), np.int64(0)]
hetero_proportion: 	4:3:3
TemporalSupport diagnostics: support_mean=0.341800, support_nonzero_ratio=0.607963, temporal_mean_l2=0.080497, memory_component_l2=0.037910, current_update_l2=0.260259, final_update_l2=0.237257
(0.4, 2, 2.120985)
(0.4, 3, 2.646356)
(0.4, 4, 4.64774)
(0.66, 2, 5.159621)
(0.66, 3, 5.528077)
(0.66, 4, 6.945581)
(1.0, 2, 11.424356)
Testing accuracy: 35.61
Full (1.0, 2) accuracy: 35.610001
********************************************************************************
Round 296
this epoch cost time:0.8829994201660156
this epoch choose: [54, 71, 95, 58, 62, 7, 75, 11, 84, 52]
this epoch dispatch models: [3 6 0 3 4 0 2 0 6 5]
this epoch received models: [np.int64(3), np.int64(6), np.int64(0), np.int64(3), np.int64(4), np.int64(0), np.int64(2), np.int64(0), np.int64(6), np.int64(5)]
hetero_proportion: 	4:3:3
TemporalSupport diagnostics: support_mean=0.490863, support_nonzero_ratio=1.000000, temporal_mean_l2=0.077510, memory_component_l2=0.027913, current_update_l2=0.259996, final_update_l2=0.231122
(0.4, 2, 2.120985)
(0.4, 3, 2.646356)
(0.4, 4, 4.64774)
(0.66, 2, 5.159621)
(0.66, 3, 5.528077)
(0.66, 4, 6.945581)
(1.0, 2, 11.424356)
Testing accuracy: 35.30
Full (1.0, 2) accuracy: 35.299999
********************************************************************************
Round 297
this epoch cost time:0.8109996318817139
this epoch choose: [90, 77, 85, 51, 73, 43, 25, 43, 95, 86]
this epoch dispatch models: [4 6 0 3 6 4 2 3 1 3]
this epoch received models: [np.int64(4), np.int64(6), np.int64(0), np.int64(3), np.int64(6), np.int64(4), np.int64(2), np.int64(3), np.int64(1), np.int64(3)]
hetero_proportion: 	4:3:3
TemporalSupport diagnostics: support_mean=0.507447, support_nonzero_ratio=1.000000, temporal_mean_l2=0.079721, memory_component_l2=0.032582, current_update_l2=0.321682, final_update_l2=0.226734
(0.4, 2, 2.120985)
(0.4, 3, 2.646356)
(0.4, 4, 4.64774)
(0.66, 2, 5.159621)
(0.66, 3, 5.528077)
(0.66, 4, 6.945581)
(1.0, 2, 11.424356)
Testing accuracy: 35.25
Full (1.0, 2) accuracy: 35.250000
********************************************************************************
Round 298
this epoch cost time:0.8810007572174072
this epoch choose: [73, 45, 90, 91, 87, 54, 36, 91, 32, 67]
this epoch dispatch models: [6 5 5 3 5 4 2 2 1 0]
this epoch received models: [np.int64(6), np.int64(5), np.int64(5), np.int64(3), np.int64(5), np.int64(4), np.int64(2), np.int64(2), np.int64(1), np.int64(0)]
hetero_proportion: 	4:3:3
TemporalSupport diagnostics: support_mean=0.504644, support_nonzero_ratio=1.000000, temporal_mean_l2=0.076590, memory_component_l2=0.018638, current_update_l2=0.234367, final_update_l2=0.208180
(0.4, 2, 2.120985)
(0.4, 3, 2.646356)
(0.4, 4, 4.64774)
(0.66, 2, 5.159621)
(0.66, 3, 5.528077)
(0.66, 4, 6.945581)
(1.0, 2, 11.424356)
Testing accuracy: 35.57
Full (1.0, 2) accuracy: 35.570000
********************************************************************************
Round 299
this epoch cost time:1.071000337600708
this epoch choose: [67, 95, 31, 92, 4, 92, 56, 97, 24, 80]
this epoch dispatch models: [5 5 2 0 0 2 3 2 1 6]
this epoch received models: [np.int64(5), np.int64(5), np.int64(2), np.int64(0), np.int64(0), np.int64(2), np.int64(3), np.int64(2), np.int64(1), np.int64(6)]
hetero_proportion: 	4:3:3
TemporalSupport diagnostics: support_mean=0.463060, support_nonzero_ratio=1.000000, temporal_mean_l2=0.073428, memory_component_l2=0.021086, current_update_l2=0.249041, final_update_l2=0.222771
(0.4, 2, 2.120985)
(0.4, 3, 2.646356)
(0.4, 4, 4.64774)
(0.66, 2, 5.159621)
(0.66, 3, 5.528077)
(0.66, 4, 6.945581)
(1.0, 2, 11.424356)
Testing accuracy: 36.15
Full (1.0, 2) accuracy: 36.150002
********************************************************************************
Round 300
this epoch cost time:0.7019989490509033
this epoch choose: [62, 62, 58, 94, 84, 95, 89, 64, 86, 64]
this epoch dispatch models: [5 3 0 6 1 5 6 4 0 3]
this epoch received models: [np.int64(5), np.int64(3), np.int64(0), np.int64(6), np.int64(1), np.int64(5), np.int64(6), np.int64(4), np.int64(0), np.int64(3)]
hetero_proportion: 	4:3:3
TemporalSupport diagnostics: support_mean=0.497820, support_nonzero_ratio=1.000000, temporal_mean_l2=0.075727, memory_component_l2=0.026743, current_update_l2=0.297987, final_update_l2=0.265384
(0.4, 2, 2.120985)
(0.4, 3, 2.646356)
(0.4, 4, 4.64774)
(0.66, 2, 5.159621)
(0.66, 3, 5.528077)
(0.66, 4, 6.945581)
(1.0, 2, 11.424356)
Testing accuracy: 35.73
Full (1.0, 2) accuracy: 35.730000
********************************************************************************
Round 301
this epoch cost time:0.8009994029998779
this epoch choose: [11, 67, 99, 55, 93, 62, 96, 61, 22, 77]
this epoch dispatch models: [0 5 4 4 4 2 4 3 0 0]
this epoch received models: [np.int64(0), np.int64(5), np.int64(4), np.int64(4), np.int64(4), np.int64(2), np.int64(4), np.int64(3), np.int64(0), np.int64(0)]
hetero_proportion: 	4:3:3
TemporalSupport diagnostics: support_mean=0.389396, support_nonzero_ratio=0.607963, temporal_mean_l2=0.073168, memory_component_l2=0.028377, current_update_l2=0.241951, final_update_l2=0.215546
(0.4, 2, 2.120985)
(0.4, 3, 2.646356)
(0.4, 4, 4.64774)
(0.66, 2, 5.159621)
(0.66, 3, 5.528077)
(0.66, 4, 6.945581)
(1.0, 2, 11.424356)
Testing accuracy: 35.94
Full (1.0, 2) accuracy: 35.939999
********************************************************************************
Round 302
this epoch cost time:1.0149989128112793
this epoch choose: [81, 14, 30, 72, 89, 55, 96, 57, 68, 38]
this epoch dispatch models: [5 1 2 6 4 0 4 4 0 2]
this epoch received models: [np.int64(5), np.int64(1), np.int64(2), np.int64(6), np.int64(4), np.int64(0), np.int64(4), np.int64(4), np.int64(0), np.int64(2)]
hetero_proportion: 	4:3:3
TemporalSupport diagnostics: support_mean=0.425970, support_nonzero_ratio=1.000000, temporal_mean_l2=0.076734, memory_component_l2=0.026806, current_update_l2=0.314982, final_update_l2=0.256332
(0.4, 2, 2.120985)
(0.4, 3, 2.646356)
(0.4, 4, 4.64774)
(0.66, 2, 5.159621)
(0.66, 3, 5.528077)
(0.66, 4, 6.945581)
(1.0, 2, 11.424356)
Testing accuracy: 35.84
Full (1.0, 2) accuracy: 35.840000
********************************************************************************
Round 303
this epoch cost time:1.2370007038116455
this epoch choose: [42, 88, 93, 47, 83, 69, 63, 45, 40, 50]
this epoch dispatch models: [0 5 4 1 6 5 5 0 1 2]
this epoch received models: [np.int64(0), np.int64(5), np.int64(4), np.int64(1), np.int64(6), np.int64(5), np.int64(5), np.int64(0), np.int64(1), np.int64(2)]
hetero_proportion: 	4:3:3
TemporalSupport diagnostics: support_mean=0.494746, support_nonzero_ratio=1.000000, temporal_mean_l2=0.070587, memory_component_l2=0.019716, current_update_l2=0.213550, final_update_l2=0.190826
(0.4, 2, 2.120985)
(0.4, 3, 2.646356)
(0.4, 4, 4.64774)
(0.66, 2, 5.159621)
(0.66, 3, 5.528077)
(0.66, 4, 6.945581)
(1.0, 2, 11.424356)
Testing accuracy: 35.81
Full (1.0, 2) accuracy: 35.810001
********************************************************************************
Round 304
this epoch cost time:0.9919998645782471
this epoch choose: [70, 72, 2, 47, 16, 38, 75, 79, 88, 74]
this epoch dispatch models: [4 3 0 1 1 2 6 6 6 6]
this epoch received models: [np.int64(4), np.int64(3), np.int64(0), np.int64(1), np.int64(1), np.int64(2), np.int64(6), np.int64(6), np.int64(6), np.int64(6)]
hetero_proportion: 	4:3:3
TemporalSupport diagnostics: support_mean=0.620727, support_nonzero_ratio=1.000000, temporal_mean_l2=0.064248, memory_component_l2=0.015663, current_update_l2=0.172762, final_update_l2=0.165043
(0.4, 2, 2.120985)
(0.4, 3, 2.646356)
(0.4, 4, 4.64774)
(0.66, 2, 5.159621)
(0.66, 3, 5.528077)
(0.66, 4, 6.945581)
(1.0, 2, 11.424356)
Testing accuracy: 35.63
Full (1.0, 2) accuracy: 35.630001
********************************************************************************
Round 305
this epoch cost time:0.9439990520477295
this epoch choose: [95, 75, 85, 93, 74, 21, 84, 90, 80, 19]
this epoch dispatch models: [3 4 5 0 6 1 6 6 4 1]
this epoch received models: [np.int64(3), np.int64(4), np.int64(5), np.int64(0), np.int64(6), np.int64(1), np.int64(6), np.int64(6), np.int64(4), np.int64(1)]
hetero_proportion: 	4:3:3
TemporalSupport diagnostics: support_mean=0.586550, support_nonzero_ratio=1.000000, temporal_mean_l2=0.061628, memory_component_l2=0.015510, current_update_l2=0.202355, final_update_l2=0.192719
(0.4, 2, 2.120985)
(0.4, 3, 2.646356)
(0.4, 4, 4.64774)
(0.66, 2, 5.159621)
(0.66, 3, 5.528077)
(0.66, 4, 6.945581)
(1.0, 2, 11.424356)
Testing accuracy: 35.59
Full (1.0, 2) accuracy: 35.590000
********************************************************************************
Round 306
this epoch cost time:0.9389989376068115
this epoch choose: [48, 20, 10, 92, 79, 56, 30, 45, 82, 40]
this epoch dispatch models: [5 1 1 4 5 5 0 2 1 2]
this epoch received models: [np.int64(5), np.int64(1), np.int64(1), np.int64(4), np.int64(5), np.int64(5), np.int64(0), np.int64(2), np.int64(1), np.int64(2)]
hetero_proportion: 	4:3:3
TemporalSupport diagnostics: support_mean=0.405580, support_nonzero_ratio=0.607963, temporal_mean_l2=0.064617, memory_component_l2=0.014898, current_update_l2=0.262136, final_update_l2=0.242367
(0.4, 2, 2.120985)
(0.4, 3, 2.646356)
(0.4, 4, 4.64774)
(0.66, 2, 5.159621)
(0.66, 3, 5.528077)
(0.66, 4, 6.945581)
(1.0, 2, 11.424356)
Testing accuracy: 36.00
Full (1.0, 2) accuracy: 36.000000
********************************************************************************
Round 307
this epoch cost time:0.9680004119873047
this epoch choose: [50, 35, 94, 70, 39, 9, 54, 19, 87, 62]
this epoch dispatch models: [5 2 5 5 1 1 0 2 6 5]
this epoch received models: [np.int64(5), np.int64(2), np.int64(5), np.int64(5), np.int64(1), np.int64(1), np.int64(0), np.int64(2), np.int64(6), np.int64(5)]
hetero_proportion: 	4:3:3
TemporalSupport diagnostics: support_mean=0.468615, support_nonzero_ratio=1.000000, temporal_mean_l2=0.068869, memory_component_l2=0.013639, current_update_l2=0.270878, final_update_l2=0.247723
(0.4, 2, 2.120985)
(0.4, 3, 2.646356)
(0.4, 4, 4.64774)
(0.66, 2, 5.159621)
(0.66, 3, 5.528077)
(0.66, 4, 6.945581)
(1.0, 2, 11.424356)
Testing accuracy: 36.12
Full (1.0, 2) accuracy: 36.119999
********************************************************************************
Round 308
this epoch cost time:0.9070010185241699
this epoch choose: [57, 13, 94, 74, 87, 60, 8, 91, 51, 70]
this epoch dispatch models: [2 0 3 6 2 4 0 6 5 3]
this epoch received models: [np.int64(2), np.int64(0), np.int64(3), np.int64(6), np.int64(2), np.int64(4), np.int64(0), np.int64(6), np.int64(5), np.int64(3)]
hetero_proportion: 	4:3:3
TemporalSupport diagnostics: support_mean=0.520286, support_nonzero_ratio=1.000000, temporal_mean_l2=0.066288, memory_component_l2=0.018929, current_update_l2=0.229457, final_update_l2=0.205956
(0.4, 2, 2.120985)
(0.4, 3, 2.646356)
(0.4, 4, 4.64774)
(0.66, 2, 5.159621)
(0.66, 3, 5.528077)
(0.66, 4, 6.945581)
(1.0, 2, 11.424356)
Testing accuracy: 36.06
Full (1.0, 2) accuracy: 36.060001
********************************************************************************
Round 309
this epoch cost time:0.9009997844696045
this epoch choose: [68, 42, 5, 92, 52, 90, 45, 94, 63, 64]
this epoch dispatch models: [1 4 0 0 4 6 1 2 4 0]
this epoch received models: [np.int64(1), np.int64(4), np.int64(0), np.int64(0), np.int64(4), np.int64(6), np.int64(1), np.int64(2), np.int64(4), np.int64(0)]
hetero_proportion: 	4:3:3
TemporalSupport diagnostics: support_mean=0.393599, support_nonzero_ratio=1.000000, temporal_mean_l2=0.065372, memory_component_l2=0.025210, current_update_l2=0.240010, final_update_l2=0.217044
(0.4, 2, 2.120985)
(0.4, 3, 2.646356)
(0.4, 4, 4.64774)
(0.66, 2, 5.159621)
(0.66, 3, 5.528077)
(0.66, 4, 6.945581)
(1.0, 2, 11.424356)
Testing accuracy: 36.11
Full (1.0, 2) accuracy: 36.110001
********************************************************************************
Round 310
this epoch cost time:0.8719995021820068
this epoch choose: [99, 95, 62, 97, 94, 64, 80, 91, 82, 47]
this epoch dispatch models: [4 3 5 6 3 1 1 3 4 1]
this epoch received models: [np.int64(4), np.int64(3), np.int64(5), np.int64(6), np.int64(3), np.int64(1), np.int64(1), np.int64(3), np.int64(4), np.int64(1)]
hetero_proportion: 	4:3:3
TemporalSupport diagnostics: support_mean=0.459397, support_nonzero_ratio=1.000000, temporal_mean_l2=0.061356, memory_component_l2=0.021165, current_update_l2=0.170298, final_update_l2=0.151685
(0.4, 2, 2.120985)
(0.4, 3, 2.646356)
(0.4, 4, 4.64774)
(0.66, 2, 5.159621)
(0.66, 3, 5.528077)
(0.66, 4, 6.945581)
(1.0, 2, 11.424356)
Testing accuracy: 35.42
Full (1.0, 2) accuracy: 35.419998
********************************************************************************
Round 311
this epoch cost time:1.0149991512298584
this epoch choose: [43, 81, 47, 51, 48, 42, 34, 78, 85, 26]
this epoch dispatch models: [1 5 3 3 0 4 0 2 4 0]
this epoch received models: [np.int64(1), np.int64(5), np.int64(3), np.int64(3), np.int64(0), np.int64(4), np.int64(0), np.int64(2), np.int64(4), np.int64(0)]
hetero_proportion: 	4:3:3
TemporalSupport diagnostics: support_mean=0.367977, support_nonzero_ratio=0.607963, temporal_mean_l2=0.062377, memory_component_l2=0.023256, current_update_l2=0.250203, final_update_l2=0.226442
(0.4, 2, 2.120985)
(0.4, 3, 2.646356)
(0.4, 4, 4.64774)
(0.66, 2, 5.159621)
(0.66, 3, 5.528077)
(0.66, 4, 6.945581)
(1.0, 2, 11.424356)
Testing accuracy: 35.30
Full (1.0, 2) accuracy: 35.299999
********************************************************************************
Round 312
this epoch cost time:0.8579998016357422
this epoch choose: [7, 77, 93, 38, 41, 76, 82, 55, 63, 94]
this epoch dispatch models: [1 6 4 1 0 5 6 5 5 6]
this epoch received models: [np.int64(1), np.int64(6), np.int64(4), np.int64(1), np.int64(0), np.int64(5), np.int64(6), np.int64(5), np.int64(5), np.int64(6)]
hetero_proportion: 	4:3:3
TemporalSupport diagnostics: support_mean=0.580067, support_nonzero_ratio=1.000000, temporal_mean_l2=0.062172, memory_component_l2=0.012048, current_update_l2=0.224310, final_update_l2=0.211663
(0.4, 2, 2.120985)
(0.4, 3, 2.646356)
(0.4, 4, 4.64774)
(0.66, 2, 5.159621)
(0.66, 3, 5.528077)
(0.66, 4, 6.945581)
(1.0, 2, 11.424356)
Testing accuracy: 35.38
Full (1.0, 2) accuracy: 35.380001
********************************************************************************
Round 313
this epoch cost time:0.935999870300293
this epoch choose: [43, 29, 37, 84, 72, 40, 25, 73, 48, 54]
this epoch dispatch models: [3 1 1 3 0 5 0 6 5 4]
this epoch received models: [np.int64(3), np.int64(1), np.int64(1), np.int64(3), np.int64(0), np.int64(5), np.int64(0), np.int64(6), np.int64(5), np.int64(4)]
hetero_proportion: 	4:3:3
TemporalSupport diagnostics: support_mean=0.453817, support_nonzero_ratio=1.000000, temporal_mean_l2=0.060469, memory_component_l2=0.018594, current_update_l2=0.227108, final_update_l2=0.198844
(0.4, 2, 2.120985)
(0.4, 3, 2.646356)
(0.4, 4, 4.64774)
(0.66, 2, 5.159621)
(0.66, 3, 5.528077)
(0.66, 4, 6.945581)
(1.0, 2, 11.424356)
Testing accuracy: 35.28
Full (1.0, 2) accuracy: 35.279999
********************************************************************************
Round 314
this epoch cost time:0.9099998474121094
this epoch choose: [47, 64, 96, 57, 74, 50, 54, 9, 39, 76]
this epoch dispatch models: [1 0 4 3 6 4 4 1 0 5]
this epoch received models: [np.int64(1), np.int64(0), np.int64(4), np.int64(3), np.int64(6), np.int64(4), np.int64(4), np.int64(1), np.int64(0), np.int64(5)]
hetero_proportion: 	4:3:3
TemporalSupport diagnostics: support_mean=0.450493, support_nonzero_ratio=1.000000, temporal_mean_l2=0.057092, memory_component_l2=0.018483, current_update_l2=0.169520, final_update_l2=0.156295
(0.4, 2, 2.120985)
(0.4, 3, 2.646356)
(0.4, 4, 4.64774)
(0.66, 2, 5.159621)
(0.66, 3, 5.528077)
(0.66, 4, 6.945581)
(1.0, 2, 11.424356)
Testing accuracy: 35.45
Full (1.0, 2) accuracy: 35.450001
********************************************************************************
Round 315
this epoch cost time:0.9550004005432129
this epoch choose: [65, 72, 69, 78, 69, 90, 55, 56, 88, 86]
this epoch dispatch models: [1 4 2 3 2 5 1 0 6 6]
this epoch received models: [np.int64(1), np.int64(4), np.int64(2), np.int64(3), np.int64(2), np.int64(5), np.int64(1), np.int64(0), np.int64(6), np.int64(6)]
hetero_proportion: 	4:3:3
TemporalSupport diagnostics: support_mean=0.498552, support_nonzero_ratio=1.000000, temporal_mean_l2=0.053102, memory_component_l2=0.011104, current_update_l2=0.160350, final_update_l2=0.149903
(0.4, 2, 2.120985)
(0.4, 3, 2.646356)
(0.4, 4, 4.64774)
(0.66, 2, 5.159621)
(0.66, 3, 5.528077)
(0.66, 4, 6.945581)
(1.0, 2, 11.424356)
Testing accuracy: 35.11
Full (1.0, 2) accuracy: 35.110001
********************************************************************************
Round 316
this epoch cost time:0.8459987640380859
this epoch choose: [60, 51, 72, 45, 52, 67, 9, 35, 53, 29]
this epoch dispatch models: [2 3 3 1 3 5 0 2 3 0]
this epoch received models: [np.int64(2), np.int64(3), np.int64(3), np.int64(1), np.int64(3), np.int64(5), np.int64(0), np.int64(2), np.int64(3), np.int64(0)]
hetero_proportion: 	4:3:3
TemporalSupport diagnostics: support_mean=0.378987, support_nonzero_ratio=0.607963, temporal_mean_l2=0.060203, memory_component_l2=0.023891, current_update_l2=0.302769, final_update_l2=0.215064
(0.4, 2, 2.120985)
(0.4, 3, 2.646356)
(0.4, 4, 4.64774)
(0.66, 2, 5.159621)
(0.66, 3, 5.528077)
(0.66, 4, 6.945581)
(1.0, 2, 11.424356)
Testing accuracy: 35.32
Full (1.0, 2) accuracy: 35.320000
********************************************************************************
Round 317
this epoch cost time:0.9979984760284424
this epoch choose: [97, 49, 48, 89, 76, 41, 20, 71, 46, 75]
this epoch dispatch models: [2 5 5 3 6 5 1 5 2 6]
this epoch received models: [np.int64(2), np.int64(5), np.int64(5), np.int64(3), np.int64(6), np.int64(5), np.int64(1), np.int64(5), np.int64(2), np.int64(6)]
hetero_proportion: 	4:3:3
TemporalSupport diagnostics: support_mean=0.597083, support_nonzero_ratio=1.000000, temporal_mean_l2=0.057608, memory_component_l2=0.006771, current_update_l2=0.171303, final_update_l2=0.164127
(0.4, 2, 2.120985)
(0.4, 3, 2.646356)
(0.4, 4, 4.64774)
(0.66, 2, 5.159621)
(0.66, 3, 5.528077)
(0.66, 4, 6.945581)
(1.0, 2, 11.424356)
Testing accuracy: 35.37
Full (1.0, 2) accuracy: 35.369999
********************************************************************************
Round 318
this epoch cost time:1.0890004634857178
this epoch choose: [43, 46, 10, 79, 55, 83, 84, 27, 45, 56]
this epoch dispatch models: [5 1 1 3 4 4 4 2 3 2]
this epoch received models: [np.int64(5), np.int64(1), np.int64(1), np.int64(3), np.int64(4), np.int64(4), np.int64(4), np.int64(2), np.int64(3), np.int64(2)]
hetero_proportion: 	4:3:3
TemporalSupport diagnostics: support_mean=0.424011, support_nonzero_ratio=0.607963, temporal_mean_l2=0.059256, memory_component_l2=0.019751, current_update_l2=0.237699, final_update_l2=0.192168
(0.4, 2, 2.120985)
(0.4, 3, 2.646356)
(0.4, 4, 4.64774)
(0.66, 2, 5.159621)
(0.66, 3, 5.528077)
(0.66, 4, 6.945581)
(1.0, 2, 11.424356)
Testing accuracy: 35.64
Full (1.0, 2) accuracy: 35.639999
********************************************************************************
Round 319
this epoch cost time:1.0720000267028809
this epoch choose: [81, 81, 52, 77, 80, 21, 76, 84, 85, 90]
this epoch dispatch models: [5 4 3 0 6 2 5 5 1 1]
this epoch received models: [np.int64(5), np.int64(4), np.int64(3), np.int64(0), np.int64(6), np.int64(2), np.int64(5), np.int64(5), np.int64(1), np.int64(1)]
hetero_proportion: 	4:3:3
TemporalSupport diagnostics: support_mean=0.497815, support_nonzero_ratio=1.000000, temporal_mean_l2=0.062372, memory_component_l2=0.017130, current_update_l2=0.244863, final_update_l2=0.209991
(0.4, 2, 2.120985)
(0.4, 3, 2.646356)
(0.4, 4, 4.64774)
(0.66, 2, 5.159621)
(0.66, 3, 5.528077)
(0.66, 4, 6.945581)
(1.0, 2, 11.424356)
Testing accuracy: 35.07
Full (1.0, 2) accuracy: 35.070000
********************************************************************************
Round 320
this epoch cost time:0.9340000152587891
this epoch choose: [99, 2, 27, 40, 61, 75, 4, 97, 43, 46]
this epoch dispatch models: [3 1 1 1 1 5 0 5 5 0]
this epoch received models: [np.int64(3), np.int64(1), np.int64(1), np.int64(1), np.int64(1), np.int64(5), np.int64(0), np.int64(5), np.int64(5), np.int64(0)]
hetero_proportion: 	4:3:3
TemporalSupport diagnostics: support_mean=0.363881, support_nonzero_ratio=0.607963, temporal_mean_l2=0.064623, memory_component_l2=0.024306, current_update_l2=0.262325, final_update_l2=0.234293
(0.4, 2, 2.120985)
(0.4, 3, 2.646356)
(0.4, 4, 4.64774)
(0.66, 2, 5.159621)
(0.66, 3, 5.528077)
(0.66, 4, 6.945581)
(1.0, 2, 11.424356)
Testing accuracy: 35.17
Full (1.0, 2) accuracy: 35.169998
********************************************************************************
Round 321
this epoch cost time:0.9300005435943604
this epoch choose: [63, 87, 62, 48, 71, 8, 65, 40, 91, 87]
this epoch dispatch models: [0 6 5 5 5 0 1 2 6 4]
this epoch received models: [np.int64(0), np.int64(6), np.int64(5), np.int64(5), np.int64(5), np.int64(0), np.int64(1), np.int64(2), np.int64(6), np.int64(4)]
hetero_proportion: 	4:3:3
TemporalSupport diagnostics: support_mean=0.520720, support_nonzero_ratio=1.000000, temporal_mean_l2=0.059294, memory_component_l2=0.013083, current_update_l2=0.176139, final_update_l2=0.169857
(0.4, 2, 2.120985)
(0.4, 3, 2.646356)
(0.4, 4, 4.64774)
(0.66, 2, 5.159621)
(0.66, 3, 5.528077)
(0.66, 4, 6.945581)
(1.0, 2, 11.424356)
Testing accuracy: 35.26
Full (1.0, 2) accuracy: 35.259998
********************************************************************************
Round 322
this epoch cost time:0.8380007743835449
this epoch choose: [72, 85, 59, 77, 60, 73, 72, 70, 43, 53]
this epoch dispatch models: [0 0 4 0 3 0 6 3 2 0]
this epoch received models: [np.int64(0), np.int64(0), np.int64(4), np.int64(0), np.int64(3), np.int64(0), np.int64(6), np.int64(3), np.int64(2), np.int64(0)]
hetero_proportion: 	4:3:3
TemporalSupport diagnostics: support_mean=0.358345, support_nonzero_ratio=1.000000, temporal_mean_l2=0.063947, memory_component_l2=0.027797, current_update_l2=0.285969, final_update_l2=0.247075
(0.4, 2, 2.120985)
(0.4, 3, 2.646356)
(0.4, 4, 4.64774)
(0.66, 2, 5.159621)
(0.66, 3, 5.528077)
(0.66, 4, 6.945581)
(1.0, 2, 11.424356)
Testing accuracy: 34.93
Full (1.0, 2) accuracy: 34.930000
********************************************************************************
Round 323
this epoch cost time:0.9869999885559082
this epoch choose: [94, 44, 56, 8, 84, 82, 41, 2, 75, 98]
this epoch dispatch models: [3 3 4 1 0 2 2 2 6 3]
this epoch received models: [np.int64(3), np.int64(3), np.int64(4), np.int64(1), np.int64(0), np.int64(2), np.int64(2), np.int64(2), np.int64(6), np.int64(3)]
hetero_proportion: 	4:3:3
TemporalSupport diagnostics: support_mean=0.459110, support_nonzero_ratio=1.000000, temporal_mean_l2=0.064010, memory_component_l2=0.016754, current_update_l2=0.235432, final_update_l2=0.202932
(0.4, 2, 2.120985)
(0.4, 3, 2.646356)
(0.4, 4, 4.64774)
(0.66, 2, 5.159621)
(0.66, 3, 5.528077)
(0.66, 4, 6.945581)
(1.0, 2, 11.424356)
Testing accuracy: 35.22
Full (1.0, 2) accuracy: 35.220001
********************************************************************************
Round 324
this epoch cost time:0.7859995365142822
this epoch choose: [60, 28, 40, 56, 32, 39, 71, 66, 1, 37]
this epoch dispatch models: [4 1 0 5 1 2 5 4 0 2]
this epoch received models: [np.int64(4), np.int64(1), np.int64(0), np.int64(5), np.int64(1), np.int64(2), np.int64(5), np.int64(4), np.int64(0), np.int64(2)]
hetero_proportion: 	4:3:3
TemporalSupport diagnostics: support_mean=0.388951, support_nonzero_ratio=0.607963, temporal_mean_l2=0.072542, memory_component_l2=0.022626, current_update_l2=0.331653, final_update_l2=0.273508
(0.4, 2, 2.120985)
(0.4, 3, 2.646356)
(0.4, 4, 4.64774)
(0.66, 2, 5.159621)
(0.66, 3, 5.528077)
(0.66, 4, 6.945581)
(1.0, 2, 11.424356)
Testing accuracy: 35.85
Full (1.0, 2) accuracy: 35.849998
********************************************************************************
Round 325
this epoch cost time:1.2320005893707275
this epoch choose: [20, 80, 58, 43, 47, 67, 83, 99, 79, 76]
this epoch dispatch models: [2 4 4 3 5 3 6 5 3 6]
this epoch received models: [np.int64(2), np.int64(4), np.int64(4), np.int64(3), np.int64(5), np.int64(3), np.int64(6), np.int64(5), np.int64(3), np.int64(6)]
hetero_proportion: 	4:3:3
TemporalSupport diagnostics: support_mean=0.607382, support_nonzero_ratio=1.000000, temporal_mean_l2=0.067060, memory_component_l2=0.016982, current_update_l2=0.185106, final_update_l2=0.161058
(0.4, 2, 2.120985)
(0.4, 3, 2.646356)
(0.4, 4, 4.64774)
(0.66, 2, 5.159621)
(0.66, 3, 5.528077)
(0.66, 4, 6.945581)
(1.0, 2, 11.424356)
Testing accuracy: 35.96
Full (1.0, 2) accuracy: 35.959999
********************************************************************************
Round 326
this epoch cost time:0.9080007076263428
this epoch choose: [35, 45, 89, 81, 86, 76, 63, 76, 36, 77]
this epoch dispatch models: [0 0 3 3 3 5 1 4 0 2]
this epoch received models: [np.int64(0), np.int64(0), np.int64(3), np.int64(3), np.int64(3), np.int64(5), np.int64(1), np.int64(4), np.int64(0), np.int64(2)]
hetero_proportion: 	4:3:3
TemporalSupport diagnostics: support_mean=0.359156, support_nonzero_ratio=0.607963, temporal_mean_l2=0.068393, memory_component_l2=0.030895, current_update_l2=0.283454, final_update_l2=0.238309
(0.4, 2, 2.120985)
(0.4, 3, 2.646356)
(0.4, 4, 4.64774)
(0.66, 2, 5.159621)
(0.66, 3, 5.528077)
(0.66, 4, 6.945581)
(1.0, 2, 11.424356)
Testing accuracy: 35.66
Full (1.0, 2) accuracy: 35.660000
********************************************************************************
Round 327
this epoch cost time:0.8669993877410889
this epoch choose: [56, 86, 22, 60, 49, 62, 46, 82, 45, 66]
this epoch dispatch models: [4 2 1 4 4 5 3 6 0 1]
this epoch received models: [np.int64(4), np.int64(2), np.int64(1), np.int64(4), np.int64(4), np.int64(5), np.int64(3), np.int64(6), np.int64(0), np.int64(1)]
hetero_proportion: 	4:3:3
TemporalSupport diagnostics: support_mean=0.453787, support_nonzero_ratio=1.000000, temporal_mean_l2=0.063078, memory_component_l2=0.020755, current_update_l2=0.171721, final_update_l2=0.155162
(0.4, 2, 2.120985)
(0.4, 3, 2.646356)
(0.4, 4, 4.64774)
(0.66, 2, 5.159621)
(0.66, 3, 5.528077)
(0.66, 4, 6.945581)
(1.0, 2, 11.424356)
Testing accuracy: 35.86
Full (1.0, 2) accuracy: 35.860001
********************************************************************************
Round 328
this epoch cost time:0.9310011863708496
this epoch choose: [93, 76, 89, 24, 50, 68, 49, 61, 92, 55]
this epoch dispatch models: [6 3 0 2 2 3 5 2 6 3]
this epoch received models: [np.int64(6), np.int64(3), np.int64(0), np.int64(2), np.int64(2), np.int64(3), np.int64(5), np.int64(2), np.int64(6), np.int64(3)]
hetero_proportion: 	4:3:3
TemporalSupport diagnostics: support_mean=0.527208, support_nonzero_ratio=1.000000, temporal_mean_l2=0.068937, memory_component_l2=0.019176, current_update_l2=0.268090, final_update_l2=0.225796
(0.4, 2, 2.120985)
(0.4, 3, 2.646356)
(0.4, 4, 4.64774)
(0.66, 2, 5.159621)
(0.66, 3, 5.528077)
(0.66, 4, 6.945581)
(1.0, 2, 11.424356)
Testing accuracy: 36.11
Full (1.0, 2) accuracy: 36.110001
********************************************************************************
Round 329
this epoch cost time:0.826000452041626
this epoch choose: [4, 93, 81, 31, 45, 94, 9, 71, 73, 72]
this epoch dispatch models: [2 1 0 2 4 2 2 6 3 4]
this epoch received models: [np.int64(2), np.int64(1), np.int64(0), np.int64(2), np.int64(4), np.int64(2), np.int64(2), np.int64(6), np.int64(3), np.int64(4)]
hetero_proportion: 	4:3:3
TemporalSupport diagnostics: support_mean=0.449410, support_nonzero_ratio=1.000000, temporal_mean_l2=0.073022, memory_component_l2=0.022372, current_update_l2=0.295232, final_update_l2=0.254622
(0.4, 2, 2.120985)
(0.4, 3, 2.646356)
(0.4, 4, 4.64774)
(0.66, 2, 5.159621)
(0.66, 3, 5.528077)
(0.66, 4, 6.945581)
(1.0, 2, 11.424356)
Testing accuracy: 36.08
Full (1.0, 2) accuracy: 36.080002
********************************************************************************
Round 330
this epoch cost time:0.8669924736022949
this epoch choose: [70, 76, 61, 92, 41, 98, 73, 21, 72, 90]
this epoch dispatch models: [4 3 2 6 1 4 4 1 1 0]
this epoch received models: [np.int64(4), np.int64(3), np.int64(2), np.int64(6), np.int64(1), np.int64(4), np.int64(4), np.int64(1), np.int64(1), np.int64(0)]
hetero_proportion: 	4:3:3
TemporalSupport diagnostics: support_mean=0.413790, support_nonzero_ratio=1.000000, temporal_mean_l2=0.072418, memory_component_l2=0.033381, current_update_l2=0.254056, final_update_l2=0.211513
(0.4, 2, 2.120985)
(0.4, 3, 2.646356)
(0.4, 4, 4.64774)
(0.66, 2, 5.159621)
(0.66, 3, 5.528077)
(0.66, 4, 6.945581)
(1.0, 2, 11.424356)
Testing accuracy: 35.64
Full (1.0, 2) accuracy: 35.639999
********************************************************************************
Round 331
this epoch cost time:0.8809990882873535
this epoch choose: [63, 50, 40, 64, 70, 86, 71, 96, 87, 68]
this epoch dispatch models: [2 2 3 5 2 5 1 6 3 3]
this epoch received models: [np.int64(2), np.int64(2), np.int64(3), np.int64(5), np.int64(2), np.int64(5), np.int64(1), np.int64(6), np.int64(3), np.int64(3)]
hetero_proportion: 	4:3:3
TemporalSupport diagnostics: support_mean=0.505155, support_nonzero_ratio=1.000000, temporal_mean_l2=0.064420, memory_component_l2=0.017180, current_update_l2=0.162922, final_update_l2=0.146506
(0.4, 2, 2.120985)
(0.4, 3, 2.646356)
(0.4, 4, 4.64774)
(0.66, 2, 5.159621)
(0.66, 3, 5.528077)
(0.66, 4, 6.945581)
(1.0, 2, 11.424356)
Testing accuracy: 35.63
Full (1.0, 2) accuracy: 35.630001
********************************************************************************
Round 332
this epoch cost time:1.0749993324279785
this epoch choose: [50, 75, 77, 63, 71, 92, 81, 45, 56, 77]
this epoch dispatch models: [5 2 5 4 6 1 6 1 1 6]
this epoch received models: [np.int64(5), np.int64(2), np.int64(5), np.int64(4), np.int64(6), np.int64(1), np.int64(6), np.int64(1), np.int64(1), np.int64(6)]
hetero_proportion: 	4:3:3
TemporalSupport diagnostics: support_mean=0.584080, support_nonzero_ratio=1.000000, temporal_mean_l2=0.055398, memory_component_l2=0.013030, current_update_l2=0.110122, final_update_l2=0.106553
(0.4, 2, 2.120985)
(0.4, 3, 2.646356)
(0.4, 4, 4.64774)
(0.66, 2, 5.159621)
(0.66, 3, 5.528077)
(0.66, 4, 6.945581)
(1.0, 2, 11.424356)
Testing accuracy: 35.47
Full (1.0, 2) accuracy: 35.470001
********************************************************************************
Round 333
this epoch cost time:0.9720003604888916
this epoch choose: [84, 81, 84, 69, 38, 11, 68, 88, 95, 62]
this epoch dispatch models: [4 3 1 2 1 2 5 5 4 3]
this epoch received models: [np.int64(4), np.int64(3), np.int64(1), np.int64(2), np.int64(1), np.int64(2), np.int64(5), np.int64(5), np.int64(4), np.int64(3)]
hetero_proportion: 	4:3:3
TemporalSupport diagnostics: support_mean=0.439318, support_nonzero_ratio=0.607963, temporal_mean_l2=0.055296, memory_component_l2=0.015860, current_update_l2=0.204757, final_update_l2=0.171184
(0.4, 2, 2.120985)
(0.4, 3, 2.646356)
(0.4, 4, 4.64774)
(0.66, 2, 5.159621)
(0.66, 3, 5.528077)
(0.66, 4, 6.945581)
(1.0, 2, 11.424356)
Testing accuracy: 35.45
Full (1.0, 2) accuracy: 35.450001
********************************************************************************
Round 334
this epoch cost time:0.7499992847442627
this epoch choose: [76, 20, 17, 56, 99, 93, 42, 46, 88, 61]
this epoch dispatch models: [6 1 1 2 4 3 5 0 6 5]
this epoch received models: [np.int64(6), np.int64(1), np.int64(1), np.int64(2), np.int64(4), np.int64(3), np.int64(5), np.int64(0), np.int64(6), np.int64(5)]
hetero_proportion: 	4:3:3
TemporalSupport diagnostics: support_mean=0.511313, support_nonzero_ratio=1.000000, temporal_mean_l2=0.054743, memory_component_l2=0.014706, current_update_l2=0.198294, final_update_l2=0.185227
(0.4, 2, 2.120985)
(0.4, 3, 2.646356)
(0.4, 4, 4.64774)
(0.66, 2, 5.159621)
(0.66, 3, 5.528077)
(0.66, 4, 6.945581)
(1.0, 2, 11.424356)
Testing accuracy: 35.86
Full (1.0, 2) accuracy: 35.860001
********************************************************************************
Round 335
this epoch cost time:0.8289995193481445
this epoch choose: [22, 72, 85, 61, 40, 76, 29, 96, 78, 7]
this epoch dispatch models: [1 0 6 0 5 3 2 5 0 1]
this epoch received models: [np.int64(1), np.int64(0), np.int64(6), np.int64(0), np.int64(5), np.int64(3), np.int64(2), np.int64(5), np.int64(0), np.int64(1)]
hetero_proportion: 	4:3:3
TemporalSupport diagnostics: support_mean=0.428610, support_nonzero_ratio=1.000000, temporal_mean_l2=0.056408, memory_component_l2=0.018830, current_update_l2=0.235132, final_update_l2=0.202750
(0.4, 2, 2.120985)
(0.4, 3, 2.646356)
(0.4, 4, 4.64774)
(0.66, 2, 5.159621)
(0.66, 3, 5.528077)
(0.66, 4, 6.945581)
(1.0, 2, 11.424356)
Testing accuracy: 35.74
Full (1.0, 2) accuracy: 35.740002
********************************************************************************
Round 336
this epoch cost time:1.0180003643035889
this epoch choose: [56, 90, 50, 65, 76, 51, 69, 73, 60, 33]
this epoch dispatch models: [2 6 3 0 6 2 5 6 5 1]
this epoch received models: [np.int64(2), np.int64(6), np.int64(3), np.int64(0), np.int64(6), np.int64(2), np.int64(5), np.int64(6), np.int64(5), np.int64(1)]
hetero_proportion: 	4:3:3
TemporalSupport diagnostics: support_mean=0.607455, support_nonzero_ratio=1.000000, temporal_mean_l2=0.050730, memory_component_l2=0.007531, current_update_l2=0.138378, final_update_l2=0.131726
(0.4, 2, 2.120985)
(0.4, 3, 2.646356)
(0.4, 4, 4.64774)
(0.66, 2, 5.159621)
(0.66, 3, 5.528077)
(0.66, 4, 6.945581)
(1.0, 2, 11.424356)
Testing accuracy: 35.86
Full (1.0, 2) accuracy: 35.860001
********************************************************************************
Round 337
this epoch cost time:0.9379994869232178
this epoch choose: [48, 21, 61, 74, 51, 94, 79, 67, 59, 54]
this epoch dispatch models: [5 2 3 6 5 2 5 1 4 4]
this epoch received models: [np.int64(5), np.int64(2), np.int64(3), np.int64(6), np.int64(5), np.int64(2), np.int64(5), np.int64(1), np.int64(4), np.int64(4)]
hetero_proportion: 	4:3:3
TemporalSupport diagnostics: support_mean=0.543896, support_nonzero_ratio=1.000000, temporal_mean_l2=0.049179, memory_component_l2=0.008808, current_update_l2=0.156737, final_update_l2=0.143643
(0.4, 2, 2.120985)
(0.4, 3, 2.646356)
(0.4, 4, 4.64774)
(0.66, 2, 5.159621)
(0.66, 3, 5.528077)
(0.66, 4, 6.945581)
(1.0, 2, 11.424356)
Testing accuracy: 35.92
Full (1.0, 2) accuracy: 35.919998
********************************************************************************
Round 338
this epoch cost time:0.9860002994537354
this epoch choose: [75, 90, 54, 59, 58, 65, 70, 59, 75, 86]
this epoch dispatch models: [3 0 1 0 1 1 0 5 6 6]
this epoch received models: [np.int64(3), np.int64(0), np.int64(1), np.int64(0), np.int64(1), np.int64(1), np.int64(0), np.int64(5), np.int64(6), np.int64(6)]
hetero_proportion: 	4:3:3
TemporalSupport diagnostics: support_mean=0.434501, support_nonzero_ratio=1.000000, temporal_mean_l2=0.055018, memory_component_l2=0.019745, current_update_l2=0.256785, final_update_l2=0.228303
(0.4, 2, 2.120985)
(0.4, 3, 2.646356)
(0.4, 4, 4.64774)
(0.66, 2, 5.159621)
(0.66, 3, 5.528077)
(0.66, 4, 6.945581)
(1.0, 2, 11.424356)
Testing accuracy: 36.22
Full (1.0, 2) accuracy: 36.220001
********************************************************************************
Round 339
this epoch cost time:0.8060002326965332
this epoch choose: [89, 64, 39, 75, 26, 58, 86, 19, 87, 40]
this epoch dispatch models: [6 2 0 1 0 5 2 0 2 5]
this epoch received models: [np.int64(6), np.int64(2), np.int64(0), np.int64(1), np.int64(0), np.int64(5), np.int64(2), np.int64(0), np.int64(2), np.int64(5)]
hetero_proportion: 	4:3:3
TemporalSupport diagnostics: support_mean=0.412447, support_nonzero_ratio=1.000000, temporal_mean_l2=0.054701, memory_component_l2=0.014014, current_update_l2=0.211954, final_update_l2=0.189250
(0.4, 2, 2.120985)
(0.4, 3, 2.646356)
(0.4, 4, 4.64774)
(0.66, 2, 5.159621)
(0.66, 3, 5.528077)
(0.66, 4, 6.945581)
(1.0, 2, 11.424356)
Testing accuracy: 35.91
Full (1.0, 2) accuracy: 35.910000
********************************************************************************
Round 340
this epoch cost time:0.9059994220733643
this epoch choose: [43, 15, 67, 48, 92, 90, 65, 94, 51, 79]
this epoch dispatch models: [2 0 5 2 6 6 0 1 5 0]
this epoch received models: [np.int64(2), np.int64(0), np.int64(5), np.int64(2), np.int64(6), np.int64(6), np.int64(0), np.int64(1), np.int64(5), np.int64(0)]
hetero_proportion: 	4:3:3
TemporalSupport diagnostics: support_mean=0.499913, support_nonzero_ratio=1.000000, temporal_mean_l2=0.053530, memory_component_l2=0.011302, current_update_l2=0.185973, final_update_l2=0.176325
(0.4, 2, 2.120985)
(0.4, 3, 2.646356)
(0.4, 4, 4.64774)
(0.66, 2, 5.159621)
(0.66, 3, 5.528077)
(0.66, 4, 6.945581)
(1.0, 2, 11.424356)
Testing accuracy: 36.24
Full (1.0, 2) accuracy: 36.240002
********************************************************************************
Round 341
this epoch cost time:0.7859997749328613
this epoch choose: [56, 57, 92, 68, 56, 63, 26, 43, 45, 86]
this epoch dispatch models: [2 0 5 0 0 4 0 4 5 3]
this epoch received models: [np.int64(2), np.int64(0), np.int64(5), np.int64(0), np.int64(0), np.int64(4), np.int64(0), np.int64(4), np.int64(5), np.int64(3)]
hetero_proportion: 	4:3:3
TemporalSupport diagnostics: support_mean=0.375032, support_nonzero_ratio=0.607963, temporal_mean_l2=0.054289, memory_component_l2=0.016419, current_update_l2=0.206594, final_update_l2=0.192694
(0.4, 2, 2.120985)
(0.4, 3, 2.646356)
(0.4, 4, 4.64774)
(0.66, 2, 5.159621)
(0.66, 3, 5.528077)
(0.66, 4, 6.945581)
(1.0, 2, 11.424356)
Testing accuracy: 36.00
Full (1.0, 2) accuracy: 36.000000
********************************************************************************
Round 342
this epoch cost time:0.8589990139007568
this epoch choose: [46, 12, 87, 49, 48, 68, 50, 23, 70, 68]
this epoch dispatch models: [3 0 6 0 3 4 1 0 3 5]
this epoch received models: [np.int64(3), np.int64(0), np.int64(6), np.int64(0), np.int64(3), np.int64(4), np.int64(1), np.int64(0), np.int64(3), np.int64(5)]
hetero_proportion: 	4:3:3
TemporalSupport diagnostics: support_mean=0.403120, support_nonzero_ratio=1.000000, temporal_mean_l2=0.060302, memory_component_l2=0.019575, current_update_l2=0.286627, final_update_l2=0.255898
(0.4, 2, 2.120985)
(0.4, 3, 2.646356)
(0.4, 4, 4.64774)
(0.66, 2, 5.159621)
(0.66, 3, 5.528077)
(0.66, 4, 6.945581)
(1.0, 2, 11.424356)
Testing accuracy: 35.89
Full (1.0, 2) accuracy: 35.889999
********************************************************************************
Round 343
this epoch cost time:0.8230001926422119
this epoch choose: [73, 94, 77, 71, 75, 52, 75, 68, 71, 64]
this epoch dispatch models: [3 3 3 6 1 5 0 4 3 4]
this epoch received models: [np.int64(3), np.int64(3), np.int64(3), np.int64(6), np.int64(1), np.int64(5), np.int64(0), np.int64(4), np.int64(3), np.int64(4)]
hetero_proportion: 	4:3:3
TemporalSupport diagnostics: support_mean=0.467316, support_nonzero_ratio=1.000000, temporal_mean_l2=0.058004, memory_component_l2=0.015635, current_update_l2=0.192913, final_update_l2=0.178411
(0.4, 2, 2.120985)
(0.4, 3, 2.646356)
(0.4, 4, 4.64774)
(0.66, 2, 5.159621)
(0.66, 3, 5.528077)
(0.66, 4, 6.945581)
(1.0, 2, 11.424356)
Testing accuracy: 35.62
Full (1.0, 2) accuracy: 35.619999
********************************************************************************
Round 344
this epoch cost time:0.8580005168914795
this epoch choose: [37, 99, 44, 99, 96, 22, 93, 76, 34, 51]
this epoch dispatch models: [0 6 0 0 2 1 3 2 0 5]
this epoch received models: [np.int64(0), np.int64(6), np.int64(0), np.int64(0), np.int64(2), np.int64(1), np.int64(3), np.int64(2), np.int64(0), np.int64(5)]
hetero_proportion: 	4:3:3
TemporalSupport diagnostics: support_mean=0.382728, support_nonzero_ratio=1.000000, temporal_mean_l2=0.058615, memory_component_l2=0.016594, current_update_l2=0.236525, final_update_l2=0.221119
(0.4, 2, 2.120985)
(0.4, 3, 2.646356)
(0.4, 4, 4.64774)
(0.66, 2, 5.159621)
(0.66, 3, 5.528077)
(0.66, 4, 6.945581)
(1.0, 2, 11.424356)
Testing accuracy: 35.84
Full (1.0, 2) accuracy: 35.840000
********************************************************************************
Round 345
this epoch cost time:0.8430004119873047
this epoch choose: [99, 41, 71, 43, 95, 85, 72, 70, 29, 57]
this epoch dispatch models: [0 3 1 3 6 2 6 1 2 0]
this epoch received models: [np.int64(0), np.int64(3), np.int64(1), np.int64(3), np.int64(6), np.int64(2), np.int64(6), np.int64(1), np.int64(2), np.int64(0)]
hetero_proportion: 	4:3:3
TemporalSupport diagnostics: support_mean=0.415344, support_nonzero_ratio=1.000000, temporal_mean_l2=0.058232, memory_component_l2=0.016425, current_update_l2=0.202357, final_update_l2=0.169819
(0.4, 2, 2.120985)
(0.4, 3, 2.646356)
(0.4, 4, 4.64774)
(0.66, 2, 5.159621)
(0.66, 3, 5.528077)
(0.66, 4, 6.945581)
(1.0, 2, 11.424356)
Testing accuracy: 35.71
Full (1.0, 2) accuracy: 35.709999
********************************************************************************
Round 346
this epoch cost time:1.0929994583129883
this epoch choose: [94, 80, 56, 61, 95, 46, 64, 43, 95, 59]
this epoch dispatch models: [4 6 0 3 2 4 5 5 0 1]
this epoch received models: [np.int64(4), np.int64(6), np.int64(0), np.int64(3), np.int64(2), np.int64(4), np.int64(5), np.int64(5), np.int64(0), np.int64(1)]
hetero_proportion: 	4:3:3
TemporalSupport diagnostics: support_mean=0.488591, support_nonzero_ratio=1.000000, temporal_mean_l2=0.055245, memory_component_l2=0.012457, current_update_l2=0.172383, final_update_l2=0.157025
(0.4, 2, 2.120985)
(0.4, 3, 2.646356)
(0.4, 4, 4.64774)
(0.66, 2, 5.159621)
(0.66, 3, 5.528077)
(0.66, 4, 6.945581)
(1.0, 2, 11.424356)
Testing accuracy: 35.82
Full (1.0, 2) accuracy: 35.820000
********************************************************************************
Round 347
this epoch cost time:0.8219997882843018
this epoch choose: [78, 99, 52, 84, 61, 64, 46, 50, 51, 74]
this epoch dispatch models: [6 3 0 6 4 2 3 5 2 3]
this epoch received models: [np.int64(6), np.int64(3), np.int64(0), np.int64(6), np.int64(4), np.int64(2), np.int64(3), np.int64(5), np.int64(2), np.int64(3)]
hetero_proportion: 	4:3:3
TemporalSupport diagnostics: support_mean=0.529820, support_nonzero_ratio=1.000000, temporal_mean_l2=0.051181, memory_component_l2=0.011589, current_update_l2=0.132508, final_update_l2=0.123725
(0.4, 2, 2.120985)
(0.4, 3, 2.646356)
(0.4, 4, 4.64774)
(0.66, 2, 5.159621)
(0.66, 3, 5.528077)
(0.66, 4, 6.945581)
(1.0, 2, 11.424356)
Testing accuracy: 35.82
Full (1.0, 2) accuracy: 35.820000
********************************************************************************
Round 348
this epoch cost time:1.0839996337890625
this epoch choose: [97, 67, 96, 98, 89, 94, 61, 72, 49, 80]
this epoch dispatch models: [6 3 4 6 6 2 0 5 3 6]
this epoch received models: [np.int64(6), np.int64(3), np.int64(4), np.int64(6), np.int64(6), np.int64(2), np.int64(0), np.int64(5), np.int64(3), np.int64(6)]
hetero_proportion: 	4:3:3
TemporalSupport diagnostics: support_mean=0.663153, support_nonzero_ratio=1.000000, temporal_mean_l2=0.047640, memory_component_l2=0.008028, current_update_l2=0.133530, final_update_l2=0.127811
(0.4, 2, 2.120985)
(0.4, 3, 2.646356)
(0.4, 4, 4.64774)
(0.66, 2, 5.159621)
(0.66, 3, 5.528077)
(0.66, 4, 6.945581)
(1.0, 2, 11.424356)
Testing accuracy: 35.86
Full (1.0, 2) accuracy: 35.860001
********************************************************************************
Round 349
this epoch cost time:1.028000831604004
this epoch choose: [18, 62, 48, 79, 24, 54, 27, 96, 69, 81]
this epoch dispatch models: [2 5 5 5 1 4 0 3 3 5]
this epoch received models: [np.int64(2), np.int64(5), np.int64(5), np.int64(5), np.int64(1), np.int64(4), np.int64(0), np.int64(3), np.int64(3), np.int64(5)]
hetero_proportion: 	4:3:3
TemporalSupport diagnostics: support_mean=0.475187, support_nonzero_ratio=0.607963, temporal_mean_l2=0.056299, memory_component_l2=0.012661, current_update_l2=0.252796, final_update_l2=0.220466
(0.4, 2, 2.120985)
(0.4, 3, 2.646356)
(0.4, 4, 4.64774)
(0.66, 2, 5.159621)
(0.66, 3, 5.528077)
(0.66, 4, 6.945581)
(1.0, 2, 11.424356)
Testing accuracy: 36.15
Full (1.0, 2) accuracy: 36.150002
********************************************************************************
Round 350
this epoch cost time:0.9130008220672607
this epoch choose: [96, 49, 46, 89, 46, 54, 6, 58, 74, 63]
this epoch dispatch models: [3 4 3 0 3 0 1 0 6 5]
this epoch received models: [np.int64(3), np.int64(4), np.int64(3), np.int64(0), np.int64(3), np.int64(0), np.int64(1), np.int64(0), np.int64(6), np.int64(5)]
hetero_proportion: 	4:3:3
TemporalSupport diagnostics: support_mean=0.437817, support_nonzero_ratio=1.000000, temporal_mean_l2=0.056251, memory_component_l2=0.022075, current_update_l2=0.215680, final_update_l2=0.183744
(0.4, 2, 2.120985)
(0.4, 3, 2.646356)
(0.4, 4, 4.64774)
(0.66, 2, 5.159621)
(0.66, 3, 5.528077)
(0.66, 4, 6.945581)
(1.0, 2, 11.424356)
Testing accuracy: 36.20
Full (1.0, 2) accuracy: 36.200001
********************************************************************************
Round 351
this epoch cost time:1.1899998188018799
this epoch choose: [71, 41, 78, 65, 70, 64, 71, 92, 68, 59]
this epoch dispatch models: [0 1 6 4 6 5 5 6 3 5]
this epoch received models: [np.int64(0), np.int64(1), np.int64(6), np.int64(4), np.int64(6), np.int64(5), np.int64(5), np.int64(6), np.int64(3), np.int64(5)]
hetero_proportion: 	4:3:3
TemporalSupport diagnostics: support_mean=0.607534, support_nonzero_ratio=1.000000, temporal_mean_l2=0.050902, memory_component_l2=0.009619, current_update_l2=0.138609, final_update_l2=0.132342
(0.4, 2, 2.120985)
(0.4, 3, 2.646356)
(0.4, 4, 4.64774)
(0.66, 2, 5.159621)
(0.66, 3, 5.528077)
(0.66, 4, 6.945581)
(1.0, 2, 11.424356)
Testing accuracy: 35.88
Full (1.0, 2) accuracy: 35.880001
********************************************************************************
Round 352
this epoch cost time:1.0700006484985352
this epoch choose: [87, 85, 59, 82, 88, 49, 80, 96, 58, 75]
this epoch dispatch models: [4 4 4 0 6 0 6 1 5 6]
this epoch received models: [np.int64(4), np.int64(4), np.int64(4), np.int64(0), np.int64(6), np.int64(0), np.int64(6), np.int64(1), np.int64(5), np.int64(6)]
hetero_proportion: 	4:3:3
TemporalSupport diagnostics: support_mean=0.579487, support_nonzero_ratio=1.000000, temporal_mean_l2=0.049751, memory_component_l2=0.011109, current_update_l2=0.169844, final_update_l2=0.163231
(0.4, 2, 2.120985)
(0.4, 3, 2.646356)
(0.4, 4, 4.64774)
(0.66, 2, 5.159621)
(0.66, 3, 5.528077)
(0.66, 4, 6.945581)
(1.0, 2, 11.424356)
Testing accuracy: 35.96
Full (1.0, 2) accuracy: 35.959999
********************************************************************************
Round 353
this epoch cost time:0.9100003242492676
this epoch choose: [46, 71, 23, 68, 74, 58, 73, 68, 15, 74]
this epoch dispatch models: [5 3 2 3 6 0 6 0 0 4]
this epoch received models: [np.int64(5), np.int64(3), np.int64(2), np.int64(3), np.int64(6), np.int64(0), np.int64(6), np.int64(0), np.int64(0), np.int64(4)]
hetero_proportion: 	4:3:3
TemporalSupport diagnostics: support_mean=0.495978, support_nonzero_ratio=1.000000, temporal_mean_l2=0.063467, memory_component_l2=0.022757, current_update_l2=0.331437, final_update_l2=0.241605
(0.4, 2, 2.120985)
(0.4, 3, 2.646356)
(0.4, 4, 4.64774)
(0.66, 2, 5.159621)
(0.66, 3, 5.528077)
(0.66, 4, 6.945581)
(1.0, 2, 11.424356)
Testing accuracy: 36.11
Full (1.0, 2) accuracy: 36.110001
********************************************************************************
Round 354
this epoch cost time:1.0770001411437988
this epoch choose: [80, 80, 92, 71, 86, 75, 99, 81, 80, 92]
this epoch dispatch models: [6 6 3 3 2 3 4 1 6 0]
this epoch received models: [np.int64(6), np.int64(6), np.int64(3), np.int64(3), np.int64(2), np.int64(3), np.int64(4), np.int64(1), np.int64(6), np.int64(0)]
hetero_proportion: 	4:3:3
TemporalSupport diagnostics: support_mean=0.589955, support_nonzero_ratio=1.000000, temporal_mean_l2=0.056598, memory_component_l2=0.017356, current_update_l2=0.139999, final_update_l2=0.128526
(0.4, 2, 2.120985)
(0.4, 3, 2.646356)
(0.4, 4, 4.64774)
(0.66, 2, 5.159621)
(0.66, 3, 5.528077)
(0.66, 4, 6.945581)
(1.0, 2, 11.424356)
Testing accuracy: 36.09
Full (1.0, 2) accuracy: 36.090000
********************************************************************************
Round 355
this epoch cost time:0.8829994201660156
this epoch choose: [77, 60, 71, 77, 59, 41, 71, 84, 50, 68]
this epoch dispatch models: [3 3 1 5 2 2 3 5 0 1]
this epoch received models: [np.int64(3), np.int64(3), np.int64(1), np.int64(5), np.int64(2), np.int64(2), np.int64(3), np.int64(5), np.int64(0), np.int64(1)]
hetero_proportion: 	4:3:3
TemporalSupport diagnostics: support_mean=0.400871, support_nonzero_ratio=0.607963, temporal_mean_l2=0.051543, memory_component_l2=0.016521, current_update_l2=0.133051, final_update_l2=0.116210
(0.4, 2, 2.120985)
(0.4, 3, 2.646356)
(0.4, 4, 4.64774)
(0.66, 2, 5.159621)
(0.66, 3, 5.528077)
(0.66, 4, 6.945581)
(1.0, 2, 11.424356)
Testing accuracy: 35.72
Full (1.0, 2) accuracy: 35.720001
********************************************************************************
Round 356
this epoch cost time:0.9390003681182861
this epoch choose: [98, 53, 50, 30, 74, 25, 76, 99, 31, 43]
this epoch dispatch models: [5 5 4 1 4 2 0 6 2 5]
this epoch received models: [np.int64(5), np.int64(5), np.int64(4), np.int64(1), np.int64(4), np.int64(2), np.int64(0), np.int64(6), np.int64(2), np.int64(5)]
hetero_proportion: 	4:3:3
TemporalSupport diagnostics: support_mean=0.505209, support_nonzero_ratio=1.000000, temporal_mean_l2=0.057821, memory_component_l2=0.012408, current_update_l2=0.238372, final_update_l2=0.216690
(0.4, 2, 2.120985)
(0.4, 3, 2.646356)
(0.4, 4, 4.64774)
(0.66, 2, 5.159621)
(0.66, 3, 5.528077)
(0.66, 4, 6.945581)
(1.0, 2, 11.424356)
Testing accuracy: 36.12
Full (1.0, 2) accuracy: 36.119999
********************************************************************************
Round 357
this epoch cost time:1.0759997367858887
this epoch choose: [89, 60, 97, 79, 94, 43, 42, 53, 3, 81]
this epoch dispatch models: [3 3 3 2 6 5 1 2 2 6]
this epoch received models: [np.int64(3), np.int64(3), np.int64(3), np.int64(2), np.int64(6), np.int64(5), np.int64(1), np.int64(2), np.int64(2), np.int64(6)]
hetero_proportion: 	4:3:3
TemporalSupport diagnostics: support_mean=0.548654, support_nonzero_ratio=1.000000, temporal_mean_l2=0.052494, memory_component_l2=0.011351, current_update_l2=0.138046, final_update_l2=0.125135
(0.4, 2, 2.120985)
(0.4, 3, 2.646356)
(0.4, 4, 4.64774)
(0.66, 2, 5.159621)
(0.66, 3, 5.528077)
(0.66, 4, 6.945581)
(1.0, 2, 11.424356)
Testing accuracy: 36.05
Full (1.0, 2) accuracy: 36.049999
********************************************************************************
Round 358
this epoch cost time:0.8250007629394531
this epoch choose: [63, 63, 78, 78, 96, 91, 97, 66, 26, 95]
this epoch dispatch models: [5 5 5 5 4 6 6 3 1 6]
this epoch received models: [np.int64(5), np.int64(5), np.int64(5), np.int64(5), np.int64(4), np.int64(6), np.int64(6), np.int64(3), np.int64(1), np.int64(6)]
hetero_proportion: 	4:3:3
TemporalSupport diagnostics: support_mean=0.663355, support_nonzero_ratio=1.000000, temporal_mean_l2=0.048451, memory_component_l2=0.007355, current_update_l2=0.139834, final_update_l2=0.133772
(0.4, 2, 2.120985)
(0.4, 3, 2.646356)
(0.4, 4, 4.64774)
(0.66, 2, 5.159621)
(0.66, 3, 5.528077)
(0.66, 4, 6.945581)
(1.0, 2, 11.424356)
Testing accuracy: 35.84
Full (1.0, 2) accuracy: 35.840000
********************************************************************************
Round 359
this epoch cost time:0.7199995517730713
this epoch choose: [97, 94, 36, 28, 60, 65, 89, 49, 85, 89]
this epoch dispatch models: [3 5 0 1 5 3 1 0 0 5]
this epoch received models: [np.int64(3), np.int64(5), np.int64(0), np.int64(1), np.int64(5), np.int64(3), np.int64(1), np.int64(0), np.int64(0), np.int64(5)]
hetero_proportion: 	4:3:3
TemporalSupport diagnostics: support_mean=0.355674, support_nonzero_ratio=0.607963, temporal_mean_l2=0.056463, memory_component_l2=0.021661, current_update_l2=0.283445, final_update_l2=0.246423
(0.4, 2, 2.120985)
(0.4, 3, 2.646356)
(0.4, 4, 4.64774)
(0.66, 2, 5.159621)
(0.66, 3, 5.528077)
(0.66, 4, 6.945581)
(1.0, 2, 11.424356)
Testing accuracy: 35.85
Full (1.0, 2) accuracy: 35.849998
********************************************************************************
Round 360
this epoch cost time:1.099998950958252
this epoch choose: [51, 70, 64, 83, 97, 44, 77, 90, 99, 78]
this epoch dispatch models: [4 6 3 2 3 0 0 4 1 1]
this epoch received models: [np.int64(4), np.int64(6), np.int64(3), np.int64(2), np.int64(3), np.int64(0), np.int64(0), np.int64(4), np.int64(1), np.int64(1)]
hetero_proportion: 	4:3:3
TemporalSupport diagnostics: support_mean=0.441958, support_nonzero_ratio=1.000000, temporal_mean_l2=0.052501, memory_component_l2=0.017132, current_update_l2=0.174650, final_update_l2=0.142520
(0.4, 2, 2.120985)
(0.4, 3, 2.646356)
(0.4, 4, 4.64774)
(0.66, 2, 5.159621)
(0.66, 3, 5.528077)
(0.66, 4, 6.945581)
(1.0, 2, 11.424356)
Testing accuracy: 35.85
Full (1.0, 2) accuracy: 35.849998
********************************************************************************
Round 361
this epoch cost time:1.0709991455078125
this epoch choose: [28, 29, 8, 92, 89, 80, 49, 53, 90, 95]
this epoch dispatch models: [0 1 2 4 6 6 1 5 2 5]
this epoch received models: [np.int64(0), np.int64(1), np.int64(2), np.int64(4), np.int64(6), np.int64(6), np.int64(1), np.int64(5), np.int64(2), np.int64(5)]
hetero_proportion: 	4:3:3
TemporalSupport diagnostics: support_mean=0.509493, support_nonzero_ratio=1.000000, temporal_mean_l2=0.054836, memory_component_l2=0.011015, current_update_l2=0.201383, final_update_l2=0.186049
(0.4, 2, 2.120985)
(0.4, 3, 2.646356)
(0.4, 4, 4.64774)
(0.66, 2, 5.159621)
(0.66, 3, 5.528077)
(0.66, 4, 6.945581)
(1.0, 2, 11.424356)
Testing accuracy: 35.84
Full (1.0, 2) accuracy: 35.840000
********************************************************************************
Round 362
this epoch cost time:0.9910011291503906
this epoch choose: [58, 46, 55, 70, 44, 11, 52, 49, 47, 74]
this epoch dispatch models: [3 4 1 6 1 1 1 3 5 5]
this epoch received models: [np.int64(3), np.int64(4), np.int64(1), np.int64(6), np.int64(1), np.int64(1), np.int64(1), np.int64(3), np.int64(5), np.int64(5)]
hetero_proportion: 	4:3:3
TemporalSupport diagnostics: support_mean=0.472658, support_nonzero_ratio=1.000000, temporal_mean_l2=0.053903, memory_component_l2=0.015468, current_update_l2=0.184682, final_update_l2=0.171374
(0.4, 2, 2.120985)
(0.4, 3, 2.646356)
(0.4, 4, 4.64774)
(0.66, 2, 5.159621)
(0.66, 3, 5.528077)
(0.66, 4, 6.945581)
(1.0, 2, 11.424356)
Testing accuracy: 36.41
Full (1.0, 2) accuracy: 36.410000
********************************************************************************
Round 363
this epoch cost time:0.9540004730224609
this epoch choose: [93, 92, 22, 88, 43, 74, 64, 67, 41, 69]
this epoch dispatch models: [1 5 0 5 2 6 4 4 0 2]
this epoch received models: [np.int64(1), np.int64(5), np.int64(0), np.int64(5), np.int64(2), np.int64(6), np.int64(4), np.int64(4), np.int64(0), np.int64(2)]
hetero_proportion: 	4:3:3
TemporalSupport diagnostics: support_mean=0.466070, support_nonzero_ratio=1.000000, temporal_mean_l2=0.049886, memory_component_l2=0.010839, current_update_l2=0.158217, final_update_l2=0.153190
(0.4, 2, 2.120985)
(0.4, 3, 2.646356)
(0.4, 4, 4.64774)
(0.66, 2, 5.159621)
(0.66, 3, 5.528077)
(0.66, 4, 6.945581)
(1.0, 2, 11.424356)
Testing accuracy: 36.38
Full (1.0, 2) accuracy: 36.380001
********************************************************************************
Round 364
this epoch cost time:0.8709981441497803
this epoch choose: [81, 92, 86, 35, 76, 52, 20, 21, 68, 50]
this epoch dispatch models: [1 6 6 2 6 5 0 2 0 5]
this epoch received models: [np.int64(1), np.int64(6), np.int64(6), np.int64(2), np.int64(6), np.int64(5), np.int64(0), np.int64(2), np.int64(0), np.int64(5)]
hetero_proportion: 	4:3:3
TemporalSupport diagnostics: support_mean=0.540471, support_nonzero_ratio=1.000000, temporal_mean_l2=0.051867, memory_component_l2=0.010895, current_update_l2=0.209949, final_update_l2=0.189344
(0.4, 2, 2.120985)
(0.4, 3, 2.646356)
(0.4, 4, 4.64774)
(0.66, 2, 5.159621)
(0.66, 3, 5.528077)
(0.66, 4, 6.945581)
(1.0, 2, 11.424356)
Testing accuracy: 36.18
Full (1.0, 2) accuracy: 36.180000
********************************************************************************
Round 365
this epoch cost time:0.8460004329681396
this epoch choose: [18, 15, 68, 88, 66, 16, 55, 48, 94, 61]
this epoch dispatch models: [1 0 3 6 1 2 0 3 3 4]
this epoch received models: [np.int64(1), np.int64(0), np.int64(3), np.int64(6), np.int64(1), np.int64(2), np.int64(0), np.int64(3), np.int64(3), np.int64(4)]
hetero_proportion: 	4:3:3
TemporalSupport diagnostics: support_mean=0.409231, support_nonzero_ratio=1.000000, temporal_mean_l2=0.055487, memory_component_l2=0.021280, current_update_l2=0.272060, final_update_l2=0.209812
(0.4, 2, 2.120985)
(0.4, 3, 2.646356)
(0.4, 4, 4.64774)
(0.66, 2, 5.159621)
(0.66, 3, 5.528077)
(0.66, 4, 6.945581)
(1.0, 2, 11.424356)
Testing accuracy: 36.04
Full (1.0, 2) accuracy: 36.040001
********************************************************************************
Round 366
this epoch cost time:1.053999423980713
this epoch choose: [77, 90, 93, 89, 83, 60, 76, 74, 2, 45]
this epoch dispatch models: [0 4 1 1 3 5 2 6 0 0]
this epoch received models: [np.int64(0), np.int64(4), np.int64(1), np.int64(1), np.int64(3), np.int64(5), np.int64(2), np.int64(6), np.int64(0), np.int64(0)]
hetero_proportion: 	4:3:3
TemporalSupport diagnostics: support_mean=0.421219, support_nonzero_ratio=1.000000, temporal_mean_l2=0.066504, memory_component_l2=0.022586, current_update_l2=0.348347, final_update_l2=0.277012
(0.4, 2, 2.120985)
(0.4, 3, 2.646356)
(0.4, 4, 4.64774)
(0.66, 2, 5.159621)
(0.66, 3, 5.528077)
(0.66, 4, 6.945581)
(1.0, 2, 11.424356)
Testing accuracy: 35.62
Full (1.0, 2) accuracy: 35.619999
********************************************************************************
Round 367
this epoch cost time:0.9849989414215088
this epoch choose: [99, 75, 28, 30, 92, 63, 75, 62, 4, 99]
this epoch dispatch models: [1 6 1 0 6 2 2 2 0 3]
this epoch received models: [np.int64(1), np.int64(6), np.int64(1), np.int64(0), np.int64(6), np.int64(2), np.int64(2), np.int64(2), np.int64(0), np.int64(3)]
hetero_proportion: 	4:3:3
TemporalSupport diagnostics: support_mean=0.462906, support_nonzero_ratio=1.000000, temporal_mean_l2=0.061408, memory_component_l2=0.017071, current_update_l2=0.176154, final_update_l2=0.166518
(0.4, 2, 2.120985)
(0.4, 3, 2.646356)
(0.4, 4, 4.64774)
(0.66, 2, 5.159621)
(0.66, 3, 5.528077)
(0.66, 4, 6.945581)
(1.0, 2, 11.424356)
Testing accuracy: 35.38
Full (1.0, 2) accuracy: 35.380001
********************************************************************************
Round 368
this epoch cost time:1.1039996147155762
this epoch choose: [83, 11, 48, 68, 60, 72, 49, 53, 63, 92]
this epoch dispatch models: [2 2 3 2 2 1 3 4 4 6]
this epoch received models: [np.int64(2), np.int64(2), np.int64(3), np.int64(2), np.int64(2), np.int64(1), np.int64(3), np.int64(4), np.int64(4), np.int64(6)]
hetero_proportion: 	4:3:3
TemporalSupport diagnostics: support_mean=0.474458, support_nonzero_ratio=1.000000, temporal_mean_l2=0.054637, memory_component_l2=0.011528, current_update_l2=0.128048, final_update_l2=0.108875
(0.4, 2, 2.120985)
(0.4, 3, 2.646356)
(0.4, 4, 4.64774)
(0.66, 2, 5.159621)
(0.66, 3, 5.528077)
(0.66, 4, 6.945581)
(1.0, 2, 11.424356)
Testing accuracy: 35.45
Full (1.0, 2) accuracy: 35.450001
********************************************************************************
Round 369
this epoch cost time:0.910999059677124
this epoch choose: [74, 35, 97, 94, 62, 8, 49, 70, 3, 73]
this epoch dispatch models: [6 2 4 2 4 0 2 4 0 5]
this epoch received models: [np.int64(6), np.int64(2), np.int64(4), np.int64(2), np.int64(4), np.int64(0), np.int64(2), np.int64(4), np.int64(0), np.int64(5)]
hetero_proportion: 	4:3:3
TemporalSupport diagnostics: support_mean=0.462022, support_nonzero_ratio=1.000000, temporal_mean_l2=0.053340, memory_component_l2=0.012612, current_update_l2=0.185617, final_update_l2=0.174742
(0.4, 2, 2.120985)
(0.4, 3, 2.646356)
(0.4, 4, 4.64774)
(0.66, 2, 5.159621)
(0.66, 3, 5.528077)
(0.66, 4, 6.945581)
(1.0, 2, 11.424356)
Testing accuracy: 35.60
Full (1.0, 2) accuracy: 35.599998
********************************************************************************
Round 370
this epoch cost time:0.9379990100860596
this epoch choose: [59, 96, 52, 86, 55, 53, 88, 99, 0, 86]
this epoch dispatch models: [2 3 3 3 5 5 2 6 1 4]
this epoch received models: [np.int64(2), np.int64(3), np.int64(3), np.int64(3), np.int64(5), np.int64(5), np.int64(2), np.int64(6), np.int64(1), np.int64(4)]
hetero_proportion: 	4:3:3
TemporalSupport diagnostics: support_mean=0.504483, support_nonzero_ratio=1.000000, temporal_mean_l2=0.051598, memory_component_l2=0.010589, current_update_l2=0.174464, final_update_l2=0.159897
(0.4, 2, 2.120985)
(0.4, 3, 2.646356)
(0.4, 4, 4.64774)
(0.66, 2, 5.159621)
(0.66, 3, 5.528077)
(0.66, 4, 6.945581)
(1.0, 2, 11.424356)
Testing accuracy: 35.47
Full (1.0, 2) accuracy: 35.470001
********************************************************************************
Round 371
this epoch cost time:0.8169996738433838
this epoch choose: [89, 59, 42, 34, 92, 73, 52, 72, 91, 13]
this epoch dispatch models: [0 5 3 2 5 5 4 6 3 2]
this epoch received models: [np.int64(0), np.int64(5), np.int64(3), np.int64(2), np.int64(5), np.int64(5), np.int64(4), np.int64(6), np.int64(3), np.int64(2)]
hetero_proportion: 	4:3:3
TemporalSupport diagnostics: support_mean=0.510007, support_nonzero_ratio=1.000000, temporal_mean_l2=0.050715, memory_component_l2=0.010383, current_update_l2=0.168691, final_update_l2=0.148422
(0.4, 2, 2.120985)
(0.4, 3, 2.646356)
(0.4, 4, 4.64774)
(0.66, 2, 5.159621)
(0.66, 3, 5.528077)
(0.66, 4, 6.945581)
(1.0, 2, 11.424356)
Testing accuracy: 35.54
Full (1.0, 2) accuracy: 35.540001
********************************************************************************
Round 372
this epoch cost time:0.8630006313323975
this epoch choose: [92, 91, 89, 94, 47, 95, 65, 61, 13, 68]
this epoch dispatch models: [5 3 3 4 3 3 3 4 1 5]
this epoch received models: [np.int64(5), np.int64(3), np.int64(3), np.int64(4), np.int64(3), np.int64(3), np.int64(3), np.int64(4), np.int64(1), np.int64(5)]
hetero_proportion: 	4:3:3
TemporalSupport diagnostics: support_mean=0.466455, support_nonzero_ratio=0.607963, temporal_mean_l2=0.050327, memory_component_l2=0.017231, current_update_l2=0.167866, final_update_l2=0.144361
(0.4, 2, 2.120985)
(0.4, 3, 2.646356)
(0.4, 4, 4.64774)
(0.66, 2, 5.159621)
(0.66, 3, 5.528077)
(0.66, 4, 6.945581)
(1.0, 2, 11.424356)
Testing accuracy: 35.59
Full (1.0, 2) accuracy: 35.590000
********************************************************************************
Round 373
this epoch cost time:1.0029995441436768
this epoch choose: [85, 99, 73, 66, 85, 83, 61, 85, 57, 18]
this epoch dispatch models: [4 3 0 1 4 1 2 0 5 0]
this epoch received models: [np.int64(4), np.int64(3), np.int64(0), np.int64(1), np.int64(4), np.int64(1), np.int64(2), np.int64(0), np.int64(5), np.int64(0)]
hetero_proportion: 	4:3:3
TemporalSupport diagnostics: support_mean=0.347009, support_nonzero_ratio=0.607963, temporal_mean_l2=0.056727, memory_component_l2=0.020702, current_update_l2=0.273751, final_update_l2=0.229346
(0.4, 2, 2.120985)
(0.4, 3, 2.646356)
(0.4, 4, 4.64774)
(0.66, 2, 5.159621)
(0.66, 3, 5.528077)
(0.66, 4, 6.945581)
(1.0, 2, 11.424356)
Testing accuracy: 35.06
Full (1.0, 2) accuracy: 35.060001
********************************************************************************
Round 374
this epoch cost time:0.9160006046295166
this epoch choose: [67, 63, 81, 62, 99, 96, 64, 52, 67, 63]
this epoch dispatch models: [3 3 3 4 6 2 5 2 4 4]
this epoch received models: [np.int64(3), np.int64(3), np.int64(3), np.int64(4), np.int64(6), np.int64(2), np.int64(5), np.int64(2), np.int64(4), np.int64(4)]
hetero_proportion: 	4:3:3
TemporalSupport diagnostics: support_mean=0.521207, support_nonzero_ratio=1.000000, temporal_mean_l2=0.050838, memory_component_l2=0.012842, current_update_l2=0.120963, final_update_l2=0.113805
(0.4, 2, 2.120985)
(0.4, 3, 2.646356)
(0.4, 4, 4.64774)
(0.66, 2, 5.159621)
(0.66, 3, 5.528077)
(0.66, 4, 6.945581)
(1.0, 2, 11.424356)
Testing accuracy: 35.19
Full (1.0, 2) accuracy: 35.189999
********************************************************************************
Round 375
this epoch cost time:0.8419992923736572
this epoch choose: [75, 26, 25, 8, 18, 30, 77, 2, 30, 82]
this epoch dispatch models: [3 0 2 2 2 2 6 2 2 5]
this epoch received models: [np.int64(3), np.int64(0), np.int64(2), np.int64(2), np.int64(2), np.int64(2), np.int64(6), np.int64(2), np.int64(2), np.int64(5)]
hetero_proportion: 	4:3:3
TemporalSupport diagnostics: support_mean=0.462489, support_nonzero_ratio=1.000000, temporal_mean_l2=0.067434, memory_component_l2=0.012594, current_update_l2=0.293317, final_update_l2=0.266785
(0.4, 2, 2.120985)
(0.4, 3, 2.646356)
(0.4, 4, 4.64774)
(0.66, 2, 5.159621)
(0.66, 3, 5.528077)
(0.66, 4, 6.945581)
(1.0, 2, 11.424356)
Testing accuracy: 35.73
Full (1.0, 2) accuracy: 35.730000
********************************************************************************
Round 376
this epoch cost time:0.8289937973022461
this epoch choose: [50, 58, 90, 78, 56, 72, 46, 43, 51, 96]
this epoch dispatch models: [0 1 3 1 0 1 4 4 4 6]
this epoch received models: [np.int64(0), np.int64(1), np.int64(3), np.int64(1), np.int64(0), np.int64(1), np.int64(4), np.int64(4), np.int64(4), np.int64(6)]
hetero_proportion: 	4:3:3
TemporalSupport diagnostics: support_mean=0.417077, support_nonzero_ratio=1.000000, temporal_mean_l2=0.063497, memory_component_l2=0.034148, current_update_l2=0.185459, final_update_l2=0.164111
(0.4, 2, 2.120985)
(0.4, 3, 2.646356)
(0.4, 4, 4.64774)
(0.66, 2, 5.159621)
(0.66, 3, 5.528077)
(0.66, 4, 6.945581)
(1.0, 2, 11.424356)
Testing accuracy: 35.61
Full (1.0, 2) accuracy: 35.610001
********************************************************************************
Round 377
this epoch cost time:0.9360008239746094
this epoch choose: [67, 0, 71, 55, 97, 95, 57, 66, 48, 30]
this epoch dispatch models: [2 1 6 1 6 6 3 5 5 0]
this epoch received models: [np.int64(2), np.int64(1), np.int64(6), np.int64(1), np.int64(6), np.int64(6), np.int64(3), np.int64(5), np.int64(5), np.int64(0)]
hetero_proportion: 	4:3:3
TemporalSupport diagnostics: support_mean=0.551704, support_nonzero_ratio=1.000000, temporal_mean_l2=0.058879, memory_component_l2=0.015886, current_update_l2=0.167569, final_update_l2=0.155887
(0.4, 2, 2.120985)
(0.4, 3, 2.646356)
(0.4, 4, 4.64774)
(0.66, 2, 5.159621)
(0.66, 3, 5.528077)
(0.66, 4, 6.945581)
(1.0, 2, 11.424356)
Testing accuracy: 35.81
Full (1.0, 2) accuracy: 35.810001
********************************************************************************
Round 378
this epoch cost time:0.8789997100830078
this epoch choose: [88, 98, 82, 47, 53, 99, 61, 77, 87, 43]
this epoch dispatch models: [2 2 4 0 2 2 5 5 4 4]
this epoch received models: [np.int64(2), np.int64(2), np.int64(4), np.int64(0), np.int64(2), np.int64(2), np.int64(5), np.int64(5), np.int64(4), np.int64(4)]
hetero_proportion: 	4:3:3
TemporalSupport diagnostics: support_mean=0.447239, support_nonzero_ratio=0.607963, temporal_mean_l2=0.051747, memory_component_l2=0.010288, current_update_l2=0.126613, final_update_l2=0.119209
(0.4, 2, 2.120985)
(0.4, 3, 2.646356)
(0.4, 4, 4.64774)
(0.66, 2, 5.159621)
(0.66, 3, 5.528077)
(0.66, 4, 6.945581)
(1.0, 2, 11.424356)
Testing accuracy: 35.60
Full (1.0, 2) accuracy: 35.599998
********************************************************************************
Round 379
this epoch cost time:0.7809991836547852
this epoch choose: [64, 58, 16, 88, 66, 46, 74, 43, 44, 15]
this epoch dispatch models: [0 1 0 2 2 0 1 5 1 1]
this epoch received models: [np.int64(0), np.int64(1), np.int64(0), np.int64(2), np.int64(2), np.int64(0), np.int64(1), np.int64(5), np.int64(1), np.int64(1)]
hetero_proportion: 	4:3:3
TemporalSupport diagnostics: support_mean=0.290420, support_nonzero_ratio=0.607963, temporal_mean_l2=0.056072, memory_component_l2=0.022442, current_update_l2=0.243480, final_update_l2=0.217037
(0.4, 2, 2.120985)
(0.4, 3, 2.646356)
(0.4, 4, 4.64774)
(0.66, 2, 5.159621)
(0.66, 3, 5.528077)
(0.66, 4, 6.945581)
(1.0, 2, 11.424356)
Testing accuracy: 35.52
Full (1.0, 2) accuracy: 35.520000
********************************************************************************
Round 380
this epoch cost time:0.9379994869232178
this epoch choose: [96, 31, 80, 80, 15, 55, 19, 2, 46, 48]
this epoch dispatch models: [6 2 3 3 2 0 0 1 2 5]
this epoch received models: [np.int64(6), np.int64(2), np.int64(3), np.int64(3), np.int64(2), np.int64(0), np.int64(0), np.int64(1), np.int64(2), np.int64(5)]
hetero_proportion: 	4:3:3
TemporalSupport diagnostics: support_mean=0.436753, support_nonzero_ratio=1.000000, temporal_mean_l2=0.057695, memory_component_l2=0.017932, current_update_l2=0.234090, final_update_l2=0.196849
(0.4, 2, 2.120985)
(0.4, 3, 2.646356)
(0.4, 4, 4.64774)
(0.66, 2, 5.159621)
(0.66, 3, 5.528077)
(0.66, 4, 6.945581)
(1.0, 2, 11.424356)
Testing accuracy: 35.46
Full (1.0, 2) accuracy: 35.459999
********************************************************************************
Round 381
this epoch cost time:0.94100022315979
this epoch choose: [19, 58, 41, 70, 80, 41, 70, 44, 88, 90]
this epoch dispatch models: [0 5 5 3 4 4 3 3 5 3]
this epoch received models: [np.int64(0), np.int64(5), np.int64(5), np.int64(3), np.int64(4), np.int64(4), np.int64(3), np.int64(3), np.int64(5), np.int64(3)]
hetero_proportion: 	4:3:3
TemporalSupport diagnostics: support_mean=0.480207, support_nonzero_ratio=0.607963, temporal_mean_l2=0.053552, memory_component_l2=0.017211, current_update_l2=0.136392, final_update_l2=0.123247
(0.4, 2, 2.120985)
(0.4, 3, 2.646356)
(0.4, 4, 4.64774)
(0.66, 2, 5.159621)
(0.66, 3, 5.528077)
(0.66, 4, 6.945581)
(1.0, 2, 11.424356)
Testing accuracy: 35.54
Full (1.0, 2) accuracy: 35.540001
********************************************************************************
Round 382
this epoch cost time:1.231999397277832
this epoch choose: [88, 83, 11, 60, 69, 77, 72, 12, 48, 87]
this epoch dispatch models: [6 6 0 0 2 1 5 0 3 6]
this epoch received models: [np.int64(6), np.int64(6), np.int64(0), np.int64(0), np.int64(2), np.int64(1), np.int64(5), np.int64(0), np.int64(3), np.int64(6)]
hetero_proportion: 	4:3:3
TemporalSupport diagnostics: support_mean=0.528716, support_nonzero_ratio=1.000000, temporal_mean_l2=0.052110, memory_component_l2=0.014481, current_update_l2=0.185455, final_update_l2=0.178416
(0.4, 2, 2.120985)
(0.4, 3, 2.646356)
(0.4, 4, 4.64774)
(0.66, 2, 5.159621)
(0.66, 3, 5.528077)
(0.66, 4, 6.945581)
(1.0, 2, 11.424356)
Testing accuracy: 35.82
Full (1.0, 2) accuracy: 35.820000
********************************************************************************
Round 383
this epoch cost time:1.0179998874664307
this epoch choose: [86, 90, 82, 81, 89, 87, 66, 30, 99, 73]
this epoch dispatch models: [2 2 6 5 6 6 5 1 6 4]
this epoch received models: [np.int64(2), np.int64(2), np.int64(6), np.int64(5), np.int64(6), np.int64(6), np.int64(5), np.int64(1), np.int64(6), np.int64(4)]
hetero_proportion: 	4:3:3
TemporalSupport diagnostics: support_mean=0.644186, support_nonzero_ratio=1.000000, temporal_mean_l2=0.045230, memory_component_l2=0.004991, current_update_l2=0.086941, final_update_l2=0.085142
(0.4, 2, 2.120985)
(0.4, 3, 2.646356)
(0.4, 4, 4.64774)
(0.66, 2, 5.159621)
(0.66, 3, 5.528077)
(0.66, 4, 6.945581)
(1.0, 2, 11.424356)
Testing accuracy: 35.93
Full (1.0, 2) accuracy: 35.930000
********************************************************************************
Round 384
this epoch cost time:0.9389998912811279
this epoch choose: [48, 70, 93, 93, 60, 68, 14, 44, 26, 75]
this epoch dispatch models: [0 5 4 1 4 4 2 3 0 2]
this epoch received models: [np.int64(0), np.int64(5), np.int64(4), np.int64(1), np.int64(4), np.int64(4), np.int64(2), np.int64(3), np.int64(0), np.int64(2)]
hetero_proportion: 	4:3:3
TemporalSupport diagnostics: support_mean=0.399396, support_nonzero_ratio=0.607963, temporal_mean_l2=0.053492, memory_component_l2=0.016987, current_update_l2=0.273477, final_update_l2=0.211376
(0.4, 2, 2.120985)
(0.4, 3, 2.646356)
(0.4, 4, 4.64774)
(0.66, 2, 5.159621)
(0.66, 3, 5.528077)
(0.66, 4, 6.945581)
(1.0, 2, 11.424356)
Testing accuracy: 36.04
Full (1.0, 2) accuracy: 36.040001
********************************************************************************
Round 385
this epoch cost time:0.8600008487701416
this epoch choose: [78, 95, 89, 63, 46, 12, 45, 46, 25, 47]
this epoch dispatch models: [0 3 2 5 5 1 2 4 0 3]
this epoch received models: [np.int64(0), np.int64(3), np.int64(2), np.int64(5), np.int64(5), np.int64(1), np.int64(2), np.int64(4), np.int64(0), np.int64(3)]
hetero_proportion: 	4:3:3
TemporalSupport diagnostics: support_mean=0.408415, support_nonzero_ratio=0.607963, temporal_mean_l2=0.051193, memory_component_l2=0.015283, current_update_l2=0.174738, final_update_l2=0.158192
(0.4, 2, 2.120985)
(0.4, 3, 2.646356)
(0.4, 4, 4.64774)
(0.66, 2, 5.159621)
(0.66, 3, 5.528077)
(0.66, 4, 6.945581)
(1.0, 2, 11.424356)
Testing accuracy: 35.90
Full (1.0, 2) accuracy: 35.900002
********************************************************************************
Round 386
this epoch cost time:0.8950002193450928
this epoch choose: [92, 83, 77, 11, 0, 86, 55, 30, 45, 39]
this epoch dispatch models: [6 0 5 1 1 6 2 1 5 1]
this epoch received models: [np.int64(6), np.int64(0), np.int64(5), np.int64(1), np.int64(1), np.int64(6), np.int64(2), np.int64(1), np.int64(5), np.int64(1)]
hetero_proportion: 	4:3:3
TemporalSupport diagnostics: support_mean=0.457429, support_nonzero_ratio=1.000000, temporal_mean_l2=0.055952, memory_component_l2=0.013728, current_update_l2=0.236641, final_update_l2=0.229969
(0.4, 2, 2.120985)
(0.4, 3, 2.646356)
(0.4, 4, 4.64774)
(0.66, 2, 5.159621)
(0.66, 3, 5.528077)
(0.66, 4, 6.945581)
(1.0, 2, 11.424356)
Testing accuracy: 36.19
Full (1.0, 2) accuracy: 36.189999
********************************************************************************
Round 387
this epoch cost time:0.8710081577301025
this epoch choose: [62, 78, 43, 76, 67, 75, 59, 50, 80, 42]
this epoch dispatch models: [2 0 3 5 5 4 5 0 1 5]
this epoch received models: [np.int64(2), np.int64(0), np.int64(3), np.int64(5), np.int64(5), np.int64(4), np.int64(5), np.int64(0), np.int64(1), np.int64(5)]
hetero_proportion: 	4:3:3
TemporalSupport diagnostics: support_mean=0.441586, support_nonzero_ratio=0.607963, temporal_mean_l2=0.050608, memory_component_l2=0.010820, current_update_l2=0.131641, final_update_l2=0.120106
(0.4, 2, 2.120985)
(0.4, 3, 2.646356)
(0.4, 4, 4.64774)
(0.66, 2, 5.159621)
(0.66, 3, 5.528077)
(0.66, 4, 6.945581)
(1.0, 2, 11.424356)
Testing accuracy: 35.85
Full (1.0, 2) accuracy: 35.849998
********************************************************************************
Round 388
this epoch cost time:0.931999921798706
this epoch choose: [82, 76, 3, 35, 79, 61, 68, 28, 57, 41]
this epoch dispatch models: [4 2 1 0 0 1 5 0 5 2]
this epoch received models: [np.int64(4), np.int64(2), np.int64(1), np.int64(0), np.int64(0), np.int64(1), np.int64(5), np.int64(0), np.int64(5), np.int64(2)]
hetero_proportion: 	4:3:3
TemporalSupport diagnostics: support_mean=0.360149, support_nonzero_ratio=0.607963, temporal_mean_l2=0.053539, memory_component_l2=0.013696, current_update_l2=0.234934, final_update_l2=0.214957
(0.4, 2, 2.120985)
(0.4, 3, 2.646356)
(0.4, 4, 4.64774)
(0.66, 2, 5.159621)
(0.66, 3, 5.528077)
(0.66, 4, 6.945581)
(1.0, 2, 11.424356)
Testing accuracy: 35.87
Full (1.0, 2) accuracy: 35.869999
********************************************************************************
Round 389
this epoch cost time:0.8829991817474365
this epoch choose: [89, 61, 56, 74, 43, 57, 72, 22, 87, 90]
this epoch dispatch models: [3 0 2 3 5 4 3 2 3 2]
this epoch received models: [np.int64(3), np.int64(0), np.int64(2), np.int64(3), np.int64(5), np.int64(4), np.int64(3), np.int64(2), np.int64(3), np.int64(2)]
hetero_proportion: 	4:3:3
TemporalSupport diagnostics: support_mean=0.432104, support_nonzero_ratio=0.607963, temporal_mean_l2=0.050361, memory_component_l2=0.012698, current_update_l2=0.150303, final_update_l2=0.128125
(0.4, 2, 2.120985)
(0.4, 3, 2.646356)
(0.4, 4, 4.64774)
(0.66, 2, 5.159621)
(0.66, 3, 5.528077)
(0.66, 4, 6.945581)
(1.0, 2, 11.424356)
Testing accuracy: 35.95
Full (1.0, 2) accuracy: 35.950001
********************************************************************************
Round 390
this epoch cost time:0.8849995136260986
this epoch choose: [68, 58, 37, 77, 75, 23, 41, 86, 82, 50]
this epoch dispatch models: [5 1 1 4 1 2 0 6 4 2]
this epoch received models: [np.int64(5), np.int64(1), np.int64(1), np.int64(4), np.int64(1), np.int64(2), np.int64(0), np.int64(6), np.int64(4), np.int64(2)]
hetero_proportion: 	4:3:3
TemporalSupport diagnostics: support_mean=0.421973, support_nonzero_ratio=1.000000, temporal_mean_l2=0.057608, memory_component_l2=0.019288, current_update_l2=0.281716, final_update_l2=0.215305
(0.4, 2, 2.120985)
(0.4, 3, 2.646356)
(0.4, 4, 4.64774)
(0.66, 2, 5.159621)
(0.66, 3, 5.528077)
(0.66, 4, 6.945581)
(1.0, 2, 11.424356)
Testing accuracy: 35.63
Full (1.0, 2) accuracy: 35.630001
********************************************************************************
Round 391
this epoch cost time:0.9340002536773682
this epoch choose: [97, 91, 92, 52, 91, 75, 76, 50, 61, 94]
this epoch dispatch models: [0 6 6 2 6 5 0 2 0 6]
this epoch received models: [np.int64(0), np.int64(6), np.int64(6), np.int64(2), np.int64(6), np.int64(5), np.int64(0), np.int64(2), np.int64(0), np.int64(6)]
hetero_proportion: 	4:3:3
TemporalSupport diagnostics: support_mean=0.615279, support_nonzero_ratio=1.000000, temporal_mean_l2=0.053403, memory_component_l2=0.011375, current_update_l2=0.152216, final_update_l2=0.150481
(0.4, 2, 2.120985)
(0.4, 3, 2.646356)
(0.4, 4, 4.64774)
(0.66, 2, 5.159621)
(0.66, 3, 5.528077)
(0.66, 4, 6.945581)
(1.0, 2, 11.424356)
Testing accuracy: 35.69
Full (1.0, 2) accuracy: 35.689999
********************************************************************************
Round 392
this epoch cost time:1.0130000114440918
this epoch choose: [80, 54, 79, 2, 8, 18, 85, 14, 92, 46]
this epoch dispatch models: [5 5 6 1 0 1 6 0 5 1]
this epoch received models: [np.int64(5), np.int64(5), np.int64(6), np.int64(1), np.int64(0), np.int64(1), np.int64(6), np.int64(0), np.int64(5), np.int64(1)]
hetero_proportion: 	4:3:3
TemporalSupport diagnostics: support_mean=0.483462, support_nonzero_ratio=1.000000, temporal_mean_l2=0.052304, memory_component_l2=0.013400, current_update_l2=0.197040, final_update_l2=0.189137
(0.4, 2, 2.120985)
(0.4, 3, 2.646356)
(0.4, 4, 4.64774)
(0.66, 2, 5.159621)
(0.66, 3, 5.528077)
(0.66, 4, 6.945581)
(1.0, 2, 11.424356)
Testing accuracy: 35.60
Full (1.0, 2) accuracy: 35.599998
********************************************************************************
Round 393
this epoch cost time:0.8999998569488525
this epoch choose: [56, 97, 93, 59, 95, 69, 96, 38, 74, 13]
this epoch dispatch models: [5 6 3 4 6 1 4 0 6 1]
this epoch received models: [np.int64(5), np.int64(6), np.int64(3), np.int64(4), np.int64(6), np.int64(1), np.int64(4), np.int64(0), np.int64(6), np.int64(1)]
hetero_proportion: 	4:3:3
TemporalSupport diagnostics: support_mean=0.553125, support_nonzero_ratio=1.000000, temporal_mean_l2=0.049841, memory_component_l2=0.011676, current_update_l2=0.163031, final_update_l2=0.156507
(0.4, 2, 2.120985)
(0.4, 3, 2.646356)
(0.4, 4, 4.64774)
(0.66, 2, 5.159621)
(0.66, 3, 5.528077)
(0.66, 4, 6.945581)
(1.0, 2, 11.424356)
Testing accuracy: 35.73
Full (1.0, 2) accuracy: 35.730000
********************************************************************************
Round 394
this epoch cost time:0.9370005130767822
this epoch choose: [64, 48, 69, 97, 42, 68, 70, 86, 72, 99]
this epoch dispatch models: [2 5 3 6 5 4 3 3 2 6]
this epoch received models: [np.int64(2), np.int64(5), np.int64(3), np.int64(6), np.int64(5), np.int64(4), np.int64(3), np.int64(3), np.int64(2), np.int64(6)]
hetero_proportion: 	4:3:3
TemporalSupport diagnostics: support_mean=0.580297, support_nonzero_ratio=1.000000, temporal_mean_l2=0.044001, memory_component_l2=0.009212, current_update_l2=0.081949, final_update_l2=0.077537
(0.4, 2, 2.120985)
(0.4, 3, 2.646356)
(0.4, 4, 4.64774)
(0.66, 2, 5.159621)
(0.66, 3, 5.528077)
(0.66, 4, 6.945581)
(1.0, 2, 11.424356)
Testing accuracy: 35.74
Full (1.0, 2) accuracy: 35.740002
********************************************************************************
Round 395
this epoch cost time:1.069000005722046
this epoch choose: [60, 69, 81, 48, 85, 70, 68, 52, 98, 57]
this epoch dispatch models: [4 2 6 3 4 6 2 5 1 5]
this epoch received models: [np.int64(4), np.int64(2), np.int64(6), np.int64(3), np.int64(4), np.int64(6), np.int64(2), np.int64(5), np.int64(1), np.int64(5)]
hetero_proportion: 	4:3:3
TemporalSupport diagnostics: support_mean=0.587054, support_nonzero_ratio=1.000000, temporal_mean_l2=0.039222, memory_component_l2=0.005845, current_update_l2=0.087410, final_update_l2=0.083088
(0.4, 2, 2.120985)
(0.4, 3, 2.646356)
(0.4, 4, 4.64774)
(0.66, 2, 5.159621)
(0.66, 3, 5.528077)
(0.66, 4, 6.945581)
(1.0, 2, 11.424356)
Testing accuracy: 35.77
Full (1.0, 2) accuracy: 35.770000
********************************************************************************
Round 396
this epoch cost time:0.724998950958252
this epoch choose: [79, 95, 44, 59, 36, 40, 82, 78, 92, 64]
this epoch dispatch models: [4 6 3 2 0 5 0 6 2 2]
this epoch received models: [np.int64(4), np.int64(6), np.int64(3), np.int64(2), np.int64(0), np.int64(5), np.int64(0), np.int64(6), np.int64(2), np.int64(2)]
hetero_proportion: 	4:3:3
TemporalSupport diagnostics: support_mean=0.484559, support_nonzero_ratio=1.000000, temporal_mean_l2=0.042172, memory_component_l2=0.008408, current_update_l2=0.181515, final_update_l2=0.177571
(0.4, 2, 2.120985)
(0.4, 3, 2.646356)
(0.4, 4, 4.64774)
(0.66, 2, 5.159621)
(0.66, 3, 5.528077)
(0.66, 4, 6.945581)
(1.0, 2, 11.424356)
Testing accuracy: 35.86
Full (1.0, 2) accuracy: 35.860001
********************************************************************************
Round 397
this epoch cost time:1.1709997653961182
this epoch choose: [84, 2, 72, 65, 14, 46, 83, 60, 78, 89]
this epoch dispatch models: [4 0 1 5 2 5 5 3 5 6]
this epoch received models: [np.int64(4), np.int64(0), np.int64(1), np.int64(5), np.int64(2), np.int64(5), np.int64(5), np.int64(3), np.int64(5), np.int64(6)]
hetero_proportion: 	4:3:3
TemporalSupport diagnostics: support_mean=0.514837, support_nonzero_ratio=1.000000, temporal_mean_l2=0.043307, memory_component_l2=0.007879, current_update_l2=0.160039, final_update_l2=0.143745
(0.4, 2, 2.120985)
(0.4, 3, 2.646356)
(0.4, 4, 4.64774)
(0.66, 2, 5.159621)
(0.66, 3, 5.528077)
(0.66, 4, 6.945581)
(1.0, 2, 11.424356)
Testing accuracy: 35.84
Full (1.0, 2) accuracy: 35.840000
********************************************************************************
Round 398
this epoch cost time:0.9479994773864746
this epoch choose: [80, 89, 92, 73, 99, 96, 84, 45, 79, 71]
this epoch dispatch models: [4 1 6 1 4 4 6 4 4 3]
this epoch received models: [np.int64(4), np.int64(1), np.int64(6), np.int64(1), np.int64(4), np.int64(4), np.int64(6), np.int64(4), np.int64(4), np.int64(3)]
hetero_proportion: 	4:3:3
TemporalSupport diagnostics: support_mean=0.532753, support_nonzero_ratio=1.000000, temporal_mean_l2=0.039171, memory_component_l2=0.012535, current_update_l2=0.093031, final_update_l2=0.088500
(0.4, 2, 2.120985)
(0.4, 3, 2.646356)
(0.4, 4, 4.64774)
(0.66, 2, 5.159621)
(0.66, 3, 5.528077)
(0.66, 4, 6.945581)
(1.0, 2, 11.424356)
Testing accuracy: 35.71
Full (1.0, 2) accuracy: 35.709999
********************************************************************************
Round 399
this epoch cost time:0.8110005855560303
this epoch choose: [67, 61, 77, 95, 86, 5, 52, 21, 43, 79]
this epoch dispatch models: [0 5 5 4 2 2 4 0 3 4]
this epoch received models: [np.int64(0), np.int64(5), np.int64(5), np.int64(4), np.int64(2), np.int64(2), np.int64(4), np.int64(0), np.int64(3), np.int64(4)]
hetero_proportion: 	4:3:3
TemporalSupport diagnostics: support_mean=0.425034, support_nonzero_ratio=0.607963, temporal_mean_l2=0.047596, memory_component_l2=0.013894, current_update_l2=0.241144, final_update_l2=0.201609
(0.4, 2, 2.120985)
(0.4, 3, 2.646356)
(0.4, 4, 4.64774)
(0.66, 2, 5.159621)
(0.66, 3, 5.528077)
(0.66, 4, 6.945581)
(1.0, 2, 11.424356)
Testing accuracy: 35.79
Full (1.0, 2) accuracy: 35.790001
********************************************************************************
Round 400
this epoch cost time:0.8219993114471436
this epoch choose: [14, 91, 71, 15, 71, 73, 39, 88, 25, 20]
this epoch dispatch models: [1 4 6 0 0 5 1 4 1 1]
this epoch received models: [np.int64(1), np.int64(4), np.int64(6), np.int64(0), np.int64(0), np.int64(5), np.int64(1), np.int64(4), np.int64(1), np.int64(1)]
hetero_proportion: 	4:3:3
TemporalSupport diagnostics: support_mean=0.386496, support_nonzero_ratio=1.000000, temporal_mean_l2=0.051279, memory_component_l2=0.019320, current_update_l2=0.226712, final_update_l2=0.201975
(0.4, 2, 2.120985)
(0.4, 3, 2.646356)
(0.4, 4, 4.64774)
(0.66, 2, 5.159621)
(0.66, 3, 5.528077)
(0.66, 4, 6.945581)
(1.0, 2, 11.424356)
Testing accuracy: 35.47
Full (1.0, 2) accuracy: 35.470001
********************************************************************************
Round 401
this epoch cost time:0.7719998359680176
this epoch choose: [87, 19, 54, 27, 11, 64, 62, 88, 72, 67]
this epoch dispatch models: [6 0 3 0 1 2 4 0 1 4]
this epoch received models: [np.int64(6), np.int64(0), np.int64(3), np.int64(0), np.int64(1), np.int64(2), np.int64(4), np.int64(0), np.int64(1), np.int64(4)]
hetero_proportion: 	4:3:3
TemporalSupport diagnostics: support_mean=0.366773, support_nonzero_ratio=1.000000, temporal_mean_l2=0.052575, memory_component_l2=0.020200, current_update_l2=0.220689, final_update_l2=0.193708
(0.4, 2, 2.120985)
(0.4, 3, 2.646356)
(0.4, 4, 4.64774)
(0.66, 2, 5.159621)
(0.66, 3, 5.528077)
(0.66, 4, 6.945581)
(1.0, 2, 11.424356)
Testing accuracy: 35.50
Full (1.0, 2) accuracy: 35.500000
********************************************************************************
Round 402
this epoch cost time:0.8569991588592529
this epoch choose: [57, 79, 17, 36, 73, 95, 55, 8, 94, 76]
this epoch dispatch models: [3 3 0 0 0 6 5 2 5 2]
this epoch received models: [np.int64(3), np.int64(3), np.int64(0), np.int64(0), np.int64(0), np.int64(6), np.int64(5), np.int64(2), np.int64(5), np.int64(2)]
hetero_proportion: 	4:3:3
TemporalSupport diagnostics: support_mean=0.433370, support_nonzero_ratio=1.000000, temporal_mean_l2=0.053349, memory_component_l2=0.015348, current_update_l2=0.202542, final_update_l2=0.184444
(0.4, 2, 2.120985)
(0.4, 3, 2.646356)
(0.4, 4, 4.64774)
(0.66, 2, 5.159621)
(0.66, 3, 5.528077)
(0.66, 4, 6.945581)
(1.0, 2, 11.424356)
Testing accuracy: 35.82
Full (1.0, 2) accuracy: 35.820000
********************************************************************************
Round 403
this epoch cost time:0.9389991760253906
this epoch choose: [33, 43, 2, 67, 79, 36, 93, 70, 54, 55]
this epoch dispatch models: [1 3 2 3 3 2 4 5 2 2]
this epoch received models: [np.int64(1), np.int64(3), np.int64(2), np.int64(3), np.int64(3), np.int64(2), np.int64(4), np.int64(5), np.int64(2), np.int64(2)]
hetero_proportion: 	4:3:3
TemporalSupport diagnostics: support_mean=0.435999, support_nonzero_ratio=0.607963, temporal_mean_l2=0.051800, memory_component_l2=0.011046, current_update_l2=0.156334, final_update_l2=0.134629
(0.4, 2, 2.120985)
(0.4, 3, 2.646356)
(0.4, 4, 4.64774)
(0.66, 2, 5.159621)
(0.66, 3, 5.528077)
(0.66, 4, 6.945581)
(1.0, 2, 11.424356)
Testing accuracy: 36.22
Full (1.0, 2) accuracy: 36.220001
********************************************************************************
Round 404
this epoch cost time:1.172999620437622
this epoch choose: [93, 91, 44, 23, 53, 89, 83, 4, 99, 80]
this epoch dispatch models: [5 4 4 1 4 4 5 2 5 4]
this epoch received models: [np.int64(5), np.int64(4), np.int64(4), np.int64(1), np.int64(4), np.int64(4), np.int64(5), np.int64(2), np.int64(5), np.int64(4)]
hetero_proportion: 	4:3:3
TemporalSupport diagnostics: support_mean=0.481492, support_nonzero_ratio=0.607963, temporal_mean_l2=0.055976, memory_component_l2=0.015029, current_update_l2=0.230088, final_update_l2=0.204171
(0.4, 2, 2.120985)
(0.4, 3, 2.646356)
(0.4, 4, 4.64774)
(0.66, 2, 5.159621)
(0.66, 3, 5.528077)
(0.66, 4, 6.945581)
(1.0, 2, 11.424356)
Testing accuracy: 36.40
Full (1.0, 2) accuracy: 36.400002
********************************************************************************
Round 405
this epoch cost time:0.8619999885559082
this epoch choose: [96, 54, 94, 66, 45, 45, 65, 98, 18, 51]
this epoch dispatch models: [0 2 3 3 1 0 1 4 1 5]
this epoch received models: [np.int64(0), np.int64(2), np.int64(3), np.int64(3), np.int64(1), np.int64(0), np.int64(1), np.int64(4), np.int64(1), np.int64(5)]
hetero_proportion: 	4:3:3
TemporalSupport diagnostics: support_mean=0.348189, support_nonzero_ratio=0.607963, temporal_mean_l2=0.054950, memory_component_l2=0.021314, current_update_l2=0.213992, final_update_l2=0.185138
(0.4, 2, 2.120985)
(0.4, 3, 2.646356)
(0.4, 4, 4.64774)
(0.66, 2, 5.159621)
(0.66, 3, 5.528077)
(0.66, 4, 6.945581)
(1.0, 2, 11.424356)
Testing accuracy: 36.28
Full (1.0, 2) accuracy: 36.279999
********************************************************************************
Round 406
this epoch cost time:0.9340004920959473
this epoch choose: [28, 77, 95, 7, 46, 72, 57, 41, 96, 53]
this epoch dispatch models: [1 6 6 2 2 6 0 2 6 5]
this epoch received models: [np.int64(1), np.int64(6), np.int64(6), np.int64(2), np.int64(2), np.int64(6), np.int64(0), np.int64(2), np.int64(6), np.int64(5)]
hetero_proportion: 	4:3:3
TemporalSupport diagnostics: support_mean=0.582814, support_nonzero_ratio=1.000000, temporal_mean_l2=0.051627, memory_component_l2=0.007741, current_update_l2=0.159460, final_update_l2=0.151320
(0.4, 2, 2.120985)
(0.4, 3, 2.646356)
(0.4, 4, 4.64774)
(0.66, 2, 5.159621)
(0.66, 3, 5.528077)
(0.66, 4, 6.945581)
(1.0, 2, 11.424356)
Testing accuracy: 36.02
Full (1.0, 2) accuracy: 36.020000
********************************************************************************
Round 407
this epoch cost time:1.1500072479248047
this epoch choose: [77, 56, 19, 88, 90, 66, 64, 46, 61, 83]
this epoch dispatch models: [6 4 2 2 2 2 5 5 2 4]
this epoch received models: [np.int64(6), np.int64(4), np.int64(2), np.int64(2), np.int64(2), np.int64(2), np.int64(5), np.int64(5), np.int64(2), np.int64(4)]
hetero_proportion: 	4:3:3
TemporalSupport diagnostics: support_mean=0.513870, support_nonzero_ratio=1.000000, temporal_mean_l2=0.045054, memory_component_l2=0.006484, current_update_l2=0.093195, final_update_l2=0.087178
(0.4, 2, 2.120985)
(0.4, 3, 2.646356)
(0.4, 4, 4.64774)
(0.66, 2, 5.159621)
(0.66, 3, 5.528077)
(0.66, 4, 6.945581)
(1.0, 2, 11.424356)
Testing accuracy: 36.13
Full (1.0, 2) accuracy: 36.130001
********************************************************************************
Round 408
this epoch cost time:0.9420003890991211
this epoch choose: [86, 78, 40, 70, 39, 33, 99, 89, 37, 26]
this epoch dispatch models: [4 2 3 5 1 2 1 1 0 0]
this epoch received models: [np.int64(4), np.int64(2), np.int64(3), np.int64(5), np.int64(1), np.int64(2), np.int64(1), np.int64(1), np.int64(0), np.int64(0)]
hetero_proportion: 	4:3:3
TemporalSupport diagnostics: support_mean=0.357619, support_nonzero_ratio=0.607963, temporal_mean_l2=0.046401, memory_component_l2=0.016662, current_update_l2=0.205400, final_update_l2=0.163933
(0.4, 2, 2.120985)
(0.4, 3, 2.646356)
(0.4, 4, 4.64774)
(0.66, 2, 5.159621)
(0.66, 3, 5.528077)
(0.66, 4, 6.945581)
(1.0, 2, 11.424356)
Testing accuracy: 36.02
Full (1.0, 2) accuracy: 36.020000
********************************************************************************
Round 409
this epoch cost time:0.9439990520477295
this epoch choose: [91, 48, 84, 80, 48, 82, 42, 90, 89, 82]
this epoch dispatch models: [5 5 5 4 0 5 3 4 3 6]
this epoch received models: [np.int64(5), np.int64(5), np.int64(5), np.int64(4), np.int64(0), np.int64(5), np.int64(3), np.int64(4), np.int64(3), np.int64(6)]
hetero_proportion: 	4:3:3
TemporalSupport diagnostics: support_mean=0.536568, support_nonzero_ratio=1.000000, temporal_mean_l2=0.042365, memory_component_l2=0.011069, current_update_l2=0.115633, final_update_l2=0.107190
(0.4, 2, 2.120985)
(0.4, 3, 2.646356)
(0.4, 4, 4.64774)
(0.66, 2, 5.159621)
(0.66, 3, 5.528077)
(0.66, 4, 6.945581)
(1.0, 2, 11.424356)
Testing accuracy: 35.77
Full (1.0, 2) accuracy: 35.770000
********************************************************************************
Round 410
this epoch cost time:0.9109995365142822
this epoch choose: [69, 87, 3, 16, 54, 63, 82, 46, 96, 37]
this epoch dispatch models: [3 6 2 0 5 2 1 4 4 0]
this epoch received models: [np.int64(3), np.int64(6), np.int64(2), np.int64(0), np.int64(5), np.int64(2), np.int64(1), np.int64(4), np.int64(4), np.int64(0)]
hetero_proportion: 	4:3:3
TemporalSupport diagnostics: support_mean=0.432661, support_nonzero_ratio=1.000000, temporal_mean_l2=0.043399, memory_component_l2=0.013155, current_update_l2=0.166486, final_update_l2=0.145800
(0.4, 2, 2.120985)
(0.4, 3, 2.646356)
(0.4, 4, 4.64774)
(0.66, 2, 5.159621)
(0.66, 3, 5.528077)
(0.66, 4, 6.945581)
(1.0, 2, 11.424356)
Testing accuracy: 35.57
Full (1.0, 2) accuracy: 35.570000
********************************************************************************
Round 411
this epoch cost time:0.7420003414154053
this epoch choose: [89, 79, 55, 52, 66, 42, 12, 31, 31, 62]
this epoch dispatch models: [2 2 1 3 0 2 1 1 0 1]
this epoch received models: [np.int64(2), np.int64(2), np.int64(1), np.int64(3), np.int64(0), np.int64(2), np.int64(1), np.int64(1), np.int64(0), np.int64(1)]
hetero_proportion: 	4:3:3
TemporalSupport diagnostics: support_mean=0.295236, support_nonzero_ratio=0.597718, temporal_mean_l2=0.046535, memory_component_l2=0.015321, current_update_l2=0.215089, final_update_l2=0.186990
(0.4, 2, 2.120985)
(0.4, 3, 2.646356)
(0.4, 4, 4.64774)
(0.66, 2, 5.159621)
(0.66, 3, 5.528077)
(0.66, 4, 6.945581)
(1.0, 2, 11.424356)
Testing accuracy: 35.54
Full (1.0, 2) accuracy: 35.540001
********************************************************************************
Round 412
this epoch cost time:1.067000150680542
this epoch choose: [76, 14, 22, 85, 81, 90, 82, 78, 81, 79]
this epoch dispatch models: [4 1 0 6 6 2 1 5 2 0]
this epoch received models: [np.int64(4), np.int64(1), np.int64(0), np.int64(6), np.int64(6), np.int64(2), np.int64(1), np.int64(5), np.int64(2), np.int64(0)]
hetero_proportion: 	4:3:3
TemporalSupport diagnostics: support_mean=0.481286, support_nonzero_ratio=1.000000, temporal_mean_l2=0.044190, memory_component_l2=0.010246, current_update_l2=0.148191, final_update_l2=0.140097
(0.4, 2, 2.120985)
(0.4, 3, 2.646356)
(0.4, 4, 4.64774)
(0.66, 2, 5.159621)
(0.66, 3, 5.528077)
(0.66, 4, 6.945581)
(1.0, 2, 11.424356)
Testing accuracy: 35.57
Full (1.0, 2) accuracy: 35.570000
********************************************************************************
Round 413
this epoch cost time:0.9090011119842529
this epoch choose: [67, 82, 70, 53, 96, 41, 90, 82, 18, 54]
this epoch dispatch models: [3 6 1 1 0 3 6 6 2 1]
this epoch received models: [np.int64(3), np.int64(6), np.int64(1), np.int64(1), np.int64(0), np.int64(3), np.int64(6), np.int64(6), np.int64(2), np.int64(1)]
hetero_proportion: 	4:3:3
TemporalSupport diagnostics: support_mean=0.502505, support_nonzero_ratio=1.000000, temporal_mean_l2=0.047351, memory_component_l2=0.013215, current_update_l2=0.208575, final_update_l2=0.178779
(0.4, 2, 2.120985)
(0.4, 3, 2.646356)
(0.4, 4, 4.64774)
(0.66, 2, 5.159621)
(0.66, 3, 5.528077)
(0.66, 4, 6.945581)
(1.0, 2, 11.424356)
Testing accuracy: 35.59
Full (1.0, 2) accuracy: 35.590000
********************************************************************************
Round 414
this epoch cost time:0.9000000953674316
this epoch choose: [74, 43, 58, 64, 78, 55, 81, 12, 52, 76]
this epoch dispatch models: [6 5 4 4 2 1 0 0 3 1]
this epoch received models: [np.int64(6), np.int64(5), np.int64(4), np.int64(4), np.int64(2), np.int64(1), np.int64(0), np.int64(0), np.int64(3), np.int64(1)]
hetero_proportion: 	4:3:3
TemporalSupport diagnostics: support_mean=0.425875, support_nonzero_ratio=1.000000, temporal_mean_l2=0.048007, memory_component_l2=0.013550, current_update_l2=0.182209, final_update_l2=0.173434
(0.4, 2, 2.120985)
(0.4, 3, 2.646356)
(0.4, 4, 4.64774)
(0.66, 2, 5.159621)
(0.66, 3, 5.528077)
(0.66, 4, 6.945581)
(1.0, 2, 11.424356)
Testing accuracy: 35.46
Full (1.0, 2) accuracy: 35.459999
********************************************************************************
Round 415
this epoch cost time:0.8709993362426758
this epoch choose: [34, 70, 78, 67, 56, 72, 96, 89, 13, 60]
this epoch dispatch models: [2 4 4 5 5 5 6 5 0 3]
this epoch received models: [np.int64(2), np.int64(4), np.int64(4), np.int64(5), np.int64(5), np.int64(5), np.int64(6), np.int64(5), np.int64(0), np.int64(3)]
hetero_proportion: 	4:3:3
TemporalSupport diagnostics: support_mean=0.534786, support_nonzero_ratio=1.000000, temporal_mean_l2=0.045598, memory_component_l2=0.008081, current_update_l2=0.143542, final_update_l2=0.135259
(0.4, 2, 2.120985)
(0.4, 3, 2.646356)
(0.4, 4, 4.64774)
(0.66, 2, 5.159621)
(0.66, 3, 5.528077)
(0.66, 4, 6.945581)
(1.0, 2, 11.424356)
Testing accuracy: 35.55
Full (1.0, 2) accuracy: 35.549999
********************************************************************************
Round 416
this epoch cost time:0.9350001811981201
this epoch choose: [19, 71, 91, 68, 33, 86, 97, 86, 41, 87]
this epoch dispatch models: [2 1 1 0 2 0 3 0 5 6]
this epoch received models: [np.int64(2), np.int64(1), np.int64(1), np.int64(0), np.int64(2), np.int64(0), np.int64(3), np.int64(0), np.int64(5), np.int64(6)]
hetero_proportion: 	4:3:3
TemporalSupport diagnostics: support_mean=0.366867, support_nonzero_ratio=1.000000, temporal_mean_l2=0.052858, memory_component_l2=0.015384, current_update_l2=0.260389, final_update_l2=0.236173
(0.4, 2, 2.120985)
(0.4, 3, 2.646356)
(0.4, 4, 4.64774)
(0.66, 2, 5.159621)
(0.66, 3, 5.528077)
(0.66, 4, 6.945581)
(1.0, 2, 11.424356)
Testing accuracy: 35.68
Full (1.0, 2) accuracy: 35.680000
********************************************************************************
Round 417
this epoch cost time:1.072993278503418
this epoch choose: [82, 93, 12, 89, 81, 84, 33, 96, 46, 36]
this epoch dispatch models: [5 0 2 4 6 6 1 0 5 2]
this epoch received models: [np.int64(5), np.int64(0), np.int64(2), np.int64(4), np.int64(6), np.int64(6), np.int64(1), np.int64(0), np.int64(5), np.int64(2)]
hetero_proportion: 	4:3:3
TemporalSupport diagnostics: support_mean=0.542671, support_nonzero_ratio=1.000000, temporal_mean_l2=0.050665, memory_component_l2=0.008370, current_update_l2=0.151774, final_update_l2=0.138350
(0.4, 2, 2.120985)
(0.4, 3, 2.646356)
(0.4, 4, 4.64774)
(0.66, 2, 5.159621)
(0.66, 3, 5.528077)
(0.66, 4, 6.945581)
(1.0, 2, 11.424356)
Testing accuracy: 35.67
Full (1.0, 2) accuracy: 35.669998
********************************************************************************
Round 418
this epoch cost time:0.9909999370574951
this epoch choose: [74, 95, 45, 66, 90, 48, 70, 61, 74, 86]
this epoch dispatch models: [6 6 3 5 1 2 6 2 2 3]
this epoch received models: [np.int64(6), np.int64(6), np.int64(3), np.int64(5), np.int64(1), np.int64(2), np.int64(6), np.int64(2), np.int64(2), np.int64(3)]
hetero_proportion: 	4:3:3
TemporalSupport diagnostics: support_mean=0.590775, support_nonzero_ratio=1.000000, temporal_mean_l2=0.043813, memory_component_l2=0.006380, current_update_l2=0.083211, final_update_l2=0.077892
(0.4, 2, 2.120985)
(0.4, 3, 2.646356)
(0.4, 4, 4.64774)
(0.66, 2, 5.159621)
(0.66, 3, 5.528077)
(0.66, 4, 6.945581)
(1.0, 2, 11.424356)
Testing accuracy: 35.79
Full (1.0, 2) accuracy: 35.790001
********************************************************************************
Round 419
this epoch cost time:0.8409991264343262
this epoch choose: [16, 99, 89, 75, 65, 71, 91, 93, 98, 29]
this epoch dispatch models: [2 2 3 3 4 4 5 5 1 0]
this epoch received models: [np.int64(2), np.int64(2), np.int64(3), np.int64(3), np.int64(4), np.int64(4), np.int64(5), np.int64(5), np.int64(1), np.int64(0)]
hetero_proportion: 	4:3:3
TemporalSupport diagnostics: support_mean=0.428216, support_nonzero_ratio=0.607963, temporal_mean_l2=0.042229, memory_component_l2=0.010412, current_update_l2=0.143631, final_update_l2=0.132451
(0.4, 2, 2.120985)
(0.4, 3, 2.646356)
(0.4, 4, 4.64774)
(0.66, 2, 5.159621)
(0.66, 3, 5.528077)
(0.66, 4, 6.945581)
(1.0, 2, 11.424356)
Testing accuracy: 35.70
Full (1.0, 2) accuracy: 35.700001
********************************************************************************
Round 420
this epoch cost time:1.0579991340637207
this epoch choose: [86, 70, 64, 7, 52, 89, 72, 55, 83, 42]
this epoch dispatch models: [6 6 4 0 1 6 6 3 3 4]
this epoch received models: [np.int64(6), np.int64(6), np.int64(4), np.int64(0), np.int64(1), np.int64(6), np.int64(6), np.int64(3), np.int64(3), np.int64(4)]
hetero_proportion: 	4:3:3
TemporalSupport diagnostics: support_mean=0.625637, support_nonzero_ratio=1.000000, temporal_mean_l2=0.042519, memory_component_l2=0.009690, current_update_l2=0.155170, final_update_l2=0.146461
(0.4, 2, 2.120985)
(0.4, 3, 2.646356)
(0.4, 4, 4.64774)
(0.66, 2, 5.159621)
(0.66, 3, 5.528077)
(0.66, 4, 6.945581)
(1.0, 2, 11.424356)
Testing accuracy: 35.79
Full (1.0, 2) accuracy: 35.790001
********************************************************************************
Round 421
this epoch cost time:0.68399977684021
this epoch choose: [98, 84, 10, 37, 78, 42, 44, 98, 5, 44]
this epoch dispatch models: [6 6 0 2 2 3 2 2 0 3]
this epoch received models: [np.int64(6), np.int64(6), np.int64(0), np.int64(2), np.int64(2), np.int64(3), np.int64(2), np.int64(2), np.int64(0), np.int64(3)]
hetero_proportion: 	4:3:3
TemporalSupport diagnostics: support_mean=0.474078, support_nonzero_ratio=1.000000, temporal_mean_l2=0.050367, memory_component_l2=0.012236, current_update_l2=0.243499, final_update_l2=0.220614
(0.4, 2, 2.120985)
(0.4, 3, 2.646356)
(0.4, 4, 4.64774)
(0.66, 2, 5.159621)
(0.66, 3, 5.528077)
(0.66, 4, 6.945581)
(1.0, 2, 11.424356)
Testing accuracy: 36.14
Full (1.0, 2) accuracy: 36.139999
********************************************************************************
Round 422
this epoch cost time:0.8290002346038818
this epoch choose: [44, 96, 71, 74, 39, 62, 59, 45, 68, 60]
this epoch dispatch models: [3 6 6 2 0 3 4 5 2 0]
this epoch received models: [np.int64(3), np.int64(6), np.int64(6), np.int64(2), np.int64(0), np.int64(3), np.int64(4), np.int64(5), np.int64(2), np.int64(0)]
hetero_proportion: 	4:3:3
TemporalSupport diagnostics: support_mean=0.527358, support_nonzero_ratio=1.000000, temporal_mean_l2=0.046972, memory_component_l2=0.009838, current_update_l2=0.146839, final_update_l2=0.138202
(0.4, 2, 2.120985)
(0.4, 3, 2.646356)
(0.4, 4, 4.64774)
(0.66, 2, 5.159621)
(0.66, 3, 5.528077)
(0.66, 4, 6.945581)
(1.0, 2, 11.424356)
Testing accuracy: 36.42
Full (1.0, 2) accuracy: 36.419998
********************************************************************************
Round 423
this epoch cost time:0.9539995193481445
this epoch choose: [79, 62, 94, 60, 94, 98, 50, 80, 62, 98]
this epoch dispatch models: [5 3 5 3 5 0 4 2 3 6]
this epoch received models: [np.int64(5), np.int64(3), np.int64(5), np.int64(3), np.int64(5), np.int64(0), np.int64(4), np.int64(2), np.int64(3), np.int64(6)]
hetero_proportion: 	4:3:3
TemporalSupport diagnostics: support_mean=0.519955, support_nonzero_ratio=1.000000, temporal_mean_l2=0.043446, memory_component_l2=0.008812, current_update_l2=0.108863, final_update_l2=0.101676
(0.4, 2, 2.120985)
(0.4, 3, 2.646356)
(0.4, 4, 4.64774)
(0.66, 2, 5.159621)
(0.66, 3, 5.528077)
(0.66, 4, 6.945581)
(1.0, 2, 11.424356)
Testing accuracy: 36.21
Full (1.0, 2) accuracy: 36.209999
********************************************************************************
Round 424
this epoch cost time:0.9369995594024658
this epoch choose: [86, 31, 60, 78, 54, 77, 81, 98, 89, 53]
this epoch dispatch models: [6 2 5 4 4 6 1 2 2 5]
this epoch received models: [np.int64(6), np.int64(2), np.int64(5), np.int64(4), np.int64(4), np.int64(6), np.int64(1), np.int64(2), np.int64(2), np.int64(5)]
hetero_proportion: 	4:3:3
TemporalSupport diagnostics: support_mean=0.561244, support_nonzero_ratio=1.000000, temporal_mean_l2=0.038214, memory_component_l2=0.005667, current_update_l2=0.078578, final_update_l2=0.074643
(0.4, 2, 2.120985)
(0.4, 3, 2.646356)
(0.4, 4, 4.64774)
(0.66, 2, 5.159621)
(0.66, 3, 5.528077)
(0.66, 4, 6.945581)
(1.0, 2, 11.424356)
Testing accuracy: 36.09
Full (1.0, 2) accuracy: 36.090000
********************************************************************************
Round 425
this epoch cost time:1.0019989013671875
this epoch choose: [59, 39, 93, 68, 41, 91, 38, 77, 70, 91]
this epoch dispatch models: [3 0 3 1 2 0 1 5 6 6]
this epoch received models: [np.int64(3), np.int64(0), np.int64(3), np.int64(1), np.int64(2), np.int64(0), np.int64(1), np.int64(5), np.int64(6), np.int64(6)]
hetero_proportion: 	4:3:3
TemporalSupport diagnostics: support_mean=0.493420, support_nonzero_ratio=1.000000, temporal_mean_l2=0.040322, memory_component_l2=0.010126, current_update_l2=0.167123, final_update_l2=0.150992
(0.4, 2, 2.120985)
(0.4, 3, 2.646356)
(0.4, 4, 4.64774)
(0.66, 2, 5.159621)
(0.66, 3, 5.528077)
(0.66, 4, 6.945581)
(1.0, 2, 11.424356)
Testing accuracy: 36.14
Full (1.0, 2) accuracy: 36.139999
********************************************************************************
Round 426
this epoch cost time:0.7270002365112305
this epoch choose: [61, 32, 84, 29, 18, 30, 95, 50, 45, 33]
this epoch dispatch models: [2 2 0 0 0 2 3 3 4 2]
this epoch received models: [np.int64(2), np.int64(2), np.int64(0), np.int64(0), np.int64(0), np.int64(2), np.int64(3), np.int64(3), np.int64(4), np.int64(2)]
hetero_proportion: 	4:3:3
TemporalSupport diagnostics: support_mean=0.353281, support_nonzero_ratio=0.597718, temporal_mean_l2=0.046207, memory_component_l2=0.014145, current_update_l2=0.233726, final_update_l2=0.191351
(0.4, 2, 2.120985)
(0.4, 3, 2.646356)
(0.4, 4, 4.64774)
(0.66, 2, 5.159621)
(0.66, 3, 5.528077)
(0.66, 4, 6.945581)
(1.0, 2, 11.424356)
Testing accuracy: 36.00
Full (1.0, 2) accuracy: 36.000000
********************************************************************************
Round 427
this epoch cost time:0.8369994163513184
this epoch choose: [82, 25, 17, 50, 96, 87, 98, 79, 44, 60]
this epoch dispatch models: [6 0 2 3 6 6 3 1 3 4]
this epoch received models: [np.int64(6), np.int64(0), np.int64(2), np.int64(3), np.int64(6), np.int64(6), np.int64(3), np.int64(1), np.int64(3), np.int64(4)]
hetero_proportion: 	4:3:3
TemporalSupport diagnostics: support_mean=0.552000, support_nonzero_ratio=1.000000, temporal_mean_l2=0.048425, memory_component_l2=0.014376, current_update_l2=0.206829, final_update_l2=0.163762
(0.4, 2, 2.120985)
(0.4, 3, 2.646356)
(0.4, 4, 4.64774)
(0.66, 2, 5.159621)
(0.66, 3, 5.528077)
(0.66, 4, 6.945581)
(1.0, 2, 11.424356)
Testing accuracy: 35.91
Full (1.0, 2) accuracy: 35.910000
********************************************************************************
Round 428
this epoch cost time:0.8909990787506104
this epoch choose: [82, 90, 27, 50, 42, 57, 76, 82, 90, 14]
this epoch dispatch models: [6 1 0 4 4 2 6 6 3 1]
this epoch received models: [np.int64(6), np.int64(1), np.int64(0), np.int64(4), np.int64(4), np.int64(2), np.int64(6), np.int64(6), np.int64(3), np.int64(1)]
hetero_proportion: 	4:3:3
TemporalSupport diagnostics: support_mean=0.530138, support_nonzero_ratio=1.000000, temporal_mean_l2=0.044226, memory_component_l2=0.012505, current_update_l2=0.123454, final_update_l2=0.113484
(0.4, 2, 2.120985)
(0.4, 3, 2.646356)
(0.4, 4, 4.64774)
(0.66, 2, 5.159621)
(0.66, 3, 5.528077)
(0.66, 4, 6.945581)
(1.0, 2, 11.424356)
Testing accuracy: 35.76
Full (1.0, 2) accuracy: 35.759998
********************************************************************************
Round 429
this epoch cost time:0.9060003757476807
this epoch choose: [84, 98, 39, 98, 77, 93, 90, 37, 65, 90]
this epoch dispatch models: [3 6 1 0 6 6 6 0 2 5]
this epoch received models: [np.int64(3), np.int64(6), np.int64(1), np.int64(0), np.int64(6), np.int64(6), np.int64(6), np.int64(0), np.int64(2), np.int64(5)]
hetero_proportion: 	4:3:3
TemporalSupport diagnostics: support_mean=0.604987, support_nonzero_ratio=1.000000, temporal_mean_l2=0.040865, memory_component_l2=0.008744, current_update_l2=0.113039, final_update_l2=0.107225
(0.4, 2, 2.120985)
(0.4, 3, 2.646356)
(0.4, 4, 4.64774)
(0.66, 2, 5.159621)
(0.66, 3, 5.528077)
(0.66, 4, 6.945581)
(1.0, 2, 11.424356)
Testing accuracy: 35.71
Full (1.0, 2) accuracy: 35.709999
********************************************************************************
Round 430
this epoch cost time:0.939000129699707
this epoch choose: [81, 57, 43, 45, 44, 44, 96, 29, 47, 67]
this epoch dispatch models: [4 2 2 5 3 5 6 2 3 2]
this epoch received models: [np.int64(4), np.int64(2), np.int64(2), np.int64(5), np.int64(3), np.int64(5), np.int64(6), np.int64(2), np.int64(3), np.int64(2)]
hetero_proportion: 	4:3:3
TemporalSupport diagnostics: support_mean=0.524951, support_nonzero_ratio=1.000000, temporal_mean_l2=0.036290, memory_component_l2=0.005719, current_update_l2=0.078461, final_update_l2=0.072426
(0.4, 2, 2.120985)
(0.4, 3, 2.646356)
(0.4, 4, 4.64774)
(0.66, 2, 5.159621)
(0.66, 3, 5.528077)
(0.66, 4, 6.945581)
(1.0, 2, 11.424356)
Testing accuracy: 35.77
Full (1.0, 2) accuracy: 35.770000
********************************************************************************
Round 431
this epoch cost time:1.0150010585784912
this epoch choose: [59, 92, 92, 87, 69, 70, 78, 21, 69, 67]
this epoch dispatch models: [1 6 3 6 5 6 3 0 4 4]
this epoch received models: [np.int64(1), np.int64(6), np.int64(3), np.int64(6), np.int64(5), np.int64(6), np.int64(3), np.int64(0), np.int64(4), np.int64(4)]
hetero_proportion: 	4:3:3
TemporalSupport diagnostics: support_mean=0.586146, support_nonzero_ratio=1.000000, temporal_mean_l2=0.037904, memory_component_l2=0.008549, current_update_l2=0.152690, final_update_l2=0.145709
(0.4, 2, 2.120985)
(0.4, 3, 2.646356)
(0.4, 4, 4.64774)
(0.66, 2, 5.159621)
(0.66, 3, 5.528077)
(0.66, 4, 6.945581)
(1.0, 2, 11.424356)
Testing accuracy: 36.16
Full (1.0, 2) accuracy: 36.160000
********************************************************************************
Round 432
this epoch cost time:0.7849996089935303
this epoch choose: [69, 47, 24, 1, 77, 59, 27, 73, 78, 37]
this epoch dispatch models: [0 4 2 1 6 3 0 3 3 1]
this epoch received models: [np.int64(0), np.int64(4), np.int64(2), np.int64(1), np.int64(6), np.int64(3), np.int64(0), np.int64(3), np.int64(3), np.int64(1)]
hetero_proportion: 	4:3:3
TemporalSupport diagnostics: support_mean=0.394299, support_nonzero_ratio=1.000000, temporal_mean_l2=0.052778, memory_component_l2=0.020570, current_update_l2=0.378921, final_update_l2=0.246090
(0.4, 2, 2.120985)
(0.4, 3, 2.646356)
(0.4, 4, 4.64774)
(0.66, 2, 5.159621)
(0.66, 3, 5.528077)
(0.66, 4, 6.945581)
(1.0, 2, 11.424356)
Testing accuracy: 36.02
Full (1.0, 2) accuracy: 36.020000
********************************************************************************
Round 433
this epoch cost time:0.9540004730224609
this epoch choose: [98, 59, 56, 44, 57, 79, 71, 3, 1, 80]
this epoch dispatch models: [5 3 5 2 3 6 6 2 2 2]
this epoch received models: [np.int64(5), np.int64(3), np.int64(5), np.int64(2), np.int64(3), np.int64(6), np.int64(6), np.int64(2), np.int64(2), np.int64(2)]
hetero_proportion: 	4:3:3
TemporalSupport diagnostics: support_mean=0.569224, support_nonzero_ratio=1.000000, temporal_mean_l2=0.048783, memory_component_l2=0.006497, current_update_l2=0.115595, final_update_l2=0.107079
(0.4, 2, 2.120985)
(0.4, 3, 2.646356)
(0.4, 4, 4.64774)
(0.66, 2, 5.159621)
(0.66, 3, 5.528077)
(0.66, 4, 6.945581)
(1.0, 2, 11.424356)
Testing accuracy: 35.95
Full (1.0, 2) accuracy: 35.950001
********************************************************************************
Round 434
this epoch cost time:0.818000316619873
this epoch choose: [99, 56, 5, 26, 44, 40, 57, 82, 38, 47]
this epoch dispatch models: [0 1 2 2 5 1 0 3 0 3]
this epoch received models: [np.int64(0), np.int64(1), np.int64(2), np.int64(2), np.int64(5), np.int64(1), np.int64(0), np.int64(3), np.int64(0), np.int64(3)]
hetero_proportion: 	4:3:3
TemporalSupport diagnostics: support_mean=0.325425, support_nonzero_ratio=0.607963, temporal_mean_l2=0.051879, memory_component_l2=0.020853, current_update_l2=0.264347, final_update_l2=0.196117
(0.4, 2, 2.120985)
(0.4, 3, 2.646356)
(0.4, 4, 4.64774)
(0.66, 2, 5.159621)
(0.66, 3, 5.528077)
(0.66, 4, 6.945581)
(1.0, 2, 11.424356)
Testing accuracy: 36.03
Full (1.0, 2) accuracy: 36.029999
********************************************************************************
Round 435
this epoch cost time:0.9560012817382812
this epoch choose: [31, 86, 95, 14, 52, 41, 52, 81, 17, 79]
this epoch dispatch models: [2 0 4 0 3 4 3 2 2 4]
this epoch received models: [np.int64(2), np.int64(0), np.int64(4), np.int64(0), np.int64(3), np.int64(4), np.int64(3), np.int64(2), np.int64(2), np.int64(4)]
hetero_proportion: 	4:3:3
TemporalSupport diagnostics: support_mean=0.386181, support_nonzero_ratio=0.597718, temporal_mean_l2=0.050672, memory_component_l2=0.017307, current_update_l2=0.190663, final_update_l2=0.162405
(0.4, 2, 2.120985)
(0.4, 3, 2.646356)
(0.4, 4, 4.64774)
(0.66, 2, 5.159621)
(0.66, 3, 5.528077)
(0.66, 4, 6.945581)
(1.0, 2, 11.424356)
Testing accuracy: 35.90
Full (1.0, 2) accuracy: 35.900002
********************************************************************************
Round 436
this epoch cost time:1.161001205444336
this epoch choose: [89, 83, 85, 3, 56, 93, 41, 87, 29, 60]
this epoch dispatch models: [6 5 0 0 1 6 4 6 2 1]
this epoch received models: [np.int64(6), np.int64(5), np.int64(0), np.int64(0), np.int64(1), np.int64(6), np.int64(4), np.int64(6), np.int64(2), np.int64(1)]
hetero_proportion: 	4:3:3
TemporalSupport diagnostics: support_mean=0.479043, support_nonzero_ratio=1.000000, temporal_mean_l2=0.049251, memory_component_l2=0.013408, current_update_l2=0.171083, final_update_l2=0.163960
(0.4, 2, 2.120985)
(0.4, 3, 2.646356)
(0.4, 4, 4.64774)
(0.66, 2, 5.159621)
(0.66, 3, 5.528077)
(0.66, 4, 6.945581)
(1.0, 2, 11.424356)
Testing accuracy: 36.00
Full (1.0, 2) accuracy: 36.000000
********************************************************************************
Round 437
this epoch cost time:0.987999439239502
this epoch choose: [22, 93, 68, 1, 77, 17, 8, 70, 95, 17]
this epoch dispatch models: [1 5 1 2 6 1 0 6 5 0]
this epoch received models: [np.int64(1), np.int64(5), np.int64(1), np.int64(2), np.int64(6), np.int64(1), np.int64(0), np.int64(6), np.int64(5), np.int64(0)]
hetero_proportion: 	4:3:3
TemporalSupport diagnostics: support_mean=0.462546, support_nonzero_ratio=1.000000, temporal_mean_l2=0.053632, memory_component_l2=0.015426, current_update_l2=0.222834, final_update_l2=0.198932
(0.4, 2, 2.120985)
(0.4, 3, 2.646356)
(0.4, 4, 4.64774)
(0.66, 2, 5.159621)
(0.66, 3, 5.528077)
(0.66, 4, 6.945581)
(1.0, 2, 11.424356)
Testing accuracy: 35.75
Full (1.0, 2) accuracy: 35.750000
********************************************************************************
Round 438
this epoch cost time:0.9859998226165771
this epoch choose: [60, 99, 76, 10, 66, 69, 33, 24, 65, 70]
this epoch dispatch models: [3 6 3 2 2 1 1 0 4 6]
this epoch received models: [np.int64(3), np.int64(6), np.int64(3), np.int64(2), np.int64(2), np.int64(1), np.int64(1), np.int64(0), np.int64(4), np.int64(6)]
hetero_proportion: 	4:3:3
TemporalSupport diagnostics: support_mean=0.491583, support_nonzero_ratio=1.000000, temporal_mean_l2=0.053008, memory_component_l2=0.015957, current_update_l2=0.200122, final_update_l2=0.163569
(0.4, 2, 2.120985)
(0.4, 3, 2.646356)
(0.4, 4, 4.64774)
(0.66, 2, 5.159621)
(0.66, 3, 5.528077)
(0.66, 4, 6.945581)
(1.0, 2, 11.424356)
Testing accuracy: 35.93
Full (1.0, 2) accuracy: 35.930000
********************************************************************************
Round 439
this epoch cost time:0.940000057220459
this epoch choose: [74, 57, 62, 56, 69, 49, 51, 67, 67, 87]
this epoch dispatch models: [5 5 5 4 0 2 2 0 1 6]
this epoch received models: [np.int64(5), np.int64(5), np.int64(5), np.int64(4), np.int64(0), np.int64(2), np.int64(2), np.int64(0), np.int64(1), np.int64(6)]
hetero_proportion: 	4:3:3
TemporalSupport diagnostics: support_mean=0.453073, support_nonzero_ratio=1.000000, temporal_mean_l2=0.050528, memory_component_l2=0.010602, current_update_l2=0.159382, final_update_l2=0.151489
(0.4, 2, 2.120985)
(0.4, 3, 2.646356)
(0.4, 4, 4.64774)
(0.66, 2, 5.159621)
(0.66, 3, 5.528077)
(0.66, 4, 6.945581)
(1.0, 2, 11.424356)
Testing accuracy: 35.80
Full (1.0, 2) accuracy: 35.799999
********************************************************************************
Round 440
this epoch cost time:1.0099992752075195
this epoch choose: [69, 57, 11, 75, 97, 70, 72, 65, 17, 98]
this epoch dispatch models: [5 3 1 6 2 4 2 5 0 6]
this epoch received models: [np.int64(5), np.int64(3), np.int64(1), np.int64(6), np.int64(2), np.int64(4), np.int64(2), np.int64(5), np.int64(0), np.int64(6)]
hetero_proportion: 	4:3:3
TemporalSupport diagnostics: support_mean=0.542359, support_nonzero_ratio=1.000000, temporal_mean_l2=0.046298, memory_component_l2=0.008862, current_update_l2=0.114314, final_update_l2=0.109031
(0.4, 2, 2.120985)
(0.4, 3, 2.646356)
(0.4, 4, 4.64774)
(0.66, 2, 5.159621)
(0.66, 3, 5.528077)
(0.66, 4, 6.945581)
(1.0, 2, 11.424356)
Testing accuracy: 36.01
Full (1.0, 2) accuracy: 36.009998
********************************************************************************
Round 441
this epoch cost time:0.9400005340576172
this epoch choose: [79, 53, 73, 41, 73, 71, 94, 60, 49, 54]
this epoch dispatch models: [5 5 3 5 4 6 4 5 4 5]
this epoch received models: [np.int64(5), np.int64(5), np.int64(3), np.int64(5), np.int64(4), np.int64(6), np.int64(4), np.int64(5), np.int64(4), np.int64(5)]
hetero_proportion: 	4:3:3
TemporalSupport diagnostics: support_mean=0.595545, support_nonzero_ratio=1.000000, temporal_mean_l2=0.039666, memory_component_l2=0.005963, current_update_l2=0.056733, final_update_l2=0.054516
(0.4, 2, 2.120985)
(0.4, 3, 2.646356)
(0.4, 4, 4.64774)
(0.66, 2, 5.159621)
(0.66, 3, 5.528077)
(0.66, 4, 6.945581)
(1.0, 2, 11.424356)
Testing accuracy: 36.34
Full (1.0, 2) accuracy: 36.340000
********************************************************************************
Round 442
this epoch cost time:0.747999906539917
this epoch choose: [60, 82, 5, 52, 93, 93, 77, 60, 93, 72]
this epoch dispatch models: [5 6 0 1 2 5 5 2 3 5]
this epoch received models: [np.int64(5), np.int64(6), np.int64(0), np.int64(1), np.int64(2), np.int64(5), np.int64(5), np.int64(2), np.int64(3), np.int64(5)]
hetero_proportion: 	4:3:3
TemporalSupport diagnostics: support_mean=0.511213, support_nonzero_ratio=1.000000, temporal_mean_l2=0.039527, memory_component_l2=0.006125, current_update_l2=0.147142, final_update_l2=0.143419
(0.4, 2, 2.120985)
(0.4, 3, 2.646356)
(0.4, 4, 4.64774)
(0.66, 2, 5.159621)
(0.66, 3, 5.528077)
(0.66, 4, 6.945581)
(1.0, 2, 11.424356)
Testing accuracy: 36.22
Full (1.0, 2) accuracy: 36.220001
********************************************************************************
Round 443
this epoch cost time:0.9569997787475586
this epoch choose: [98, 8, 88, 4, 16, 75, 66, 74, 64, 69]
this epoch dispatch models: [6 1 0 2 2 4 4 4 3 2]
this epoch received models: [np.int64(6), np.int64(1), np.int64(0), np.int64(2), np.int64(2), np.int64(4), np.int64(4), np.int64(4), np.int64(3), np.int64(2)]
hetero_proportion: 	4:3:3
TemporalSupport diagnostics: support_mean=0.444215, support_nonzero_ratio=1.000000, temporal_mean_l2=0.041440, memory_component_l2=0.010165, current_update_l2=0.178025, final_update_l2=0.153195
(0.4, 2, 2.120985)
(0.4, 3, 2.646356)
(0.4, 4, 4.64774)
(0.66, 2, 5.159621)
(0.66, 3, 5.528077)
(0.66, 4, 6.945581)
(1.0, 2, 11.424356)
Testing accuracy: 36.00
Full (1.0, 2) accuracy: 36.000000
********************************************************************************
Round 444
this epoch cost time:0.8430004119873047
this epoch choose: [57, 75, 42, 27, 24, 79, 85, 48, 38, 99]
this epoch dispatch models: [3 0 4 2 2 6 3 1 2 6]
this epoch received models: [np.int64(3), np.int64(0), np.int64(4), np.int64(2), np.int64(2), np.int64(6), np.int64(3), np.int64(1), np.int64(2), np.int64(6)]
hetero_proportion: 	4:3:3
TemporalSupport diagnostics: support_mean=0.487051, support_nonzero_ratio=1.000000, temporal_mean_l2=0.043892, memory_component_l2=0.011798, current_update_l2=0.189190, final_update_l2=0.160247
(0.4, 2, 2.120985)
(0.4, 3, 2.646356)
(0.4, 4, 4.64774)
(0.66, 2, 5.159621)
(0.66, 3, 5.528077)
(0.66, 4, 6.945581)
(1.0, 2, 11.424356)
Testing accuracy: 36.04
Full (1.0, 2) accuracy: 36.040001
********************************************************************************
Round 445
this epoch cost time:0.879000186920166
this epoch choose: [73, 41, 99, 76, 57, 52, 87, 73, 94, 74]
this epoch dispatch models: [5 3 3 4 4 5 6 5 0 5]
this epoch received models: [np.int64(5), np.int64(3), np.int64(3), np.int64(4), np.int64(4), np.int64(5), np.int64(6), np.int64(5), np.int64(0), np.int64(5)]
hetero_proportion: 	4:3:3
TemporalSupport diagnostics: support_mean=0.532943, support_nonzero_ratio=1.000000, temporal_mean_l2=0.039588, memory_component_l2=0.009698, current_update_l2=0.097443, final_update_l2=0.095079
(0.4, 2, 2.120985)
(0.4, 3, 2.646356)
(0.4, 4, 4.64774)
(0.66, 2, 5.159621)
(0.66, 3, 5.528077)
(0.66, 4, 6.945581)
(1.0, 2, 11.424356)
Testing accuracy: 36.30
Full (1.0, 2) accuracy: 36.299999
********************************************************************************
Round 446
this epoch cost time:0.8539996147155762
this epoch choose: [96, 50, 54, 11, 26, 61, 21, 43, 84, 93]
this epoch dispatch models: [4 5 5 0 2 2 1 5 1 5]
this epoch received models: [np.int64(4), np.int64(5), np.int64(5), np.int64(0), np.int64(2), np.int64(2), np.int64(1), np.int64(5), np.int64(1), np.int64(5)]
hetero_proportion: 	4:3:3
TemporalSupport diagnostics: support_mean=0.427019, support_nonzero_ratio=0.607963, temporal_mean_l2=0.039165, memory_component_l2=0.007595, current_update_l2=0.140648, final_update_l2=0.134541
(0.4, 2, 2.120985)
(0.4, 3, 2.646356)
(0.4, 4, 4.64774)
(0.66, 2, 5.159621)
(0.66, 3, 5.528077)
(0.66, 4, 6.945581)
(1.0, 2, 11.424356)
Testing accuracy: 36.18
Full (1.0, 2) accuracy: 36.180000
********************************************************************************
Round 447
this epoch cost time:0.7799999713897705
this epoch choose: [65, 96, 58, 40, 19, 95, 73, 93, 5, 90]
this epoch dispatch models: [5 4 5 3 2 6 6 3 1 1]
this epoch received models: [np.int64(5), np.int64(4), np.int64(5), np.int64(3), np.int64(2), np.int64(6), np.int64(6), np.int64(3), np.int64(1), np.int64(1)]
hetero_proportion: 	4:3:3
TemporalSupport diagnostics: support_mean=0.528264, support_nonzero_ratio=1.000000, temporal_mean_l2=0.038858, memory_component_l2=0.008142, current_update_l2=0.136082, final_update_l2=0.124426
(0.4, 2, 2.120985)
(0.4, 3, 2.646356)
(0.4, 4, 4.64774)
(0.66, 2, 5.159621)
(0.66, 3, 5.528077)
(0.66, 4, 6.945581)
(1.0, 2, 11.424356)
Testing accuracy: 36.27
Full (1.0, 2) accuracy: 36.270000
********************************************************************************
Round 448
this epoch cost time:1.252995491027832
this epoch choose: [77, 83, 60, 22, 27, 76, 69, 95, 82, 99]
this epoch dispatch models: [3 6 0 2 1 5 4 6 4 6]
this epoch received models: [np.int64(3), np.int64(6), np.int64(0), np.int64(2), np.int64(1), np.int64(5), np.int64(4), np.int64(6), np.int64(4), np.int64(6)]
hetero_proportion: 	4:3:3
TemporalSupport diagnostics: support_mean=0.600023, support_nonzero_ratio=1.000000, temporal_mean_l2=0.036319, memory_component_l2=0.007172, current_update_l2=0.108571, final_update_l2=0.102259
(0.4, 2, 2.120985)
(0.4, 3, 2.646356)
(0.4, 4, 4.64774)
(0.66, 2, 5.159621)
(0.66, 3, 5.528077)
(0.66, 4, 6.945581)
(1.0, 2, 11.424356)
Testing accuracy: 36.21
Full (1.0, 2) accuracy: 36.209999
********************************************************************************
Round 449
this epoch cost time:1.03700590133667
this epoch choose: [46, 95, 91, 82, 28, 44, 48, 43, 64, 60]
this epoch dispatch models: [5 5 6 6 2 5 4 1 2 0]
this epoch received models: [np.int64(5), np.int64(5), np.int64(6), np.int64(6), np.int64(2), np.int64(5), np.int64(4), np.int64(1), np.int64(2), np.int64(0)]
hetero_proportion: 	4:3:3
TemporalSupport diagnostics: support_mean=0.551878, support_nonzero_ratio=1.000000, temporal_mean_l2=0.040540, memory_component_l2=0.006975, current_update_l2=0.161260, final_update_l2=0.145678
(0.4, 2, 2.120985)
(0.4, 3, 2.646356)
(0.4, 4, 4.64774)
(0.66, 2, 5.159621)
(0.66, 3, 5.528077)
(0.66, 4, 6.945581)
(1.0, 2, 11.424356)
Testing accuracy: 36.30
Full (1.0, 2) accuracy: 36.299999
********************************************************************************
Round 450
this epoch cost time:1.0060005187988281
this epoch choose: [71, 72, 91, 63, 55, 74, 31, 56, 33, 65]
this epoch dispatch models: [3 3 6 4 1 1 2 0 2 5]
this epoch received models: [np.int64(3), np.int64(3), np.int64(6), np.int64(4), np.int64(1), np.int64(1), np.int64(2), np.int64(0), np.int64(2), np.int64(5)]
hetero_proportion: 	4:3:3
TemporalSupport diagnostics: support_mean=0.441116, support_nonzero_ratio=1.000000, temporal_mean_l2=0.038390, memory_component_l2=0.012276, current_update_l2=0.127027, final_update_l2=0.111798
(0.4, 2, 2.120985)
(0.4, 3, 2.646356)
(0.4, 4, 4.64774)
(0.66, 2, 5.159621)
(0.66, 3, 5.528077)
(0.66, 4, 6.945581)
(1.0, 2, 11.424356)
Testing accuracy: 36.29
Full (1.0, 2) accuracy: 36.290001
********************************************************************************
Round 451
this epoch cost time:0.895000696182251
this epoch choose: [62, 64, 91, 72, 54, 64, 97, 79, 95, 46]
this epoch dispatch models: [4 4 5 0 4 5 4 5 4 3]
this epoch received models: [np.int64(4), np.int64(4), np.int64(5), np.int64(0), np.int64(4), np.int64(5), np.int64(4), np.int64(5), np.int64(4), np.int64(3)]
hetero_proportion: 	4:3:3
TemporalSupport diagnostics: support_mean=0.497654, support_nonzero_ratio=0.607963, temporal_mean_l2=0.034354, memory_component_l2=0.010159, current_update_l2=0.072750, final_update_l2=0.070093
(0.4, 2, 2.120985)
(0.4, 3, 2.646356)
(0.4, 4, 4.64774)
(0.66, 2, 5.159621)
(0.66, 3, 5.528077)
(0.66, 4, 6.945581)
(1.0, 2, 11.424356)
Testing accuracy: 36.22
Full (1.0, 2) accuracy: 36.220001
********************************************************************************
Round 452
this epoch cost time:1.1249995231628418
this epoch choose: [23, 87, 76, 80, 91, 44, 44, 41, 66, 96]
this epoch dispatch models: [1 2 0 3 5 1 5 3 5 3]
this epoch received models: [np.int64(1), np.int64(2), np.int64(0), np.int64(3), np.int64(5), np.int64(1), np.int64(5), np.int64(3), np.int64(5), np.int64(3)]
hetero_proportion: 	4:3:3
TemporalSupport diagnostics: support_mean=0.421667, support_nonzero_ratio=0.607963, temporal_mean_l2=0.041129, memory_component_l2=0.012377, current_update_l2=0.216485, final_update_l2=0.186258
(0.4, 2, 2.120985)
(0.4, 3, 2.646356)
(0.4, 4, 4.64774)
(0.66, 2, 5.159621)
(0.66, 3, 5.528077)
(0.66, 4, 6.945581)
(1.0, 2, 11.424356)
Testing accuracy: 36.11
Full (1.0, 2) accuracy: 36.110001
********************************************************************************
Round 453
this epoch cost time:1.2569999694824219
this epoch choose: [77, 63, 7, 97, 69, 14, 80, 81, 88, 29]
this epoch dispatch models: [3 2 1 2 5 1 1 5 4 0]
this epoch received models: [np.int64(3), np.int64(2), np.int64(1), np.int64(2), np.int64(5), np.int64(1), np.int64(1), np.int64(5), np.int64(4), np.int64(0)]
hetero_proportion: 	4:3:3
TemporalSupport diagnostics: support_mean=0.393535, support_nonzero_ratio=0.607963, temporal_mean_l2=0.039591, memory_component_l2=0.009134, current_update_l2=0.142505, final_update_l2=0.129659
(0.4, 2, 2.120985)
(0.4, 3, 2.646356)
(0.4, 4, 4.64774)
(0.66, 2, 5.159621)
(0.66, 3, 5.528077)
(0.66, 4, 6.945581)
(1.0, 2, 11.424356)
Testing accuracy: 36.10
Full (1.0, 2) accuracy: 36.099998
********************************************************************************
Round 454
this epoch cost time:1.2269830703735352
this epoch choose: [69, 62, 72, 45, 42, 91, 42, 57, 96, 77]
this epoch dispatch models: [5 4 5 4 1 6 5 3 6 3]
this epoch received models: [np.int64(5), np.int64(4), np.int64(5), np.int64(4), np.int64(1), np.int64(6), np.int64(5), np.int64(3), np.int64(6), np.int64(3)]
hetero_proportion: 	4:3:3
TemporalSupport diagnostics: support_mean=0.597677, support_nonzero_ratio=1.000000, temporal_mean_l2=0.035453, memory_component_l2=0.006697, current_update_l2=0.082939, final_update_l2=0.077104
(0.4, 2, 2.120985)
(0.4, 3, 2.646356)
(0.4, 4, 4.64774)
(0.66, 2, 5.159621)
(0.66, 3, 5.528077)
(0.66, 4, 6.945581)
(1.0, 2, 11.424356)
Testing accuracy: 35.99
Full (1.0, 2) accuracy: 35.990002
********************************************************************************
Round 455
this epoch cost time:1.006000280380249
this epoch choose: [73, 89, 78, 94, 42, 16, 73, 50, 67, 91]
this epoch dispatch models: [4 5 2 3 2 0 0 3 5 6]
this epoch received models: [np.int64(4), np.int64(5), np.int64(2), np.int64(3), np.int64(2), np.int64(0), np.int64(0), np.int64(3), np.int64(5), np.int64(6)]
hetero_proportion: 	4:3:3
TemporalSupport diagnostics: support_mean=0.484581, support_nonzero_ratio=1.000000, temporal_mean_l2=0.035625, memory_component_l2=0.008437, current_update_l2=0.130684, final_update_l2=0.127186
(0.4, 2, 2.120985)
(0.4, 3, 2.646356)
(0.4, 4, 4.64774)
(0.66, 2, 5.159621)
(0.66, 3, 5.528077)
(0.66, 4, 6.945581)
(1.0, 2, 11.424356)
Testing accuracy: 35.86
Full (1.0, 2) accuracy: 35.860001
********************************************************************************
Round 456
this epoch cost time:0.9470007419586182
this epoch choose: [39, 91, 56, 86, 31, 62, 93, 82, 3, 72]
this epoch dispatch models: [1 0 2 5 2 0 6 6 1 5]
this epoch received models: [np.int64(1), np.int64(0), np.int64(2), np.int64(5), np.int64(2), np.int64(0), np.int64(6), np.int64(6), np.int64(1), np.int64(5)]
hetero_proportion: 	4:3:3
TemporalSupport diagnostics: support_mean=0.454916, support_nonzero_ratio=1.000000, temporal_mean_l2=0.039172, memory_component_l2=0.007552, current_update_l2=0.179497, final_update_l2=0.170559
(0.4, 2, 2.120985)
(0.4, 3, 2.646356)
(0.4, 4, 4.64774)
(0.66, 2, 5.159621)
(0.66, 3, 5.528077)
(0.66, 4, 6.945581)
(1.0, 2, 11.424356)
Testing accuracy: 35.85
Full (1.0, 2) accuracy: 35.849998
********************************************************************************
Round 457
this epoch cost time:1.2979998588562012
this epoch choose: [32, 47, 58, 33, 3, 76, 45, 80, 80, 72]
this epoch dispatch models: [2 5 5 1 1 3 4 6 1 5]
this epoch received models: [np.int64(2), np.int64(5), np.int64(5), np.int64(1), np.int64(1), np.int64(3), np.int64(4), np.int64(6), np.int64(1), np.int64(5)]
hetero_proportion: 	4:3:3
TemporalSupport diagnostics: support_mean=0.492637, support_nonzero_ratio=1.000000, temporal_mean_l2=0.038150, memory_component_l2=0.006752, current_update_l2=0.109296, final_update_l2=0.098075
(0.4, 2, 2.120985)
(0.4, 3, 2.646356)
(0.4, 4, 4.64774)
(0.66, 2, 5.159621)
(0.66, 3, 5.528077)
(0.66, 4, 6.945581)
(1.0, 2, 11.424356)
Testing accuracy: 36.08
Full (1.0, 2) accuracy: 36.080002
********************************************************************************
Round 458
this epoch cost time:1.0440006256103516
this epoch choose: [84, 23, 54, 37, 94, 10, 50, 84, 47, 51]
this epoch dispatch models: [0 2 4 1 1 0 5 6 0 2]
this epoch received models: [np.int64(0), np.int64(2), np.int64(4), np.int64(1), np.int64(1), np.int64(0), np.int64(5), np.int64(6), np.int64(0), np.int64(2)]
hetero_proportion: 	4:3:3
TemporalSupport diagnostics: support_mean=0.387058, support_nonzero_ratio=1.000000, temporal_mean_l2=0.046695, memory_component_l2=0.013385, current_update_l2=0.248953, final_update_l2=0.208899
(0.4, 2, 2.120985)
(0.4, 3, 2.646356)
(0.4, 4, 4.64774)
(0.66, 2, 5.159621)
(0.66, 3, 5.528077)
(0.66, 4, 6.945581)
(1.0, 2, 11.424356)
Testing accuracy: 35.65
Full (1.0, 2) accuracy: 35.650002
********************************************************************************
Round 459
this epoch cost time:1.2160003185272217
this epoch choose: [80, 99, 57, 95, 91, 86, 70, 82, 82, 13]
this epoch dispatch models: [5 1 1 5 5 1 5 4 5 2]
this epoch received models: [np.int64(5), np.int64(1), np.int64(1), np.int64(5), np.int64(5), np.int64(1), np.int64(5), np.int64(4), np.int64(5), np.int64(2)]
hetero_proportion: 	4:3:3
TemporalSupport diagnostics: support_mean=0.461930, support_nonzero_ratio=0.607963, temporal_mean_l2=0.041649, memory_component_l2=0.006854, current_update_l2=0.108063, final_update_l2=0.102716
(0.4, 2, 2.120985)
(0.4, 3, 2.646356)
(0.4, 4, 4.64774)
(0.66, 2, 5.159621)
(0.66, 3, 5.528077)
(0.66, 4, 6.945581)
(1.0, 2, 11.424356)
Testing accuracy: 35.77
Full (1.0, 2) accuracy: 35.770000
********************************************************************************
Round 460
this epoch cost time:1.0149998664855957
this epoch choose: [76, 85, 72, 10, 85, 42, 71, 2, 57, 42]
this epoch dispatch models: [5 6 0 1 1 3 6 2 3 3]
this epoch received models: [np.int64(5), np.int64(6), np.int64(0), np.int64(1), np.int64(1), np.int64(3), np.int64(6), np.int64(2), np.int64(3), np.int64(3)]
hetero_proportion: 	4:3:3
TemporalSupport diagnostics: support_mean=0.509300, support_nonzero_ratio=1.000000, temporal_mean_l2=0.041967, memory_component_l2=0.011560, current_update_l2=0.158502, final_update_l2=0.135303
(0.4, 2, 2.120985)
(0.4, 3, 2.646356)
(0.4, 4, 4.64774)
(0.66, 2, 5.159621)
(0.66, 3, 5.528077)
(0.66, 4, 6.945581)
(1.0, 2, 11.424356)
Testing accuracy: 35.93
Full (1.0, 2) accuracy: 35.930000
********************************************************************************
Round 461
this epoch cost time:1.4209997653961182
this epoch choose: [57, 59, 22, 74, 61, 79, 85, 83, 43, 2]
this epoch dispatch models: [5 4 2 5 0 4 5 5 0 1]
this epoch received models: [np.int64(5), np.int64(4), np.int64(2), np.int64(5), np.int64(0), np.int64(4), np.int64(5), np.int64(5), np.int64(0), np.int64(1)]
hetero_proportion: 	4:3:3
TemporalSupport diagnostics: support_mean=0.455461, support_nonzero_ratio=0.607963, temporal_mean_l2=0.039752, memory_component_l2=0.007333, current_update_l2=0.129649, final_update_l2=0.124109
(0.4, 2, 2.120985)
(0.4, 3, 2.646356)
(0.4, 4, 4.64774)
(0.66, 2, 5.159621)
(0.66, 3, 5.528077)
(0.66, 4, 6.945581)
(1.0, 2, 11.424356)
Testing accuracy: 35.92
Full (1.0, 2) accuracy: 35.919998
********************************************************************************
Round 462
this epoch cost time:1.1110000610351562
this epoch choose: [69, 95, 43, 30, 97, 54, 44, 93, 91, 43]
this epoch dispatch models: [4 4 2 0 6 3 2 6 1 4]
this epoch received models: [np.int64(4), np.int64(4), np.int64(2), np.int64(0), np.int64(6), np.int64(3), np.int64(2), np.int64(6), np.int64(1), np.int64(4)]
hetero_proportion: 	4:3:3
TemporalSupport diagnostics: support_mean=0.489158, support_nonzero_ratio=1.000000, temporal_mean_l2=0.037563, memory_component_l2=0.008956, current_update_l2=0.118415, final_update_l2=0.111404
(0.4, 2, 2.120985)
(0.4, 3, 2.646356)
(0.4, 4, 4.64774)
(0.66, 2, 5.159621)
(0.66, 3, 5.528077)
(0.66, 4, 6.945581)
(1.0, 2, 11.424356)
Testing accuracy: 35.77
Full (1.0, 2) accuracy: 35.770000
********************************************************************************
Round 463
this epoch cost time:0.9320006370544434
this epoch choose: [41, 56, 65, 25, 50, 74, 51, 29, 72, 50]
this epoch dispatch models: [4 0 2 0 2 6 4 2 6 2]
this epoch received models: [np.int64(4), np.int64(0), np.int64(2), np.int64(0), np.int64(2), np.int64(6), np.int64(4), np.int64(2), np.int64(6), np.int64(2)]
hetero_proportion: 	4:3:3
TemporalSupport diagnostics: support_mean=0.489444, support_nonzero_ratio=1.000000, temporal_mean_l2=0.034574, memory_component_l2=0.007091, current_update_l2=0.105946, final_update_l2=0.100205
(0.4, 2, 2.120985)
(0.4, 3, 2.646356)
(0.4, 4, 4.64774)
(0.66, 2, 5.159621)
(0.66, 3, 5.528077)
(0.66, 4, 6.945581)
(1.0, 2, 11.424356)
Testing accuracy: 36.00
Full (1.0, 2) accuracy: 36.000000
********************************************************************************
Round 464
this epoch cost time:1.0279996395111084
this epoch choose: [5, 22, 40, 0, 69, 74, 92, 79, 73, 75]
this epoch dispatch models: [1 1 1 0 5 5 5 2 3 6]
this epoch received models: [np.int64(1), np.int64(1), np.int64(1), np.int64(0), np.int64(5), np.int64(5), np.int64(5), np.int64(2), np.int64(3), np.int64(6)]
hetero_proportion: 	4:3:3
TemporalSupport diagnostics: support_mean=0.464202, support_nonzero_ratio=1.000000, temporal_mean_l2=0.035928, memory_component_l2=0.006741, current_update_l2=0.145963, final_update_l2=0.141913
(0.4, 2, 2.120985)
(0.4, 3, 2.646356)
(0.4, 4, 4.64774)
(0.66, 2, 5.159621)
(0.66, 3, 5.528077)
(0.66, 4, 6.945581)
(1.0, 2, 11.424356)
Testing accuracy: 35.75
Full (1.0, 2) accuracy: 35.750000
********************************************************************************
Round 465
this epoch cost time:1.084000825881958
this epoch choose: [4, 93, 67, 28, 96, 32, 83, 66, 68, 52]
this epoch dispatch models: [1 4 4 1 6 1 4 2 3 5]
this epoch received models: [np.int64(1), np.int64(4), np.int64(4), np.int64(1), np.int64(6), np.int64(1), np.int64(4), np.int64(2), np.int64(3), np.int64(5)]
hetero_proportion: 	4:3:3
TemporalSupport diagnostics: support_mean=0.467025, support_nonzero_ratio=1.000000, temporal_mean_l2=0.035834, memory_component_l2=0.007368, current_update_l2=0.133871, final_update_l2=0.126769
(0.4, 2, 2.120985)
(0.4, 3, 2.646356)
(0.4, 4, 4.64774)
(0.66, 2, 5.159621)
(0.66, 3, 5.528077)
(0.66, 4, 6.945581)
(1.0, 2, 11.424356)
Testing accuracy: 36.08
Full (1.0, 2) accuracy: 36.080002
********************************************************************************
Round 466
this epoch cost time:0.8610000610351562
this epoch choose: [93, 71, 78, 93, 85, 64, 66, 65, 86, 54]
this epoch dispatch models: [5 6 4 5 3 3 4 4 6 2]
this epoch received models: [np.int64(5), np.int64(6), np.int64(4), np.int64(5), np.int64(3), np.int64(3), np.int64(4), np.int64(4), np.int64(6), np.int64(2)]
hetero_proportion: 	4:3:3
TemporalSupport diagnostics: support_mean=0.606005, support_nonzero_ratio=1.000000, temporal_mean_l2=0.031213, memory_component_l2=0.005142, current_update_l2=0.052950, final_update_l2=0.050262
(0.4, 2, 2.120985)
(0.4, 3, 2.646356)
(0.4, 4, 4.64774)
(0.66, 2, 5.159621)
(0.66, 3, 5.528077)
(0.66, 4, 6.945581)
(1.0, 2, 11.424356)
Testing accuracy: 36.14
Full (1.0, 2) accuracy: 36.139999
********************************************************************************
Round 467
this epoch cost time:1.0799999237060547
this epoch choose: [57, 68, 43, 76, 3, 45, 70, 93, 86, 93]
this epoch dispatch models: [3 5 0 4 0 5 3 4 5 6]
this epoch received models: [np.int64(3), np.int64(5), np.int64(0), np.int64(4), np.int64(0), np.int64(5), np.int64(3), np.int64(4), np.int64(5), np.int64(6)]
hetero_proportion: 	4:3:3
TemporalSupport diagnostics: support_mean=0.476766, support_nonzero_ratio=1.000000, temporal_mean_l2=0.032295, memory_component_l2=0.007723, current_update_l2=0.122859, final_update_l2=0.118767
(0.4, 2, 2.120985)
(0.4, 3, 2.646356)
(0.4, 4, 4.64774)
(0.66, 2, 5.159621)
(0.66, 3, 5.528077)
(0.66, 4, 6.945581)
(1.0, 2, 11.424356)
Testing accuracy: 35.96
Full (1.0, 2) accuracy: 35.959999
********************************************************************************
Round 468
this epoch cost time:1.0166676044464111
this epoch choose: [66, 20, 97, 55, 50, 96, 69, 72, 99, 72]
this epoch dispatch models: [3 0 3 0 3 6 0 4 2 4]
this epoch received models: [np.int64(3), np.int64(0), np.int64(3), np.int64(0), np.int64(3), np.int64(6), np.int64(0), np.int64(4), np.int64(2), np.int64(4)]
hetero_proportion: 	4:3:3
TemporalSupport diagnostics: support_mean=0.410302, support_nonzero_ratio=1.000000, temporal_mean_l2=0.037824, memory_component_l2=0.010117, current_update_l2=0.185432, final_update_l2=0.179036
(0.4, 2, 2.120985)
(0.4, 3, 2.646356)
(0.4, 4, 4.64774)
(0.66, 2, 5.159621)
(0.66, 3, 5.528077)
(0.66, 4, 6.945581)
(1.0, 2, 11.424356)
Testing accuracy: 36.25
Full (1.0, 2) accuracy: 36.250000
********************************************************************************
Round 469
this epoch cost time:1.0319998264312744
this epoch choose: [93, 72, 79, 51, 34, 52, 95, 61, 79, 62]
this epoch dispatch models: [2 4 0 5 0 2 2 2 6 5]
this epoch received models: [np.int64(2), np.int64(4), np.int64(0), np.int64(5), np.int64(0), np.int64(2), np.int64(2), np.int64(2), np.int64(6), np.int64(5)]
hetero_proportion: 	4:3:3
TemporalSupport diagnostics: support_mean=0.472510, support_nonzero_ratio=1.000000, temporal_mean_l2=0.037266, memory_component_l2=0.005016, current_update_l2=0.137730, final_update_l2=0.136128
(0.4, 2, 2.120985)
(0.4, 3, 2.646356)
(0.4, 4, 4.64774)
(0.66, 2, 5.159621)
(0.66, 3, 5.528077)
(0.66, 4, 6.945581)
(1.0, 2, 11.424356)
Testing accuracy: 35.93
Full (1.0, 2) accuracy: 35.930000
********************************************************************************
Round 470
this epoch cost time:1.0970003604888916
this epoch choose: [99, 85, 58, 50, 70, 48, 36, 77, 62, 74]
this epoch dispatch models: [5 5 2 0 1 2 1 6 3 5]
this epoch received models: [np.int64(5), np.int64(5), np.int64(2), np.int64(0), np.int64(1), np.int64(2), np.int64(1), np.int64(6), np.int64(3), np.int64(5)]
hetero_proportion: 	4:3:3
TemporalSupport diagnostics: support_mean=0.461924, support_nonzero_ratio=1.000000, temporal_mean_l2=0.038721, memory_component_l2=0.005234, current_update_l2=0.152528, final_update_l2=0.144945
(0.4, 2, 2.120985)
(0.4, 3, 2.646356)
(0.4, 4, 4.64774)
(0.66, 2, 5.159621)
(0.66, 3, 5.528077)
(0.66, 4, 6.945581)
(1.0, 2, 11.424356)
Testing accuracy: 36.02
Full (1.0, 2) accuracy: 36.020000
********************************************************************************
Round 471
this epoch cost time:1.050995111465454
this epoch choose: [74, 91, 85, 73, 54, 56, 41, 84, 9, 33]
this epoch dispatch models: [3 0 4 3 4 5 3 0 2 1]
this epoch received models: [np.int64(3), np.int64(0), np.int64(4), np.int64(3), np.int64(4), np.int64(5), np.int64(3), np.int64(0), np.int64(2), np.int64(1)]
hetero_proportion: 	4:3:3
TemporalSupport diagnostics: support_mean=0.403329, support_nonzero_ratio=0.607963, temporal_mean_l2=0.037765, memory_component_l2=0.012219, current_update_l2=0.180799, final_update_l2=0.111522
(0.4, 2, 2.120985)
(0.4, 3, 2.646356)
(0.4, 4, 4.64774)
(0.66, 2, 5.159621)
(0.66, 3, 5.528077)
(0.66, 4, 6.945581)
(1.0, 2, 11.424356)
Testing accuracy: 35.84
Full (1.0, 2) accuracy: 35.840000
********************************************************************************
Round 472
this epoch cost time:1.0169978141784668
this epoch choose: [92, 98, 64, 20, 33, 98, 75, 56, 71, 41]
this epoch dispatch models: [6 6 4 0 0 2 2 4 3 5]
this epoch received models: [np.int64(6), np.int64(6), np.int64(4), np.int64(0), np.int64(0), np.int64(2), np.int64(2), np.int64(4), np.int64(3), np.int64(5)]
hetero_proportion: 	4:3:3
TemporalSupport diagnostics: support_mean=0.519374, support_nonzero_ratio=1.000000, temporal_mean_l2=0.036832, memory_component_l2=0.007091, current_update_l2=0.111522, final_update_l2=0.108139
(0.4, 2, 2.120985)
(0.4, 3, 2.646356)
(0.4, 4, 4.64774)
(0.66, 2, 5.159621)
(0.66, 3, 5.528077)
(0.66, 4, 6.945581)
(1.0, 2, 11.424356)
Testing accuracy: 35.94
Full (1.0, 2) accuracy: 35.939999
********************************************************************************
Round 473
this epoch cost time:0.9429986476898193
this epoch choose: [50, 92, 61, 73, 28, 49, 73, 64, 43, 51]
this epoch dispatch models: [5 5 2 6 0 4 6 5 3 3]
this epoch received models: [np.int64(5), np.int64(5), np.int64(2), np.int64(6), np.int64(0), np.int64(4), np.int64(6), np.int64(5), np.int64(3), np.int64(3)]
hetero_proportion: 	4:3:3
TemporalSupport diagnostics: support_mean=0.569242, support_nonzero_ratio=1.000000, temporal_mean_l2=0.034879, memory_component_l2=0.005813, current_update_l2=0.110769, final_update_l2=0.108785
(0.4, 2, 2.120985)
(0.4, 3, 2.646356)
(0.4, 4, 4.64774)
(0.66, 2, 5.159621)
(0.66, 3, 5.528077)
(0.66, 4, 6.945581)
(1.0, 2, 11.424356)
Testing accuracy: 36.12
Full (1.0, 2) accuracy: 36.119999
********************************************************************************
Round 474
this epoch cost time:1.071505069732666
this epoch choose: [44, 46, 84, 70, 93, 83, 59, 90, 70, 7]
this epoch dispatch models: [3 4 6 1 2 0 1 3 6 0]
this epoch received models: [np.int64(3), np.int64(4), np.int64(6), np.int64(1), np.int64(2), np.int64(0), np.int64(1), np.int64(3), np.int64(6), np.int64(0)]
hetero_proportion: 	4:3:3
TemporalSupport diagnostics: support_mean=0.454814, support_nonzero_ratio=1.000000, temporal_mean_l2=0.041102, memory_component_l2=0.009235, current_update_l2=0.199717, final_update_l2=0.191856
(0.4, 2, 2.120985)
(0.4, 3, 2.646356)
(0.4, 4, 4.64774)
(0.66, 2, 5.159621)
(0.66, 3, 5.528077)
(0.66, 4, 6.945581)
(1.0, 2, 11.424356)
Testing accuracy: 35.97
Full (1.0, 2) accuracy: 35.970001
********************************************************************************
Round 475
this epoch cost time:1.1730003356933594
this epoch choose: [34, 43, 73, 70, 94, 81, 26, 62, 76, 68]
this epoch dispatch models: [1 5 3 5 0 5 2 4 1 4]
this epoch received models: [np.int64(1), np.int64(5), np.int64(3), np.int64(5), np.int64(0), np.int64(5), np.int64(2), np.int64(4), np.int64(1), np.int64(4)]
hetero_proportion: 	4:3:3
TemporalSupport diagnostics: support_mean=0.442619, support_nonzero_ratio=0.607963, temporal_mean_l2=0.039070, memory_component_l2=0.005725, current_update_l2=0.124201, final_update_l2=0.117159
(0.4, 2, 2.120985)
(0.4, 3, 2.646356)
(0.4, 4, 4.64774)
(0.66, 2, 5.159621)
(0.66, 3, 5.528077)
(0.66, 4, 6.945581)
(1.0, 2, 11.424356)
Testing accuracy: 35.73
Full (1.0, 2) accuracy: 35.730000
********************************************************************************
Round 476
this epoch cost time:1.2675318717956543
this epoch choose: [47, 43, 97, 40, 95, 64, 83, 64, 58, 45]
this epoch dispatch models: [4 1 5 1 5 3 2 5 4 4]
this epoch received models: [np.int64(4), np.int64(1), np.int64(5), np.int64(1), np.int64(5), np.int64(3), np.int64(2), np.int64(5), np.int64(4), np.int64(4)]
hetero_proportion: 	4:3:3
TemporalSupport diagnostics: support_mean=0.452758, support_nonzero_ratio=0.607963, temporal_mean_l2=0.034124, memory_component_l2=0.004812, current_update_l2=0.064137, final_update_l2=0.059891
(0.4, 2, 2.120985)
(0.4, 3, 2.646356)
(0.4, 4, 4.64774)
(0.66, 2, 5.159621)
(0.66, 3, 5.528077)
(0.66, 4, 6.945581)
(1.0, 2, 11.424356)
Testing accuracy: 35.93
Full (1.0, 2) accuracy: 35.930000
********************************************************************************
Round 477
this epoch cost time:1.0799996852874756
this epoch choose: [54, 92, 93, 68, 75, 44, 67, 67, 90, 97]
this epoch dispatch models: [5 3 6 5 5 2 4 3 1 3]
this epoch received models: [np.int64(5), np.int64(3), np.int64(6), np.int64(5), np.int64(5), np.int64(2), np.int64(4), np.int64(3), np.int64(1), np.int64(3)]
hetero_proportion: 	4:3:3
TemporalSupport diagnostics: support_mean=0.509369, support_nonzero_ratio=1.000000, temporal_mean_l2=0.030697, memory_component_l2=0.005210, current_update_l2=0.072467, final_update_l2=0.067093
(0.4, 2, 2.120985)
(0.4, 3, 2.646356)
(0.4, 4, 4.64774)
(0.66, 2, 5.159621)
(0.66, 3, 5.528077)
(0.66, 4, 6.945581)
(1.0, 2, 11.424356)
Testing accuracy: 36.02
Full (1.0, 2) accuracy: 36.020000
********************************************************************************
Round 478
this epoch cost time:1.0000007152557373
this epoch choose: [86, 95, 55, 75, 57, 51, 49, 6, 42, 45]
this epoch dispatch models: [4 2 1 0 3 5 5 2 1 1]
this epoch received models: [np.int64(4), np.int64(2), np.int64(1), np.int64(0), np.int64(3), np.int64(5), np.int64(5), np.int64(2), np.int64(1), np.int64(1)]
hetero_proportion: 	4:3:3
TemporalSupport diagnostics: support_mean=0.389582, support_nonzero_ratio=0.607963, temporal_mean_l2=0.031890, memory_component_l2=0.008123, current_update_l2=0.135448, final_update_l2=0.115462
(0.4, 2, 2.120985)
(0.4, 3, 2.646356)
(0.4, 4, 4.64774)
(0.66, 2, 5.159621)
(0.66, 3, 5.528077)
(0.66, 4, 6.945581)
(1.0, 2, 11.424356)
Testing accuracy: 35.74
Full (1.0, 2) accuracy: 35.740002
********************************************************************************
Round 479
this epoch cost time:1.118999719619751
this epoch choose: [48, 8, 80, 77, 40, 76, 97, 75, 18, 97]
this epoch dispatch models: [0 0 1 4 0 3 5 6 1 1]
this epoch received models: [np.int64(0), np.int64(0), np.int64(1), np.int64(4), np.int64(0), np.int64(3), np.int64(5), np.int64(6), np.int64(1), np.int64(1)]
hetero_proportion: 	4:3:3
TemporalSupport diagnostics: support_mean=0.378635, support_nonzero_ratio=1.000000, temporal_mean_l2=0.036379, memory_component_l2=0.011322, current_update_l2=0.176643, final_update_l2=0.161913
(0.4, 2, 2.120985)
(0.4, 3, 2.646356)
(0.4, 4, 4.64774)
(0.66, 2, 5.159621)
(0.66, 3, 5.528077)
(0.66, 4, 6.945581)
(1.0, 2, 11.424356)
Testing accuracy: 35.60
Full (1.0, 2) accuracy: 35.599998
********************************************************************************
Round 480
this epoch cost time:1.0035276412963867
this epoch choose: [92, 98, 96, 80, 47, 74, 53, 61, 85, 77]
this epoch dispatch models: [0 5 6 3 5 5 3 0 3 6]
this epoch received models: [np.int64(0), np.int64(5), np.int64(6), np.int64(3), np.int64(5), np.int64(5), np.int64(3), np.int64(0), np.int64(3), np.int64(6)]
hetero_proportion: 	4:3:3
TemporalSupport diagnostics: support_mean=0.547842, support_nonzero_ratio=1.000000, temporal_mean_l2=0.034949, memory_component_l2=0.008323, current_update_l2=0.113471, final_update_l2=0.107394
(0.4, 2, 2.120985)
(0.4, 3, 2.646356)
(0.4, 4, 4.64774)
(0.66, 2, 5.159621)
(0.66, 3, 5.528077)
(0.66, 4, 6.945581)
(1.0, 2, 11.424356)
Testing accuracy: 35.51
Full (1.0, 2) accuracy: 35.509998
********************************************************************************
Round 481
this epoch cost time:1.0980556011199951
this epoch choose: [45, 79, 73, 99, 80, 85, 50, 94, 26, 59]
this epoch dispatch models: [0 3 5 6 4 5 3 6 1 4]
this epoch received models: [np.int64(0), np.int64(3), np.int64(5), np.int64(6), np.int64(4), np.int64(5), np.int64(3), np.int64(6), np.int64(1), np.int64(4)]
hetero_proportion: 	4:3:3
TemporalSupport diagnostics: support_mean=0.545245, support_nonzero_ratio=1.000000, temporal_mean_l2=0.032367, memory_component_l2=0.006124, current_update_l2=0.093237, final_update_l2=0.088214
(0.4, 2, 2.120985)
(0.4, 3, 2.646356)
(0.4, 4, 4.64774)
(0.66, 2, 5.159621)
(0.66, 3, 5.528077)
(0.66, 4, 6.945581)
(1.0, 2, 11.424356)
Testing accuracy: 35.44
Full (1.0, 2) accuracy: 35.439999
********************************************************************************
Round 482
this epoch cost time:0.818000316619873
this epoch choose: [21, 95, 17, 82, 65, 67, 62, 44, 85, 89]
this epoch dispatch models: [1 1 1 2 4 5 1 0 3 3]
this epoch received models: [np.int64(1), np.int64(1), np.int64(1), np.int64(2), np.int64(4), np.int64(5), np.int64(1), np.int64(0), np.int64(3), np.int64(3)]
hetero_proportion: 	4:3:3
TemporalSupport diagnostics: support_mean=0.347717, support_nonzero_ratio=0.607963, temporal_mean_l2=0.034756, memory_component_l2=0.008973, current_update_l2=0.155643, final_update_l2=0.139702
(0.4, 2, 2.120985)
(0.4, 3, 2.646356)
(0.4, 4, 4.64774)
(0.66, 2, 5.159621)
(0.66, 3, 5.528077)
(0.66, 4, 6.945581)
(1.0, 2, 11.424356)
Testing accuracy: 35.45
Full (1.0, 2) accuracy: 35.450001
********************************************************************************
Round 483
this epoch cost time:1.0055253505706787
this epoch choose: [71, 74, 72, 3, 47, 55, 49, 27, 98, 65]
this epoch dispatch models: [6 5 6 1 1 4 3 2 3 5]
this epoch received models: [np.int64(6), np.int64(5), np.int64(6), np.int64(1), np.int64(1), np.int64(4), np.int64(3), np.int64(2), np.int64(3), np.int64(5)]
hetero_proportion: 	4:3:3
TemporalSupport diagnostics: support_mean=0.532734, support_nonzero_ratio=1.000000, temporal_mean_l2=0.032910, memory_component_l2=0.006166, current_update_l2=0.104740, final_update_l2=0.095093
(0.4, 2, 2.120985)
(0.4, 3, 2.646356)
(0.4, 4, 4.64774)
(0.66, 2, 5.159621)
(0.66, 3, 5.528077)
(0.66, 4, 6.945581)
(1.0, 2, 11.424356)
Testing accuracy: 35.66
Full (1.0, 2) accuracy: 35.660000
********************************************************************************
Round 484
this epoch cost time:0.9409990310668945
this epoch choose: [68, 65, 75, 34, 67, 76, 94, 61, 99, 61]
this epoch dispatch models: [3 1 2 0 5 1 5 5 5 2]
this epoch received models: [np.int64(3), np.int64(1), np.int64(2), np.int64(0), np.int64(5), np.int64(1), np.int64(5), np.int64(5), np.int64(5), np.int64(2)]
hetero_proportion: 	4:3:3
TemporalSupport diagnostics: support_mean=0.426017, support_nonzero_ratio=0.607963, temporal_mean_l2=0.031299, memory_component_l2=0.005626, current_update_l2=0.099952, final_update_l2=0.096030
(0.4, 2, 2.120985)
(0.4, 3, 2.646356)
(0.4, 4, 4.64774)
(0.66, 2, 5.159621)
(0.66, 3, 5.528077)
(0.66, 4, 6.945581)
(1.0, 2, 11.424356)
Testing accuracy: 35.55
Full (1.0, 2) accuracy: 35.549999
********************************************************************************
Round 485
this epoch cost time:0.9209995269775391
this epoch choose: [43, 45, 77, 79, 71, 94, 17, 98, 94, 71]
this epoch dispatch models: [1 4 5 5 6 6 1 4 5 2]
this epoch received models: [np.int64(1), np.int64(4), np.int64(5), np.int64(5), np.int64(6), np.int64(6), np.int64(1), np.int64(4), np.int64(5), np.int64(2)]
hetero_proportion: 	4:3:3
TemporalSupport diagnostics: support_mean=0.560835, support_nonzero_ratio=1.000000, temporal_mean_l2=0.028420, memory_component_l2=0.003867, current_update_l2=0.063554, final_update_l2=0.061884
(0.4, 2, 2.120985)
(0.4, 3, 2.646356)
(0.4, 4, 4.64774)
(0.66, 2, 5.159621)
(0.66, 3, 5.528077)
(0.66, 4, 6.945581)
(1.0, 2, 11.424356)
Testing accuracy: 35.67
Full (1.0, 2) accuracy: 35.669998
********************************************************************************
Round 486
this epoch cost time:1.0085468292236328
this epoch choose: [95, 85, 22, 45, 1, 8, 41, 23, 35, 52]
this epoch dispatch models: [0 6 2 4 0 0 3 0 2 4]
this epoch received models: [np.int64(0), np.int64(6), np.int64(2), np.int64(4), np.int64(0), np.int64(0), np.int64(3), np.int64(0), np.int64(2), np.int64(4)]
hetero_proportion: 	4:3:3
TemporalSupport diagnostics: support_mean=0.397058, support_nonzero_ratio=1.000000, temporal_mean_l2=0.038185, memory_component_l2=0.011231, current_update_l2=0.215808, final_update_l2=0.190767
(0.4, 2, 2.120985)
(0.4, 3, 2.646356)
(0.4, 4, 4.64774)
(0.66, 2, 5.159621)
(0.66, 3, 5.528077)
(0.66, 4, 6.945581)
(1.0, 2, 11.424356)
Testing accuracy: 35.59
Full (1.0, 2) accuracy: 35.590000
********************************************************************************
Round 487
this epoch cost time:1.0759997367858887
this epoch choose: [92, 69, 51, 91, 69, 72, 57, 92, 95, 99]
this epoch dispatch models: [1 3 2 0 0 5 4 6 5 6]
this epoch received models: [np.int64(1), np.int64(3), np.int64(2), np.int64(0), np.int64(0), np.int64(5), np.int64(4), np.int64(6), np.int64(5), np.int64(6)]
hetero_proportion: 	4:3:3
TemporalSupport diagnostics: support_mean=0.489545, support_nonzero_ratio=1.000000, temporal_mean_l2=0.034917, memory_component_l2=0.007720, current_update_l2=0.105176, final_update_l2=0.099324
(0.4, 2, 2.120985)
(0.4, 3, 2.646356)
(0.4, 4, 4.64774)
(0.66, 2, 5.159621)
(0.66, 3, 5.528077)
(0.66, 4, 6.945581)
(1.0, 2, 11.424356)
Testing accuracy: 35.75
Full (1.0, 2) accuracy: 35.750000
********************************************************************************
Round 488
this epoch cost time:1.2619993686676025
this epoch choose: [83, 56, 75, 49, 13, 92, 82, 59, 30, 44]
this epoch dispatch models: [4 5 4 1 1 6 6 2 2 4]
this epoch received models: [np.int64(4), np.int64(5), np.int64(4), np.int64(1), np.int64(1), np.int64(6), np.int64(6), np.int64(2), np.int64(2), np.int64(4)]
hetero_proportion: 	4:3:3
TemporalSupport diagnostics: support_mean=0.516806, support_nonzero_ratio=1.000000, temporal_mean_l2=0.033648, memory_component_l2=0.006082, current_update_l2=0.109725, final_update_l2=0.103806
(0.4, 2, 2.120985)
(0.4, 3, 2.646356)
(0.4, 4, 4.64774)
(0.66, 2, 5.159621)
(0.66, 3, 5.528077)
(0.66, 4, 6.945581)
(1.0, 2, 11.424356)
Testing accuracy: 35.84
Full (1.0, 2) accuracy: 35.840000
********************************************************************************
Round 489
this epoch cost time:1.2020001411437988
this epoch choose: [93, 86, 40, 48, 83, 77, 3, 80, 85, 64]
this epoch dispatch models: [1 5 2 3 5 2 0 1 3 5]
this epoch received models: [np.int64(1), np.int64(5), np.int64(2), np.int64(3), np.int64(5), np.int64(2), np.int64(0), np.int64(1), np.int64(3), np.int64(5)]
hetero_proportion: 	4:3:3
TemporalSupport diagnostics: support_mean=0.427754, support_nonzero_ratio=0.607963, temporal_mean_l2=0.031236, memory_component_l2=0.006427, current_update_l2=0.096169, final_update_l2=0.089731
(0.4, 2, 2.120985)
(0.4, 3, 2.646356)
(0.4, 4, 4.64774)
(0.66, 2, 5.159621)
(0.66, 3, 5.528077)
(0.66, 4, 6.945581)
(1.0, 2, 11.424356)
Testing accuracy: 35.77
Full (1.0, 2) accuracy: 35.770000
********************************************************************************
Round 490
this epoch cost time:1.1009995937347412
this epoch choose: [80, 7, 58, 81, 98, 84, 97, 2, 84, 79]
this epoch dispatch models: [3 2 4 6 0 2 6 2 5 2]
this epoch received models: [np.int64(3), np.int64(2), np.int64(4), np.int64(6), np.int64(0), np.int64(2), np.int64(6), np.int64(2), np.int64(5), np.int64(2)]
hetero_proportion: 	4:3:3
TemporalSupport diagnostics: support_mean=0.553809, support_nonzero_ratio=1.000000, temporal_mean_l2=0.030649, memory_component_l2=0.004838, current_update_l2=0.102996, final_update_l2=0.095898
(0.4, 2, 2.120985)
(0.4, 3, 2.646356)
(0.4, 4, 4.64774)
(0.66, 2, 5.159621)
(0.66, 3, 5.528077)
(0.66, 4, 6.945581)
(1.0, 2, 11.424356)
Testing accuracy: 35.85
Full (1.0, 2) accuracy: 35.849998
********************************************************************************
Round 491
this epoch cost time:1.100999355316162
this epoch choose: [68, 80, 77, 40, 94, 74, 40, 98, 98, 93]
this epoch dispatch models: [5 6 4 3 6 3 2 3 6 2]
this epoch received models: [np.int64(5), np.int64(6), np.int64(4), np.int64(3), np.int64(6), np.int64(3), np.int64(2), np.int64(3), np.int64(6), np.int64(2)]
hetero_proportion: 	4:3:3
TemporalSupport diagnostics: support_mean=0.641540, support_nonzero_ratio=1.000000, temporal_mean_l2=0.027062, memory_component_l2=0.005007, current_update_l2=0.049937, final_update_l2=0.047458
(0.4, 2, 2.120985)
(0.4, 3, 2.646356)
(0.4, 4, 4.64774)
(0.66, 2, 5.159621)
(0.66, 3, 5.528077)
(0.66, 4, 6.945581)
(1.0, 2, 11.424356)
Testing accuracy: 35.81
Full (1.0, 2) accuracy: 35.810001
********************************************************************************
Round 492
this epoch cost time:0.8709986209869385
this epoch choose: [90, 50, 84, 94, 86, 43, 88, 92, 87, 68]
this epoch dispatch models: [3 1 5 6 3 4 6 3 0 5]
this epoch received models: [np.int64(3), np.int64(1), np.int64(5), np.int64(6), np.int64(3), np.int64(4), np.int64(6), np.int64(3), np.int64(0), np.int64(5)]
hetero_proportion: 	4:3:3
TemporalSupport diagnostics: support_mean=0.559783, support_nonzero_ratio=1.000000, temporal_mean_l2=0.026663, memory_component_l2=0.006714, current_update_l2=0.092660, final_update_l2=0.086812
(0.4, 2, 2.120985)
(0.4, 3, 2.646356)
(0.4, 4, 4.64774)
(0.66, 2, 5.159621)
(0.66, 3, 5.528077)
(0.66, 4, 6.945581)
(1.0, 2, 11.424356)
Testing accuracy: 35.89
Full (1.0, 2) accuracy: 35.889999
********************************************************************************
Round 493
this epoch cost time:1.1340000629425049
this epoch choose: [94, 87, 92, 83, 46, 67, 51, 87, 47, 72]
this epoch dispatch models: [5 1 6 2 3 5 1 4 3 2]
this epoch received models: [np.int64(5), np.int64(1), np.int64(6), np.int64(2), np.int64(3), np.int64(5), np.int64(1), np.int64(4), np.int64(3), np.int64(2)]
hetero_proportion: 	4:3:3
TemporalSupport diagnostics: support_mean=0.487514, support_nonzero_ratio=1.000000, temporal_mean_l2=0.030225, memory_component_l2=0.005494, current_update_l2=0.129173, final_update_l2=0.122077
(0.4, 2, 2.120985)
(0.4, 3, 2.646356)
(0.4, 4, 4.64774)
(0.66, 2, 5.159621)
(0.66, 3, 5.528077)
(0.66, 4, 6.945581)
(1.0, 2, 11.424356)
Testing accuracy: 36.07
Full (1.0, 2) accuracy: 36.070000
********************************************************************************
Round 494
this epoch cost time:0.7570006847381592
this epoch choose: [2, 40, 99, 99, 89, 71, 78, 52, 97, 62]
this epoch dispatch models: [2 3 6 5 3 2 5 2 1 4]
this epoch received models: [np.int64(2), np.int64(3), np.int64(6), np.int64(5), np.int64(3), np.int64(2), np.int64(5), np.int64(2), np.int64(1), np.int64(4)]
hetero_proportion: 	4:3:3
TemporalSupport diagnostics: support_mean=0.502179, support_nonzero_ratio=1.000000, temporal_mean_l2=0.028045, memory_component_l2=0.004746, current_update_l2=0.077084, final_update_l2=0.071875
(0.4, 2, 2.120985)
(0.4, 3, 2.646356)
(0.4, 4, 4.64774)
(0.66, 2, 5.159621)
(0.66, 3, 5.528077)
(0.66, 4, 6.945581)
(1.0, 2, 11.424356)
Testing accuracy: 35.97
Full (1.0, 2) accuracy: 35.970001
********************************************************************************
Round 495
this epoch cost time:0.878000020980835
this epoch choose: [51, 65, 87, 42, 49, 99, 95, 79, 66, 89]
this epoch dispatch models: [5 5 3 3 3 4 6 6 1 1]
this epoch received models: [np.int64(5), np.int64(5), np.int64(3), np.int64(3), np.int64(3), np.int64(4), np.int64(6), np.int64(6), np.int64(1), np.int64(1)]
hetero_proportion: 	4:3:3
TemporalSupport diagnostics: support_mean=0.554500, support_nonzero_ratio=1.000000, temporal_mean_l2=0.026200, memory_component_l2=0.005874, current_update_l2=0.074509, final_update_l2=0.068509
(0.4, 2, 2.120985)
(0.4, 3, 2.646356)
(0.4, 4, 4.64774)
(0.66, 2, 5.159621)
(0.66, 3, 5.528077)
(0.66, 4, 6.945581)
(1.0, 2, 11.424356)
Testing accuracy: 36.15
Full (1.0, 2) accuracy: 36.150002
********************************************************************************
Round 496
this epoch cost time:1.1429994106292725
this epoch choose: [78, 52, 92, 82, 75, 95, 76, 70, 92, 58]
this epoch dispatch models: [0 2 5 0 6 6 3 4 1 4]
this epoch received models: [np.int64(0), np.int64(2), np.int64(5), np.int64(0), np.int64(6), np.int64(6), np.int64(3), np.int64(4), np.int64(1), np.int64(4)]
hetero_proportion: 	4:3:3
TemporalSupport diagnostics: support_mean=0.515843, support_nonzero_ratio=1.000000, temporal_mean_l2=0.026234, memory_component_l2=0.005624, current_update_l2=0.096403, final_update_l2=0.093439
(0.4, 2, 2.120985)
(0.4, 3, 2.646356)
(0.4, 4, 4.64774)
(0.66, 2, 5.159621)
(0.66, 3, 5.528077)
(0.66, 4, 6.945581)
(1.0, 2, 11.424356)
Testing accuracy: 35.95
Full (1.0, 2) accuracy: 35.950001
********************************************************************************
Round 497
this epoch cost time:1.0826940536499023
this epoch choose: [74, 76, 32, 87, 86, 4, 94, 96, 65, 69]
this epoch dispatch models: [0 0 2 3 1 0 6 3 4 1]
this epoch received models: [np.int64(0), np.int64(0), np.int64(2), np.int64(3), np.int64(1), np.int64(0), np.int64(6), np.int64(3), np.int64(4), np.int64(1)]
hetero_proportion: 	4:3:3
TemporalSupport diagnostics: support_mean=0.360411, support_nonzero_ratio=1.000000, temporal_mean_l2=0.032098, memory_component_l2=0.009815, current_update_l2=0.180003, final_update_l2=0.151575
(0.4, 2, 2.120985)
(0.4, 3, 2.646356)
(0.4, 4, 4.64774)
(0.66, 2, 5.159621)
(0.66, 3, 5.528077)
(0.66, 4, 6.945581)
(1.0, 2, 11.424356)
Testing accuracy: 35.88
Full (1.0, 2) accuracy: 35.880001
********************************************************************************
Round 498
this epoch cost time:1.5272505283355713
this epoch choose: [77, 83, 99, 49, 41, 21, 58, 50, 73, 71]
this epoch dispatch models: [3 6 6 5 1 1 2 1 1 1]
this epoch received models: [np.int64(3), np.int64(6), np.int64(6), np.int64(5), np.int64(1), np.int64(1), np.int64(2), np.int64(1), np.int64(1), np.int64(1)]
hetero_proportion: 	4:3:3
TemporalSupport diagnostics: support_mean=0.488727, support_nonzero_ratio=1.000000, temporal_mean_l2=0.031386, memory_component_l2=0.005789, current_update_l2=0.106875, final_update_l2=0.102153
(0.4, 2, 2.120985)
(0.4, 3, 2.646356)
(0.4, 4, 4.64774)
(0.66, 2, 5.159621)
(0.66, 3, 5.528077)
(0.66, 4, 6.945581)
(1.0, 2, 11.424356)
Testing accuracy: 35.90
Full (1.0, 2) accuracy: 35.900002
********************************************************************************
Round 499
this epoch cost time:0.943657398223877
this epoch choose: [84, 16, 64, 82, 45, 78, 75, 78, 50, 56]
this epoch dispatch models: [0 0 2 1 3 3 0 1 2 3]
this epoch received models: [np.int64(0), np.int64(0), np.int64(2), np.int64(1), np.int64(3), np.int64(3), np.int64(0), np.int64(1), np.int64(2), np.int64(3)]
hetero_proportion: 	4:3:3
TemporalSupport diagnostics: support_mean=0.315561, support_nonzero_ratio=0.597718, temporal_mean_l2=0.033557, memory_component_l2=0.011053, current_update_l2=0.155775, final_update_l2=0.132642
(0.4, 2, 2.120985)
(0.4, 3, 2.646356)
(0.4, 4, 4.64774)
(0.66, 2, 5.159621)
(0.66, 3, 5.528077)
(0.66, 4, 6.945581)
(1.0, 2, 11.424356)
Testing accuracy: 35.72
Full (1.0, 2) accuracy: 35.720001
completed 500/500 rounds; elapsed_seconds=4442.175; average_round_seconds=8.884
recorded_full_accuracy_rounds=500
