2026-09-04 19:06:26,625 - INFO - Client sample size: min=262, median=491.5, max=757
2026-09-04 19:06:26,625 - INFO - Experiment log: results/all_small_oracle_300\all_small_oracle_300round.log
2026-09-04 19:06:26,738 - INFO - ====================================================================================================
2026-09-04 19:06:26,738 - INFO - ¡¾model config¡¿  model_name:resnet, width:0.4 , depth:2, param:8.48394MB
2026-09-04 19:06:26,739 - INFO - ResNet(
  (conv1): Sequential(
    (0): Conv2d(3, 64, kernel_size=(3, 3), stride=(1, 1), padding=(1, 1), bias=False)
    (1): BatchNorm2d(64, eps=1e-05, momentum=0.1, affine=True, track_running_stats=False)
    (2): ReLU()
  )
  (layer1): Sequential(
    (0): ResidualBlock(
      (left): Sequential(
        (0): Conv2d(64, 96, kernel_size=(3, 3), stride=(1, 1), padding=(1, 1), bias=False)
        (1): BatchNorm2d(96, eps=1e-05, momentum=0.1, affine=True, track_running_stats=False)
        (2): ReLU(inplace=True)
        (3): Conv2d(96, 96, kernel_size=(3, 3), stride=(1, 1), padding=(1, 1), bias=False)
        (4): BatchNorm2d(96, eps=1e-05, momentum=0.1, affine=True, track_running_stats=False)
      )
      (shortcut): Sequential(
        (0): Conv2d(64, 96, kernel_size=(1, 1), stride=(1, 1), bias=False)
        (1): BatchNorm2d(96, eps=1e-05, momentum=0.1, affine=True, track_running_stats=False)
      )
    )
    (1): ResidualBlock(
      (left): Sequential(
        (0): Conv2d(96, 96, kernel_size=(3, 3), stride=(1, 1), padding=(1, 1), bias=False)
        (1): BatchNorm2d(96, eps=1e-05, momentum=0.1, affine=True, track_running_stats=False)
        (2): ReLU(inplace=True)
        (3): Conv2d(96, 96, kernel_size=(3, 3), stride=(1, 1), padding=(1, 1), bias=False)
        (4): BatchNorm2d(96, eps=1e-05, momentum=0.1, affine=True, track_running_stats=False)
      )
      (shortcut): Sequential()
    )
  )
  (layer2): Sequential(
    (0): ResidualBlock(
      (left): Sequential(
        (0): Conv2d(96, 51, kernel_size=(3, 3), stride=(2, 2), padding=(1, 1), bias=False)
        (1): BatchNorm2d(51, eps=1e-05, momentum=0.1, affine=True, track_running_stats=False)
        (2): ReLU(inplace=True)
        (3): Conv2d(51, 51, kernel_size=(3, 3), stride=(1, 1), padding=(1, 1), bias=False)
        (4): BatchNorm2d(51, eps=1e-05, momentum=0.1, affine=True, track_running_stats=False)
      )
      (shortcut): Sequential(
        (0): Conv2d(96, 51, kernel_size=(1, 1), stride=(2, 2), bias=False)
        (1): BatchNorm2d(51, eps=1e-05, momentum=0.1, affine=True, track_running_stats=False)
      )
    )
    (1): ResidualBlock(
      (left): Sequential(
        (0): Conv2d(51, 51, kernel_size=(3, 3), stride=(1, 1), padding=(1, 1), bias=False)
        (1): BatchNorm2d(51, eps=1e-05, momentum=0.1, affine=True, track_running_stats=False)
        (2): ReLU(inplace=True)
        (3): Conv2d(51, 51, kernel_size=(3, 3), stride=(1, 1), padding=(1, 1), bias=False)
        (4): BatchNorm2d(51, eps=1e-05, momentum=0.1, affine=True, track_running_stats=False)
      )
      (shortcut): Sequential()
    )
  )
  (layer3): Sequential(
    (0): ResidualBlock(
      (left): Sequential(
        (0): Conv2d(51, 102, kernel_size=(3, 3), stride=(2, 2), padding=(1, 1), bias=False)
        (1): BatchNorm2d(102, eps=1e-05, momentum=0.1, affine=True, track_running_stats=False)
        (2): ReLU(inplace=True)
        (3): Conv2d(102, 102, kernel_size=(3, 3), stride=(1, 1), padding=(1, 1), bias=False)
        (4): BatchNorm2d(102, eps=1e-05, momentum=0.1, affine=True, track_running_stats=False)
      )
      (shortcut): Sequential(
        (0): Conv2d(51, 102, kernel_size=(1, 1), stride=(2, 2), bias=False)
        (1): BatchNorm2d(102, eps=1e-05, momentum=0.1, affine=True, track_running_stats=False)
      )
    )
    (1): ResidualBlock(
      (left): Sequential(
        (0): Conv2d(102, 102, kernel_size=(3, 3), stride=(1, 1), padding=(1, 1), bias=False)
        (1): BatchNorm2d(102, eps=1e-05, momentum=0.1, affine=True, track_running_stats=False)
        (2): ReLU(inplace=True)
        (3): Conv2d(102, 102, kernel_size=(3, 3), stride=(1, 1), padding=(1, 1), bias=False)
        (4): BatchNorm2d(102, eps=1e-05, momentum=0.1, affine=True, track_running_stats=False)
      )
      (shortcut): Sequential()
    )
  )
  (layer4): Sequential(
    (0): ResidualBlock(
      (left): Sequential(
        (0): Conv2d(102, 204, kernel_size=(3, 3), stride=(2, 2), padding=(1, 1), bias=False)
        (1): BatchNorm2d(204, eps=1e-05, momentum=0.1, affine=True, track_running_stats=False)
        (2): ReLU(inplace=True)
        (3): Conv2d(204, 204, kernel_size=(3, 3), stride=(1, 1), padding=(1, 1), bias=False)
        (4): BatchNorm2d(204, eps=1e-05, momentum=0.1, affine=True, track_running_stats=False)
      )
      (shortcut): Sequential(
        (0): Conv2d(102, 204, kernel_size=(1, 1), stride=(2, 2), bias=False)
        (1): BatchNorm2d(204, eps=1e-05, momentum=0.1, affine=True, track_running_stats=False)
      )
    )
    (1): ResidualBlock(
      (left): Sequential(
        (0): Conv2d(204, 204, kernel_size=(3, 3), stride=(1, 1), padding=(1, 1), bias=False)
        (1): BatchNorm2d(204, eps=1e-05, momentum=0.1, affine=True, track_running_stats=False)
        (2): ReLU(inplace=True)
        (3): Conv2d(204, 204, kernel_size=(3, 3), stride=(1, 1), padding=(1, 1), bias=False)
        (4): BatchNorm2d(204, eps=1e-05, momentum=0.1, affine=True, track_running_stats=False)
      )
      (shortcut): Sequential()
    )
  )
  (fc): Linear(in_features=204, out_features=100, bias=True)
)
2026-09-04 19:06:26,739 - INFO - Experiment: All-Small AdaptiveFL-path Oracle
2026-09-04 19:06:26,739 - INFO - algorithm: AdaptiveFL
2026-09-04 19:06:26,739 - INFO - dataset: cifar100
2026-09-04 19:06:26,739 - INFO - iid: 0
2026-09-04 19:06:26,739 - INFO - data_beta: 0.3
2026-09-04 19:06:26,739 - INFO - seed: 1
2026-09-04 19:06:26,739 - INFO - epochs: 300
2026-09-04 19:06:26,739 - INFO - num_users: 100
2026-09-04 19:06:26,739 - INFO - frac: 0.1
2026-09-04 19:06:26,739 - INFO - local_ep: 5
2026-09-04 19:06:26,739 - INFO - local_bs: 50
2026-09-04 19:06:26,739 - INFO - optimizer: sgd
2026-09-04 19:06:26,739 - INFO - lr: 0.01
2026-09-04 19:06:26,739 - INFO - lr_decay: 0.998
2026-09-04 19:06:26,739 - INFO - client_chosen_mode: available
2026-09-04 19:06:26,739 - INFO - depth_saved: [2]
2026-09-04 19:06:26,739 - INFO - width_ration: [0.4]
2026-09-04 19:06:26,739 - INFO - len(net_glob_list): 1
2026-09-04 19:06:26,739 - INFO - Small profile: (0.4, 2, 2.120985)
2026-09-04 19:06:26,739 - INFO - Small parameter count (million): 2.120985
2026-09-04 19:06:26,739 - INFO - BN module count: 21
2026-09-04 19:06:26,739 - INFO - BN track_running_stats: [False]
2026-09-04 19:06:26,742 - INFO - ********************************************************************************
2026-09-04 19:06:26,742 - INFO - Round   0
2026-09-04 19:06:32,450 - INFO - this epoch cost time:0.7749993801116943
2026-09-04 19:06:32,450 - INFO - this epoch choose: [17, 72, 97, 8, 32, 15, 63, 97, 57, 60]
2026-09-04 19:06:32,450 - INFO - this epoch dispatch models: [0 0 0 0 0 0 0 0 0 0]
2026-09-04 19:06:32,450 - INFO - this epoch received models: [np.int64(0), np.int64(0), np.int64(0), np.int64(0), np.int64(0), np.int64(0), np.int64(0), np.int64(0), np.int64(0), np.int64(0)]
2026-09-04 19:06:32,450 - INFO - hetero_proportion: 	4:3:3
2026-09-04 19:06:32,519 - INFO - Small evaluation profile: (0.4, 2, 2.120985)
2026-09-04 19:06:33,801 - INFO - Testing accuracy: 2.94
2026-09-04 19:06:33,803 - INFO - ********************************************************************************
2026-09-04 19:06:33,803 - INFO - Round   1
2026-09-04 19:06:33,806 - INFO - Round 1 prefix consistency assertion: PASSED
2026-09-04 19:06:40,219 - INFO - this epoch cost time:0.9179995059967041
2026-09-04 19:06:40,219 - INFO - this epoch choose: [83, 48, 26, 12, 62, 3, 49, 55, 77, 97]
2026-09-04 19:06:40,220 - INFO - this epoch dispatch models: [0 0 0 0 0 0 0 0 0 0]
2026-09-04 19:06:40,220 - INFO - this epoch received models: [np.int64(0), np.int64(0), np.int64(0), np.int64(0), np.int64(0), np.int64(0), np.int64(0), np.int64(0), np.int64(0), np.int64(0)]
2026-09-04 19:06:40,220 - INFO - hetero_proportion: 	4:3:3
2026-09-04 19:06:40,267 - INFO - Small evaluation profile: (0.4, 2, 2.120985)
2026-09-04 19:06:41,550 - INFO - Testing accuracy: 5.41
2026-09-04 19:06:41,551 - INFO - ********************************************************************************
2026-09-04 19:06:41,552 - INFO - Round   2
2026-09-04 19:06:47,744 - INFO - this epoch cost time:0.7490010261535645
2026-09-04 19:06:47,744 - INFO - this epoch choose: [98, 0, 89, 57, 34, 92, 29, 75, 13, 40]
2026-09-04 19:06:47,744 - INFO - this epoch dispatch models: [0 0 0 0 0 0 0 0 0 0]
2026-09-04 19:06:47,744 - INFO - this epoch received models: [np.int64(0), np.int64(0), np.int64(0), np.int64(0), np.int64(0), np.int64(0), np.int64(0), np.int64(0), np.int64(0), np.int64(0)]
2026-09-04 19:06:47,744 - INFO - hetero_proportion: 	4:3:3
2026-09-04 19:06:47,792 - INFO - Small evaluation profile: (0.4, 2, 2.120985)
2026-09-04 19:06:49,118 - INFO - Testing accuracy: 7.12
2026-09-04 19:06:49,121 - INFO - ********************************************************************************
2026-09-04 19:06:49,122 - INFO - Round   3
2026-09-04 19:06:55,564 - INFO - this epoch cost time:0.9200019836425781
2026-09-04 19:06:55,564 - INFO - this epoch choose: [3, 2, 3, 83, 69, 1, 48, 87, 27, 54]
2026-09-04 19:06:55,564 - INFO - this epoch dispatch models: [0 0 0 0 0 0 0 0 0 0]
2026-09-04 19:06:55,564 - INFO - this epoch received models: [np.int64(0), np.int64(0), np.int64(0), np.int64(0), np.int64(0), np.int64(0), np.int64(0), np.int64(0), np.int64(0), np.int64(0)]
2026-09-04 19:06:55,565 - INFO - hetero_proportion: 	4:3:3
2026-09-04 19:06:55,614 - INFO - Small evaluation profile: (0.4, 2, 2.120985)
2026-09-04 19:06:56,859 - INFO - Testing accuracy: 9.17
2026-09-04 19:06:56,861 - INFO - ********************************************************************************
2026-09-04 19:06:56,861 - INFO - Round   4
2026-09-04 19:07:02,809 - INFO - this epoch cost time:0.7220001220703125
2026-09-04 19:07:02,809 - INFO - this epoch choose: [92, 3, 67, 28, 97, 56, 63, 70, 29, 44]
2026-09-04 19:07:02,809 - INFO - this epoch dispatch models: [0 0 0 0 0 0 0 0 0 0]
2026-09-04 19:07:02,809 - INFO - this epoch received models: [np.int64(0), np.int64(0), np.int64(0), np.int64(0), np.int64(0), np.int64(0), np.int64(0), np.int64(0), np.int64(0), np.int64(0)]
2026-09-04 19:07:02,809 - INFO - hetero_proportion: 	4:3:3
2026-09-04 19:07:02,856 - INFO - Small evaluation profile: (0.4, 2, 2.120985)
2026-09-04 19:07:04,165 - INFO - Testing accuracy: 10.62
2026-09-04 19:07:04,166 - INFO - ********************************************************************************
2026-09-04 19:07:04,166 - INFO - Round   5
2026-09-04 19:07:10,218 - INFO - this epoch cost time:0.7370007038116455
2026-09-04 19:07:10,218 - INFO - this epoch choose: [29, 86, 28, 97, 58, 37, 2, 53, 71, 82]
2026-09-04 19:07:10,218 - INFO - this epoch dispatch models: [0 0 0 0 0 0 0 0 0 0]
2026-09-04 19:07:10,218 - INFO - this epoch received models: [np.int64(0), np.int64(0), np.int64(0), np.int64(0), np.int64(0), np.int64(0), np.int64(0), np.int64(0), np.int64(0), np.int64(0)]
2026-09-04 19:07:10,219 - INFO - hetero_proportion: 	4:3:3
2026-09-04 19:07:10,267 - INFO - Small evaluation profile: (0.4, 2, 2.120985)
2026-09-04 19:07:11,523 - INFO - Testing accuracy: 10.91
2026-09-04 19:07:11,524 - INFO - ********************************************************************************
2026-09-04 19:07:11,525 - INFO - Round   6
2026-09-04 19:07:17,409 - INFO - this epoch cost time:0.7900004386901855
2026-09-04 19:07:17,409 - INFO - this epoch choose: [12, 23, 80, 92, 37, 15, 95, 42, 92, 91]
2026-09-04 19:07:17,409 - INFO - this epoch dispatch models: [0 0 0 0 0 0 0 0 0 0]
2026-09-04 19:07:17,409 - INFO - this epoch received models: [np.int64(0), np.int64(0), np.int64(0), np.int64(0), np.int64(0), np.int64(0), np.int64(0), np.int64(0), np.int64(0), np.int64(0)]
2026-09-04 19:07:17,409 - INFO - hetero_proportion: 	4:3:3
2026-09-04 19:07:17,458 - INFO - Small evaluation profile: (0.4, 2, 2.120985)
2026-09-04 19:07:18,731 - INFO - Testing accuracy: 11.44
2026-09-04 19:07:18,733 - INFO - ********************************************************************************
2026-09-04 19:07:18,733 - INFO - Round   7
2026-09-04 19:07:24,986 - INFO - this epoch cost time:0.7450008392333984
2026-09-04 19:07:24,986 - INFO - this epoch choose: [64, 54, 64, 85, 24, 38, 36, 75, 63, 64]
2026-09-04 19:07:24,986 - INFO - this epoch dispatch models: [0 0 0 0 0 0 0 0 0 0]
2026-09-04 19:07:24,986 - INFO - this epoch received models: [np.int64(0), np.int64(0), np.int64(0), np.int64(0), np.int64(0), np.int64(0), np.int64(0), np.int64(0), np.int64(0), np.int64(0)]
2026-09-04 19:07:24,986 - INFO - hetero_proportion: 	4:3:3
2026-09-04 19:07:25,034 - INFO - Small evaluation profile: (0.4, 2, 2.120985)
2026-09-04 19:07:26,310 - INFO - Testing accuracy: 13.08
2026-09-04 19:07:26,312 - INFO - ********************************************************************************
2026-09-04 19:07:26,312 - INFO - Round   8
2026-09-04 19:07:32,001 - INFO - this epoch cost time:0.741999626159668
2026-09-04 19:07:32,001 - INFO - this epoch choose: [50, 75, 4, 61, 31, 95, 51, 53, 85, 22]
2026-09-04 19:07:32,001 - INFO - this epoch dispatch models: [0 0 0 0 0 0 0 0 0 0]
2026-09-04 19:07:32,001 - INFO - this epoch received models: [np.int64(0), np.int64(0), np.int64(0), np.int64(0), np.int64(0), np.int64(0), np.int64(0), np.int64(0), np.int64(0), np.int64(0)]
2026-09-04 19:07:32,001 - INFO - hetero_proportion: 	4:3:3
2026-09-04 19:07:32,047 - INFO - Small evaluation profile: (0.4, 2, 2.120985)
2026-09-04 19:07:33,298 - INFO - Testing accuracy: 13.47
2026-09-04 19:07:33,300 - INFO - ********************************************************************************
2026-09-04 19:07:33,300 - INFO - Round   9
2026-09-04 19:07:39,030 - INFO - this epoch cost time:0.7719988822937012
2026-09-04 19:07:39,031 - INFO - this epoch choose: [46, 70, 89, 99, 86, 94, 47, 11, 56, 84]
2026-09-04 19:07:39,031 - INFO - this epoch dispatch models: [0 0 0 0 0 0 0 0 0 0]
2026-09-04 19:07:39,031 - INFO - this epoch received models: [np.int64(0), np.int64(0), np.int64(0), np.int64(0), np.int64(0), np.int64(0), np.int64(0), np.int64(0), np.int64(0), np.int64(0)]
2026-09-04 19:07:39,031 - INFO - hetero_proportion: 	4:3:3
2026-09-04 19:07:39,078 - INFO - Small evaluation profile: (0.4, 2, 2.120985)
2026-09-04 19:07:40,348 - INFO - Testing accuracy: 14.91
2026-09-04 19:07:40,349 - INFO - ********************************************************************************
2026-09-04 19:07:40,349 - INFO - Round  10
2026-09-04 19:07:45,690 - INFO - this epoch cost time:0.66400146484375
2026-09-04 19:07:45,690 - INFO - this epoch choose: [65, 13, 99, 20, 66, 50, 47, 62, 93, 3]
2026-09-04 19:07:45,690 - INFO - this epoch dispatch models: [0 0 0 0 0 0 0 0 0 0]
2026-09-04 19:07:45,690 - INFO - this epoch received models: [np.int64(0), np.int64(0), np.int64(0), np.int64(0), np.int64(0), np.int64(0), np.int64(0), np.int64(0), np.int64(0), np.int64(0)]
2026-09-04 19:07:45,690 - INFO - hetero_proportion: 	4:3:3
2026-09-04 19:07:45,739 - INFO - Small evaluation profile: (0.4, 2, 2.120985)
2026-09-04 19:07:47,073 - INFO - Testing accuracy: 16.02
2026-09-04 19:07:47,076 - INFO - ********************************************************************************
2026-09-04 19:07:47,077 - INFO - Round  11
2026-09-04 19:07:52,890 - INFO - this epoch cost time:0.7360002994537354
2026-09-04 19:07:52,890 - INFO - this epoch choose: [60, 5, 39, 90, 78, 75, 74, 50, 82, 21]
2026-09-04 19:07:52,890 - INFO - this epoch dispatch models: [0 0 0 0 0 0 0 0 0 0]
2026-09-04 19:07:52,890 - INFO - this epoch received models: [np.int64(0), np.int64(0), np.int64(0), np.int64(0), np.int64(0), np.int64(0), np.int64(0), np.int64(0), np.int64(0), np.int64(0)]
2026-09-04 19:07:52,890 - INFO - hetero_proportion: 	4:3:3
2026-09-04 19:07:52,938 - INFO - Small evaluation profile: (0.4, 2, 2.120985)
2026-09-04 19:07:54,212 - INFO - Testing accuracy: 15.44
2026-09-04 19:07:54,213 - INFO - ********************************************************************************
2026-09-04 19:07:54,213 - INFO - Round  12
2026-09-04 19:08:00,353 - INFO - this epoch cost time:0.8010008335113525
2026-09-04 19:08:00,353 - INFO - this epoch choose: [21, 64, 29, 1, 98, 25, 69, 70, 29, 51]
2026-09-04 19:08:00,353 - INFO - this epoch dispatch models: [0 0 0 0 0 0 0 0 0 0]
2026-09-04 19:08:00,353 - INFO - this epoch received models: [np.int64(0), np.int64(0), np.int64(0), np.int64(0), np.int64(0), np.int64(0), np.int64(0), np.int64(0), np.int64(0), np.int64(0)]
2026-09-04 19:08:00,353 - INFO - hetero_proportion: 	4:3:3
2026-09-04 19:08:00,400 - INFO - Small evaluation profile: (0.4, 2, 2.120985)
2026-09-04 19:08:01,674 - INFO - Testing accuracy: 14.76
2026-09-04 19:08:01,675 - INFO - ********************************************************************************
2026-09-04 19:08:01,675 - INFO - Round  13
2026-09-04 19:08:07,162 - INFO - this epoch cost time:0.7240009307861328
2026-09-04 19:08:07,162 - INFO - this epoch choose: [65, 44, 73, 45, 58, 34, 84, 70, 77, 93]
2026-09-04 19:08:07,162 - INFO - this epoch dispatch models: [0 0 0 0 0 0 0 0 0 0]
2026-09-04 19:08:07,162 - INFO - this epoch received models: [np.int64(0), np.int64(0), np.int64(0), np.int64(0), np.int64(0), np.int64(0), np.int64(0), np.int64(0), np.int64(0), np.int64(0)]
2026-09-04 19:08:07,162 - INFO - hetero_proportion: 	4:3:3
2026-09-04 19:08:07,210 - INFO - Small evaluation profile: (0.4, 2, 2.120985)
2026-09-04 19:08:08,494 - INFO - Testing accuracy: 15.59
2026-09-04 19:08:08,495 - INFO - ********************************************************************************
2026-09-04 19:08:08,495 - INFO - Round  14
2026-09-04 19:08:14,375 - INFO - this epoch cost time:0.7589988708496094
2026-09-04 19:08:14,375 - INFO - this epoch choose: [0, 49, 94, 65, 16, 66, 99, 71, 26, 54]
2026-09-04 19:08:14,375 - INFO - this epoch dispatch models: [0 0 0 0 0 0 0 0 0 0]
2026-09-04 19:08:14,375 - INFO - this epoch received models: [np.int64(0), np.int64(0), np.int64(0), np.int64(0), np.int64(0), np.int64(0), np.int64(0), np.int64(0), np.int64(0), np.int64(0)]
2026-09-04 19:08:14,375 - INFO - hetero_proportion: 	4:3:3
2026-09-04 19:08:14,421 - INFO - Small evaluation profile: (0.4, 2, 2.120985)
2026-09-04 19:08:15,708 - INFO - Testing accuracy: 16.26
2026-09-04 19:08:15,708 - INFO - ********************************************************************************
2026-09-04 19:08:15,708 - INFO - Round  15
2026-09-04 19:08:21,404 - INFO - this epoch cost time:0.7279999256134033
2026-09-04 19:08:21,404 - INFO - this epoch choose: [7, 61, 46, 72, 70, 25, 64, 52, 62, 45]
2026-09-04 19:08:21,405 - INFO - this epoch dispatch models: [0 0 0 0 0 0 0 0 0 0]
2026-09-04 19:08:21,405 - INFO - this epoch received models: [np.int64(0), np.int64(0), np.int64(0), np.int64(0), np.int64(0), np.int64(0), np.int64(0), np.int64(0), np.int64(0), np.int64(0)]
2026-09-04 19:08:21,405 - INFO - hetero_proportion: 	4:3:3
2026-09-04 19:08:21,452 - INFO - Small evaluation profile: (0.4, 2, 2.120985)
2026-09-04 19:08:22,712 - INFO - Testing accuracy: 16.95
2026-09-04 19:08:22,713 - INFO - ********************************************************************************
2026-09-04 19:08:22,713 - INFO - Round  16
2026-09-04 19:08:28,992 - INFO - this epoch cost time:0.7849991321563721
2026-09-04 19:08:28,992 - INFO - this epoch choose: [53, 44, 0, 68, 69, 79, 78, 42, 58, 76]
2026-09-04 19:08:28,992 - INFO - this epoch dispatch models: [0 0 0 0 0 0 0 0 0 0]
2026-09-04 19:08:28,992 - INFO - this epoch received models: [np.int64(0), np.int64(0), np.int64(0), np.int64(0), np.int64(0), np.int64(0), np.int64(0), np.int64(0), np.int64(0), np.int64(0)]
2026-09-04 19:08:28,992 - INFO - hetero_proportion: 	4:3:3
2026-09-04 19:08:29,040 - INFO - Small evaluation profile: (0.4, 2, 2.120985)
2026-09-04 19:08:30,342 - INFO - Testing accuracy: 17.74
2026-09-04 19:08:30,342 - INFO - ********************************************************************************
2026-09-04 19:08:30,342 - INFO - Round  17
2026-09-04 19:08:36,919 - INFO - this epoch cost time:0.7999992370605469
2026-09-04 19:08:36,920 - INFO - this epoch choose: [3, 29, 81, 22, 70, 74, 23, 11, 70, 32]
2026-09-04 19:08:36,920 - INFO - this epoch dispatch models: [0 0 0 0 0 0 0 0 0 0]
2026-09-04 19:08:36,920 - INFO - this epoch received models: [np.int64(0), np.int64(0), np.int64(0), np.int64(0), np.int64(0), np.int64(0), np.int64(0), np.int64(0), np.int64(0), np.int64(0)]
2026-09-04 19:08:36,920 - INFO - hetero_proportion: 	4:3:3
2026-09-04 19:08:36,967 - INFO - Small evaluation profile: (0.4, 2, 2.120985)
2026-09-04 19:08:38,290 - INFO - Testing accuracy: 17.49
2026-09-04 19:08:38,290 - INFO - ********************************************************************************
2026-09-04 19:08:38,290 - INFO - Round  18
2026-09-04 19:08:44,266 - INFO - this epoch cost time:0.7259993553161621
2026-09-04 19:08:44,266 - INFO - this epoch choose: [4, 86, 9, 10, 2, 57, 1, 96, 96, 35]
2026-09-04 19:08:44,266 - INFO - this epoch dispatch models: [0 0 0 0 0 0 0 0 0 0]
2026-09-04 19:08:44,266 - INFO - this epoch received models: [np.int64(0), np.int64(0), np.int64(0), np.int64(0), np.int64(0), np.int64(0), np.int64(0), np.int64(0), np.int64(0), np.int64(0)]
2026-09-04 19:08:44,266 - INFO - hetero_proportion: 	4:3:3
2026-09-04 19:08:44,314 - INFO - Small evaluation profile: (0.4, 2, 2.120985)
2026-09-04 19:08:45,603 - INFO - Testing accuracy: 17.89
2026-09-04 19:08:45,603 - INFO - ********************************************************************************
2026-09-04 19:08:45,603 - INFO - Round  19
2026-09-04 19:08:51,822 - INFO - this epoch cost time:0.758000373840332
2026-09-04 19:08:51,822 - INFO - this epoch choose: [31, 34, 14, 79, 23, 44, 37, 8, 21, 20]
2026-09-04 19:08:51,823 - INFO - this epoch dispatch models: [0 0 0 0 0 0 0 0 0 0]
2026-09-04 19:08:51,823 - INFO - this epoch received models: [np.int64(0), np.int64(0), np.int64(0), np.int64(0), np.int64(0), np.int64(0), np.int64(0), np.int64(0), np.int64(0), np.int64(0)]
2026-09-04 19:08:51,823 - INFO - hetero_proportion: 	4:3:3
2026-09-04 19:08:51,869 - INFO - Small evaluation profile: (0.4, 2, 2.120985)
2026-09-04 19:08:53,135 - INFO - Testing accuracy: 18.22
2026-09-04 19:08:53,136 - INFO - ********************************************************************************
2026-09-04 19:08:53,136 - INFO - Round  20
2026-09-04 19:08:58,626 - INFO - this epoch cost time:0.6650004386901855
2026-09-04 19:08:58,627 - INFO - this epoch choose: [32, 67, 21, 84, 34, 82, 91, 37, 58, 89]
2026-09-04 19:08:58,627 - INFO - this epoch dispatch models: [0 0 0 0 0 0 0 0 0 0]
2026-09-04 19:08:58,627 - INFO - this epoch received models: [np.int64(0), np.int64(0), np.int64(0), np.int64(0), np.int64(0), np.int64(0), np.int64(0), np.int64(0), np.int64(0), np.int64(0)]
2026-09-04 19:08:58,627 - INFO - hetero_proportion: 	4:3:3
2026-09-04 19:08:58,674 - INFO - Small evaluation profile: (0.4, 2, 2.120985)
2026-09-04 19:08:59,961 - INFO - Testing accuracy: 18.09
2026-09-04 19:08:59,961 - INFO - ********************************************************************************
2026-09-04 19:08:59,961 - INFO - Round  21
2026-09-04 19:09:06,495 - INFO - this epoch cost time:0.751000165939331
2026-09-04 19:09:06,495 - INFO - this epoch choose: [41, 63, 60, 14, 3, 39, 49, 43, 53, 24]
2026-09-04 19:09:06,495 - INFO - this epoch dispatch models: [0 0 0 0 0 0 0 0 0 0]
2026-09-04 19:09:06,495 - INFO - this epoch received models: [np.int64(0), np.int64(0), np.int64(0), np.int64(0), np.int64(0), np.int64(0), np.int64(0), np.int64(0), np.int64(0), np.int64(0)]
2026-09-04 19:09:06,495 - INFO - hetero_proportion: 	4:3:3
2026-09-04 19:09:06,543 - INFO - Small evaluation profile: (0.4, 2, 2.120985)
2026-09-04 19:09:07,825 - INFO - Testing accuracy: 19.20
2026-09-04 19:09:07,826 - INFO - ********************************************************************************
2026-09-04 19:09:07,826 - INFO - Round  22
2026-09-04 19:09:13,102 - INFO - this epoch cost time:0.6979990005493164
2026-09-04 19:09:13,102 - INFO - this epoch choose: [33, 13, 32, 93, 65, 26, 77, 55, 2, 28]
2026-09-04 19:09:13,103 - INFO - this epoch dispatch models: [0 0 0 0 0 0 0 0 0 0]
2026-09-04 19:09:13,103 - INFO - this epoch received models: [np.int64(0), np.int64(0), np.int64(0), np.int64(0), np.int64(0), np.int64(0), np.int64(0), np.int64(0), np.int64(0), np.int64(0)]
2026-09-04 19:09:13,103 - INFO - hetero_proportion: 	4:3:3
2026-09-04 19:09:13,150 - INFO - Small evaluation profile: (0.4, 2, 2.120985)
2026-09-04 19:09:14,415 - INFO - Testing accuracy: 19.33
2026-09-04 19:09:14,415 - INFO - ********************************************************************************
2026-09-04 19:09:14,415 - INFO - Round  23
2026-09-04 19:09:20,285 - INFO - this epoch cost time:0.7580001354217529
2026-09-04 19:09:20,286 - INFO - this epoch choose: [2, 50, 18, 4, 92, 20, 57, 90, 64, 86]
2026-09-04 19:09:20,286 - INFO - this epoch dispatch models: [0 0 0 0 0 0 0 0 0 0]
2026-09-04 19:09:20,286 - INFO - this epoch received models: [np.int64(0), np.int64(0), np.int64(0), np.int64(0), np.int64(0), np.int64(0), np.int64(0), np.int64(0), np.int64(0), np.int64(0)]
2026-09-04 19:09:20,286 - INFO - hetero_proportion: 	4:3:3
2026-09-04 19:09:20,333 - INFO - Small evaluation profile: (0.4, 2, 2.120985)
2026-09-04 19:09:21,596 - INFO - Testing accuracy: 19.90
2026-09-04 19:09:21,596 - INFO - ********************************************************************************
2026-09-04 19:09:21,596 - INFO - Round  24
2026-09-04 19:09:28,469 - INFO - this epoch cost time:0.907001256942749
2026-09-04 19:09:28,469 - INFO - this epoch choose: [54, 69, 28, 80, 88, 66, 57, 28, 67, 83]
2026-09-04 19:09:28,469 - INFO - this epoch dispatch models: [0 0 0 0 0 0 0 0 0 0]
2026-09-04 19:09:28,469 - INFO - this epoch received models: [np.int64(0), np.int64(0), np.int64(0), np.int64(0), np.int64(0), np.int64(0), np.int64(0), np.int64(0), np.int64(0), np.int64(0)]
2026-09-04 19:09:28,469 - INFO - hetero_proportion: 	4:3:3
2026-09-04 19:09:28,518 - INFO - Small evaluation profile: (0.4, 2, 2.120985)
2026-09-04 19:09:29,788 - INFO - Testing accuracy: 20.51
2026-09-04 19:09:29,789 - INFO - ********************************************************************************
2026-09-04 19:09:29,789 - INFO - Round  25
2026-09-04 19:09:35,758 - INFO - this epoch cost time:0.7880003452301025
2026-09-04 19:09:35,758 - INFO - this epoch choose: [3, 50, 86, 73, 41, 84, 80, 54, 7, 94]
2026-09-04 19:09:35,758 - INFO - this epoch dispatch models: [0 0 0 0 0 0 0 0 0 0]
2026-09-04 19:09:35,758 - INFO - this epoch received models: [np.int64(0), np.int64(0), np.int64(0), np.int64(0), np.int64(0), np.int64(0), np.int64(0), np.int64(0), np.int64(0), np.int64(0)]
2026-09-04 19:09:35,758 - INFO - hetero_proportion: 	4:3:3
2026-09-04 19:09:35,806 - INFO - Small evaluation profile: (0.4, 2, 2.120985)
2026-09-04 19:09:37,075 - INFO - Testing accuracy: 20.48
2026-09-04 19:09:37,075 - INFO - ********************************************************************************
2026-09-04 19:09:37,075 - INFO - Round  26
2026-09-04 19:09:42,262 - INFO - this epoch cost time:0.5929992198944092
2026-09-04 19:09:42,262 - INFO - this epoch choose: [38, 16, 27, 6, 39, 9, 9, 39, 38, 95]
2026-09-04 19:09:42,262 - INFO - this epoch dispatch models: [0 0 0 0 0 0 0 0 0 0]
2026-09-04 19:09:42,262 - INFO - this epoch received models: [np.int64(0), np.int64(0), np.int64(0), np.int64(0), np.int64(0), np.int64(0), np.int64(0), np.int64(0), np.int64(0), np.int64(0)]
2026-09-04 19:09:42,262 - INFO - hetero_proportion: 	4:3:3
2026-09-04 19:09:42,309 - INFO - Small evaluation profile: (0.4, 2, 2.120985)
2026-09-04 19:09:43,592 - INFO - Testing accuracy: 20.74
2026-09-04 19:09:43,592 - INFO - ********************************************************************************
2026-09-04 19:09:43,592 - INFO - Round  27
2026-09-04 19:09:49,167 - INFO - this epoch cost time:0.7340013980865479
2026-09-04 19:09:49,167 - INFO - this epoch choose: [20, 53, 72, 32, 16, 1, 71, 4, 75, 27]
2026-09-04 19:09:49,167 - INFO - this epoch dispatch models: [0 0 0 0 0 0 0 0 0 0]
2026-09-04 19:09:49,167 - INFO - this epoch received models: [np.int64(0), np.int64(0), np.int64(0), np.int64(0), np.int64(0), np.int64(0), np.int64(0), np.int64(0), np.int64(0), np.int64(0)]
2026-09-04 19:09:49,167 - INFO - hetero_proportion: 	4:3:3
2026-09-04 19:09:49,215 - INFO - Small evaluation profile: (0.4, 2, 2.120985)
2026-09-04 19:09:50,472 - INFO - Testing accuracy: 20.72
2026-09-04 19:09:50,473 - INFO - ********************************************************************************
2026-09-04 19:09:50,473 - INFO - Round  28
2026-09-04 19:09:56,340 - INFO - this epoch cost time:0.734999418258667
2026-09-04 19:09:56,340 - INFO - this epoch choose: [72, 58, 21, 99, 90, 79, 65, 4, 48, 25]
2026-09-04 19:09:56,340 - INFO - this epoch dispatch models: [0 0 0 0 0 0 0 0 0 0]
2026-09-04 19:09:56,340 - INFO - this epoch received models: [np.int64(0), np.int64(0), np.int64(0), np.int64(0), np.int64(0), np.int64(0), np.int64(0), np.int64(0), np.int64(0), np.int64(0)]
2026-09-04 19:09:56,340 - INFO - hetero_proportion: 	4:3:3
2026-09-04 19:09:56,388 - INFO - Small evaluation profile: (0.4, 2, 2.120985)
2026-09-04 19:09:57,697 - INFO - Testing accuracy: 21.51
2026-09-04 19:09:57,699 - INFO - ********************************************************************************
2026-09-04 19:09:57,699 - INFO - Round  29
2026-09-04 19:10:03,734 - INFO - this epoch cost time:0.7189991474151611
2026-09-04 19:10:03,734 - INFO - this epoch choose: [44, 12, 26, 73, 86, 55, 75, 24, 63, 13]
2026-09-04 19:10:03,734 - INFO - this epoch dispatch models: [0 0 0 0 0 0 0 0 0 0]
2026-09-04 19:10:03,734 - INFO - this epoch received models: [np.int64(0), np.int64(0), np.int64(0), np.int64(0), np.int64(0), np.int64(0), np.int64(0), np.int64(0), np.int64(0), np.int64(0)]
2026-09-04 19:10:03,734 - INFO - hetero_proportion: 	4:3:3
2026-09-04 19:10:03,781 - INFO - Small evaluation profile: (0.4, 2, 2.120985)
2026-09-04 19:10:05,039 - INFO - Testing accuracy: 21.69
2026-09-04 19:10:05,040 - INFO - ********************************************************************************
2026-09-04 19:10:05,040 - INFO - Round  30
2026-09-04 19:10:11,225 - INFO - this epoch cost time:0.7359952926635742
2026-09-04 19:10:11,225 - INFO - this epoch choose: [85, 49, 37, 64, 63, 2, 41, 78, 51, 36]
2026-09-04 19:10:11,225 - INFO - this epoch dispatch models: [0 0 0 0 0 0 0 0 0 0]
2026-09-04 19:10:11,225 - INFO - this epoch received models: [np.int64(0), np.int64(0), np.int64(0), np.int64(0), np.int64(0), np.int64(0), np.int64(0), np.int64(0), np.int64(0), np.int64(0)]
2026-09-04 19:10:11,225 - INFO - hetero_proportion: 	4:3:3
2026-09-04 19:10:11,270 - INFO - Small evaluation profile: (0.4, 2, 2.120985)
2026-09-04 19:10:12,520 - INFO - Testing accuracy: 22.15
2026-09-04 19:10:12,521 - INFO - ********************************************************************************
2026-09-04 19:10:12,521 - INFO - Round  31
2026-09-04 19:10:18,394 - INFO - this epoch cost time:0.7069993019104004
2026-09-04 19:10:18,395 - INFO - this epoch choose: [2, 20, 25, 41, 72, 17, 43, 54, 27, 34]
2026-09-04 19:10:18,395 - INFO - this epoch dispatch models: [0 0 0 0 0 0 0 0 0 0]
2026-09-04 19:10:18,395 - INFO - this epoch received models: [np.int64(0), np.int64(0), np.int64(0), np.int64(0), np.int64(0), np.int64(0), np.int64(0), np.int64(0), np.int64(0), np.int64(0)]
2026-09-04 19:10:18,395 - INFO - hetero_proportion: 	4:3:3
2026-09-04 19:10:18,441 - INFO - Small evaluation profile: (0.4, 2, 2.120985)
2026-09-04 19:10:19,658 - INFO - Testing accuracy: 21.95
2026-09-04 19:10:19,658 - INFO - ********************************************************************************
2026-09-04 19:10:19,658 - INFO - Round  32
2026-09-04 19:10:25,522 - INFO - this epoch cost time:0.7449982166290283
2026-09-04 19:10:25,522 - INFO - this epoch choose: [86, 12, 48, 70, 44, 87, 68, 62, 98, 68]
2026-09-04 19:10:25,523 - INFO - this epoch dispatch models: [0 0 0 0 0 0 0 0 0 0]
2026-09-04 19:10:25,523 - INFO - this epoch received models: [np.int64(0), np.int64(0), np.int64(0), np.int64(0), np.int64(0), np.int64(0), np.int64(0), np.int64(0), np.int64(0), np.int64(0)]
2026-09-04 19:10:25,523 - INFO - hetero_proportion: 	4:3:3
2026-09-04 19:10:25,568 - INFO - Small evaluation profile: (0.4, 2, 2.120985)
2026-09-04 19:10:26,802 - INFO - Testing accuracy: 21.78
2026-09-04 19:10:26,802 - INFO - ********************************************************************************
2026-09-04 19:10:26,802 - INFO - Round  33
2026-09-04 19:10:32,724 - INFO - this epoch cost time:0.6889989376068115
2026-09-04 19:10:32,725 - INFO - this epoch choose: [30, 8, 92, 5, 10, 17, 21, 21, 68, 27]
2026-09-04 19:10:32,725 - INFO - this epoch dispatch models: [0 0 0 0 0 0 0 0 0 0]
2026-09-04 19:10:32,725 - INFO - this epoch received models: [np.int64(0), np.int64(0), np.int64(0), np.int64(0), np.int64(0), np.int64(0), np.int64(0), np.int64(0), np.int64(0), np.int64(0)]
2026-09-04 19:10:32,725 - INFO - hetero_proportion: 	4:3:3
2026-09-04 19:10:32,773 - INFO - Small evaluation profile: (0.4, 2, 2.120985)
2026-09-04 19:10:34,054 - INFO - Testing accuracy: 22.10
2026-09-04 19:10:34,055 - INFO - ********************************************************************************
2026-09-04 19:10:34,055 - INFO - Round  34
2026-09-04 19:10:39,771 - INFO - this epoch cost time:0.7029988765716553
2026-09-04 19:10:39,771 - INFO - this epoch choose: [34, 97, 42, 76, 64, 32, 47, 43, 43, 14]
2026-09-04 19:10:39,771 - INFO - this epoch dispatch models: [0 0 0 0 0 0 0 0 0 0]
2026-09-04 19:10:39,771 - INFO - this epoch received models: [np.int64(0), np.int64(0), np.int64(0), np.int64(0), np.int64(0), np.int64(0), np.int64(0), np.int64(0), np.int64(0), np.int64(0)]
2026-09-04 19:10:39,771 - INFO - hetero_proportion: 	4:3:3
2026-09-04 19:10:39,817 - INFO - Small evaluation profile: (0.4, 2, 2.120985)
2026-09-04 19:10:41,105 - INFO - Testing accuracy: 21.24
2026-09-04 19:10:41,106 - INFO - ********************************************************************************
2026-09-04 19:10:41,106 - INFO - Round  35
2026-09-04 19:10:46,799 - INFO - this epoch cost time:0.7040016651153564
2026-09-04 19:10:46,799 - INFO - this epoch choose: [37, 30, 77, 99, 91, 62, 17, 74, 70, 98]
2026-09-04 19:10:46,800 - INFO - this epoch dispatch models: [0 0 0 0 0 0 0 0 0 0]
2026-09-04 19:10:46,800 - INFO - this epoch received models: [np.int64(0), np.int64(0), np.int64(0), np.int64(0), np.int64(0), np.int64(0), np.int64(0), np.int64(0), np.int64(0), np.int64(0)]
2026-09-04 19:10:46,800 - INFO - hetero_proportion: 	4:3:3
2026-09-04 19:10:46,847 - INFO - Small evaluation profile: (0.4, 2, 2.120985)
2026-09-04 19:10:48,077 - INFO - Testing accuracy: 23.10
2026-09-04 19:10:48,078 - INFO - ********************************************************************************
2026-09-04 19:10:48,078 - INFO - Round  36
2026-09-04 19:10:54,206 - INFO - this epoch cost time:0.7350001335144043
2026-09-04 19:10:54,206 - INFO - this epoch choose: [13, 41, 5, 52, 9, 48, 18, 16, 43, 14]
2026-09-04 19:10:54,206 - INFO - this epoch dispatch models: [0 0 0 0 0 0 0 0 0 0]
2026-09-04 19:10:54,206 - INFO - this epoch received models: [np.int64(0), np.int64(0), np.int64(0), np.int64(0), np.int64(0), np.int64(0), np.int64(0), np.int64(0), np.int64(0), np.int64(0)]
2026-09-04 19:10:54,206 - INFO - hetero_proportion: 	4:3:3
2026-09-04 19:10:54,254 - INFO - Small evaluation profile: (0.4, 2, 2.120985)
2026-09-04 19:10:55,502 - INFO - Testing accuracy: 23.20
2026-09-04 19:10:55,503 - INFO - ********************************************************************************
2026-09-04 19:10:55,503 - INFO - Round  37
2026-09-04 19:11:01,409 - INFO - this epoch cost time:0.7389998435974121
2026-09-04 19:11:01,409 - INFO - this epoch choose: [78, 75, 48, 9, 73, 70, 28, 72, 10, 34]
2026-09-04 19:11:01,409 - INFO - this epoch dispatch models: [0 0 0 0 0 0 0 0 0 0]
2026-09-04 19:11:01,409 - INFO - this epoch received models: [np.int64(0), np.int64(0), np.int64(0), np.int64(0), np.int64(0), np.int64(0), np.int64(0), np.int64(0), np.int64(0), np.int64(0)]
2026-09-04 19:11:01,409 - INFO - hetero_proportion: 	4:3:3
2026-09-04 19:11:01,455 - INFO - Small evaluation profile: (0.4, 2, 2.120985)
2026-09-04 19:11:02,709 - INFO - Testing accuracy: 23.16
2026-09-04 19:11:02,710 - INFO - ********************************************************************************
2026-09-04 19:11:02,710 - INFO - Round  38
2026-09-04 19:11:08,764 - INFO - this epoch cost time:0.7140002250671387
2026-09-04 19:11:08,764 - INFO - this epoch choose: [46, 37, 72, 68, 14, 58, 35, 13, 5, 37]
2026-09-04 19:11:08,764 - INFO - this epoch dispatch models: [0 0 0 0 0 0 0 0 0 0]
2026-09-04 19:11:08,764 - INFO - this epoch received models: [np.int64(0), np.int64(0), np.int64(0), np.int64(0), np.int64(0), np.int64(0), np.int64(0), np.int64(0), np.int64(0), np.int64(0)]
2026-09-04 19:11:08,764 - INFO - hetero_proportion: 	4:3:3
2026-09-04 19:11:08,811 - INFO - Small evaluation profile: (0.4, 2, 2.120985)
2026-09-04 19:11:10,069 - INFO - Testing accuracy: 22.70
2026-09-04 19:11:10,069 - INFO - ********************************************************************************
2026-09-04 19:11:10,070 - INFO - Round  39
2026-09-04 19:11:15,600 - INFO - this epoch cost time:0.7199995517730713
2026-09-04 19:11:15,600 - INFO - this epoch choose: [1, 78, 85, 1, 11, 52, 14, 5, 24, 30]
2026-09-04 19:11:15,600 - INFO - this epoch dispatch models: [0 0 0 0 0 0 0 0 0 0]
2026-09-04 19:11:15,600 - INFO - this epoch received models: [np.int64(0), np.int64(0), np.int64(0), np.int64(0), np.int64(0), np.int64(0), np.int64(0), np.int64(0), np.int64(0), np.int64(0)]
2026-09-04 19:11:15,600 - INFO - hetero_proportion: 	4:3:3
2026-09-04 19:11:15,648 - INFO - Small evaluation profile: (0.4, 2, 2.120985)
2026-09-04 19:11:16,909 - INFO - Testing accuracy: 22.89
2026-09-04 19:11:16,910 - INFO - ********************************************************************************
2026-09-04 19:11:16,910 - INFO - Round  40
2026-09-04 19:11:22,979 - INFO - this epoch cost time:0.7379989624023438
2026-09-04 19:11:22,979 - INFO - this epoch choose: [75, 53, 20, 14, 57, 21, 87, 30, 20, 95]
2026-09-04 19:11:22,979 - INFO - this epoch dispatch models: [0 0 0 0 0 0 0 0 0 0]
2026-09-04 19:11:22,979 - INFO - this epoch received models: [np.int64(0), np.int64(0), np.int64(0), np.int64(0), np.int64(0), np.int64(0), np.int64(0), np.int64(0), np.int64(0), np.int64(0)]
2026-09-04 19:11:22,979 - INFO - hetero_proportion: 	4:3:3
2026-09-04 19:11:23,026 - INFO - Small evaluation profile: (0.4, 2, 2.120985)
2026-09-04 19:11:24,272 - INFO - Testing accuracy: 23.19
2026-09-04 19:11:24,272 - INFO - ********************************************************************************
2026-09-04 19:11:24,273 - INFO - Round  41
2026-09-04 19:11:30,442 - INFO - this epoch cost time:0.8049991130828857
2026-09-04 19:11:30,443 - INFO - this epoch choose: [13, 55, 48, 69, 37, 70, 32, 91, 61, 40]
2026-09-04 19:11:30,443 - INFO - this epoch dispatch models: [0 0 0 0 0 0 0 0 0 0]
2026-09-04 19:11:30,443 - INFO - this epoch received models: [np.int64(0), np.int64(0), np.int64(0), np.int64(0), np.int64(0), np.int64(0), np.int64(0), np.int64(0), np.int64(0), np.int64(0)]
2026-09-04 19:11:30,443 - INFO - hetero_proportion: 	4:3:3
2026-09-04 19:11:30,490 - INFO - Small evaluation profile: (0.4, 2, 2.120985)
2026-09-04 19:11:31,745 - INFO - Testing accuracy: 24.22
2026-09-04 19:11:31,746 - INFO - ********************************************************************************
2026-09-04 19:11:31,746 - INFO - Round  42
2026-09-04 19:11:37,631 - INFO - this epoch cost time:0.8760015964508057
2026-09-04 19:11:37,631 - INFO - this epoch choose: [12, 26, 83, 40, 5, 3, 1, 37, 92, 76]
2026-09-04 19:11:37,631 - INFO - this epoch dispatch models: [0 0 0 0 0 0 0 0 0 0]
2026-09-04 19:11:37,631 - INFO - this epoch received models: [np.int64(0), np.int64(0), np.int64(0), np.int64(0), np.int64(0), np.int64(0), np.int64(0), np.int64(0), np.int64(0), np.int64(0)]
2026-09-04 19:11:37,631 - INFO - hetero_proportion: 	4:3:3
2026-09-04 19:11:37,679 - INFO - Small evaluation profile: (0.4, 2, 2.120985)
2026-09-04 19:11:38,926 - INFO - Testing accuracy: 23.67
2026-09-04 19:11:38,926 - INFO - ********************************************************************************
2026-09-04 19:11:38,926 - INFO - Round  43
2026-09-04 19:11:44,762 - INFO - this epoch cost time:0.7050001621246338
2026-09-04 19:11:44,762 - INFO - this epoch choose: [40, 57, 50, 40, 51, 8, 8, 40, 76, 58]
2026-09-04 19:11:44,762 - INFO - this epoch dispatch models: [0 0 0 0 0 0 0 0 0 0]
2026-09-04 19:11:44,762 - INFO - this epoch received models: [np.int64(0), np.int64(0), np.int64(0), np.int64(0), np.int64(0), np.int64(0), np.int64(0), np.int64(0), np.int64(0), np.int64(0)]
2026-09-04 19:11:44,762 - INFO - hetero_proportion: 	4:3:3
2026-09-04 19:11:44,810 - INFO - Small evaluation profile: (0.4, 2, 2.120985)
2026-09-04 19:11:46,109 - INFO - Testing accuracy: 23.27
2026-09-04 19:11:46,109 - INFO - ********************************************************************************
2026-09-04 19:11:46,109 - INFO - Round  44
2026-09-04 19:11:51,875 - INFO - this epoch cost time:0.7970008850097656
2026-09-04 19:11:51,875 - INFO - this epoch choose: [14, 32, 27, 79, 99, 69, 88, 60, 84, 45]
2026-09-04 19:11:51,875 - INFO - this epoch dispatch models: [0 0 0 0 0 0 0 0 0 0]
2026-09-04 19:11:51,875 - INFO - this epoch received models: [np.int64(0), np.int64(0), np.int64(0), np.int64(0), np.int64(0), np.int64(0), np.int64(0), np.int64(0), np.int64(0), np.int64(0)]
2026-09-04 19:11:51,875 - INFO - hetero_proportion: 	4:3:3
2026-09-04 19:11:51,922 - INFO - Small evaluation profile: (0.4, 2, 2.120985)
2026-09-04 19:11:53,161 - INFO - Testing accuracy: 24.62
2026-09-04 19:11:53,162 - INFO - ********************************************************************************
2026-09-04 19:11:53,162 - INFO - Round  45
2026-09-04 19:11:58,931 - INFO - this epoch cost time:0.7930009365081787
2026-09-04 19:11:58,931 - INFO - this epoch choose: [33, 23, 69, 26, 39, 25, 31, 46, 10, 35]
2026-09-04 19:11:58,931 - INFO - this epoch dispatch models: [0 0 0 0 0 0 0 0 0 0]
2026-09-04 19:11:58,931 - INFO - this epoch received models: [np.int64(0), np.int64(0), np.int64(0), np.int64(0), np.int64(0), np.int64(0), np.int64(0), np.int64(0), np.int64(0), np.int64(0)]
2026-09-04 19:11:58,931 - INFO - hetero_proportion: 	4:3:3
2026-09-04 19:11:58,979 - INFO - Small evaluation profile: (0.4, 2, 2.120985)
2026-09-04 19:12:00,222 - INFO - Testing accuracy: 25.01
2026-09-04 19:12:00,222 - INFO - ********************************************************************************
2026-09-04 19:12:00,222 - INFO - Round  46
2026-09-04 19:12:06,662 - INFO - this epoch cost time:0.9079995155334473
2026-09-04 19:12:06,662 - INFO - this epoch choose: [11, 96, 57, 11, 83, 73, 82, 43, 29, 49]
2026-09-04 19:12:06,662 - INFO - this epoch dispatch models: [0 0 0 0 0 0 0 0 0 0]
2026-09-04 19:12:06,662 - INFO - this epoch received models: [np.int64(0), np.int64(0), np.int64(0), np.int64(0), np.int64(0), np.int64(0), np.int64(0), np.int64(0), np.int64(0), np.int64(0)]
2026-09-04 19:12:06,662 - INFO - hetero_proportion: 	4:3:3
2026-09-04 19:12:06,709 - INFO - Small evaluation profile: (0.4, 2, 2.120985)
2026-09-04 19:12:07,972 - INFO - Testing accuracy: 24.69
2026-09-04 19:12:07,972 - INFO - ********************************************************************************
2026-09-04 19:12:07,972 - INFO - Round  47
2026-09-04 19:12:13,782 - INFO - this epoch cost time:0.7219996452331543
2026-09-04 19:12:13,782 - INFO - this epoch choose: [39, 5, 41, 23, 40, 74, 38, 31, 42, 12]
2026-09-04 19:12:13,782 - INFO - this epoch dispatch models: [0 0 0 0 0 0 0 0 0 0]
2026-09-04 19:12:13,782 - INFO - this epoch received models: [np.int64(0), np.int64(0), np.int64(0), np.int64(0), np.int64(0), np.int64(0), np.int64(0), np.int64(0), np.int64(0), np.int64(0)]
2026-09-04 19:12:13,782 - INFO - hetero_proportion: 	4:3:3
2026-09-04 19:12:13,828 - INFO - Small evaluation profile: (0.4, 2, 2.120985)
2026-09-04 19:12:15,066 - INFO - Testing accuracy: 25.38
2026-09-04 19:12:15,067 - INFO - ********************************************************************************
2026-09-04 19:12:15,067 - INFO - Round  48
2026-09-04 19:12:20,818 - INFO - this epoch cost time:0.7950000762939453
2026-09-04 19:12:20,818 - INFO - this epoch choose: [69, 78, 74, 76, 11, 31, 28, 2, 31, 51]
2026-09-04 19:12:20,818 - INFO - this epoch dispatch models: [0 0 0 0 0 0 0 0 0 0]
2026-09-04 19:12:20,818 - INFO - this epoch received models: [np.int64(0), np.int64(0), np.int64(0), np.int64(0), np.int64(0), np.int64(0), np.int64(0), np.int64(0), np.int64(0), np.int64(0)]
2026-09-04 19:12:20,818 - INFO - hetero_proportion: 	4:3:3
2026-09-04 19:12:20,865 - INFO - Small evaluation profile: (0.4, 2, 2.120985)
2026-09-04 19:12:22,116 - INFO - Testing accuracy: 25.24
2026-09-04 19:12:22,117 - INFO - ********************************************************************************
2026-09-04 19:12:22,117 - INFO - Round  49
2026-09-04 19:12:27,826 - INFO - this epoch cost time:0.7609999179840088
2026-09-04 19:12:27,826 - INFO - this epoch choose: [9, 34, 70, 9, 93, 9, 2, 81, 1, 37]
2026-09-04 19:12:27,826 - INFO - this epoch dispatch models: [0 0 0 0 0 0 0 0 0 0]
2026-09-04 19:12:27,826 - INFO - this epoch received models: [np.int64(0), np.int64(0), np.int64(0), np.int64(0), np.int64(0), np.int64(0), np.int64(0), np.int64(0), np.int64(0), np.int64(0)]
2026-09-04 19:12:27,826 - INFO - hetero_proportion: 	4:3:3
2026-09-04 19:12:27,872 - INFO - Small evaluation profile: (0.4, 2, 2.120985)
2026-09-04 19:12:29,112 - INFO - Testing accuracy: 24.39
2026-09-04 19:12:29,113 - INFO - ********************************************************************************
2026-09-04 19:12:29,113 - INFO - Round  50
2026-09-04 19:12:34,953 - INFO - this epoch cost time:0.708000898361206
2026-09-04 19:12:34,953 - INFO - this epoch choose: [96, 45, 63, 60, 19, 12, 64, 99, 41, 9]
2026-09-04 19:12:34,953 - INFO - this epoch dispatch models: [0 0 0 0 0 0 0 0 0 0]
2026-09-04 19:12:34,953 - INFO - this epoch received models: [np.int64(0), np.int64(0), np.int64(0), np.int64(0), np.int64(0), np.int64(0), np.int64(0), np.int64(0), np.int64(0), np.int64(0)]
2026-09-04 19:12:34,953 - INFO - hetero_proportion: 	4:3:3
2026-09-04 19:12:35,000 - INFO - Small evaluation profile: (0.4, 2, 2.120985)
2026-09-04 19:12:36,242 - INFO - Testing accuracy: 25.78
2026-09-04 19:12:36,242 - INFO - ********************************************************************************
2026-09-04 19:12:36,242 - INFO - Round  51
2026-09-04 19:12:41,932 - INFO - this epoch cost time:0.6400003433227539
2026-09-04 19:12:41,932 - INFO - this epoch choose: [65, 85, 22, 22, 99, 19, 18, 40, 39, 13]
2026-09-04 19:12:41,932 - INFO - this epoch dispatch models: [0 0 0 0 0 0 0 0 0 0]
2026-09-04 19:12:41,932 - INFO - this epoch received models: [np.int64(0), np.int64(0), np.int64(0), np.int64(0), np.int64(0), np.int64(0), np.int64(0), np.int64(0), np.int64(0), np.int64(0)]
2026-09-04 19:12:41,932 - INFO - hetero_proportion: 	4:3:3
2026-09-04 19:12:41,980 - INFO - Small evaluation profile: (0.4, 2, 2.120985)
2026-09-04 19:12:43,204 - INFO - Testing accuracy: 26.25
2026-09-04 19:12:43,205 - INFO - ********************************************************************************
2026-09-04 19:12:43,205 - INFO - Round  52
2026-09-04 19:12:48,750 - INFO - this epoch cost time:0.7740001678466797
2026-09-04 19:12:48,750 - INFO - this epoch choose: [90, 65, 77, 37, 16, 26, 18, 69, 92, 4]
2026-09-04 19:12:48,750 - INFO - this epoch dispatch models: [0 0 0 0 0 0 0 0 0 0]
2026-09-04 19:12:48,750 - INFO - this epoch received models: [np.int64(0), np.int64(0), np.int64(0), np.int64(0), np.int64(0), np.int64(0), np.int64(0), np.int64(0), np.int64(0), np.int64(0)]
2026-09-04 19:12:48,750 - INFO - hetero_proportion: 	4:3:3
2026-09-04 19:12:48,797 - INFO - Small evaluation profile: (0.4, 2, 2.120985)
2026-09-04 19:12:50,067 - INFO - Testing accuracy: 26.23
2026-09-04 19:12:50,067 - INFO - ********************************************************************************
2026-09-04 19:12:50,067 - INFO - Round  53
2026-09-04 19:12:55,627 - INFO - this epoch cost time:0.7199993133544922
2026-09-04 19:12:55,627 - INFO - this epoch choose: [99, 40, 79, 86, 70, 95, 88, 26, 22, 38]
2026-09-04 19:12:55,627 - INFO - this epoch dispatch models: [0 0 0 0 0 0 0 0 0 0]
2026-09-04 19:12:55,627 - INFO - this epoch received models: [np.int64(0), np.int64(0), np.int64(0), np.int64(0), np.int64(0), np.int64(0), np.int64(0), np.int64(0), np.int64(0), np.int64(0)]
2026-09-04 19:12:55,627 - INFO - hetero_proportion: 	4:3:3
2026-09-04 19:12:55,673 - INFO - Small evaluation profile: (0.4, 2, 2.120985)
2026-09-04 19:12:56,910 - INFO - Testing accuracy: 26.23
2026-09-04 19:12:56,911 - INFO - ********************************************************************************
2026-09-04 19:12:56,911 - INFO - Round  54
2026-09-04 19:13:02,515 - INFO - this epoch cost time:0.6870005130767822
2026-09-04 19:13:02,515 - INFO - this epoch choose: [55, 68, 20, 6, 91, 85, 31, 32, 99, 8]
2026-09-04 19:13:02,515 - INFO - this epoch dispatch models: [0 0 0 0 0 0 0 0 0 0]
2026-09-04 19:13:02,515 - INFO - this epoch received models: [np.int64(0), np.int64(0), np.int64(0), np.int64(0), np.int64(0), np.int64(0), np.int64(0), np.int64(0), np.int64(0), np.int64(0)]
2026-09-04 19:13:02,515 - INFO - hetero_proportion: 	4:3:3
2026-09-04 19:13:02,562 - INFO - Small evaluation profile: (0.4, 2, 2.120985)
2026-09-04 19:13:03,811 - INFO - Testing accuracy: 26.55
2026-09-04 19:13:03,812 - INFO - ********************************************************************************
2026-09-04 19:13:03,812 - INFO - Round  55
2026-09-04 19:13:09,839 - INFO - this epoch cost time:0.7630012035369873
2026-09-04 19:13:09,839 - INFO - this epoch choose: [87, 57, 55, 70, 32, 69, 56, 68, 58, 1]
2026-09-04 19:13:09,839 - INFO - this epoch dispatch models: [0 0 0 0 0 0 0 0 0 0]
2026-09-04 19:13:09,839 - INFO - this epoch received models: [np.int64(0), np.int64(0), np.int64(0), np.int64(0), np.int64(0), np.int64(0), np.int64(0), np.int64(0), np.int64(0), np.int64(0)]
2026-09-04 19:13:09,839 - INFO - hetero_proportion: 	4:3:3
2026-09-04 19:13:09,885 - INFO - Small evaluation profile: (0.4, 2, 2.120985)
2026-09-04 19:13:11,170 - INFO - Testing accuracy: 25.74
2026-09-04 19:13:11,170 - INFO - ********************************************************************************
2026-09-04 19:13:11,170 - INFO - Round  56
2026-09-04 19:13:16,759 - INFO - this epoch cost time:0.7019989490509033
2026-09-04 19:13:16,759 - INFO - this epoch choose: [50, 43, 21, 33, 62, 3, 82, 53, 73, 2]
2026-09-04 19:13:16,759 - INFO - this epoch dispatch models: [0 0 0 0 0 0 0 0 0 0]
2026-09-04 19:13:16,759 - INFO - this epoch received models: [np.int64(0), np.int64(0), np.int64(0), np.int64(0), np.int64(0), np.int64(0), np.int64(0), np.int64(0), np.int64(0), np.int64(0)]
2026-09-04 19:13:16,759 - INFO - hetero_proportion: 	4:3:3
2026-09-04 19:13:16,804 - INFO - Small evaluation profile: (0.4, 2, 2.120985)
2026-09-04 19:13:18,076 - INFO - Testing accuracy: 26.48
2026-09-04 19:13:18,076 - INFO - ********************************************************************************
2026-09-04 19:13:18,076 - INFO - Round  57
2026-09-04 19:13:23,699 - INFO - this epoch cost time:0.732999324798584
2026-09-04 19:13:23,699 - INFO - this epoch choose: [7, 88, 45, 74, 17, 75, 16, 17, 33, 35]
2026-09-04 19:13:23,700 - INFO - this epoch dispatch models: [0 0 0 0 0 0 0 0 0 0]
2026-09-04 19:13:23,700 - INFO - this epoch received models: [np.int64(0), np.int64(0), np.int64(0), np.int64(0), np.int64(0), np.int64(0), np.int64(0), np.int64(0), np.int64(0), np.int64(0)]
2026-09-04 19:13:23,700 - INFO - hetero_proportion: 	4:3:3
2026-09-04 19:13:23,747 - INFO - Small evaluation profile: (0.4, 2, 2.120985)
2026-09-04 19:13:24,999 - INFO - Testing accuracy: 27.38
2026-09-04 19:13:24,999 - INFO - ********************************************************************************
2026-09-04 19:13:24,999 - INFO - Round  58
2026-09-04 19:13:30,415 - INFO - this epoch cost time:0.7369992733001709
2026-09-04 19:13:30,415 - INFO - this epoch choose: [50, 72, 51, 22, 78, 11, 29, 62, 0, 22]
2026-09-04 19:13:30,415 - INFO - this epoch dispatch models: [0 0 0 0 0 0 0 0 0 0]
2026-09-04 19:13:30,415 - INFO - this epoch received models: [np.int64(0), np.int64(0), np.int64(0), np.int64(0), np.int64(0), np.int64(0), np.int64(0), np.int64(0), np.int64(0), np.int64(0)]
2026-09-04 19:13:30,415 - INFO - hetero_proportion: 	4:3:3
2026-09-04 19:13:30,462 - INFO - Small evaluation profile: (0.4, 2, 2.120985)
2026-09-04 19:13:31,720 - INFO - Testing accuracy: 26.55
2026-09-04 19:13:31,721 - INFO - ********************************************************************************
2026-09-04 19:13:31,721 - INFO - Round  59
2026-09-04 19:13:37,349 - INFO - this epoch cost time:0.9230690002441406
2026-09-04 19:13:37,349 - INFO - this epoch choose: [67, 40, 64, 83, 56, 87, 81, 93, 28, 30]
2026-09-04 19:13:37,349 - INFO - this epoch dispatch models: [0 0 0 0 0 0 0 0 0 0]
2026-09-04 19:13:37,349 - INFO - this epoch received models: [np.int64(0), np.int64(0), np.int64(0), np.int64(0), np.int64(0), np.int64(0), np.int64(0), np.int64(0), np.int64(0), np.int64(0)]
2026-09-04 19:13:37,349 - INFO - hetero_proportion: 	4:3:3
2026-09-04 19:13:37,395 - INFO - Small evaluation profile: (0.4, 2, 2.120985)
2026-09-04 19:13:38,634 - INFO - Testing accuracy: 27.20
2026-09-04 19:13:38,634 - INFO - ********************************************************************************
2026-09-04 19:13:38,634 - INFO - Round  60
2026-09-04 19:13:43,856 - INFO - this epoch cost time:0.6120004653930664
2026-09-04 19:13:43,856 - INFO - this epoch choose: [40, 63, 87, 61, 28, 91, 52, 43, 71, 78]
2026-09-04 19:13:43,856 - INFO - this epoch dispatch models: [0 0 0 0 0 0 0 0 0 0]
2026-09-04 19:13:43,856 - INFO - this epoch received models: [np.int64(0), np.int64(0), np.int64(0), np.int64(0), np.int64(0), np.int64(0), np.int64(0), np.int64(0), np.int64(0), np.int64(0)]
2026-09-04 19:13:43,856 - INFO - hetero_proportion: 	4:3:3
2026-09-04 19:13:43,902 - INFO - Small evaluation profile: (0.4, 2, 2.120985)
2026-09-04 19:13:45,155 - INFO - Testing accuracy: 26.73
2026-09-04 19:13:45,156 - INFO - ********************************************************************************
2026-09-04 19:13:45,156 - INFO - Round  61
2026-09-04 19:13:50,574 - INFO - this epoch cost time:0.879000186920166
2026-09-04 19:13:50,574 - INFO - this epoch choose: [93, 83, 35, 82, 28, 6, 9, 97, 65, 82]
2026-09-04 19:13:50,574 - INFO - this epoch dispatch models: [0 0 0 0 0 0 0 0 0 0]
2026-09-04 19:13:50,574 - INFO - this epoch received models: [np.int64(0), np.int64(0), np.int64(0), np.int64(0), np.int64(0), np.int64(0), np.int64(0), np.int64(0), np.int64(0), np.int64(0)]
2026-09-04 19:13:50,574 - INFO - hetero_proportion: 	4:3:3
2026-09-04 19:13:50,621 - INFO - Small evaluation profile: (0.4, 2, 2.120985)
2026-09-04 19:13:51,889 - INFO - Testing accuracy: 27.04
2026-09-04 19:13:51,890 - INFO - ********************************************************************************
2026-09-04 19:13:51,890 - INFO - Round  62
2026-09-04 19:13:57,222 - INFO - this epoch cost time:0.6980013847351074
2026-09-04 19:13:57,222 - INFO - this epoch choose: [47, 20, 65, 98, 26, 39, 38, 88, 38, 70]
2026-09-04 19:13:57,222 - INFO - this epoch dispatch models: [0 0 0 0 0 0 0 0 0 0]
2026-09-04 19:13:57,222 - INFO - this epoch received models: [np.int64(0), np.int64(0), np.int64(0), np.int64(0), np.int64(0), np.int64(0), np.int64(0), np.int64(0), np.int64(0), np.int64(0)]
2026-09-04 19:13:57,222 - INFO - hetero_proportion: 	4:3:3
2026-09-04 19:13:57,268 - INFO - Small evaluation profile: (0.4, 2, 2.120985)
2026-09-04 19:13:58,509 - INFO - Testing accuracy: 26.50
2026-09-04 19:13:58,509 - INFO - ********************************************************************************
2026-09-04 19:13:58,509 - INFO - Round  63
2026-09-04 19:14:03,544 - INFO - this epoch cost time:0.5860013961791992
2026-09-04 19:14:03,544 - INFO - this epoch choose: [47, 21, 89, 89, 94, 59, 76, 10, 15, 77]
2026-09-04 19:14:03,544 - INFO - this epoch dispatch models: [0 0 0 0 0 0 0 0 0 0]
2026-09-04 19:14:03,544 - INFO - this epoch received models: [np.int64(0), np.int64(0), np.int64(0), np.int64(0), np.int64(0), np.int64(0), np.int64(0), np.int64(0), np.int64(0), np.int64(0)]
2026-09-04 19:14:03,544 - INFO - hetero_proportion: 	4:3:3
2026-09-04 19:14:03,619 - INFO - Small evaluation profile: (0.4, 2, 2.120985)
2026-09-04 19:14:04,820 - INFO - Testing accuracy: 27.72
2026-09-04 19:14:04,821 - INFO - ********************************************************************************
2026-09-04 19:14:04,821 - INFO - Round  64
2026-09-04 19:14:10,267 - INFO - this epoch cost time:0.7019999027252197
2026-09-04 19:14:10,267 - INFO - this epoch choose: [65, 73, 48, 22, 19, 32, 54, 27, 72, 92]
2026-09-04 19:14:10,267 - INFO - this epoch dispatch models: [0 0 0 0 0 0 0 0 0 0]
2026-09-04 19:14:10,268 - INFO - this epoch received models: [np.int64(0), np.int64(0), np.int64(0), np.int64(0), np.int64(0), np.int64(0), np.int64(0), np.int64(0), np.int64(0), np.int64(0)]
2026-09-04 19:14:10,268 - INFO - hetero_proportion: 	4:3:3
2026-09-04 19:14:10,314 - INFO - Small evaluation profile: (0.4, 2, 2.120985)
2026-09-04 19:14:11,575 - INFO - Testing accuracy: 27.84
2026-09-04 19:14:11,575 - INFO - ********************************************************************************
2026-09-04 19:14:11,576 - INFO - Round  65
2026-09-04 19:14:16,949 - INFO - this epoch cost time:0.7876403331756592
2026-09-04 19:14:16,949 - INFO - this epoch choose: [96, 6, 63, 87, 50, 91, 81, 44, 49, 65]
2026-09-04 19:14:16,949 - INFO - this epoch dispatch models: [0 0 0 0 0 0 0 0 0 0]
2026-09-04 19:14:16,949 - INFO - this epoch received models: [np.int64(0), np.int64(0), np.int64(0), np.int64(0), np.int64(0), np.int64(0), np.int64(0), np.int64(0), np.int64(0), np.int64(0)]
2026-09-04 19:14:16,949 - INFO - hetero_proportion: 	4:3:3
2026-09-04 19:14:16,995 - INFO - Small evaluation profile: (0.4, 2, 2.120985)
2026-09-04 19:14:18,257 - INFO - Testing accuracy: 28.28
2026-09-04 19:14:18,257 - INFO - ********************************************************************************
2026-09-04 19:14:18,257 - INFO - Round  66
2026-09-04 19:14:24,053 - INFO - this epoch cost time:0.7959995269775391
2026-09-04 19:14:24,053 - INFO - this epoch choose: [21, 69, 93, 5, 67, 11, 32, 80, 12, 34]
2026-09-04 19:14:24,053 - INFO - this epoch dispatch models: [0 0 0 0 0 0 0 0 0 0]
2026-09-04 19:14:24,053 - INFO - this epoch received models: [np.int64(0), np.int64(0), np.int64(0), np.int64(0), np.int64(0), np.int64(0), np.int64(0), np.int64(0), np.int64(0), np.int64(0)]
2026-09-04 19:14:24,053 - INFO - hetero_proportion: 	4:3:3
2026-09-04 19:14:24,100 - INFO - Small evaluation profile: (0.4, 2, 2.120985)
2026-09-04 19:14:25,353 - INFO - Testing accuracy: 28.23
2026-09-04 19:14:25,353 - INFO - ********************************************************************************
2026-09-04 19:14:25,353 - INFO - Round  67
2026-09-04 19:14:30,374 - INFO - this epoch cost time:0.6199173927307129
2026-09-04 19:14:30,374 - INFO - this epoch choose: [94, 10, 17, 99, 78, 84, 87, 89, 10, 56]
2026-09-04 19:14:30,374 - INFO - this epoch dispatch models: [0 0 0 0 0 0 0 0 0 0]
2026-09-04 19:14:30,374 - INFO - this epoch received models: [np.int64(0), np.int64(0), np.int64(0), np.int64(0), np.int64(0), np.int64(0), np.int64(0), np.int64(0), np.int64(0), np.int64(0)]
2026-09-04 19:14:30,374 - INFO - hetero_proportion: 	4:3:3
2026-09-04 19:14:30,425 - INFO - Small evaluation profile: (0.4, 2, 2.120985)
2026-09-04 19:14:31,641 - INFO - Testing accuracy: 27.84
2026-09-04 19:14:31,641 - INFO - ********************************************************************************
2026-09-04 19:14:31,641 - INFO - Round  68
2026-09-04 19:14:37,480 - INFO - this epoch cost time:0.7370002269744873
2026-09-04 19:14:37,480 - INFO - this epoch choose: [30, 48, 55, 50, 21, 41, 56, 16, 79, 62]
2026-09-04 19:14:37,481 - INFO - this epoch dispatch models: [0 0 0 0 0 0 0 0 0 0]
2026-09-04 19:14:37,481 - INFO - this epoch received models: [np.int64(0), np.int64(0), np.int64(0), np.int64(0), np.int64(0), np.int64(0), np.int64(0), np.int64(0), np.int64(0), np.int64(0)]
2026-09-04 19:14:37,481 - INFO - hetero_proportion: 	4:3:3
2026-09-04 19:14:37,574 - INFO - Small evaluation profile: (0.4, 2, 2.120985)
2026-09-04 19:14:38,792 - INFO - Testing accuracy: 27.78
2026-09-04 19:14:38,793 - INFO - ********************************************************************************
2026-09-04 19:14:38,793 - INFO - Round  69
2026-09-04 19:14:44,065 - INFO - this epoch cost time:0.645026683807373
2026-09-04 19:14:44,065 - INFO - this epoch choose: [27, 15, 55, 76, 68, 52, 15, 84, 37, 35]
2026-09-04 19:14:44,065 - INFO - this epoch dispatch models: [0 0 0 0 0 0 0 0 0 0]
2026-09-04 19:14:44,065 - INFO - this epoch received models: [np.int64(0), np.int64(0), np.int64(0), np.int64(0), np.int64(0), np.int64(0), np.int64(0), np.int64(0), np.int64(0), np.int64(0)]
2026-09-04 19:14:44,065 - INFO - hetero_proportion: 	4:3:3
2026-09-04 19:14:44,113 - INFO - Small evaluation profile: (0.4, 2, 2.120985)
2026-09-04 19:14:45,381 - INFO - Testing accuracy: 27.48
2026-09-04 19:14:45,381 - INFO - ********************************************************************************
2026-09-04 19:14:45,381 - INFO - Round  70
2026-09-04 19:14:51,181 - INFO - this epoch cost time:0.744997501373291
2026-09-04 19:14:51,181 - INFO - this epoch choose: [31, 48, 95, 71, 0, 24, 67, 56, 74, 2]
2026-09-04 19:14:51,181 - INFO - this epoch dispatch models: [0 0 0 0 0 0 0 0 0 0]
2026-09-04 19:14:51,181 - INFO - this epoch received models: [np.int64(0), np.int64(0), np.int64(0), np.int64(0), np.int64(0), np.int64(0), np.int64(0), np.int64(0), np.int64(0), np.int64(0)]
2026-09-04 19:14:51,181 - INFO - hetero_proportion: 	4:3:3
2026-09-04 19:14:51,228 - INFO - Small evaluation profile: (0.4, 2, 2.120985)
2026-09-04 19:14:52,457 - INFO - Testing accuracy: 28.93
2026-09-04 19:14:52,458 - INFO - ********************************************************************************
2026-09-04 19:14:52,458 - INFO - Round  71
2026-09-04 19:14:58,332 - INFO - this epoch cost time:0.7919995784759521
2026-09-04 19:14:58,332 - INFO - this epoch choose: [3, 80, 77, 31, 33, 26, 22, 36, 18, 69]
2026-09-04 19:14:58,332 - INFO - this epoch dispatch models: [0 0 0 0 0 0 0 0 0 0]
2026-09-04 19:14:58,332 - INFO - this epoch received models: [np.int64(0), np.int64(0), np.int64(0), np.int64(0), np.int64(0), np.int64(0), np.int64(0), np.int64(0), np.int64(0), np.int64(0)]
2026-09-04 19:14:58,332 - INFO - hetero_proportion: 	4:3:3
2026-09-04 19:14:58,380 - INFO - Small evaluation profile: (0.4, 2, 2.120985)
2026-09-04 19:14:59,597 - INFO - Testing accuracy: 29.26
2026-09-04 19:14:59,598 - INFO - ********************************************************************************
2026-09-04 19:14:59,598 - INFO - Round  72
2026-09-04 19:15:05,514 - INFO - this epoch cost time:0.7710006237030029
2026-09-04 19:15:05,514 - INFO - this epoch choose: [25, 34, 39, 74, 96, 32, 87, 57, 21, 69]
2026-09-04 19:15:05,514 - INFO - this epoch dispatch models: [0 0 0 0 0 0 0 0 0 0]
2026-09-04 19:15:05,514 - INFO - this epoch received models: [np.int64(0), np.int64(0), np.int64(0), np.int64(0), np.int64(0), np.int64(0), np.int64(0), np.int64(0), np.int64(0), np.int64(0)]
2026-09-04 19:15:05,514 - INFO - hetero_proportion: 	4:3:3
2026-09-04 19:15:05,561 - INFO - Small evaluation profile: (0.4, 2, 2.120985)
2026-09-04 19:15:06,772 - INFO - Testing accuracy: 28.38
2026-09-04 19:15:06,773 - INFO - ********************************************************************************
2026-09-04 19:15:06,773 - INFO - Round  73
2026-09-04 19:15:12,495 - INFO - this epoch cost time:0.7099065780639648
2026-09-04 19:15:12,496 - INFO - this epoch choose: [45, 62, 53, 15, 98, 26, 73, 49, 26, 36]
2026-09-04 19:15:12,496 - INFO - this epoch dispatch models: [0 0 0 0 0 0 0 0 0 0]
2026-09-04 19:15:12,496 - INFO - this epoch received models: [np.int64(0), np.int64(0), np.int64(0), np.int64(0), np.int64(0), np.int64(0), np.int64(0), np.int64(0), np.int64(0), np.int64(0)]
2026-09-04 19:15:12,496 - INFO - hetero_proportion: 	4:3:3
2026-09-04 19:15:12,541 - INFO - Small evaluation profile: (0.4, 2, 2.120985)
2026-09-04 19:15:13,740 - INFO - Testing accuracy: 28.41
2026-09-04 19:15:13,740 - INFO - ********************************************************************************
2026-09-04 19:15:13,740 - INFO - Round  74
2026-09-04 19:15:19,206 - INFO - this epoch cost time:0.7850193977355957
2026-09-04 19:15:19,206 - INFO - this epoch choose: [13, 3, 15, 72, 95, 1, 69, 37, 86, 97]
2026-09-04 19:15:19,206 - INFO - this epoch dispatch models: [0 0 0 0 0 0 0 0 0 0]
2026-09-04 19:15:19,206 - INFO - this epoch received models: [np.int64(0), np.int64(0), np.int64(0), np.int64(0), np.int64(0), np.int64(0), np.int64(0), np.int64(0), np.int64(0), np.int64(0)]
2026-09-04 19:15:19,206 - INFO - hetero_proportion: 	4:3:3
2026-09-04 19:15:19,253 - INFO - Small evaluation profile: (0.4, 2, 2.120985)
2026-09-04 19:15:20,505 - INFO - Testing accuracy: 28.63
2026-09-04 19:15:20,506 - INFO - ********************************************************************************
2026-09-04 19:15:20,506 - INFO - Round  75
2026-09-04 19:15:26,226 - INFO - this epoch cost time:0.9090006351470947
2026-09-04 19:15:26,226 - INFO - this epoch choose: [92, 83, 17, 9, 64, 47, 73, 39, 55, 64]
2026-09-04 19:15:26,226 - INFO - this epoch dispatch models: [0 0 0 0 0 0 0 0 0 0]
2026-09-04 19:15:26,226 - INFO - this epoch received models: [np.int64(0), np.int64(0), np.int64(0), np.int64(0), np.int64(0), np.int64(0), np.int64(0), np.int64(0), np.int64(0), np.int64(0)]
2026-09-04 19:15:26,226 - INFO - hetero_proportion: 	4:3:3
2026-09-04 19:15:26,272 - INFO - Small evaluation profile: (0.4, 2, 2.120985)
2026-09-04 19:15:27,505 - INFO - Testing accuracy: 28.58
2026-09-04 19:15:27,505 - INFO - ********************************************************************************
2026-09-04 19:15:27,505 - INFO - Round  76
2026-09-04 19:15:33,505 - INFO - this epoch cost time:0.7410001754760742
2026-09-04 19:15:33,505 - INFO - this epoch choose: [86, 45, 97, 67, 41, 0, 15, 56, 91, 57]
2026-09-04 19:15:33,505 - INFO - this epoch dispatch models: [0 0 0 0 0 0 0 0 0 0]
2026-09-04 19:15:33,505 - INFO - this epoch received models: [np.int64(0), np.int64(0), np.int64(0), np.int64(0), np.int64(0), np.int64(0), np.int64(0), np.int64(0), np.int64(0), np.int64(0)]
2026-09-04 19:15:33,505 - INFO - hetero_proportion: 	4:3:3
2026-09-04 19:15:33,553 - INFO - Small evaluation profile: (0.4, 2, 2.120985)
2026-09-04 19:15:34,766 - INFO - Testing accuracy: 28.53
2026-09-04 19:15:34,767 - INFO - ********************************************************************************
2026-09-04 19:15:34,767 - INFO - Round  77
2026-09-04 19:15:40,255 - INFO - this epoch cost time:0.7566525936126709
2026-09-04 19:15:40,255 - INFO - this epoch choose: [44, 39, 69, 51, 43, 93, 87, 73, 63, 14]
2026-09-04 19:15:40,255 - INFO - this epoch dispatch models: [0 0 0 0 0 0 0 0 0 0]
2026-09-04 19:15:40,255 - INFO - this epoch received models: [np.int64(0), np.int64(0), np.int64(0), np.int64(0), np.int64(0), np.int64(0), np.int64(0), np.int64(0), np.int64(0), np.int64(0)]
2026-09-04 19:15:40,255 - INFO - hetero_proportion: 	4:3:3
2026-09-04 19:15:40,302 - INFO - Small evaluation profile: (0.4, 2, 2.120985)
2026-09-04 19:15:41,531 - INFO - Testing accuracy: 28.83
2026-09-04 19:15:41,531 - INFO - ********************************************************************************
2026-09-04 19:15:41,531 - INFO - Round  78
2026-09-04 19:15:47,637 - INFO - this epoch cost time:0.8029987812042236
2026-09-04 19:15:47,637 - INFO - this epoch choose: [82, 48, 48, 26, 71, 0, 35, 81, 76, 92]
2026-09-04 19:15:47,637 - INFO - this epoch dispatch models: [0 0 0 0 0 0 0 0 0 0]
2026-09-04 19:15:47,637 - INFO - this epoch received models: [np.int64(0), np.int64(0), np.int64(0), np.int64(0), np.int64(0), np.int64(0), np.int64(0), np.int64(0), np.int64(0), np.int64(0)]
2026-09-04 19:15:47,637 - INFO - hetero_proportion: 	4:3:3
2026-09-04 19:15:47,725 - INFO - Small evaluation profile: (0.4, 2, 2.120985)
2026-09-04 19:15:48,950 - INFO - Testing accuracy: 28.18
2026-09-04 19:15:48,950 - INFO - ********************************************************************************
2026-09-04 19:15:48,950 - INFO - Round  79
2026-09-04 19:15:54,318 - INFO - this epoch cost time:0.7089996337890625
2026-09-04 19:15:54,319 - INFO - this epoch choose: [94, 93, 65, 25, 59, 76, 66, 52, 95, 91]
2026-09-04 19:15:54,319 - INFO - this epoch dispatch models: [0 0 0 0 0 0 0 0 0 0]
2026-09-04 19:15:54,319 - INFO - this epoch received models: [np.int64(0), np.int64(0), np.int64(0), np.int64(0), np.int64(0), np.int64(0), np.int64(0), np.int64(0), np.int64(0), np.int64(0)]
2026-09-04 19:15:54,319 - INFO - hetero_proportion: 	4:3:3
2026-09-04 19:15:54,373 - INFO - Small evaluation profile: (0.4, 2, 2.120985)
2026-09-04 19:15:55,808 - INFO - Testing accuracy: 29.28
2026-09-04 19:15:55,809 - INFO - ********************************************************************************
2026-09-04 19:15:55,809 - INFO - Round  80
2026-09-04 19:16:02,083 - INFO - this epoch cost time:0.8370015621185303
2026-09-04 19:16:02,084 - INFO - this epoch choose: [39, 89, 21, 57, 79, 85, 67, 25, 46, 67]
2026-09-04 19:16:02,084 - INFO - this epoch dispatch models: [0 0 0 0 0 0 0 0 0 0]
2026-09-04 19:16:02,084 - INFO - this epoch received models: [np.int64(0), np.int64(0), np.int64(0), np.int64(0), np.int64(0), np.int64(0), np.int64(0), np.int64(0), np.int64(0), np.int64(0)]
2026-09-04 19:16:02,084 - INFO - hetero_proportion: 	4:3:3
2026-09-04 19:16:02,132 - INFO - Small evaluation profile: (0.4, 2, 2.120985)
2026-09-04 19:16:03,335 - INFO - Testing accuracy: 29.31
2026-09-04 19:16:03,335 - INFO - ********************************************************************************
2026-09-04 19:16:03,335 - INFO - Round  81
2026-09-04 19:16:09,471 - INFO - this epoch cost time:0.7029998302459717
2026-09-04 19:16:09,471 - INFO - this epoch choose: [0, 86, 49, 74, 54, 51, 43, 79, 74, 93]
2026-09-04 19:16:09,471 - INFO - this epoch dispatch models: [0 0 0 0 0 0 0 0 0 0]
2026-09-04 19:16:09,471 - INFO - this epoch received models: [np.int64(0), np.int64(0), np.int64(0), np.int64(0), np.int64(0), np.int64(0), np.int64(0), np.int64(0), np.int64(0), np.int64(0)]
2026-09-04 19:16:09,471 - INFO - hetero_proportion: 	4:3:3
2026-09-04 19:16:09,518 - INFO - Small evaluation profile: (0.4, 2, 2.120985)
2026-09-04 19:16:10,728 - INFO - Testing accuracy: 29.16
2026-09-04 19:16:10,729 - INFO - ********************************************************************************
2026-09-04 19:16:10,729 - INFO - Round  82
2026-09-04 19:16:16,604 - INFO - this epoch cost time:0.8870072364807129
2026-09-04 19:16:16,604 - INFO - this epoch choose: [89, 95, 8, 63, 95, 31, 81, 83, 37, 80]
2026-09-04 19:16:16,604 - INFO - this epoch dispatch models: [0 0 0 0 0 0 0 0 0 0]
2026-09-04 19:16:16,604 - INFO - this epoch received models: [np.int64(0), np.int64(0), np.int64(0), np.int64(0), np.int64(0), np.int64(0), np.int64(0), np.int64(0), np.int64(0), np.int64(0)]
2026-09-04 19:16:16,604 - INFO - hetero_proportion: 	4:3:3
2026-09-04 19:16:16,651 - INFO - Small evaluation profile: (0.4, 2, 2.120985)
2026-09-04 19:16:17,885 - INFO - Testing accuracy: 29.48
2026-09-04 19:16:17,886 - INFO - ********************************************************************************
2026-09-04 19:16:17,886 - INFO - Round  83
2026-09-04 19:16:23,675 - INFO - this epoch cost time:0.806999683380127
2026-09-04 19:16:23,675 - INFO - this epoch choose: [2, 52, 92, 80, 19, 81, 99, 50, 34, 22]
2026-09-04 19:16:23,675 - INFO - this epoch dispatch models: [0 0 0 0 0 0 0 0 0 0]
2026-09-04 19:16:23,675 - INFO - this epoch received models: [np.int64(0), np.int64(0), np.int64(0), np.int64(0), np.int64(0), np.int64(0), np.int64(0), np.int64(0), np.int64(0), np.int64(0)]
2026-09-04 19:16:23,675 - INFO - hetero_proportion: 	4:3:3
2026-09-04 19:16:23,720 - INFO - Small evaluation profile: (0.4, 2, 2.120985)
2026-09-04 19:16:24,926 - INFO - Testing accuracy: 29.05
2026-09-04 19:16:24,927 - INFO - ********************************************************************************
2026-09-04 19:16:24,927 - INFO - Round  84
2026-09-04 19:16:29,733 - INFO - this epoch cost time:0.6420009136199951
2026-09-04 19:16:29,733 - INFO - this epoch choose: [98, 9, 99, 77, 1, 44, 33, 90, 52, 87]
2026-09-04 19:16:29,734 - INFO - this epoch dispatch models: [0 0 0 0 0 0 0 0 0 0]
2026-09-04 19:16:29,734 - INFO - this epoch received models: [np.int64(0), np.int64(0), np.int64(0), np.int64(0), np.int64(0), np.int64(0), np.int64(0), np.int64(0), np.int64(0), np.int64(0)]
2026-09-04 19:16:29,734 - INFO - hetero_proportion: 	4:3:3
2026-09-04 19:16:29,780 - INFO - Small evaluation profile: (0.4, 2, 2.120985)
2026-09-04 19:16:30,997 - INFO - Testing accuracy: 29.33
2026-09-04 19:16:30,997 - INFO - ********************************************************************************
2026-09-04 19:16:30,997 - INFO - Round  85
2026-09-04 19:16:36,648 - INFO - this epoch cost time:0.7619974613189697
2026-09-04 19:16:36,648 - INFO - this epoch choose: [69, 38, 19, 59, 33, 62, 21, 59, 65, 5]
2026-09-04 19:16:36,648 - INFO - this epoch dispatch models: [0 0 0 0 0 0 0 0 0 0]
2026-09-04 19:16:36,648 - INFO - this epoch received models: [np.int64(0), np.int64(0), np.int64(0), np.int64(0), np.int64(0), np.int64(0), np.int64(0), np.int64(0), np.int64(0), np.int64(0)]
2026-09-04 19:16:36,648 - INFO - hetero_proportion: 	4:3:3
2026-09-04 19:16:36,693 - INFO - Small evaluation profile: (0.4, 2, 2.120985)
2026-09-04 19:16:37,902 - INFO - Testing accuracy: 29.55
2026-09-04 19:16:37,902 - INFO - ********************************************************************************
2026-09-04 19:16:37,902 - INFO - Round  86
2026-09-04 19:16:43,745 - INFO - this epoch cost time:0.7029991149902344
2026-09-04 19:16:43,745 - INFO - this epoch choose: [34, 65, 12, 95, 75, 54, 8, 45, 8, 84]
2026-09-04 19:16:43,745 - INFO - this epoch dispatch models: [0 0 0 0 0 0 0 0 0 0]
2026-09-04 19:16:43,745 - INFO - this epoch received models: [np.int64(0), np.int64(0), np.int64(0), np.int64(0), np.int64(0), np.int64(0), np.int64(0), np.int64(0), np.int64(0), np.int64(0)]
2026-09-04 19:16:43,745 - INFO - hetero_proportion: 	4:3:3
2026-09-04 19:16:43,791 - INFO - Small evaluation profile: (0.4, 2, 2.120985)
2026-09-04 19:16:45,013 - INFO - Testing accuracy: 29.22
2026-09-04 19:16:45,013 - INFO - ********************************************************************************
2026-09-04 19:16:45,013 - INFO - Round  87
2026-09-04 19:16:51,089 - INFO - this epoch cost time:0.7589371204376221
2026-09-04 19:16:51,089 - INFO - this epoch choose: [56, 2, 21, 64, 90, 20, 88, 11, 51, 81]
2026-09-04 19:16:51,089 - INFO - this epoch dispatch models: [0 0 0 0 0 0 0 0 0 0]
2026-09-04 19:16:51,089 - INFO - this epoch received models: [np.int64(0), np.int64(0), np.int64(0), np.int64(0), np.int64(0), np.int64(0), np.int64(0), np.int64(0), np.int64(0), np.int64(0)]
2026-09-04 19:16:51,089 - INFO - hetero_proportion: 	4:3:3
2026-09-04 19:16:51,136 - INFO - Small evaluation profile: (0.4, 2, 2.120985)
2026-09-04 19:16:52,398 - INFO - Testing accuracy: 29.64
2026-09-04 19:16:52,398 - INFO - ********************************************************************************
2026-09-04 19:16:52,398 - INFO - Round  88
2026-09-04 19:16:57,592 - INFO - this epoch cost time:0.639000654220581
2026-09-04 19:16:57,592 - INFO - this epoch choose: [88, 35, 77, 38, 26, 67, 26, 30, 42, 34]
2026-09-04 19:16:57,593 - INFO - this epoch dispatch models: [0 0 0 0 0 0 0 0 0 0]
2026-09-04 19:16:57,593 - INFO - this epoch received models: [np.int64(0), np.int64(0), np.int64(0), np.int64(0), np.int64(0), np.int64(0), np.int64(0), np.int64(0), np.int64(0), np.int64(0)]
2026-09-04 19:16:57,593 - INFO - hetero_proportion: 	4:3:3
2026-09-04 19:16:57,640 - INFO - Small evaluation profile: (0.4, 2, 2.120985)
2026-09-04 19:16:58,848 - INFO - Testing accuracy: 29.13
2026-09-04 19:16:58,849 - INFO - ********************************************************************************
2026-09-04 19:16:58,849 - INFO - Round  89
2026-09-04 19:17:03,975 - INFO - this epoch cost time:0.6661384105682373
2026-09-04 19:17:03,975 - INFO - this epoch choose: [8, 9, 89, 66, 84, 47, 59, 65, 71, 94]
2026-09-04 19:17:03,975 - INFO - this epoch dispatch models: [0 0 0 0 0 0 0 0 0 0]
2026-09-04 19:17:03,975 - INFO - this epoch received models: [np.int64(0), np.int64(0), np.int64(0), np.int64(0), np.int64(0), np.int64(0), np.int64(0), np.int64(0), np.int64(0), np.int64(0)]
2026-09-04 19:17:03,975 - INFO - hetero_proportion: 	4:3:3
2026-09-04 19:17:04,020 - INFO - Small evaluation profile: (0.4, 2, 2.120985)
2026-09-04 19:17:05,226 - INFO - Testing accuracy: 30.17
2026-09-04 19:17:05,226 - INFO - ********************************************************************************
2026-09-04 19:17:05,226 - INFO - Round  90
2026-09-04 19:17:10,918 - INFO - this epoch cost time:0.8909509181976318
2026-09-04 19:17:10,918 - INFO - this epoch choose: [6, 21, 38, 83, 94, 91, 71, 34, 45, 78]
2026-09-04 19:17:10,918 - INFO - this epoch dispatch models: [0 0 0 0 0 0 0 0 0 0]
2026-09-04 19:17:10,918 - INFO - this epoch received models: [np.int64(0), np.int64(0), np.int64(0), np.int64(0), np.int64(0), np.int64(0), np.int64(0), np.int64(0), np.int64(0), np.int64(0)]
2026-09-04 19:17:10,918 - INFO - hetero_proportion: 	4:3:3
2026-09-04 19:17:10,964 - INFO - Small evaluation profile: (0.4, 2, 2.120985)
2026-09-04 19:17:12,227 - INFO - Testing accuracy: 29.48
2026-09-04 19:17:12,228 - INFO - ********************************************************************************
2026-09-04 19:17:12,228 - INFO - Round  91
2026-09-04 19:17:17,253 - INFO - this epoch cost time:0.6429996490478516
2026-09-04 19:17:17,253 - INFO - this epoch choose: [94, 29, 50, 71, 51, 22, 61, 33, 78, 42]
2026-09-04 19:17:17,253 - INFO - this epoch dispatch models: [0 0 0 0 0 0 0 0 0 0]
2026-09-04 19:17:17,253 - INFO - this epoch received models: [np.int64(0), np.int64(0), np.int64(0), np.int64(0), np.int64(0), np.int64(0), np.int64(0), np.int64(0), np.int64(0), np.int64(0)]
2026-09-04 19:17:17,254 - INFO - hetero_proportion: 	4:3:3
2026-09-04 19:17:17,301 - INFO - Small evaluation profile: (0.4, 2, 2.120985)
2026-09-04 19:17:18,508 - INFO - Testing accuracy: 29.94
2026-09-04 19:17:18,509 - INFO - ********************************************************************************
2026-09-04 19:17:18,509 - INFO - Round  92
2026-09-04 19:17:23,929 - INFO - this epoch cost time:0.6437292098999023
2026-09-04 19:17:23,929 - INFO - this epoch choose: [91, 28, 33, 78, 90, 31, 84, 3, 79, 51]
2026-09-04 19:17:23,929 - INFO - this epoch dispatch models: [0 0 0 0 0 0 0 0 0 0]
2026-09-04 19:17:23,929 - INFO - this epoch received models: [np.int64(0), np.int64(0), np.int64(0), np.int64(0), np.int64(0), np.int64(0), np.int64(0), np.int64(0), np.int64(0), np.int64(0)]
2026-09-04 19:17:23,929 - INFO - hetero_proportion: 	4:3:3
2026-09-04 19:17:23,975 - INFO - Small evaluation profile: (0.4, 2, 2.120985)
2026-09-04 19:17:25,252 - INFO - Testing accuracy: 29.97
2026-09-04 19:17:25,253 - INFO - ********************************************************************************
2026-09-04 19:17:25,253 - INFO - Round  93
2026-09-04 19:17:30,796 - INFO - this epoch cost time:0.7579998970031738
2026-09-04 19:17:30,796 - INFO - this epoch choose: [40, 55, 97, 31, 34, 24, 9, 80, 93, 21]
2026-09-04 19:17:30,797 - INFO - this epoch dispatch models: [0 0 0 0 0 0 0 0 0 0]
2026-09-04 19:17:30,797 - INFO - this epoch received models: [np.int64(0), np.int64(0), np.int64(0), np.int64(0), np.int64(0), np.int64(0), np.int64(0), np.int64(0), np.int64(0), np.int64(0)]
2026-09-04 19:17:30,797 - INFO - hetero_proportion: 	4:3:3
2026-09-04 19:17:30,843 - INFO - Small evaluation profile: (0.4, 2, 2.120985)
2026-09-04 19:17:32,054 - INFO - Testing accuracy: 30.03
2026-09-04 19:17:32,055 - INFO - ********************************************************************************
2026-09-04 19:17:32,055 - INFO - Round  94
2026-09-04 19:17:37,284 - INFO - this epoch cost time:0.6607110500335693
2026-09-04 19:17:37,285 - INFO - this epoch choose: [74, 56, 74, 93, 18, 77, 33, 58, 67, 20]
2026-09-04 19:17:37,285 - INFO - this epoch dispatch models: [0 0 0 0 0 0 0 0 0 0]
2026-09-04 19:17:37,285 - INFO - this epoch received models: [np.int64(0), np.int64(0), np.int64(0), np.int64(0), np.int64(0), np.int64(0), np.int64(0), np.int64(0), np.int64(0), np.int64(0)]
2026-09-04 19:17:37,285 - INFO - hetero_proportion: 	4:3:3
2026-09-04 19:17:37,332 - INFO - Small evaluation profile: (0.4, 2, 2.120985)
2026-09-04 19:17:38,580 - INFO - Testing accuracy: 29.86
2026-09-04 19:17:38,580 - INFO - ********************************************************************************
2026-09-04 19:17:38,580 - INFO - Round  95
2026-09-04 19:17:44,234 - INFO - this epoch cost time:0.6770009994506836
2026-09-04 19:17:44,234 - INFO - this epoch choose: [17, 99, 17, 91, 56, 46, 39, 96, 51, 30]
2026-09-04 19:17:44,234 - INFO - this epoch dispatch models: [0 0 0 0 0 0 0 0 0 0]
2026-09-04 19:17:44,234 - INFO - this epoch received models: [np.int64(0), np.int64(0), np.int64(0), np.int64(0), np.int64(0), np.int64(0), np.int64(0), np.int64(0), np.int64(0), np.int64(0)]
2026-09-04 19:17:44,234 - INFO - hetero_proportion: 	4:3:3
2026-09-04 19:17:44,278 - INFO - Small evaluation profile: (0.4, 2, 2.120985)
2026-09-04 19:17:45,476 - INFO - Testing accuracy: 29.49
2026-09-04 19:17:45,477 - INFO - ********************************************************************************
2026-09-04 19:17:45,477 - INFO - Round  96
2026-09-04 19:17:50,831 - INFO - this epoch cost time:0.6989998817443848
2026-09-04 19:17:50,831 - INFO - this epoch choose: [14, 91, 26, 91, 87, 39, 8, 13, 29, 50]
2026-09-04 19:17:50,831 - INFO - this epoch dispatch models: [0 0 0 0 0 0 0 0 0 0]
2026-09-04 19:17:50,831 - INFO - this epoch received models: [np.int64(0), np.int64(0), np.int64(0), np.int64(0), np.int64(0), np.int64(0), np.int64(0), np.int64(0), np.int64(0), np.int64(0)]
2026-09-04 19:17:50,831 - INFO - hetero_proportion: 	4:3:3
2026-09-04 19:17:50,877 - INFO - Small evaluation profile: (0.4, 2, 2.120985)
2026-09-04 19:17:52,073 - INFO - Testing accuracy: 29.42
2026-09-04 19:17:52,074 - INFO - ********************************************************************************
2026-09-04 19:17:52,074 - INFO - Round  97
2026-09-04 19:17:57,953 - INFO - this epoch cost time:0.727407693862915
2026-09-04 19:17:57,953 - INFO - this epoch choose: [41, 63, 12, 23, 5, 7, 76, 2, 96, 27]
2026-09-04 19:17:57,953 - INFO - this epoch dispatch models: [0 0 0 0 0 0 0 0 0 0]
2026-09-04 19:17:57,953 - INFO - this epoch received models: [np.int64(0), np.int64(0), np.int64(0), np.int64(0), np.int64(0), np.int64(0), np.int64(0), np.int64(0), np.int64(0), np.int64(0)]
2026-09-04 19:17:57,953 - INFO - hetero_proportion: 	4:3:3
2026-09-04 19:17:57,998 - INFO - Small evaluation profile: (0.4, 2, 2.120985)
2026-09-04 19:17:59,193 - INFO - Testing accuracy: 30.20
2026-09-04 19:17:59,194 - INFO - ********************************************************************************
2026-09-04 19:17:59,194 - INFO - Round  98
2026-09-04 19:18:04,395 - INFO - this epoch cost time:0.6440002918243408
2026-09-04 19:18:04,395 - INFO - this epoch choose: [87, 4, 63, 90, 67, 92, 78, 56, 43, 84]
2026-09-04 19:18:04,395 - INFO - this epoch dispatch models: [0 0 0 0 0 0 0 0 0 0]
2026-09-04 19:18:04,395 - INFO - this epoch received models: [np.int64(0), np.int64(0), np.int64(0), np.int64(0), np.int64(0), np.int64(0), np.int64(0), np.int64(0), np.int64(0), np.int64(0)]
2026-09-04 19:18:04,395 - INFO - hetero_proportion: 	4:3:3
2026-09-04 19:18:04,441 - INFO - Small evaluation profile: (0.4, 2, 2.120985)
2026-09-04 19:18:05,646 - INFO - Testing accuracy: 29.79
2026-09-04 19:18:05,647 - INFO - ********************************************************************************
2026-09-04 19:18:05,647 - INFO - Round  99
2026-09-04 19:18:11,075 - INFO - this epoch cost time:0.6402897834777832
2026-09-04 19:18:11,075 - INFO - this epoch choose: [35, 15, 78, 88, 22, 12, 28, 51, 29, 63]
2026-09-04 19:18:11,075 - INFO - this epoch dispatch models: [0 0 0 0 0 0 0 0 0 0]
2026-09-04 19:18:11,075 - INFO - this epoch received models: [np.int64(0), np.int64(0), np.int64(0), np.int64(0), np.int64(0), np.int64(0), np.int64(0), np.int64(0), np.int64(0), np.int64(0)]
2026-09-04 19:18:11,075 - INFO - hetero_proportion: 	4:3:3
2026-09-04 19:18:11,121 - INFO - Small evaluation profile: (0.4, 2, 2.120985)
2026-09-04 19:18:12,323 - INFO - Testing accuracy: 29.79
2026-09-04 19:18:12,323 - INFO - ********************************************************************************
2026-09-04 19:18:12,323 - INFO - Round 100
2026-09-04 19:18:18,568 - INFO - this epoch cost time:0.7399992942810059
2026-09-04 19:18:18,568 - INFO - this epoch choose: [57, 48, 96, 21, 29, 30, 36, 59, 70, 74]
2026-09-04 19:18:18,568 - INFO - this epoch dispatch models: [0 0 0 0 0 0 0 0 0 0]
2026-09-04 19:18:18,568 - INFO - this epoch received models: [np.int64(0), np.int64(0), np.int64(0), np.int64(0), np.int64(0), np.int64(0), np.int64(0), np.int64(0), np.int64(0), np.int64(0)]
2026-09-04 19:18:18,568 - INFO - hetero_proportion: 	4:3:3
2026-09-04 19:18:18,614 - INFO - Small evaluation profile: (0.4, 2, 2.120985)
2026-09-04 19:18:19,817 - INFO - Testing accuracy: 30.09
2026-09-04 19:18:19,817 - INFO - ********************************************************************************
2026-09-04 19:18:19,817 - INFO - Round 101
2026-09-04 19:18:25,717 - INFO - this epoch cost time:0.7026419639587402
2026-09-04 19:18:25,718 - INFO - this epoch choose: [49, 27, 57, 91, 33, 42, 63, 75, 14, 27]
2026-09-04 19:18:25,718 - INFO - this epoch dispatch models: [0 0 0 0 0 0 0 0 0 0]
2026-09-04 19:18:25,718 - INFO - this epoch received models: [np.int64(0), np.int64(0), np.int64(0), np.int64(0), np.int64(0), np.int64(0), np.int64(0), np.int64(0), np.int64(0), np.int64(0)]
2026-09-04 19:18:25,718 - INFO - hetero_proportion: 	4:3:3
2026-09-04 19:18:25,765 - INFO - Small evaluation profile: (0.4, 2, 2.120985)
2026-09-04 19:18:26,990 - INFO - Testing accuracy: 29.90
2026-09-04 19:18:26,990 - INFO - ********************************************************************************
2026-09-04 19:18:26,990 - INFO - Round 102
2026-09-04 19:18:33,119 - INFO - this epoch cost time:0.7480010986328125
2026-09-04 19:18:33,119 - INFO - this epoch choose: [10, 5, 1, 0, 61, 40, 49, 74, 36, 25]
2026-09-04 19:18:33,120 - INFO - this epoch dispatch models: [0 0 0 0 0 0 0 0 0 0]
2026-09-04 19:18:33,120 - INFO - this epoch received models: [np.int64(0), np.int64(0), np.int64(0), np.int64(0), np.int64(0), np.int64(0), np.int64(0), np.int64(0), np.int64(0), np.int64(0)]
2026-09-04 19:18:33,120 - INFO - hetero_proportion: 	4:3:3
2026-09-04 19:18:33,167 - INFO - Small evaluation profile: (0.4, 2, 2.120985)
2026-09-04 19:18:34,376 - INFO - Testing accuracy: 30.45
2026-09-04 19:18:34,377 - INFO - ********************************************************************************
2026-09-04 19:18:34,377 - INFO - Round 103
2026-09-04 19:18:40,220 - INFO - this epoch cost time:0.7027060985565186
2026-09-04 19:18:40,220 - INFO - this epoch choose: [51, 20, 97, 82, 19, 3, 1, 49, 18, 85]
2026-09-04 19:18:40,220 - INFO - this epoch dispatch models: [0 0 0 0 0 0 0 0 0 0]
2026-09-04 19:18:40,220 - INFO - this epoch received models: [np.int64(0), np.int64(0), np.int64(0), np.int64(0), np.int64(0), np.int64(0), np.int64(0), np.int64(0), np.int64(0), np.int64(0)]
2026-09-04 19:18:40,220 - INFO - hetero_proportion: 	4:3:3
2026-09-04 19:18:40,266 - INFO - Small evaluation profile: (0.4, 2, 2.120985)
2026-09-04 19:18:41,471 - INFO - Testing accuracy: 30.19
2026-09-04 19:18:41,472 - INFO - ********************************************************************************
2026-09-04 19:18:41,472 - INFO - Round 104
2026-09-04 19:18:47,264 - INFO - this epoch cost time:0.8680012226104736
2026-09-04 19:18:47,264 - INFO - this epoch choose: [69, 7, 72, 48, 32, 16, 10, 59, 83, 38]
2026-09-04 19:18:47,264 - INFO - this epoch dispatch models: [0 0 0 0 0 0 0 0 0 0]
2026-09-04 19:18:47,264 - INFO - this epoch received models: [np.int64(0), np.int64(0), np.int64(0), np.int64(0), np.int64(0), np.int64(0), np.int64(0), np.int64(0), np.int64(0), np.int64(0)]
2026-09-04 19:18:47,264 - INFO - hetero_proportion: 	4:3:3
2026-09-04 19:18:47,310 - INFO - Small evaluation profile: (0.4, 2, 2.120985)
2026-09-04 19:18:48,534 - INFO - Testing accuracy: 30.33
2026-09-04 19:18:48,534 - INFO - ********************************************************************************
2026-09-04 19:18:48,534 - INFO - Round 105
2026-09-04 19:18:53,850 - INFO - this epoch cost time:0.6421093940734863
2026-09-04 19:18:53,850 - INFO - this epoch choose: [1, 4, 68, 7, 67, 16, 5, 35, 99, 15]
2026-09-04 19:18:53,850 - INFO - this epoch dispatch models: [0 0 0 0 0 0 0 0 0 0]
2026-09-04 19:18:53,850 - INFO - this epoch received models: [np.int64(0), np.int64(0), np.int64(0), np.int64(0), np.int64(0), np.int64(0), np.int64(0), np.int64(0), np.int64(0), np.int64(0)]
2026-09-04 19:18:53,850 - INFO - hetero_proportion: 	4:3:3
2026-09-04 19:18:53,896 - INFO - Small evaluation profile: (0.4, 2, 2.120985)
2026-09-04 19:18:55,089 - INFO - Testing accuracy: 30.01
2026-09-04 19:18:55,090 - INFO - ********************************************************************************
2026-09-04 19:18:55,090 - INFO - Round 106
2026-09-04 19:19:00,739 - INFO - this epoch cost time:0.7770001888275146
2026-09-04 19:19:00,739 - INFO - this epoch choose: [55, 11, 24, 3, 63, 81, 16, 95, 35, 87]
2026-09-04 19:19:00,739 - INFO - this epoch dispatch models: [0 0 0 0 0 0 0 0 0 0]
2026-09-04 19:19:00,739 - INFO - this epoch received models: [np.int64(0), np.int64(0), np.int64(0), np.int64(0), np.int64(0), np.int64(0), np.int64(0), np.int64(0), np.int64(0), np.int64(0)]
2026-09-04 19:19:00,739 - INFO - hetero_proportion: 	4:3:3
2026-09-04 19:19:00,786 - INFO - Small evaluation profile: (0.4, 2, 2.120985)
2026-09-04 19:19:01,984 - INFO - Testing accuracy: 30.07
2026-09-04 19:19:01,985 - INFO - ********************************************************************************
2026-09-04 19:19:01,985 - INFO - Round 107
2026-09-04 19:19:08,044 - INFO - this epoch cost time:0.7552189826965332
2026-09-04 19:19:08,044 - INFO - this epoch choose: [24, 84, 57, 49, 42, 80, 34, 33, 82, 81]
2026-09-04 19:19:08,044 - INFO - this epoch dispatch models: [0 0 0 0 0 0 0 0 0 0]
2026-09-04 19:19:08,044 - INFO - this epoch received models: [np.int64(0), np.int64(0), np.int64(0), np.int64(0), np.int64(0), np.int64(0), np.int64(0), np.int64(0), np.int64(0), np.int64(0)]
2026-09-04 19:19:08,044 - INFO - hetero_proportion: 	4:3:3
2026-09-04 19:19:08,091 - INFO - Small evaluation profile: (0.4, 2, 2.120985)
2026-09-04 19:19:09,345 - INFO - Testing accuracy: 30.05
2026-09-04 19:19:09,346 - INFO - ********************************************************************************
2026-09-04 19:19:09,346 - INFO - Round 108
2026-09-04 19:19:14,713 - INFO - this epoch cost time:0.7009999752044678
2026-09-04 19:19:14,713 - INFO - this epoch choose: [31, 31, 7, 75, 75, 22, 44, 54, 77, 89]
2026-09-04 19:19:14,713 - INFO - this epoch dispatch models: [0 0 0 0 0 0 0 0 0 0]
2026-09-04 19:19:14,713 - INFO - this epoch received models: [np.int64(0), np.int64(0), np.int64(0), np.int64(0), np.int64(0), np.int64(0), np.int64(0), np.int64(0), np.int64(0), np.int64(0)]
2026-09-04 19:19:14,713 - INFO - hetero_proportion: 	4:3:3
2026-09-04 19:19:14,760 - INFO - Small evaluation profile: (0.4, 2, 2.120985)
2026-09-04 19:19:15,958 - INFO - Testing accuracy: 29.71
2026-09-04 19:19:15,959 - INFO - ********************************************************************************
2026-09-04 19:19:15,959 - INFO - Round 109
2026-09-04 19:19:21,902 - INFO - this epoch cost time:0.7573230266571045
2026-09-04 19:19:21,902 - INFO - this epoch choose: [71, 81, 66, 7, 45, 70, 52, 68, 25, 91]
2026-09-04 19:19:21,902 - INFO - this epoch dispatch models: [0 0 0 0 0 0 0 0 0 0]
2026-09-04 19:19:21,902 - INFO - this epoch received models: [np.int64(0), np.int64(0), np.int64(0), np.int64(0), np.int64(0), np.int64(0), np.int64(0), np.int64(0), np.int64(0), np.int64(0)]
2026-09-04 19:19:21,902 - INFO - hetero_proportion: 	4:3:3
2026-09-04 19:19:21,948 - INFO - Small evaluation profile: (0.4, 2, 2.120985)
2026-09-04 19:19:23,157 - INFO - Testing accuracy: 30.47
2026-09-04 19:19:23,158 - INFO - ********************************************************************************
2026-09-04 19:19:23,158 - INFO - Round 110
2026-09-04 19:19:28,701 - INFO - this epoch cost time:0.6529998779296875
2026-09-04 19:19:28,701 - INFO - this epoch choose: [68, 54, 84, 8, 91, 34, 95, 78, 92, 96]
2026-09-04 19:19:28,701 - INFO - this epoch dispatch models: [0 0 0 0 0 0 0 0 0 0]
2026-09-04 19:19:28,701 - INFO - this epoch received models: [np.int64(0), np.int64(0), np.int64(0), np.int64(0), np.int64(0), np.int64(0), np.int64(0), np.int64(0), np.int64(0), np.int64(0)]
2026-09-04 19:19:28,701 - INFO - hetero_proportion: 	4:3:3
2026-09-04 19:19:28,747 - INFO - Small evaluation profile: (0.4, 2, 2.120985)
2026-09-04 19:19:29,941 - INFO - Testing accuracy: 30.29
2026-09-04 19:19:29,942 - INFO - ********************************************************************************
2026-09-04 19:19:29,942 - INFO - Round 111
2026-09-04 19:19:35,266 - INFO - this epoch cost time:0.6445879936218262
2026-09-04 19:19:35,266 - INFO - this epoch choose: [9, 32, 22, 12, 19, 7, 26, 54, 5, 6]
2026-09-04 19:19:35,266 - INFO - this epoch dispatch models: [0 0 0 0 0 0 0 0 0 0]
2026-09-04 19:19:35,266 - INFO - this epoch received models: [np.int64(0), np.int64(0), np.int64(0), np.int64(0), np.int64(0), np.int64(0), np.int64(0), np.int64(0), np.int64(0), np.int64(0)]
2026-09-04 19:19:35,266 - INFO - hetero_proportion: 	4:3:3
2026-09-04 19:19:35,312 - INFO - Small evaluation profile: (0.4, 2, 2.120985)
2026-09-04 19:19:36,549 - INFO - Testing accuracy: 30.47
2026-09-04 19:19:36,549 - INFO - ********************************************************************************
2026-09-04 19:19:36,549 - INFO - Round 112
2026-09-04 19:19:42,089 - INFO - this epoch cost time:0.7560052871704102
2026-09-04 19:19:42,089 - INFO - this epoch choose: [81, 11, 65, 60, 64, 47, 12, 40, 5, 16]
2026-09-04 19:19:42,089 - INFO - this epoch dispatch models: [0 0 0 0 0 0 0 0 0 0]
2026-09-04 19:19:42,089 - INFO - this epoch received models: [np.int64(0), np.int64(0), np.int64(0), np.int64(0), np.int64(0), np.int64(0), np.int64(0), np.int64(0), np.int64(0), np.int64(0)]
2026-09-04 19:19:42,089 - INFO - hetero_proportion: 	4:3:3
2026-09-04 19:19:42,135 - INFO - Small evaluation profile: (0.4, 2, 2.120985)
2026-09-04 19:19:43,338 - INFO - Testing accuracy: 29.88
2026-09-04 19:19:43,339 - INFO - ********************************************************************************
2026-09-04 19:19:43,339 - INFO - Round 113
2026-09-04 19:19:49,068 - INFO - this epoch cost time:0.6893067359924316
2026-09-04 19:19:49,069 - INFO - this epoch choose: [68, 4, 56, 85, 16, 50, 97, 90, 57, 3]
2026-09-04 19:19:49,069 - INFO - this epoch dispatch models: [0 0 0 0 0 0 0 0 0 0]
2026-09-04 19:19:49,069 - INFO - this epoch received models: [np.int64(0), np.int64(0), np.int64(0), np.int64(0), np.int64(0), np.int64(0), np.int64(0), np.int64(0), np.int64(0), np.int64(0)]
2026-09-04 19:19:49,069 - INFO - hetero_proportion: 	4:3:3
2026-09-04 19:19:49,114 - INFO - Small evaluation profile: (0.4, 2, 2.120985)
2026-09-04 19:19:50,318 - INFO - Testing accuracy: 29.84
2026-09-04 19:19:50,318 - INFO - ********************************************************************************
2026-09-04 19:19:50,318 - INFO - Round 114
2026-09-04 19:19:55,949 - INFO - this epoch cost time:0.697664737701416
2026-09-04 19:19:55,949 - INFO - this epoch choose: [94, 67, 34, 11, 32, 41, 10, 38, 4, 49]
2026-09-04 19:19:55,949 - INFO - this epoch dispatch models: [0 0 0 0 0 0 0 0 0 0]
2026-09-04 19:19:55,949 - INFO - this epoch received models: [np.int64(0), np.int64(0), np.int64(0), np.int64(0), np.int64(0), np.int64(0), np.int64(0), np.int64(0), np.int64(0), np.int64(0)]
2026-09-04 19:19:55,949 - INFO - hetero_proportion: 	4:3:3
2026-09-04 19:19:55,997 - INFO - Small evaluation profile: (0.4, 2, 2.120985)
2026-09-04 19:19:57,202 - INFO - Testing accuracy: 30.36
2026-09-04 19:19:57,202 - INFO - ********************************************************************************
2026-09-04 19:19:57,202 - INFO - Round 115
2026-09-04 19:20:02,345 - INFO - this epoch cost time:0.6990327835083008
2026-09-04 19:20:02,345 - INFO - this epoch choose: [7, 93, 33, 40, 94, 16, 33, 48, 14, 86]
2026-09-04 19:20:02,345 - INFO - this epoch dispatch models: [0 0 0 0 0 0 0 0 0 0]
2026-09-04 19:20:02,345 - INFO - this epoch received models: [np.int64(0), np.int64(0), np.int64(0), np.int64(0), np.int64(0), np.int64(0), np.int64(0), np.int64(0), np.int64(0), np.int64(0)]
2026-09-04 19:20:02,345 - INFO - hetero_proportion: 	4:3:3
2026-09-04 19:20:02,391 - INFO - Small evaluation profile: (0.4, 2, 2.120985)
2026-09-04 19:20:03,580 - INFO - Testing accuracy: 30.34
2026-09-04 19:20:03,580 - INFO - ********************************************************************************
2026-09-04 19:20:03,580 - INFO - Round 116
2026-09-04 19:20:08,896 - INFO - this epoch cost time:0.6429998874664307
2026-09-04 19:20:08,896 - INFO - this epoch choose: [38, 12, 54, 31, 64, 71, 26, 42, 43, 65]
2026-09-04 19:20:08,896 - INFO - this epoch dispatch models: [0 0 0 0 0 0 0 0 0 0]
2026-09-04 19:20:08,896 - INFO - this epoch received models: [np.int64(0), np.int64(0), np.int64(0), np.int64(0), np.int64(0), np.int64(0), np.int64(0), np.int64(0), np.int64(0), np.int64(0)]
2026-09-04 19:20:08,897 - INFO - hetero_proportion: 	4:3:3
2026-09-04 19:20:08,943 - INFO - Small evaluation profile: (0.4, 2, 2.120985)
2026-09-04 19:20:10,150 - INFO - Testing accuracy: 30.12
2026-09-04 19:20:10,150 - INFO - ********************************************************************************
2026-09-04 19:20:10,150 - INFO - Round 117
2026-09-04 19:20:15,956 - INFO - this epoch cost time:0.8641781806945801
2026-09-04 19:20:15,956 - INFO - this epoch choose: [50, 74, 61, 13, 16, 83, 57, 67, 71, 92]
2026-09-04 19:20:15,956 - INFO - this epoch dispatch models: [0 0 0 0 0 0 0 0 0 0]
2026-09-04 19:20:15,956 - INFO - this epoch received models: [np.int64(0), np.int64(0), np.int64(0), np.int64(0), np.int64(0), np.int64(0), np.int64(0), np.int64(0), np.int64(0), np.int64(0)]
2026-09-04 19:20:15,956 - INFO - hetero_proportion: 	4:3:3
2026-09-04 19:20:16,002 - INFO - Small evaluation profile: (0.4, 2, 2.120985)
2026-09-04 19:20:17,202 - INFO - Testing accuracy: 30.03
2026-09-04 19:20:17,203 - INFO - ********************************************************************************
2026-09-04 19:20:17,203 - INFO - Round 118
2026-09-04 19:20:22,736 - INFO - this epoch cost time:0.6450002193450928
2026-09-04 19:20:22,736 - INFO - this epoch choose: [74, 89, 66, 68, 3, 37, 95, 20, 25, 47]
2026-09-04 19:20:22,736 - INFO - this epoch dispatch models: [0 0 0 0 0 0 0 0 0 0]
2026-09-04 19:20:22,736 - INFO - this epoch received models: [np.int64(0), np.int64(0), np.int64(0), np.int64(0), np.int64(0), np.int64(0), np.int64(0), np.int64(0), np.int64(0), np.int64(0)]
2026-09-04 19:20:22,736 - INFO - hetero_proportion: 	4:3:3
2026-09-04 19:20:22,781 - INFO - Small evaluation profile: (0.4, 2, 2.120985)
2026-09-04 19:20:23,980 - INFO - Testing accuracy: 30.57
2026-09-04 19:20:23,980 - INFO - ********************************************************************************
2026-09-04 19:20:23,980 - INFO - Round 119
2026-09-04 19:20:29,639 - INFO - this epoch cost time:0.7011129856109619
2026-09-04 19:20:29,639 - INFO - this epoch choose: [49, 66, 41, 12, 52, 44, 16, 73, 8, 5]
2026-09-04 19:20:29,639 - INFO - this epoch dispatch models: [0 0 0 0 0 0 0 0 0 0]
2026-09-04 19:20:29,639 - INFO - this epoch received models: [np.int64(0), np.int64(0), np.int64(0), np.int64(0), np.int64(0), np.int64(0), np.int64(0), np.int64(0), np.int64(0), np.int64(0)]
2026-09-04 19:20:29,639 - INFO - hetero_proportion: 	4:3:3
2026-09-04 19:20:29,687 - INFO - Small evaluation profile: (0.4, 2, 2.120985)
2026-09-04 19:20:30,935 - INFO - Testing accuracy: 30.27
2026-09-04 19:20:30,936 - INFO - ********************************************************************************
2026-09-04 19:20:30,936 - INFO - Round 120
2026-09-04 19:20:37,184 - INFO - this epoch cost time:0.872516393661499
2026-09-04 19:20:37,184 - INFO - this epoch choose: [38, 83, 68, 40, 53, 38, 40, 45, 34, 41]
2026-09-04 19:20:37,184 - INFO - this epoch dispatch models: [0 0 0 0 0 0 0 0 0 0]
2026-09-04 19:20:37,184 - INFO - this epoch received models: [np.int64(0), np.int64(0), np.int64(0), np.int64(0), np.int64(0), np.int64(0), np.int64(0), np.int64(0), np.int64(0), np.int64(0)]
2026-09-04 19:20:37,184 - INFO - hetero_proportion: 	4:3:3
2026-09-04 19:20:37,232 - INFO - Small evaluation profile: (0.4, 2, 2.120985)
2026-09-04 19:20:38,443 - INFO - Testing accuracy: 30.05
2026-09-04 19:20:38,443 - INFO - ********************************************************************************
2026-09-04 19:20:38,443 - INFO - Round 121
2026-09-04 19:20:43,158 - INFO - this epoch cost time:0.5829999446868896
2026-09-04 19:20:43,158 - INFO - this epoch choose: [95, 95, 66, 64, 1, 67, 15, 19, 40, 93]
2026-09-04 19:20:43,158 - INFO - this epoch dispatch models: [0 0 0 0 0 0 0 0 0 0]
2026-09-04 19:20:43,158 - INFO - this epoch received models: [np.int64(0), np.int64(0), np.int64(0), np.int64(0), np.int64(0), np.int64(0), np.int64(0), np.int64(0), np.int64(0), np.int64(0)]
2026-09-04 19:20:43,158 - INFO - hetero_proportion: 	4:3:3
2026-09-04 19:20:43,205 - INFO - Small evaluation profile: (0.4, 2, 2.120985)
2026-09-04 19:20:44,420 - INFO - Testing accuracy: 30.66
2026-09-04 19:20:44,421 - INFO - ********************************************************************************
2026-09-04 19:20:44,421 - INFO - Round 122
2026-09-04 19:20:50,380 - INFO - this epoch cost time:0.6988320350646973
2026-09-04 19:20:50,380 - INFO - this epoch choose: [41, 41, 73, 8, 57, 35, 61, 58, 46, 94]
2026-09-04 19:20:50,381 - INFO - this epoch dispatch models: [0 0 0 0 0 0 0 0 0 0]
2026-09-04 19:20:50,381 - INFO - this epoch received models: [np.int64(0), np.int64(0), np.int64(0), np.int64(0), np.int64(0), np.int64(0), np.int64(0), np.int64(0), np.int64(0), np.int64(0)]
2026-09-04 19:20:50,381 - INFO - hetero_proportion: 	4:3:3
2026-09-04 19:20:50,427 - INFO - Small evaluation profile: (0.4, 2, 2.120985)
2026-09-04 19:20:51,635 - INFO - Testing accuracy: 30.76
2026-09-04 19:20:51,636 - INFO - ********************************************************************************
2026-09-04 19:20:51,636 - INFO - Round 123
2026-09-04 19:20:56,942 - INFO - this epoch cost time:0.6929998397827148
2026-09-04 19:20:56,942 - INFO - this epoch choose: [48, 10, 74, 7, 17, 6, 67, 62, 73, 32]
2026-09-04 19:20:56,942 - INFO - this epoch dispatch models: [0 0 0 0 0 0 0 0 0 0]
2026-09-04 19:20:56,942 - INFO - this epoch received models: [np.int64(0), np.int64(0), np.int64(0), np.int64(0), np.int64(0), np.int64(0), np.int64(0), np.int64(0), np.int64(0), np.int64(0)]
2026-09-04 19:20:56,942 - INFO - hetero_proportion: 	4:3:3
2026-09-04 19:20:56,988 - INFO - Small evaluation profile: (0.4, 2, 2.120985)
2026-09-04 19:20:58,177 - INFO - Testing accuracy: 30.69
2026-09-04 19:20:58,177 - INFO - ********************************************************************************
2026-09-04 19:20:58,177 - INFO - Round 124
2026-09-04 19:21:03,266 - INFO - this epoch cost time:0.6420068740844727
2026-09-04 19:21:03,266 - INFO - this epoch choose: [31, 89, 73, 95, 43, 46, 82, 47, 51, 39]
2026-09-04 19:21:03,266 - INFO - this epoch dispatch models: [0 0 0 0 0 0 0 0 0 0]
2026-09-04 19:21:03,266 - INFO - this epoch received models: [np.int64(0), np.int64(0), np.int64(0), np.int64(0), np.int64(0), np.int64(0), np.int64(0), np.int64(0), np.int64(0), np.int64(0)]
2026-09-04 19:21:03,266 - INFO - hetero_proportion: 	4:3:3
2026-09-04 19:21:03,313 - INFO - Small evaluation profile: (0.4, 2, 2.120985)
2026-09-04 19:21:04,518 - INFO - Testing accuracy: 30.78
2026-09-04 19:21:04,519 - INFO - ********************************************************************************
2026-09-04 19:21:04,519 - INFO - Round 125
2026-09-04 19:21:09,871 - INFO - this epoch cost time:0.6418986320495605
2026-09-04 19:21:09,871 - INFO - this epoch choose: [59, 76, 43, 68, 64, 21, 3, 18, 32, 87]
2026-09-04 19:21:09,871 - INFO - this epoch dispatch models: [0 0 0 0 0 0 0 0 0 0]
2026-09-04 19:21:09,871 - INFO - this epoch received models: [np.int64(0), np.int64(0), np.int64(0), np.int64(0), np.int64(0), np.int64(0), np.int64(0), np.int64(0), np.int64(0), np.int64(0)]
2026-09-04 19:21:09,871 - INFO - hetero_proportion: 	4:3:3
2026-09-04 19:21:09,918 - INFO - Small evaluation profile: (0.4, 2, 2.120985)
2026-09-04 19:21:11,115 - INFO - Testing accuracy: 30.09
2026-09-04 19:21:11,116 - INFO - ********************************************************************************
2026-09-04 19:21:11,116 - INFO - Round 126
2026-09-04 19:21:16,143 - INFO - this epoch cost time:0.7030010223388672
2026-09-04 19:21:16,143 - INFO - this epoch choose: [28, 72, 17, 14, 23, 98, 52, 93, 79, 6]
2026-09-04 19:21:16,143 - INFO - this epoch dispatch models: [0 0 0 0 0 0 0 0 0 0]
2026-09-04 19:21:16,143 - INFO - this epoch received models: [np.int64(0), np.int64(0), np.int64(0), np.int64(0), np.int64(0), np.int64(0), np.int64(0), np.int64(0), np.int64(0), np.int64(0)]
2026-09-04 19:21:16,143 - INFO - hetero_proportion: 	4:3:3
2026-09-04 19:21:16,189 - INFO - Small evaluation profile: (0.4, 2, 2.120985)
2026-09-04 19:21:17,386 - INFO - Testing accuracy: 31.45
2026-09-04 19:21:17,387 - INFO - ********************************************************************************
2026-09-04 19:21:17,387 - INFO - Round 127
2026-09-04 19:21:23,231 - INFO - this epoch cost time:0.7577002048492432
2026-09-04 19:21:23,231 - INFO - this epoch choose: [12, 69, 87, 34, 91, 13, 26, 33, 8, 80]
2026-09-04 19:21:23,231 - INFO - this epoch dispatch models: [0 0 0 0 0 0 0 0 0 0]
2026-09-04 19:21:23,231 - INFO - this epoch received models: [np.int64(0), np.int64(0), np.int64(0), np.int64(0), np.int64(0), np.int64(0), np.int64(0), np.int64(0), np.int64(0), np.int64(0)]
2026-09-04 19:21:23,231 - INFO - hetero_proportion: 	4:3:3
2026-09-04 19:21:23,278 - INFO - Small evaluation profile: (0.4, 2, 2.120985)
2026-09-04 19:21:24,474 - INFO - Testing accuracy: 30.84
2026-09-04 19:21:24,475 - INFO - ********************************************************************************
2026-09-04 19:21:24,475 - INFO - Round 128
2026-09-04 19:21:29,798 - INFO - this epoch cost time:0.6392934322357178
2026-09-04 19:21:29,798 - INFO - this epoch choose: [73, 67, 82, 10, 9, 27, 82, 22, 65, 55]
2026-09-04 19:21:29,798 - INFO - this epoch dispatch models: [0 0 0 0 0 0 0 0 0 0]
2026-09-04 19:21:29,799 - INFO - this epoch received models: [np.int64(0), np.int64(0), np.int64(0), np.int64(0), np.int64(0), np.int64(0), np.int64(0), np.int64(0), np.int64(0), np.int64(0)]
2026-09-04 19:21:29,799 - INFO - hetero_proportion: 	4:3:3
2026-09-04 19:21:29,846 - INFO - Small evaluation profile: (0.4, 2, 2.120985)
2026-09-04 19:21:31,043 - INFO - Testing accuracy: 29.87
2026-09-04 19:21:31,043 - INFO - ********************************************************************************
2026-09-04 19:21:31,043 - INFO - Round 129
2026-09-04 19:21:37,006 - INFO - this epoch cost time:0.6976683139801025
2026-09-04 19:21:37,006 - INFO - this epoch choose: [2, 75, 47, 62, 90, 36, 28, 25, 76, 63]
2026-09-04 19:21:37,006 - INFO - this epoch dispatch models: [0 0 0 0 0 0 0 0 0 0]
2026-09-04 19:21:37,006 - INFO - this epoch received models: [np.int64(0), np.int64(0), np.int64(0), np.int64(0), np.int64(0), np.int64(0), np.int64(0), np.int64(0), np.int64(0), np.int64(0)]
2026-09-04 19:21:37,006 - INFO - hetero_proportion: 	4:3:3
2026-09-04 19:21:37,052 - INFO - Small evaluation profile: (0.4, 2, 2.120985)
2026-09-04 19:21:38,248 - INFO - Testing accuracy: 30.59
2026-09-04 19:21:38,249 - INFO - ********************************************************************************
2026-09-04 19:21:38,249 - INFO - Round 130
2026-09-04 19:21:44,200 - INFO - this epoch cost time:0.7540011405944824
2026-09-04 19:21:44,200 - INFO - this epoch choose: [30, 54, 57, 86, 46, 69, 24, 61, 92, 9]
2026-09-04 19:21:44,201 - INFO - this epoch dispatch models: [0 0 0 0 0 0 0 0 0 0]
2026-09-04 19:21:44,201 - INFO - this epoch received models: [np.int64(0), np.int64(0), np.int64(0), np.int64(0), np.int64(0), np.int64(0), np.int64(0), np.int64(0), np.int64(0), np.int64(0)]
2026-09-04 19:21:44,201 - INFO - hetero_proportion: 	4:3:3
2026-09-04 19:21:44,246 - INFO - Small evaluation profile: (0.4, 2, 2.120985)
2026-09-04 19:21:45,435 - INFO - Testing accuracy: 30.93
2026-09-04 19:21:45,435 - INFO - ********************************************************************************
2026-09-04 19:21:45,435 - INFO - Round 131
2026-09-04 19:21:50,604 - INFO - this epoch cost time:0.6949999332427979
2026-09-04 19:21:50,604 - INFO - this epoch choose: [32, 52, 25, 1, 95, 68, 98, 48, 65, 62]
2026-09-04 19:21:50,604 - INFO - this epoch dispatch models: [0 0 0 0 0 0 0 0 0 0]
2026-09-04 19:21:50,604 - INFO - this epoch received models: [np.int64(0), np.int64(0), np.int64(0), np.int64(0), np.int64(0), np.int64(0), np.int64(0), np.int64(0), np.int64(0), np.int64(0)]
2026-09-04 19:21:50,604 - INFO - hetero_proportion: 	4:3:3
2026-09-04 19:21:50,650 - INFO - Small evaluation profile: (0.4, 2, 2.120985)
2026-09-04 19:21:51,833 - INFO - Testing accuracy: 30.47
2026-09-04 19:21:51,834 - INFO - ********************************************************************************
2026-09-04 19:21:51,834 - INFO - Round 132
2026-09-04 19:21:57,652 - INFO - this epoch cost time:0.6925766468048096
2026-09-04 19:21:57,652 - INFO - this epoch choose: [9, 51, 78, 65, 74, 74, 54, 5, 45, 58]
2026-09-04 19:21:57,652 - INFO - this epoch dispatch models: [0 0 0 0 0 0 0 0 0 0]
2026-09-04 19:21:57,652 - INFO - this epoch received models: [np.int64(0), np.int64(0), np.int64(0), np.int64(0), np.int64(0), np.int64(0), np.int64(0), np.int64(0), np.int64(0), np.int64(0)]
2026-09-04 19:21:57,652 - INFO - hetero_proportion: 	4:3:3
2026-09-04 19:21:57,697 - INFO - Small evaluation profile: (0.4, 2, 2.120985)
2026-09-04 19:21:58,902 - INFO - Testing accuracy: 30.71
2026-09-04 19:21:58,902 - INFO - ********************************************************************************
2026-09-04 19:21:58,903 - INFO - Round 133
2026-09-04 19:22:04,652 - INFO - this epoch cost time:0.7570004463195801
2026-09-04 19:22:04,652 - INFO - this epoch choose: [0, 24, 38, 89, 88, 82, 0, 69, 15, 38]
2026-09-04 19:22:04,652 - INFO - this epoch dispatch models: [0 0 0 0 0 0 0 0 0 0]
2026-09-04 19:22:04,652 - INFO - this epoch received models: [np.int64(0), np.int64(0), np.int64(0), np.int64(0), np.int64(0), np.int64(0), np.int64(0), np.int64(0), np.int64(0), np.int64(0)]
2026-09-04 19:22:04,652 - INFO - hetero_proportion: 	4:3:3
2026-09-04 19:22:04,699 - INFO - Small evaluation profile: (0.4, 2, 2.120985)
2026-09-04 19:22:05,901 - INFO - Testing accuracy: 30.50
2026-09-04 19:22:05,902 - INFO - ********************************************************************************
2026-09-04 19:22:05,902 - INFO - Round 134
2026-09-04 19:22:11,560 - INFO - this epoch cost time:0.759998083114624
2026-09-04 19:22:11,560 - INFO - this epoch choose: [65, 95, 40, 99, 69, 82, 73, 70, 36, 67]
2026-09-04 19:22:11,560 - INFO - this epoch dispatch models: [0 0 0 0 0 0 0 0 0 0]
2026-09-04 19:22:11,560 - INFO - this epoch received models: [np.int64(0), np.int64(0), np.int64(0), np.int64(0), np.int64(0), np.int64(0), np.int64(0), np.int64(0), np.int64(0), np.int64(0)]
2026-09-04 19:22:11,560 - INFO - hetero_proportion: 	4:3:3
2026-09-04 19:22:11,606 - INFO - Small evaluation profile: (0.4, 2, 2.120985)
2026-09-04 19:22:12,812 - INFO - Testing accuracy: 30.88
2026-09-04 19:22:12,812 - INFO - ********************************************************************************
2026-09-04 19:22:12,812 - INFO - Round 135
2026-09-04 19:22:18,494 - INFO - this epoch cost time:0.7649998664855957
2026-09-04 19:22:18,494 - INFO - this epoch choose: [52, 69, 66, 52, 77, 80, 74, 39, 57, 38]
2026-09-04 19:22:18,495 - INFO - this epoch dispatch models: [0 0 0 0 0 0 0 0 0 0]
2026-09-04 19:22:18,495 - INFO - this epoch received models: [np.int64(0), np.int64(0), np.int64(0), np.int64(0), np.int64(0), np.int64(0), np.int64(0), np.int64(0), np.int64(0), np.int64(0)]
2026-09-04 19:22:18,495 - INFO - hetero_proportion: 	4:3:3
2026-09-04 19:22:18,541 - INFO - Small evaluation profile: (0.4, 2, 2.120985)
2026-09-04 19:22:19,778 - INFO - Testing accuracy: 30.87
2026-09-04 19:22:19,779 - INFO - ********************************************************************************
2026-09-04 19:22:19,779 - INFO - Round 136
2026-09-04 19:22:25,547 - INFO - this epoch cost time:0.7480001449584961
2026-09-04 19:22:25,547 - INFO - this epoch choose: [16, 64, 56, 75, 17, 70, 98, 20, 32, 81]
2026-09-04 19:22:25,547 - INFO - this epoch dispatch models: [0 0 0 0 0 0 0 0 0 0]
2026-09-04 19:22:25,547 - INFO - this epoch received models: [np.int64(0), np.int64(0), np.int64(0), np.int64(0), np.int64(0), np.int64(0), np.int64(0), np.int64(0), np.int64(0), np.int64(0)]
2026-09-04 19:22:25,547 - INFO - hetero_proportion: 	4:3:3
2026-09-04 19:22:25,594 - INFO - Small evaluation profile: (0.4, 2, 2.120985)
2026-09-04 19:22:26,800 - INFO - Testing accuracy: 30.95
2026-09-04 19:22:26,800 - INFO - ********************************************************************************
2026-09-04 19:22:26,800 - INFO - Round 137
2026-09-04 19:22:32,243 - INFO - this epoch cost time:0.6942119598388672
2026-09-04 19:22:32,243 - INFO - this epoch choose: [1, 54, 94, 84, 72, 4, 47, 53, 51, 36]
2026-09-04 19:22:32,243 - INFO - this epoch dispatch models: [0 0 0 0 0 0 0 0 0 0]
2026-09-04 19:22:32,243 - INFO - this epoch received models: [np.int64(0), np.int64(0), np.int64(0), np.int64(0), np.int64(0), np.int64(0), np.int64(0), np.int64(0), np.int64(0), np.int64(0)]
2026-09-04 19:22:32,243 - INFO - hetero_proportion: 	4:3:3
2026-09-04 19:22:32,287 - INFO - Small evaluation profile: (0.4, 2, 2.120985)
2026-09-04 19:22:33,479 - INFO - Testing accuracy: 31.09
2026-09-04 19:22:33,480 - INFO - ********************************************************************************
2026-09-04 19:22:33,480 - INFO - Round 138
2026-09-04 19:22:39,426 - INFO - this epoch cost time:0.703089714050293
2026-09-04 19:22:39,426 - INFO - this epoch choose: [84, 96, 85, 2, 11, 11, 0, 49, 34, 59]
2026-09-04 19:22:39,426 - INFO - this epoch dispatch models: [0 0 0 0 0 0 0 0 0 0]
2026-09-04 19:22:39,426 - INFO - this epoch received models: [np.int64(0), np.int64(0), np.int64(0), np.int64(0), np.int64(0), np.int64(0), np.int64(0), np.int64(0), np.int64(0), np.int64(0)]
2026-09-04 19:22:39,426 - INFO - hetero_proportion: 	4:3:3
2026-09-04 19:22:39,471 - INFO - Small evaluation profile: (0.4, 2, 2.120985)
2026-09-04 19:22:40,703 - INFO - Testing accuracy: 31.02
2026-09-04 19:22:40,703 - INFO - ********************************************************************************
2026-09-04 19:22:40,703 - INFO - Round 139
2026-09-04 19:22:46,479 - INFO - this epoch cost time:0.7524914741516113
2026-09-04 19:22:46,479 - INFO - this epoch choose: [34, 47, 81, 95, 61, 98, 43, 49, 58, 14]
2026-09-04 19:22:46,479 - INFO - this epoch dispatch models: [0 0 0 0 0 0 0 0 0 0]
2026-09-04 19:22:46,479 - INFO - this epoch received models: [np.int64(0), np.int64(0), np.int64(0), np.int64(0), np.int64(0), np.int64(0), np.int64(0), np.int64(0), np.int64(0), np.int64(0)]
2026-09-04 19:22:46,479 - INFO - hetero_proportion: 	4:3:3
2026-09-04 19:22:46,525 - INFO - Small evaluation profile: (0.4, 2, 2.120985)
2026-09-04 19:22:47,730 - INFO - Testing accuracy: 30.96
2026-09-04 19:22:47,731 - INFO - ********************************************************************************
2026-09-04 19:22:47,731 - INFO - Round 140
2026-09-04 19:22:53,174 - INFO - this epoch cost time:0.720545768737793
2026-09-04 19:22:53,174 - INFO - this epoch choose: [61, 45, 18, 53, 18, 2, 22, 33, 47, 16]
2026-09-04 19:22:53,174 - INFO - this epoch dispatch models: [0 0 0 0 0 0 0 0 0 0]
2026-09-04 19:22:53,174 - INFO - this epoch received models: [np.int64(0), np.int64(0), np.int64(0), np.int64(0), np.int64(0), np.int64(0), np.int64(0), np.int64(0), np.int64(0), np.int64(0)]
2026-09-04 19:22:53,174 - INFO - hetero_proportion: 	4:3:3
2026-09-04 19:22:53,221 - INFO - Small evaluation profile: (0.4, 2, 2.120985)
2026-09-04 19:22:54,443 - INFO - Testing accuracy: 31.25
2026-09-04 19:22:54,444 - INFO - ********************************************************************************
2026-09-04 19:22:54,444 - INFO - Round 141
2026-09-04 19:23:00,138 - INFO - this epoch cost time:0.7130005359649658
2026-09-04 19:23:00,138 - INFO - this epoch choose: [75, 36, 52, 33, 65, 36, 94, 53, 88, 35]
2026-09-04 19:23:00,138 - INFO - this epoch dispatch models: [0 0 0 0 0 0 0 0 0 0]
2026-09-04 19:23:00,138 - INFO - this epoch received models: [np.int64(0), np.int64(0), np.int64(0), np.int64(0), np.int64(0), np.int64(0), np.int64(0), np.int64(0), np.int64(0), np.int64(0)]
2026-09-04 19:23:00,138 - INFO - hetero_proportion: 	4:3:3
2026-09-04 19:23:00,184 - INFO - Small evaluation profile: (0.4, 2, 2.120985)
2026-09-04 19:23:01,401 - INFO - Testing accuracy: 31.13
2026-09-04 19:23:01,402 - INFO - ********************************************************************************
2026-09-04 19:23:01,402 - INFO - Round 142
2026-09-04 19:23:07,189 - INFO - this epoch cost time:0.6914279460906982
2026-09-04 19:23:07,189 - INFO - this epoch choose: [55, 42, 99, 62, 27, 91, 62, 51, 91, 54]
2026-09-04 19:23:07,189 - INFO - this epoch dispatch models: [0 0 0 0 0 0 0 0 0 0]
2026-09-04 19:23:07,189 - INFO - this epoch received models: [np.int64(0), np.int64(0), np.int64(0), np.int64(0), np.int64(0), np.int64(0), np.int64(0), np.int64(0), np.int64(0), np.int64(0)]
2026-09-04 19:23:07,189 - INFO - hetero_proportion: 	4:3:3
2026-09-04 19:23:07,235 - INFO - Small evaluation profile: (0.4, 2, 2.120985)
2026-09-04 19:23:08,450 - INFO - Testing accuracy: 31.24
2026-09-04 19:23:08,450 - INFO - ********************************************************************************
2026-09-04 19:23:08,450 - INFO - Round 143
2026-09-04 19:23:13,845 - INFO - this epoch cost time:0.6540000438690186
2026-09-04 19:23:13,845 - INFO - this epoch choose: [11, 8, 16, 26, 19, 29, 93, 3, 13, 32]
2026-09-04 19:23:13,845 - INFO - this epoch dispatch models: [0 0 0 0 0 0 0 0 0 0]
2026-09-04 19:23:13,845 - INFO - this epoch received models: [np.int64(0), np.int64(0), np.int64(0), np.int64(0), np.int64(0), np.int64(0), np.int64(0), np.int64(0), np.int64(0), np.int64(0)]
2026-09-04 19:23:13,845 - INFO - hetero_proportion: 	4:3:3
2026-09-04 19:23:13,891 - INFO - Small evaluation profile: (0.4, 2, 2.120985)
2026-09-04 19:23:15,105 - INFO - Testing accuracy: 31.61
2026-09-04 19:23:15,106 - INFO - ********************************************************************************
2026-09-04 19:23:15,106 - INFO - Round 144
2026-09-04 19:23:21,335 - INFO - this epoch cost time:0.8830001354217529
2026-09-04 19:23:21,335 - INFO - this epoch choose: [19, 61, 99, 12, 51, 83, 92, 23, 0, 11]
2026-09-04 19:23:21,335 - INFO - this epoch dispatch models: [0 0 0 0 0 0 0 0 0 0]
2026-09-04 19:23:21,335 - INFO - this epoch received models: [np.int64(0), np.int64(0), np.int64(0), np.int64(0), np.int64(0), np.int64(0), np.int64(0), np.int64(0), np.int64(0), np.int64(0)]
2026-09-04 19:23:21,335 - INFO - hetero_proportion: 	4:3:3
2026-09-04 19:23:21,381 - INFO - Small evaluation profile: (0.4, 2, 2.120985)
2026-09-04 19:23:22,607 - INFO - Testing accuracy: 30.42
2026-09-04 19:23:22,608 - INFO - ********************************************************************************
2026-09-04 19:23:22,608 - INFO - Round 145
2026-09-04 19:23:28,351 - INFO - this epoch cost time:0.8749134540557861
2026-09-04 19:23:28,351 - INFO - this epoch choose: [54, 78, 6, 70, 27, 68, 54, 44, 6, 83]
2026-09-04 19:23:28,351 - INFO - this epoch dispatch models: [0 0 0 0 0 0 0 0 0 0]
2026-09-04 19:23:28,351 - INFO - this epoch received models: [np.int64(0), np.int64(0), np.int64(0), np.int64(0), np.int64(0), np.int64(0), np.int64(0), np.int64(0), np.int64(0), np.int64(0)]
2026-09-04 19:23:28,351 - INFO - hetero_proportion: 	4:3:3
2026-09-04 19:23:28,398 - INFO - Small evaluation profile: (0.4, 2, 2.120985)
2026-09-04 19:23:29,611 - INFO - Testing accuracy: 30.34
2026-09-04 19:23:29,611 - INFO - ********************************************************************************
2026-09-04 19:23:29,612 - INFO - Round 146
2026-09-04 19:23:35,070 - INFO - this epoch cost time:0.7130000591278076
2026-09-04 19:23:35,070 - INFO - this epoch choose: [13, 94, 70, 86, 53, 85, 94, 15, 33, 87]
2026-09-04 19:23:35,070 - INFO - this epoch dispatch models: [0 0 0 0 0 0 0 0 0 0]
2026-09-04 19:23:35,070 - INFO - this epoch received models: [np.int64(0), np.int64(0), np.int64(0), np.int64(0), np.int64(0), np.int64(0), np.int64(0), np.int64(0), np.int64(0), np.int64(0)]
2026-09-04 19:23:35,070 - INFO - hetero_proportion: 	4:3:3
2026-09-04 19:23:35,117 - INFO - Small evaluation profile: (0.4, 2, 2.120985)
2026-09-04 19:23:36,335 - INFO - Testing accuracy: 30.50
2026-09-04 19:23:36,335 - INFO - ********************************************************************************
2026-09-04 19:23:36,335 - INFO - Round 147
2026-09-04 19:23:41,899 - INFO - this epoch cost time:0.7043969631195068
2026-09-04 19:23:41,899 - INFO - this epoch choose: [35, 22, 61, 90, 6, 27, 86, 82, 11, 49]
2026-09-04 19:23:41,900 - INFO - this epoch dispatch models: [0 0 0 0 0 0 0 0 0 0]
2026-09-04 19:23:41,900 - INFO - this epoch received models: [np.int64(0), np.int64(0), np.int64(0), np.int64(0), np.int64(0), np.int64(0), np.int64(0), np.int64(0), np.int64(0), np.int64(0)]
2026-09-04 19:23:41,900 - INFO - hetero_proportion: 	4:3:3
2026-09-04 19:23:41,946 - INFO - Small evaluation profile: (0.4, 2, 2.120985)
2026-09-04 19:23:43,153 - INFO - Testing accuracy: 30.34
2026-09-04 19:23:43,154 - INFO - ********************************************************************************
2026-09-04 19:23:43,154 - INFO - Round 148
2026-09-04 19:23:48,454 - INFO - this epoch cost time:0.7090005874633789
2026-09-04 19:23:48,454 - INFO - this epoch choose: [15, 85, 57, 37, 87, 65, 63, 50, 14, 77]
2026-09-04 19:23:48,454 - INFO - this epoch dispatch models: [0 0 0 0 0 0 0 0 0 0]
2026-09-04 19:23:48,455 - INFO - this epoch received models: [np.int64(0), np.int64(0), np.int64(0), np.int64(0), np.int64(0), np.int64(0), np.int64(0), np.int64(0), np.int64(0), np.int64(0)]
2026-09-04 19:23:48,455 - INFO - hetero_proportion: 	4:3:3
2026-09-04 19:23:48,501 - INFO - Small evaluation profile: (0.4, 2, 2.120985)
2026-09-04 19:23:49,710 - INFO - Testing accuracy: 30.74
2026-09-04 19:23:49,711 - INFO - ********************************************************************************
2026-09-04 19:23:49,711 - INFO - Round 149
2026-09-04 19:23:55,169 - INFO - this epoch cost time:0.7101223468780518
2026-09-04 19:23:55,169 - INFO - this epoch choose: [61, 13, 19, 49, 78, 89, 25, 21, 66, 32]
2026-09-04 19:23:55,169 - INFO - this epoch dispatch models: [0 0 0 0 0 0 0 0 0 0]
2026-09-04 19:23:55,169 - INFO - this epoch received models: [np.int64(0), np.int64(0), np.int64(0), np.int64(0), np.int64(0), np.int64(0), np.int64(0), np.int64(0), np.int64(0), np.int64(0)]
2026-09-04 19:23:55,169 - INFO - hetero_proportion: 	4:3:3
2026-09-04 19:23:55,216 - INFO - Small evaluation profile: (0.4, 2, 2.120985)
2026-09-04 19:23:56,440 - INFO - Testing accuracy: 30.92
2026-09-04 19:23:56,441 - INFO - ********************************************************************************
2026-09-04 19:23:56,441 - INFO - Round 150
2026-09-04 19:24:02,655 - INFO - this epoch cost time:0.7715132236480713
2026-09-04 19:24:02,655 - INFO - this epoch choose: [53, 95, 68, 36, 63, 81, 69, 27, 97, 79]
2026-09-04 19:24:02,655 - INFO - this epoch dispatch models: [0 0 0 0 0 0 0 0 0 0]
2026-09-04 19:24:02,655 - INFO - this epoch received models: [np.int64(0), np.int64(0), np.int64(0), np.int64(0), np.int64(0), np.int64(0), np.int64(0), np.int64(0), np.int64(0), np.int64(0)]
2026-09-04 19:24:02,655 - INFO - hetero_proportion: 	4:3:3
2026-09-04 19:24:02,701 - INFO - Small evaluation profile: (0.4, 2, 2.120985)
2026-09-04 19:24:03,907 - INFO - Testing accuracy: 30.65
2026-09-04 19:24:03,907 - INFO - ********************************************************************************
2026-09-04 19:24:03,907 - INFO - Round 151
2026-09-04 19:24:09,320 - INFO - this epoch cost time:0.6579999923706055
2026-09-04 19:24:09,320 - INFO - this epoch choose: [43, 62, 13, 1, 96, 93, 84, 44, 90, 34]
2026-09-04 19:24:09,320 - INFO - this epoch dispatch models: [0 0 0 0 0 0 0 0 0 0]
2026-09-04 19:24:09,320 - INFO - this epoch received models: [np.int64(0), np.int64(0), np.int64(0), np.int64(0), np.int64(0), np.int64(0), np.int64(0), np.int64(0), np.int64(0), np.int64(0)]
2026-09-04 19:24:09,320 - INFO - hetero_proportion: 	4:3:3
2026-09-04 19:24:09,367 - INFO - Small evaluation profile: (0.4, 2, 2.120985)
2026-09-04 19:24:10,586 - INFO - Testing accuracy: 30.62
2026-09-04 19:24:10,587 - INFO - ********************************************************************************
2026-09-04 19:24:10,587 - INFO - Round 152
2026-09-04 19:24:16,390 - INFO - this epoch cost time:0.7704923152923584
2026-09-04 19:24:16,390 - INFO - this epoch choose: [7, 69, 80, 56, 38, 97, 12, 29, 65, 35]
2026-09-04 19:24:16,390 - INFO - this epoch dispatch models: [0 0 0 0 0 0 0 0 0 0]
2026-09-04 19:24:16,390 - INFO - this epoch received models: [np.int64(0), np.int64(0), np.int64(0), np.int64(0), np.int64(0), np.int64(0), np.int64(0), np.int64(0), np.int64(0), np.int64(0)]
2026-09-04 19:24:16,390 - INFO - hetero_proportion: 	4:3:3
2026-09-04 19:24:16,436 - INFO - Small evaluation profile: (0.4, 2, 2.120985)
2026-09-04 19:24:17,644 - INFO - Testing accuracy: 31.00
2026-09-04 19:24:17,645 - INFO - ********************************************************************************
2026-09-04 19:24:17,645 - INFO - Round 153
2026-09-04 19:24:22,869 - INFO - this epoch cost time:0.6569995880126953
2026-09-04 19:24:22,870 - INFO - this epoch choose: [34, 90, 31, 52, 18, 16, 32, 24, 52, 71]
2026-09-04 19:24:22,870 - INFO - this epoch dispatch models: [0 0 0 0 0 0 0 0 0 0]
2026-09-04 19:24:22,870 - INFO - this epoch received models: [np.int64(0), np.int64(0), np.int64(0), np.int64(0), np.int64(0), np.int64(0), np.int64(0), np.int64(0), np.int64(0), np.int64(0)]
2026-09-04 19:24:22,870 - INFO - hetero_proportion: 	4:3:3
2026-09-04 19:24:22,917 - INFO - Small evaluation profile: (0.4, 2, 2.120985)
2026-09-04 19:24:24,127 - INFO - Testing accuracy: 30.75
2026-09-04 19:24:24,128 - INFO - ********************************************************************************
2026-09-04 19:24:24,128 - INFO - Round 154
2026-09-04 19:24:29,763 - INFO - this epoch cost time:0.762592077255249
2026-09-04 19:24:29,763 - INFO - this epoch choose: [80, 76, 7, 68, 77, 65, 19, 52, 34, 35]
2026-09-04 19:24:29,763 - INFO - this epoch dispatch models: [0 0 0 0 0 0 0 0 0 0]
2026-09-04 19:24:29,763 - INFO - this epoch received models: [np.int64(0), np.int64(0), np.int64(0), np.int64(0), np.int64(0), np.int64(0), np.int64(0), np.int64(0), np.int64(0), np.int64(0)]
2026-09-04 19:24:29,763 - INFO - hetero_proportion: 	4:3:3
2026-09-04 19:24:29,809 - INFO - Small evaluation profile: (0.4, 2, 2.120985)
2026-09-04 19:24:31,026 - INFO - Testing accuracy: 30.77
2026-09-04 19:24:31,026 - INFO - ********************************************************************************
2026-09-04 19:24:31,026 - INFO - Round 155
2026-09-04 19:24:36,182 - INFO - this epoch cost time:0.6551291942596436
2026-09-04 19:24:36,182 - INFO - this epoch choose: [61, 89, 39, 34, 62, 27, 63, 47, 76, 60]
2026-09-04 19:24:36,182 - INFO - this epoch dispatch models: [0 0 0 0 0 0 0 0 0 0]
2026-09-04 19:24:36,182 - INFO - this epoch received models: [np.int64(0), np.int64(0), np.int64(0), np.int64(0), np.int64(0), np.int64(0), np.int64(0), np.int64(0), np.int64(0), np.int64(0)]
2026-09-04 19:24:36,182 - INFO - hetero_proportion: 	4:3:3
2026-09-04 19:24:36,230 - INFO - Small evaluation profile: (0.4, 2, 2.120985)
2026-09-04 19:24:37,448 - INFO - Testing accuracy: 30.94
2026-09-04 19:24:37,448 - INFO - ********************************************************************************
2026-09-04 19:24:37,448 - INFO - Round 156
2026-09-04 19:24:43,248 - INFO - this epoch cost time:0.708000659942627
2026-09-04 19:24:43,248 - INFO - this epoch choose: [30, 43, 22, 77, 97, 23, 94, 74, 88, 57]
2026-09-04 19:24:43,248 - INFO - this epoch dispatch models: [0 0 0 0 0 0 0 0 0 0]
2026-09-04 19:24:43,249 - INFO - this epoch received models: [np.int64(0), np.int64(0), np.int64(0), np.int64(0), np.int64(0), np.int64(0), np.int64(0), np.int64(0), np.int64(0), np.int64(0)]
2026-09-04 19:24:43,249 - INFO - hetero_proportion: 	4:3:3
2026-09-04 19:24:43,297 - INFO - Small evaluation profile: (0.4, 2, 2.120985)
2026-09-04 19:24:44,511 - INFO - Testing accuracy: 31.33
2026-09-04 19:24:44,511 - INFO - ********************************************************************************
2026-09-04 19:24:44,511 - INFO - Round 157
2026-09-04 19:24:50,104 - INFO - this epoch cost time:0.7127542495727539
2026-09-04 19:24:50,104 - INFO - this epoch choose: [68, 19, 7, 64, 41, 67, 88, 17, 82, 97]
2026-09-04 19:24:50,104 - INFO - this epoch dispatch models: [0 0 0 0 0 0 0 0 0 0]
2026-09-04 19:24:50,104 - INFO - this epoch received models: [np.int64(0), np.int64(0), np.int64(0), np.int64(0), np.int64(0), np.int64(0), np.int64(0), np.int64(0), np.int64(0), np.int64(0)]
2026-09-04 19:24:50,104 - INFO - hetero_proportion: 	4:3:3
2026-09-04 19:24:50,150 - INFO - Small evaluation profile: (0.4, 2, 2.120985)
2026-09-04 19:24:51,343 - INFO - Testing accuracy: 31.26
2026-09-04 19:24:51,343 - INFO - ********************************************************************************
2026-09-04 19:24:51,343 - INFO - Round 158
2026-09-04 19:24:56,396 - INFO - this epoch cost time:0.581000804901123
2026-09-04 19:24:56,396 - INFO - this epoch choose: [27, 40, 79, 63, 61, 42, 15, 16, 17, 89]
2026-09-04 19:24:56,396 - INFO - this epoch dispatch models: [0 0 0 0 0 0 0 0 0 0]
2026-09-04 19:24:56,396 - INFO - this epoch received models: [np.int64(0), np.int64(0), np.int64(0), np.int64(0), np.int64(0), np.int64(0), np.int64(0), np.int64(0), np.int64(0), np.int64(0)]
2026-09-04 19:24:56,396 - INFO - hetero_proportion: 	4:3:3
2026-09-04 19:24:56,443 - INFO - Small evaluation profile: (0.4, 2, 2.120985)
2026-09-04 19:24:57,637 - INFO - Testing accuracy: 31.48
2026-09-04 19:24:57,637 - INFO - ********************************************************************************
2026-09-04 19:24:57,637 - INFO - Round 159
2026-09-04 19:25:02,695 - INFO - this epoch cost time:0.7510063648223877
2026-09-04 19:25:02,695 - INFO - this epoch choose: [32, 28, 11, 81, 68, 89, 6, 72, 22, 87]
2026-09-04 19:25:02,695 - INFO - this epoch dispatch models: [0 0 0 0 0 0 0 0 0 0]
2026-09-04 19:25:02,695 - INFO - this epoch received models: [np.int64(0), np.int64(0), np.int64(0), np.int64(0), np.int64(0), np.int64(0), np.int64(0), np.int64(0), np.int64(0), np.int64(0)]
2026-09-04 19:25:02,695 - INFO - hetero_proportion: 	4:3:3
2026-09-04 19:25:02,742 - INFO - Small evaluation profile: (0.4, 2, 2.120985)
2026-09-04 19:25:03,935 - INFO - Testing accuracy: 30.94
2026-09-04 19:25:03,935 - INFO - ********************************************************************************
2026-09-04 19:25:03,935 - INFO - Round 160
2026-09-04 19:25:09,333 - INFO - this epoch cost time:0.6980752944946289
2026-09-04 19:25:09,333 - INFO - this epoch choose: [14, 28, 72, 25, 64, 72, 84, 39, 54, 41]
2026-09-04 19:25:09,333 - INFO - this epoch dispatch models: [0 0 0 0 0 0 0 0 0 0]
2026-09-04 19:25:09,333 - INFO - this epoch received models: [np.int64(0), np.int64(0), np.int64(0), np.int64(0), np.int64(0), np.int64(0), np.int64(0), np.int64(0), np.int64(0), np.int64(0)]
2026-09-04 19:25:09,333 - INFO - hetero_proportion: 	4:3:3
2026-09-04 19:25:09,379 - INFO - Small evaluation profile: (0.4, 2, 2.120985)
2026-09-04 19:25:10,561 - INFO - Testing accuracy: 31.48
2026-09-04 19:25:10,562 - INFO - ********************************************************************************
2026-09-04 19:25:10,562 - INFO - Round 161
2026-09-04 19:25:15,923 - INFO - this epoch cost time:0.6937785148620605
2026-09-04 19:25:15,923 - INFO - this epoch choose: [0, 99, 2, 39, 78, 28, 10, 95, 28, 35]
2026-09-04 19:25:15,923 - INFO - this epoch dispatch models: [0 0 0 0 0 0 0 0 0 0]
2026-09-04 19:25:15,923 - INFO - this epoch received models: [np.int64(0), np.int64(0), np.int64(0), np.int64(0), np.int64(0), np.int64(0), np.int64(0), np.int64(0), np.int64(0), np.int64(0)]
2026-09-04 19:25:15,923 - INFO - hetero_proportion: 	4:3:3
2026-09-04 19:25:15,970 - INFO - Small evaluation profile: (0.4, 2, 2.120985)
2026-09-04 19:25:17,161 - INFO - Testing accuracy: 30.99
2026-09-04 19:25:17,162 - INFO - ********************************************************************************
2026-09-04 19:25:17,162 - INFO - Round 162
2026-09-04 19:25:22,773 - INFO - this epoch cost time:0.7465651035308838
2026-09-04 19:25:22,773 - INFO - this epoch choose: [87, 80, 43, 34, 76, 92, 66, 48, 2, 15]
2026-09-04 19:25:22,773 - INFO - this epoch dispatch models: [0 0 0 0 0 0 0 0 0 0]
2026-09-04 19:25:22,773 - INFO - this epoch received models: [np.int64(0), np.int64(0), np.int64(0), np.int64(0), np.int64(0), np.int64(0), np.int64(0), np.int64(0), np.int64(0), np.int64(0)]
2026-09-04 19:25:22,773 - INFO - hetero_proportion: 	4:3:3
2026-09-04 19:25:22,820 - INFO - Small evaluation profile: (0.4, 2, 2.120985)
2026-09-04 19:25:24,006 - INFO - Testing accuracy: 31.58
2026-09-04 19:25:24,006 - INFO - ********************************************************************************
2026-09-04 19:25:24,006 - INFO - Round 163
2026-09-04 19:25:29,126 - INFO - this epoch cost time:0.6999995708465576
2026-09-04 19:25:29,127 - INFO - this epoch choose: [42, 44, 17, 14, 32, 98, 18, 87, 73, 5]
2026-09-04 19:25:29,127 - INFO - this epoch dispatch models: [0 0 0 0 0 0 0 0 0 0]
2026-09-04 19:25:29,127 - INFO - this epoch received models: [np.int64(0), np.int64(0), np.int64(0), np.int64(0), np.int64(0), np.int64(0), np.int64(0), np.int64(0), np.int64(0), np.int64(0)]
2026-09-04 19:25:29,127 - INFO - hetero_proportion: 	4:3:3
2026-09-04 19:25:29,174 - INFO - Small evaluation profile: (0.4, 2, 2.120985)
2026-09-04 19:25:30,354 - INFO - Testing accuracy: 31.55
2026-09-04 19:25:30,354 - INFO - ********************************************************************************
2026-09-04 19:25:30,354 - INFO - Round 164
2026-09-04 19:25:35,632 - INFO - this epoch cost time:0.6361720561981201
2026-09-04 19:25:35,632 - INFO - this epoch choose: [44, 9, 11, 92, 13, 38, 40, 31, 34, 67]
2026-09-04 19:25:35,632 - INFO - this epoch dispatch models: [0 0 0 0 0 0 0 0 0 0]
2026-09-04 19:25:35,632 - INFO - this epoch received models: [np.int64(0), np.int64(0), np.int64(0), np.int64(0), np.int64(0), np.int64(0), np.int64(0), np.int64(0), np.int64(0), np.int64(0)]
2026-09-04 19:25:35,632 - INFO - hetero_proportion: 	4:3:3
2026-09-04 19:25:35,679 - INFO - Small evaluation profile: (0.4, 2, 2.120985)
2026-09-04 19:25:36,872 - INFO - Testing accuracy: 31.23
2026-09-04 19:25:36,872 - INFO - ********************************************************************************
2026-09-04 19:25:36,872 - INFO - Round 165
2026-09-04 19:25:42,555 - INFO - this epoch cost time:0.747999906539917
2026-09-04 19:25:42,555 - INFO - this epoch choose: [6, 46, 3, 10, 17, 51, 47, 92, 81, 88]
2026-09-04 19:25:42,555 - INFO - this epoch dispatch models: [0 0 0 0 0 0 0 0 0 0]
2026-09-04 19:25:42,555 - INFO - this epoch received models: [np.int64(0), np.int64(0), np.int64(0), np.int64(0), np.int64(0), np.int64(0), np.int64(0), np.int64(0), np.int64(0), np.int64(0)]
2026-09-04 19:25:42,555 - INFO - hetero_proportion: 	4:3:3
2026-09-04 19:25:42,600 - INFO - Small evaluation profile: (0.4, 2, 2.120985)
2026-09-04 19:25:43,794 - INFO - Testing accuracy: 31.45
2026-09-04 19:25:43,794 - INFO - ********************************************************************************
2026-09-04 19:25:43,794 - INFO - Round 166
2026-09-04 19:25:49,377 - INFO - this epoch cost time:0.6980574131011963
2026-09-04 19:25:49,377 - INFO - this epoch choose: [30, 12, 86, 42, 35, 1, 65, 41, 14, 45]
2026-09-04 19:25:49,378 - INFO - this epoch dispatch models: [0 0 0 0 0 0 0 0 0 0]
2026-09-04 19:25:49,378 - INFO - this epoch received models: [np.int64(0), np.int64(0), np.int64(0), np.int64(0), np.int64(0), np.int64(0), np.int64(0), np.int64(0), np.int64(0), np.int64(0)]
2026-09-04 19:25:49,378 - INFO - hetero_proportion: 	4:3:3
2026-09-04 19:25:49,424 - INFO - Small evaluation profile: (0.4, 2, 2.120985)
2026-09-04 19:25:50,615 - INFO - Testing accuracy: 31.22
2026-09-04 19:25:50,615 - INFO - ********************************************************************************
2026-09-04 19:25:50,615 - INFO - Round 167
2026-09-04 19:25:56,178 - INFO - this epoch cost time:0.6393065452575684
2026-09-04 19:25:56,178 - INFO - this epoch choose: [82, 92, 16, 77, 34, 51, 11, 86, 73, 79]
2026-09-04 19:25:56,178 - INFO - this epoch dispatch models: [0 0 0 0 0 0 0 0 0 0]
2026-09-04 19:25:56,178 - INFO - this epoch received models: [np.int64(0), np.int64(0), np.int64(0), np.int64(0), np.int64(0), np.int64(0), np.int64(0), np.int64(0), np.int64(0), np.int64(0)]
2026-09-04 19:25:56,178 - INFO - hetero_proportion: 	4:3:3
2026-09-04 19:25:56,224 - INFO - Small evaluation profile: (0.4, 2, 2.120985)
2026-09-04 19:25:57,416 - INFO - Testing accuracy: 31.03
2026-09-04 19:25:57,417 - INFO - ********************************************************************************
2026-09-04 19:25:57,417 - INFO - Round 168
2026-09-04 19:26:02,815 - INFO - this epoch cost time:0.7491555213928223
2026-09-04 19:26:02,815 - INFO - this epoch choose: [92, 67, 60, 72, 53, 68, 50, 38, 28, 80]
2026-09-04 19:26:02,815 - INFO - this epoch dispatch models: [0 0 0 0 0 0 0 0 0 0]
2026-09-04 19:26:02,815 - INFO - this epoch received models: [np.int64(0), np.int64(0), np.int64(0), np.int64(0), np.int64(0), np.int64(0), np.int64(0), np.int64(0), np.int64(0), np.int64(0)]
2026-09-04 19:26:02,815 - INFO - hetero_proportion: 	4:3:3
2026-09-04 19:26:02,862 - INFO - Small evaluation profile: (0.4, 2, 2.120985)
2026-09-04 19:26:04,044 - INFO - Testing accuracy: 31.53
2026-09-04 19:26:04,044 - INFO - ********************************************************************************
2026-09-04 19:26:04,044 - INFO - Round 169
2026-09-04 19:26:09,452 - INFO - this epoch cost time:0.703416109085083
2026-09-04 19:26:09,452 - INFO - this epoch choose: [38, 70, 17, 6, 76, 65, 14, 22, 30, 27]
2026-09-04 19:26:09,453 - INFO - this epoch dispatch models: [0 0 0 0 0 0 0 0 0 0]
2026-09-04 19:26:09,453 - INFO - this epoch received models: [np.int64(0), np.int64(0), np.int64(0), np.int64(0), np.int64(0), np.int64(0), np.int64(0), np.int64(0), np.int64(0), np.int64(0)]
2026-09-04 19:26:09,453 - INFO - hetero_proportion: 	4:3:3
2026-09-04 19:26:09,499 - INFO - Small evaluation profile: (0.4, 2, 2.120985)
2026-09-04 19:26:10,683 - INFO - Testing accuracy: 31.41
2026-09-04 19:26:10,684 - INFO - ********************************************************************************
2026-09-04 19:26:10,684 - INFO - Round 170
2026-09-04 19:26:16,261 - INFO - this epoch cost time:0.7560012340545654
2026-09-04 19:26:16,261 - INFO - this epoch choose: [55, 35, 69, 2, 32, 68, 34, 67, 33, 60]
2026-09-04 19:26:16,261 - INFO - this epoch dispatch models: [0 0 0 0 0 0 0 0 0 0]
2026-09-04 19:26:16,261 - INFO - this epoch received models: [np.int64(0), np.int64(0), np.int64(0), np.int64(0), np.int64(0), np.int64(0), np.int64(0), np.int64(0), np.int64(0), np.int64(0)]
2026-09-04 19:26:16,261 - INFO - hetero_proportion: 	4:3:3
2026-09-04 19:26:16,308 - INFO - Small evaluation profile: (0.4, 2, 2.120985)
2026-09-04 19:26:17,485 - INFO - Testing accuracy: 30.77
2026-09-04 19:26:17,485 - INFO - ********************************************************************************
2026-09-04 19:26:17,485 - INFO - Round 171
2026-09-04 19:26:23,682 - INFO - this epoch cost time:0.8672749996185303
2026-09-04 19:26:23,682 - INFO - this epoch choose: [16, 51, 90, 13, 95, 47, 8, 83, 69, 46]
2026-09-04 19:26:23,683 - INFO - this epoch dispatch models: [0 0 0 0 0 0 0 0 0 0]
2026-09-04 19:26:23,683 - INFO - this epoch received models: [np.int64(0), np.int64(0), np.int64(0), np.int64(0), np.int64(0), np.int64(0), np.int64(0), np.int64(0), np.int64(0), np.int64(0)]
2026-09-04 19:26:23,683 - INFO - hetero_proportion: 	4:3:3
2026-09-04 19:26:23,729 - INFO - Small evaluation profile: (0.4, 2, 2.120985)
2026-09-04 19:26:24,911 - INFO - Testing accuracy: 31.19
2026-09-04 19:26:24,912 - INFO - ********************************************************************************
2026-09-04 19:26:24,912 - INFO - Round 172
2026-09-04 19:26:30,696 - INFO - this epoch cost time:0.7496423721313477
2026-09-04 19:26:30,696 - INFO - this epoch choose: [69, 71, 92, 64, 87, 74, 3, 79, 39, 57]
2026-09-04 19:26:30,696 - INFO - this epoch dispatch models: [0 0 0 0 0 0 0 0 0 0]
2026-09-04 19:26:30,696 - INFO - this epoch received models: [np.int64(0), np.int64(0), np.int64(0), np.int64(0), np.int64(0), np.int64(0), np.int64(0), np.int64(0), np.int64(0), np.int64(0)]
2026-09-04 19:26:30,696 - INFO - hetero_proportion: 	4:3:3
2026-09-04 19:26:30,742 - INFO - Small evaluation profile: (0.4, 2, 2.120985)
2026-09-04 19:26:31,929 - INFO - Testing accuracy: 30.52
2026-09-04 19:26:31,930 - INFO - ********************************************************************************
2026-09-04 19:26:31,930 - INFO - Round 173
2026-09-04 19:26:37,045 - INFO - this epoch cost time:0.6400001049041748
2026-09-04 19:26:37,045 - INFO - this epoch choose: [87, 16, 19, 9, 74, 18, 86, 27, 61, 98]
2026-09-04 19:26:37,045 - INFO - this epoch dispatch models: [0 0 0 0 0 0 0 0 0 0]
2026-09-04 19:26:37,045 - INFO - this epoch received models: [np.int64(0), np.int64(0), np.int64(0), np.int64(0), np.int64(0), np.int64(0), np.int64(0), np.int64(0), np.int64(0), np.int64(0)]
2026-09-04 19:26:37,045 - INFO - hetero_proportion: 	4:3:3
2026-09-04 19:26:37,090 - INFO - Small evaluation profile: (0.4, 2, 2.120985)
2026-09-04 19:26:38,277 - INFO - Testing accuracy: 30.84
2026-09-04 19:26:38,277 - INFO - ********************************************************************************
2026-09-04 19:26:38,277 - INFO - Round 174
2026-09-04 19:26:44,036 - INFO - this epoch cost time:0.6990008354187012
2026-09-04 19:26:44,036 - INFO - this epoch choose: [42, 46, 37, 20, 19, 48, 56, 51, 15, 76]
2026-09-04 19:26:44,036 - INFO - this epoch dispatch models: [0 0 0 0 0 0 0 0 0 0]
2026-09-04 19:26:44,036 - INFO - this epoch received models: [np.int64(0), np.int64(0), np.int64(0), np.int64(0), np.int64(0), np.int64(0), np.int64(0), np.int64(0), np.int64(0), np.int64(0)]
2026-09-04 19:26:44,036 - INFO - hetero_proportion: 	4:3:3
2026-09-04 19:26:44,083 - INFO - Small evaluation profile: (0.4, 2, 2.120985)
2026-09-04 19:26:45,265 - INFO - Testing accuracy: 31.13
2026-09-04 19:26:45,265 - INFO - ********************************************************************************
2026-09-04 19:26:45,265 - INFO - Round 175
2026-09-04 19:26:50,655 - INFO - this epoch cost time:0.7547206878662109
2026-09-04 19:26:50,655 - INFO - this epoch choose: [18, 34, 37, 85, 87, 81, 77, 1, 68, 1]
2026-09-04 19:26:50,656 - INFO - this epoch dispatch models: [0 0 0 0 0 0 0 0 0 0]
2026-09-04 19:26:50,656 - INFO - this epoch received models: [np.int64(0), np.int64(0), np.int64(0), np.int64(0), np.int64(0), np.int64(0), np.int64(0), np.int64(0), np.int64(0), np.int64(0)]
2026-09-04 19:26:50,656 - INFO - hetero_proportion: 	4:3:3
2026-09-04 19:26:50,701 - INFO - Small evaluation profile: (0.4, 2, 2.120985)
2026-09-04 19:26:51,882 - INFO - Testing accuracy: 30.25
2026-09-04 19:26:51,883 - INFO - ********************************************************************************
2026-09-04 19:26:51,883 - INFO - Round 176
2026-09-04 19:26:57,511 - INFO - this epoch cost time:0.6946859359741211
2026-09-04 19:26:57,511 - INFO - this epoch choose: [82, 16, 48, 95, 71, 12, 58, 3, 99, 55]
2026-09-04 19:26:57,511 - INFO - this epoch dispatch models: [0 0 0 0 0 0 0 0 0 0]
2026-09-04 19:26:57,511 - INFO - this epoch received models: [np.int64(0), np.int64(0), np.int64(0), np.int64(0), np.int64(0), np.int64(0), np.int64(0), np.int64(0), np.int64(0), np.int64(0)]
2026-09-04 19:26:57,511 - INFO - hetero_proportion: 	4:3:3
2026-09-04 19:26:57,557 - INFO - Small evaluation profile: (0.4, 2, 2.120985)
2026-09-04 19:26:58,740 - INFO - Testing accuracy: 30.63
2026-09-04 19:26:58,741 - INFO - ********************************************************************************
2026-09-04 19:26:58,741 - INFO - Round 177
2026-09-04 19:27:03,915 - INFO - this epoch cost time:0.6375508308410645
2026-09-04 19:27:03,916 - INFO - this epoch choose: [76, 86, 54, 35, 47, 52, 51, 77, 59, 6]
2026-09-04 19:27:03,916 - INFO - this epoch dispatch models: [0 0 0 0 0 0 0 0 0 0]
2026-09-04 19:27:03,916 - INFO - this epoch received models: [np.int64(0), np.int64(0), np.int64(0), np.int64(0), np.int64(0), np.int64(0), np.int64(0), np.int64(0), np.int64(0), np.int64(0)]
2026-09-04 19:27:03,916 - INFO - hetero_proportion: 	4:3:3
2026-09-04 19:27:03,962 - INFO - Small evaluation profile: (0.4, 2, 2.120985)
2026-09-04 19:27:05,147 - INFO - Testing accuracy: 30.61
2026-09-04 19:27:05,147 - INFO - ********************************************************************************
2026-09-04 19:27:05,147 - INFO - Round 178
2026-09-04 19:27:10,876 - INFO - this epoch cost time:0.6950511932373047
2026-09-04 19:27:10,876 - INFO - this epoch choose: [12, 60, 99, 4, 82, 90, 89, 0, 5, 14]
2026-09-04 19:27:10,876 - INFO - this epoch dispatch models: [0 0 0 0 0 0 0 0 0 0]
2026-09-04 19:27:10,876 - INFO - this epoch received models: [np.int64(0), np.int64(0), np.int64(0), np.int64(0), np.int64(0), np.int64(0), np.int64(0), np.int64(0), np.int64(0), np.int64(0)]
2026-09-04 19:27:10,876 - INFO - hetero_proportion: 	4:3:3
2026-09-04 19:27:10,922 - INFO - Small evaluation profile: (0.4, 2, 2.120985)
2026-09-04 19:27:12,119 - INFO - Testing accuracy: 31.32
2026-09-04 19:27:12,119 - INFO - ********************************************************************************
2026-09-04 19:27:12,120 - INFO - Round 179
2026-09-04 19:27:17,904 - INFO - this epoch cost time:0.8584496974945068
2026-09-04 19:27:17,904 - INFO - this epoch choose: [75, 17, 67, 65, 97, 45, 70, 34, 72, 83]
2026-09-04 19:27:17,905 - INFO - this epoch dispatch models: [0 0 0 0 0 0 0 0 0 0]
2026-09-04 19:27:17,905 - INFO - this epoch received models: [np.int64(0), np.int64(0), np.int64(0), np.int64(0), np.int64(0), np.int64(0), np.int64(0), np.int64(0), np.int64(0), np.int64(0)]
2026-09-04 19:27:17,905 - INFO - hetero_proportion: 	4:3:3
2026-09-04 19:27:17,950 - INFO - Small evaluation profile: (0.4, 2, 2.120985)
2026-09-04 19:27:19,145 - INFO - Testing accuracy: 31.11
2026-09-04 19:27:19,145 - INFO - ********************************************************************************
2026-09-04 19:27:19,145 - INFO - Round 180
2026-09-04 19:27:24,541 - INFO - this epoch cost time:0.6356725692749023
2026-09-04 19:27:24,541 - INFO - this epoch choose: [45, 60, 89, 31, 79, 30, 13, 71, 45, 20]
2026-09-04 19:27:24,541 - INFO - this epoch dispatch models: [0 0 0 0 0 0 0 0 0 0]
2026-09-04 19:27:24,541 - INFO - this epoch received models: [np.int64(0), np.int64(0), np.int64(0), np.int64(0), np.int64(0), np.int64(0), np.int64(0), np.int64(0), np.int64(0), np.int64(0)]
2026-09-04 19:27:24,541 - INFO - hetero_proportion: 	4:3:3
2026-09-04 19:27:24,588 - INFO - Small evaluation profile: (0.4, 2, 2.120985)
2026-09-04 19:27:25,775 - INFO - Testing accuracy: 30.97
2026-09-04 19:27:25,775 - INFO - ********************************************************************************
2026-09-04 19:27:25,775 - INFO - Round 181
2026-09-04 19:27:31,070 - INFO - this epoch cost time:0.6962540149688721
2026-09-04 19:27:31,070 - INFO - this epoch choose: [14, 99, 5, 90, 40, 54, 93, 44, 32, 84]
2026-09-04 19:27:31,071 - INFO - this epoch dispatch models: [0 0 0 0 0 0 0 0 0 0]
2026-09-04 19:27:31,071 - INFO - this epoch received models: [np.int64(0), np.int64(0), np.int64(0), np.int64(0), np.int64(0), np.int64(0), np.int64(0), np.int64(0), np.int64(0), np.int64(0)]
2026-09-04 19:27:31,071 - INFO - hetero_proportion: 	4:3:3
2026-09-04 19:27:31,116 - INFO - Small evaluation profile: (0.4, 2, 2.120985)
2026-09-04 19:27:32,307 - INFO - Testing accuracy: 31.04
2026-09-04 19:27:32,307 - INFO - ********************************************************************************
2026-09-04 19:27:32,307 - INFO - Round 182
2026-09-04 19:27:38,164 - INFO - this epoch cost time:0.7507524490356445
2026-09-04 19:27:38,164 - INFO - this epoch choose: [80, 98, 7, 78, 55, 53, 48, 45, 37, 96]
2026-09-04 19:27:38,164 - INFO - this epoch dispatch models: [0 0 0 0 0 0 0 0 0 0]
2026-09-04 19:27:38,164 - INFO - this epoch received models: [np.int64(0), np.int64(0), np.int64(0), np.int64(0), np.int64(0), np.int64(0), np.int64(0), np.int64(0), np.int64(0), np.int64(0)]
2026-09-04 19:27:38,164 - INFO - hetero_proportion: 	4:3:3
2026-09-04 19:27:38,209 - INFO - Small evaluation profile: (0.4, 2, 2.120985)
2026-09-04 19:27:39,400 - INFO - Testing accuracy: 30.97
2026-09-04 19:27:39,400 - INFO - ********************************************************************************
2026-09-04 19:27:39,400 - INFO - Round 183
2026-09-04 19:27:44,811 - INFO - this epoch cost time:0.75341796875
2026-09-04 19:27:44,811 - INFO - this epoch choose: [43, 56, 89, 30, 81, 78, 66, 18, 7, 43]
2026-09-04 19:27:44,811 - INFO - this epoch dispatch models: [0 0 0 0 0 0 0 0 0 0]
2026-09-04 19:27:44,811 - INFO - this epoch received models: [np.int64(0), np.int64(0), np.int64(0), np.int64(0), np.int64(0), np.int64(0), np.int64(0), np.int64(0), np.int64(0), np.int64(0)]
2026-09-04 19:27:44,811 - INFO - hetero_proportion: 	4:3:3
2026-09-04 19:27:44,856 - INFO - Small evaluation profile: (0.4, 2, 2.120985)
2026-09-04 19:27:46,046 - INFO - Testing accuracy: 30.93
2026-09-04 19:27:46,047 - INFO - ********************************************************************************
2026-09-04 19:27:46,047 - INFO - Round 184
2026-09-04 19:27:52,073 - INFO - this epoch cost time:0.7522835731506348
2026-09-04 19:27:52,073 - INFO - this epoch choose: [86, 14, 65, 22, 69, 82, 80, 62, 43, 96]
2026-09-04 19:27:52,073 - INFO - this epoch dispatch models: [0 0 0 0 0 0 0 0 0 0]
2026-09-04 19:27:52,073 - INFO - this epoch received models: [np.int64(0), np.int64(0), np.int64(0), np.int64(0), np.int64(0), np.int64(0), np.int64(0), np.int64(0), np.int64(0), np.int64(0)]
2026-09-04 19:27:52,074 - INFO - hetero_proportion: 	4:3:3
2026-09-04 19:27:52,120 - INFO - Small evaluation profile: (0.4, 2, 2.120985)
2026-09-04 19:27:53,314 - INFO - Testing accuracy: 30.47
2026-09-04 19:27:53,315 - INFO - ********************************************************************************
2026-09-04 19:27:53,315 - INFO - Round 185
2026-09-04 19:27:58,930 - INFO - this epoch cost time:0.7473938465118408
2026-09-04 19:27:58,930 - INFO - this epoch choose: [90, 15, 74, 2, 61, 26, 49, 80, 22, 50]
2026-09-04 19:27:58,930 - INFO - this epoch dispatch models: [0 0 0 0 0 0 0 0 0 0]
2026-09-04 19:27:58,930 - INFO - this epoch received models: [np.int64(0), np.int64(0), np.int64(0), np.int64(0), np.int64(0), np.int64(0), np.int64(0), np.int64(0), np.int64(0), np.int64(0)]
2026-09-04 19:27:58,930 - INFO - hetero_proportion: 	4:3:3
2026-09-04 19:27:58,978 - INFO - Small evaluation profile: (0.4, 2, 2.120985)
2026-09-04 19:28:00,164 - INFO - Testing accuracy: 30.80
2026-09-04 19:28:00,164 - INFO - ********************************************************************************
2026-09-04 19:28:00,164 - INFO - Round 186
2026-09-04 19:28:05,226 - INFO - this epoch cost time:0.5803742408752441
2026-09-04 19:28:05,227 - INFO - this epoch choose: [91, 29, 12, 31, 42, 42, 84, 31, 86, 59]
2026-09-04 19:28:05,227 - INFO - this epoch dispatch models: [0 0 0 0 0 0 0 0 0 0]
2026-09-04 19:28:05,227 - INFO - this epoch received models: [np.int64(0), np.int64(0), np.int64(0), np.int64(0), np.int64(0), np.int64(0), np.int64(0), np.int64(0), np.int64(0), np.int64(0)]
2026-09-04 19:28:05,227 - INFO - hetero_proportion: 	4:3:3
2026-09-04 19:28:05,273 - INFO - Small evaluation profile: (0.4, 2, 2.120985)
2026-09-04 19:28:06,453 - INFO - Testing accuracy: 30.99
2026-09-04 19:28:06,453 - INFO - ********************************************************************************
2026-09-04 19:28:06,453 - INFO - Round 187
2026-09-04 19:28:11,957 - INFO - this epoch cost time:0.8655774593353271
2026-09-04 19:28:11,957 - INFO - this epoch choose: [95, 60, 47, 63, 83, 98, 84, 92, 24, 55]
2026-09-04 19:28:11,958 - INFO - this epoch dispatch models: [0 0 0 0 0 0 0 0 0 0]
2026-09-04 19:28:11,958 - INFO - this epoch received models: [np.int64(0), np.int64(0), np.int64(0), np.int64(0), np.int64(0), np.int64(0), np.int64(0), np.int64(0), np.int64(0), np.int64(0)]
2026-09-04 19:28:11,958 - INFO - hetero_proportion: 	4:3:3
2026-09-04 19:28:12,004 - INFO - Small evaluation profile: (0.4, 2, 2.120985)
2026-09-04 19:28:13,189 - INFO - Testing accuracy: 30.84
2026-09-04 19:28:13,190 - INFO - ********************************************************************************
2026-09-04 19:28:13,190 - INFO - Round 188
2026-09-04 19:28:18,872 - INFO - this epoch cost time:0.7504029273986816
2026-09-04 19:28:18,872 - INFO - this epoch choose: [56, 51, 69, 15, 73, 62, 34, 16, 19, 1]
2026-09-04 19:28:18,872 - INFO - this epoch dispatch models: [0 0 0 0 0 0 0 0 0 0]
2026-09-04 19:28:18,872 - INFO - this epoch received models: [np.int64(0), np.int64(0), np.int64(0), np.int64(0), np.int64(0), np.int64(0), np.int64(0), np.int64(0), np.int64(0), np.int64(0)]
2026-09-04 19:28:18,872 - INFO - hetero_proportion: 	4:3:3
2026-09-04 19:28:18,918 - INFO - Small evaluation profile: (0.4, 2, 2.120985)
2026-09-04 19:28:20,101 - INFO - Testing accuracy: 30.72
2026-09-04 19:28:20,102 - INFO - ********************************************************************************
2026-09-04 19:28:20,102 - INFO - Round 189
2026-09-04 19:28:26,590 - INFO - this epoch cost time:0.8709530830383301
2026-09-04 19:28:26,590 - INFO - this epoch choose: [48, 53, 13, 3, 83, 9, 23, 58, 98, 48]
2026-09-04 19:28:26,590 - INFO - this epoch dispatch models: [0 0 0 0 0 0 0 0 0 0]
2026-09-04 19:28:26,590 - INFO - this epoch received models: [np.int64(0), np.int64(0), np.int64(0), np.int64(0), np.int64(0), np.int64(0), np.int64(0), np.int64(0), np.int64(0), np.int64(0)]
2026-09-04 19:28:26,590 - INFO - hetero_proportion: 	4:3:3
2026-09-04 19:28:26,637 - INFO - Small evaluation profile: (0.4, 2, 2.120985)
2026-09-04 19:28:27,828 - INFO - Testing accuracy: 31.02
2026-09-04 19:28:27,829 - INFO - ********************************************************************************
2026-09-04 19:28:27,829 - INFO - Round 190
2026-09-04 19:28:33,438 - INFO - this epoch cost time:0.7002546787261963
2026-09-04 19:28:33,438 - INFO - this epoch choose: [85, 64, 36, 19, 19, 67, 13, 32, 2, 59]
2026-09-04 19:28:33,438 - INFO - this epoch dispatch models: [0 0 0 0 0 0 0 0 0 0]
2026-09-04 19:28:33,438 - INFO - this epoch received models: [np.int64(0), np.int64(0), np.int64(0), np.int64(0), np.int64(0), np.int64(0), np.int64(0), np.int64(0), np.int64(0), np.int64(0)]
2026-09-04 19:28:33,438 - INFO - hetero_proportion: 	4:3:3
2026-09-04 19:28:33,484 - INFO - Small evaluation profile: (0.4, 2, 2.120985)
2026-09-04 19:28:34,662 - INFO - Testing accuracy: 30.93
2026-09-04 19:28:34,663 - INFO - ********************************************************************************
2026-09-04 19:28:34,663 - INFO - Round 191
2026-09-04 19:28:40,225 - INFO - this epoch cost time:0.7511796951293945
2026-09-04 19:28:40,225 - INFO - this epoch choose: [50, 81, 90, 94, 29, 68, 89, 50, 0, 69]
2026-09-04 19:28:40,225 - INFO - this epoch dispatch models: [0 0 0 0 0 0 0 0 0 0]
2026-09-04 19:28:40,225 - INFO - this epoch received models: [np.int64(0), np.int64(0), np.int64(0), np.int64(0), np.int64(0), np.int64(0), np.int64(0), np.int64(0), np.int64(0), np.int64(0)]
2026-09-04 19:28:40,227 - INFO - hetero_proportion: 	4:3:3
2026-09-04 19:28:40,272 - INFO - Small evaluation profile: (0.4, 2, 2.120985)
2026-09-04 19:28:41,454 - INFO - Testing accuracy: 31.35
2026-09-04 19:28:41,454 - INFO - ********************************************************************************
2026-09-04 19:28:41,454 - INFO - Round 192
2026-09-04 19:28:46,741 - INFO - this epoch cost time:0.6376471519470215
2026-09-04 19:28:46,741 - INFO - this epoch choose: [31, 54, 20, 84, 22, 43, 84, 30, 9, 99]
2026-09-04 19:28:46,742 - INFO - this epoch dispatch models: [0 0 0 0 0 0 0 0 0 0]
2026-09-04 19:28:46,742 - INFO - this epoch received models: [np.int64(0), np.int64(0), np.int64(0), np.int64(0), np.int64(0), np.int64(0), np.int64(0), np.int64(0), np.int64(0), np.int64(0)]
2026-09-04 19:28:46,742 - INFO - hetero_proportion: 	4:3:3
2026-09-04 19:28:46,788 - INFO - Small evaluation profile: (0.4, 2, 2.120985)
2026-09-04 19:28:47,976 - INFO - Testing accuracy: 31.07
2026-09-04 19:28:47,977 - INFO - ********************************************************************************
2026-09-04 19:28:47,977 - INFO - Round 193
2026-09-04 19:28:53,841 - INFO - this epoch cost time:0.6959998607635498
2026-09-04 19:28:53,841 - INFO - this epoch choose: [68, 71, 20, 22, 48, 74, 2, 65, 27, 54]
2026-09-04 19:28:53,841 - INFO - this epoch dispatch models: [0 0 0 0 0 0 0 0 0 0]
2026-09-04 19:28:53,841 - INFO - this epoch received models: [np.int64(0), np.int64(0), np.int64(0), np.int64(0), np.int64(0), np.int64(0), np.int64(0), np.int64(0), np.int64(0), np.int64(0)]
2026-09-04 19:28:53,841 - INFO - hetero_proportion: 	4:3:3
2026-09-04 19:28:53,887 - INFO - Small evaluation profile: (0.4, 2, 2.120985)
2026-09-04 19:28:55,069 - INFO - Testing accuracy: 30.69
2026-09-04 19:28:55,070 - INFO - ********************************************************************************
2026-09-04 19:28:55,070 - INFO - Round 194
2026-09-04 19:29:00,577 - INFO - this epoch cost time:0.8623275756835938
2026-09-04 19:29:00,577 - INFO - this epoch choose: [30, 5, 66, 92, 24, 89, 64, 88, 78, 83]
2026-09-04 19:29:00,577 - INFO - this epoch dispatch models: [0 0 0 0 0 0 0 0 0 0]
2026-09-04 19:29:00,577 - INFO - this epoch received models: [np.int64(0), np.int64(0), np.int64(0), np.int64(0), np.int64(0), np.int64(0), np.int64(0), np.int64(0), np.int64(0), np.int64(0)]
2026-09-04 19:29:00,577 - INFO - hetero_proportion: 	4:3:3
2026-09-04 19:29:00,622 - INFO - Small evaluation profile: (0.4, 2, 2.120985)
2026-09-04 19:29:01,810 - INFO - Testing accuracy: 31.12
2026-09-04 19:29:01,810 - INFO - ********************************************************************************
2026-09-04 19:29:01,810 - INFO - Round 195
2026-09-04 19:29:06,511 - INFO - this epoch cost time:0.6390156745910645
2026-09-04 19:29:06,511 - INFO - this epoch choose: [68, 9, 31, 50, 99, 59, 15, 72, 82, 6]
2026-09-04 19:29:06,511 - INFO - this epoch dispatch models: [0 0 0 0 0 0 0 0 0 0]
2026-09-04 19:29:06,511 - INFO - this epoch received models: [np.int64(0), np.int64(0), np.int64(0), np.int64(0), np.int64(0), np.int64(0), np.int64(0), np.int64(0), np.int64(0), np.int64(0)]
2026-09-04 19:29:06,511 - INFO - hetero_proportion: 	4:3:3
2026-09-04 19:29:06,556 - INFO - Small evaluation profile: (0.4, 2, 2.120985)
2026-09-04 19:29:07,733 - INFO - Testing accuracy: 30.97
2026-09-04 19:29:07,734 - INFO - ********************************************************************************
2026-09-04 19:29:07,734 - INFO - Round 196
2026-09-04 19:29:13,314 - INFO - this epoch cost time:0.6956422328948975
2026-09-04 19:29:13,314 - INFO - this epoch choose: [49, 11, 71, 12, 82, 61, 5, 66, 30, 99]
2026-09-04 19:29:13,314 - INFO - this epoch dispatch models: [0 0 0 0 0 0 0 0 0 0]
2026-09-04 19:29:13,314 - INFO - this epoch received models: [np.int64(0), np.int64(0), np.int64(0), np.int64(0), np.int64(0), np.int64(0), np.int64(0), np.int64(0), np.int64(0), np.int64(0)]
2026-09-04 19:29:13,314 - INFO - hetero_proportion: 	4:3:3
2026-09-04 19:29:13,361 - INFO - Small evaluation profile: (0.4, 2, 2.120985)
2026-09-04 19:29:14,567 - INFO - Testing accuracy: 30.78
2026-09-04 19:29:14,568 - INFO - ********************************************************************************
2026-09-04 19:29:14,568 - INFO - Round 197
2026-09-04 19:29:19,949 - INFO - this epoch cost time:0.6940584182739258
2026-09-04 19:29:19,949 - INFO - this epoch choose: [1, 2, 39, 59, 35, 92, 53, 21, 76, 17]
2026-09-04 19:29:19,949 - INFO - this epoch dispatch models: [0 0 0 0 0 0 0 0 0 0]
2026-09-04 19:29:19,949 - INFO - this epoch received models: [np.int64(0), np.int64(0), np.int64(0), np.int64(0), np.int64(0), np.int64(0), np.int64(0), np.int64(0), np.int64(0), np.int64(0)]
2026-09-04 19:29:19,949 - INFO - hetero_proportion: 	4:3:3
2026-09-04 19:29:19,994 - INFO - Small evaluation profile: (0.4, 2, 2.120985)
2026-09-04 19:29:21,189 - INFO - Testing accuracy: 30.26
2026-09-04 19:29:21,189 - INFO - ********************************************************************************
2026-09-04 19:29:21,189 - INFO - Round 198
2026-09-04 19:29:27,394 - INFO - this epoch cost time:0.7550003528594971
2026-09-04 19:29:27,394 - INFO - this epoch choose: [71, 90, 40, 98, 68, 81, 57, 64, 53, 70]
2026-09-04 19:29:27,394 - INFO - this epoch dispatch models: [0 0 0 0 0 0 0 0 0 0]
2026-09-04 19:29:27,394 - INFO - this epoch received models: [np.int64(0), np.int64(0), np.int64(0), np.int64(0), np.int64(0), np.int64(0), np.int64(0), np.int64(0), np.int64(0), np.int64(0)]
2026-09-04 19:29:27,394 - INFO - hetero_proportion: 	4:3:3
2026-09-04 19:29:27,440 - INFO - Small evaluation profile: (0.4, 2, 2.120985)
2026-09-04 19:29:28,628 - INFO - Testing accuracy: 29.89
2026-09-04 19:29:28,629 - INFO - ********************************************************************************
2026-09-04 19:29:28,629 - INFO - Round 199
2026-09-04 19:29:34,046 - INFO - this epoch cost time:0.6991322040557861
2026-09-04 19:29:34,046 - INFO - this epoch choose: [21, 89, 50, 89, 49, 25, 63, 35, 46, 19]
2026-09-04 19:29:34,047 - INFO - this epoch dispatch models: [0 0 0 0 0 0 0 0 0 0]
2026-09-04 19:29:34,047 - INFO - this epoch received models: [np.int64(0), np.int64(0), np.int64(0), np.int64(0), np.int64(0), np.int64(0), np.int64(0), np.int64(0), np.int64(0), np.int64(0)]
2026-09-04 19:29:34,047 - INFO - hetero_proportion: 	4:3:3
2026-09-04 19:29:34,092 - INFO - Small evaluation profile: (0.4, 2, 2.120985)
2026-09-04 19:29:35,282 - INFO - Testing accuracy: 30.39
2026-09-04 19:29:35,283 - INFO - ********************************************************************************
2026-09-04 19:29:35,283 - INFO - Round 200
2026-09-04 19:29:40,277 - INFO - this epoch cost time:0.6327033042907715
2026-09-04 19:29:40,277 - INFO - this epoch choose: [33, 72, 35, 22, 99, 92, 79, 10, 93, 46]
2026-09-04 19:29:40,277 - INFO - this epoch dispatch models: [0 0 0 0 0 0 0 0 0 0]
2026-09-04 19:29:40,277 - INFO - this epoch received models: [np.int64(0), np.int64(0), np.int64(0), np.int64(0), np.int64(0), np.int64(0), np.int64(0), np.int64(0), np.int64(0), np.int64(0)]
2026-09-04 19:29:40,277 - INFO - hetero_proportion: 	4:3:3
2026-09-04 19:29:40,323 - INFO - Small evaluation profile: (0.4, 2, 2.120985)
2026-09-04 19:29:41,500 - INFO - Testing accuracy: 30.77
2026-09-04 19:29:41,500 - INFO - ********************************************************************************
2026-09-04 19:29:41,500 - INFO - Round 201
2026-09-04 19:29:46,390 - INFO - this epoch cost time:0.6954159736633301
2026-09-04 19:29:46,390 - INFO - this epoch choose: [43, 18, 33, 32, 32, 44, 49, 35, 72, 59]
2026-09-04 19:29:46,390 - INFO - this epoch dispatch models: [0 0 0 0 0 0 0 0 0 0]
2026-09-04 19:29:46,390 - INFO - this epoch received models: [np.int64(0), np.int64(0), np.int64(0), np.int64(0), np.int64(0), np.int64(0), np.int64(0), np.int64(0), np.int64(0), np.int64(0)]
2026-09-04 19:29:46,390 - INFO - hetero_proportion: 	4:3:3
2026-09-04 19:29:46,436 - INFO - Small evaluation profile: (0.4, 2, 2.120985)
2026-09-04 19:29:47,629 - INFO - Testing accuracy: 30.80
2026-09-04 19:29:47,630 - INFO - ********************************************************************************
2026-09-04 19:29:47,630 - INFO - Round 202
2026-09-04 19:29:53,203 - INFO - this epoch cost time:0.6410520076751709
2026-09-04 19:29:53,203 - INFO - this epoch choose: [1, 19, 16, 32, 28, 25, 9, 74, 68, 79]
2026-09-04 19:29:53,203 - INFO - this epoch dispatch models: [0 0 0 0 0 0 0 0 0 0]
2026-09-04 19:29:53,203 - INFO - this epoch received models: [np.int64(0), np.int64(0), np.int64(0), np.int64(0), np.int64(0), np.int64(0), np.int64(0), np.int64(0), np.int64(0), np.int64(0)]
2026-09-04 19:29:53,203 - INFO - hetero_proportion: 	4:3:3
2026-09-04 19:29:53,250 - INFO - Small evaluation profile: (0.4, 2, 2.120985)
2026-09-04 19:29:54,438 - INFO - Testing accuracy: 31.14
2026-09-04 19:29:54,438 - INFO - ********************************************************************************
2026-09-04 19:29:54,438 - INFO - Round 203
2026-09-04 19:30:00,237 - INFO - this epoch cost time:0.7509989738464355
2026-09-04 19:30:00,237 - INFO - this epoch choose: [25, 69, 54, 91, 30, 73, 17, 70, 58, 50]
2026-09-04 19:30:00,237 - INFO - this epoch dispatch models: [0 0 0 0 0 0 0 0 0 0]
2026-09-04 19:30:00,237 - INFO - this epoch received models: [np.int64(0), np.int64(0), np.int64(0), np.int64(0), np.int64(0), np.int64(0), np.int64(0), np.int64(0), np.int64(0), np.int64(0)]
2026-09-04 19:30:00,237 - INFO - hetero_proportion: 	4:3:3
2026-09-04 19:30:00,283 - INFO - Small evaluation profile: (0.4, 2, 2.120985)
2026-09-04 19:30:01,475 - INFO - Testing accuracy: 31.17
2026-09-04 19:30:01,476 - INFO - ********************************************************************************
2026-09-04 19:30:01,476 - INFO - Round 204
2026-09-04 19:30:07,267 - INFO - this epoch cost time:0.7534558773040771
2026-09-04 19:30:07,267 - INFO - this epoch choose: [91, 25, 10, 80, 9, 19, 85, 7, 3, 95]
2026-09-04 19:30:07,267 - INFO - this epoch dispatch models: [0 0 0 0 0 0 0 0 0 0]
2026-09-04 19:30:07,267 - INFO - this epoch received models: [np.int64(0), np.int64(0), np.int64(0), np.int64(0), np.int64(0), np.int64(0), np.int64(0), np.int64(0), np.int64(0), np.int64(0)]
2026-09-04 19:30:07,267 - INFO - hetero_proportion: 	4:3:3
2026-09-04 19:30:07,315 - INFO - Small evaluation profile: (0.4, 2, 2.120985)
2026-09-04 19:30:08,510 - INFO - Testing accuracy: 31.07
2026-09-04 19:30:08,510 - INFO - ********************************************************************************
2026-09-04 19:30:08,510 - INFO - Round 205
2026-09-04 19:30:14,410 - INFO - this epoch cost time:0.7365849018096924
2026-09-04 19:30:14,410 - INFO - this epoch choose: [51, 48, 53, 87, 17, 75, 76, 16, 86, 68]
2026-09-04 19:30:14,410 - INFO - this epoch dispatch models: [0 0 0 0 0 0 0 0 0 0]
2026-09-04 19:30:14,410 - INFO - this epoch received models: [np.int64(0), np.int64(0), np.int64(0), np.int64(0), np.int64(0), np.int64(0), np.int64(0), np.int64(0), np.int64(0), np.int64(0)]
2026-09-04 19:30:14,410 - INFO - hetero_proportion: 	4:3:3
2026-09-04 19:30:14,454 - INFO - Small evaluation profile: (0.4, 2, 2.120985)
2026-09-04 19:30:15,635 - INFO - Testing accuracy: 30.58
2026-09-04 19:30:15,636 - INFO - ********************************************************************************
2026-09-04 19:30:15,636 - INFO - Round 206
2026-09-04 19:30:21,422 - INFO - this epoch cost time:0.7500488758087158
2026-09-04 19:30:21,422 - INFO - this epoch choose: [69, 9, 30, 48, 17, 36, 25, 84, 92, 50]
2026-09-04 19:30:21,423 - INFO - this epoch dispatch models: [0 0 0 0 0 0 0 0 0 0]
2026-09-04 19:30:21,423 - INFO - this epoch received models: [np.int64(0), np.int64(0), np.int64(0), np.int64(0), np.int64(0), np.int64(0), np.int64(0), np.int64(0), np.int64(0), np.int64(0)]
2026-09-04 19:30:21,423 - INFO - hetero_proportion: 	4:3:3
2026-09-04 19:30:21,470 - INFO - Small evaluation profile: (0.4, 2, 2.120985)
2026-09-04 19:30:22,681 - INFO - Testing accuracy: 30.61
2026-09-04 19:30:22,682 - INFO - ********************************************************************************
2026-09-04 19:30:22,682 - INFO - Round 207
2026-09-04 19:30:28,248 - INFO - this epoch cost time:0.6523182392120361
2026-09-04 19:30:28,248 - INFO - this epoch choose: [45, 95, 22, 28, 38, 90, 18, 44, 62, 68]
2026-09-04 19:30:28,248 - INFO - this epoch dispatch models: [0 0 0 0 0 0 0 0 0 0]
2026-09-04 19:30:28,248 - INFO - this epoch received models: [np.int64(0), np.int64(0), np.int64(0), np.int64(0), np.int64(0), np.int64(0), np.int64(0), np.int64(0), np.int64(0), np.int64(0)]
2026-09-04 19:30:28,248 - INFO - hetero_proportion: 	4:3:3
2026-09-04 19:30:28,295 - INFO - Small evaluation profile: (0.4, 2, 2.120985)
2026-09-04 19:30:29,511 - INFO - Testing accuracy: 30.96
2026-09-04 19:30:29,512 - INFO - ********************************************************************************
2026-09-04 19:30:29,512 - INFO - Round 208
2026-09-04 19:30:35,033 - INFO - this epoch cost time:0.6506175994873047
2026-09-04 19:30:35,033 - INFO - this epoch choose: [37, 11, 65, 38, 26, 90, 59, 2, 37, 79]
2026-09-04 19:30:35,033 - INFO - this epoch dispatch models: [0 0 0 0 0 0 0 0 0 0]
2026-09-04 19:30:35,033 - INFO - this epoch received models: [np.int64(0), np.int64(0), np.int64(0), np.int64(0), np.int64(0), np.int64(0), np.int64(0), np.int64(0), np.int64(0), np.int64(0)]
2026-09-04 19:30:35,033 - INFO - hetero_proportion: 	4:3:3
2026-09-04 19:30:35,080 - INFO - Small evaluation profile: (0.4, 2, 2.120985)
2026-09-04 19:30:36,285 - INFO - Testing accuracy: 30.32
2026-09-04 19:30:36,286 - INFO - ********************************************************************************
2026-09-04 19:30:36,286 - INFO - Round 209
2026-09-04 19:30:41,684 - INFO - this epoch cost time:0.7125952243804932
2026-09-04 19:30:41,684 - INFO - this epoch choose: [75, 13, 78, 47, 96, 56, 32, 79, 7, 6]
2026-09-04 19:30:41,684 - INFO - this epoch dispatch models: [0 0 0 0 0 0 0 0 0 0]
2026-09-04 19:30:41,684 - INFO - this epoch received models: [np.int64(0), np.int64(0), np.int64(0), np.int64(0), np.int64(0), np.int64(0), np.int64(0), np.int64(0), np.int64(0), np.int64(0)]
2026-09-04 19:30:41,684 - INFO - hetero_proportion: 	4:3:3
2026-09-04 19:30:41,731 - INFO - Small evaluation profile: (0.4, 2, 2.120985)
2026-09-04 19:30:42,944 - INFO - Testing accuracy: 31.07
2026-09-04 19:30:42,944 - INFO - ********************************************************************************
2026-09-04 19:30:42,944 - INFO - Round 210
2026-09-04 19:30:49,270 - INFO - this epoch cost time:0.766768217086792
2026-09-04 19:30:49,270 - INFO - this epoch choose: [40, 20, 16, 80, 13, 14, 55, 81, 75, 31]
2026-09-04 19:30:49,270 - INFO - this epoch dispatch models: [0 0 0 0 0 0 0 0 0 0]
2026-09-04 19:30:49,270 - INFO - this epoch received models: [np.int64(0), np.int64(0), np.int64(0), np.int64(0), np.int64(0), np.int64(0), np.int64(0), np.int64(0), np.int64(0), np.int64(0)]
2026-09-04 19:30:49,270 - INFO - hetero_proportion: 	4:3:3
2026-09-04 19:30:49,317 - INFO - Small evaluation profile: (0.4, 2, 2.120985)
2026-09-04 19:30:50,526 - INFO - Testing accuracy: 30.54
2026-09-04 19:30:50,526 - INFO - ********************************************************************************
2026-09-04 19:30:50,526 - INFO - Round 211
2026-09-04 19:30:55,643 - INFO - this epoch cost time:0.7119989395141602
2026-09-04 19:30:55,643 - INFO - this epoch choose: [95, 26, 64, 64, 50, 15, 90, 27, 49, 84]
2026-09-04 19:30:55,643 - INFO - this epoch dispatch models: [0 0 0 0 0 0 0 0 0 0]
2026-09-04 19:30:55,643 - INFO - this epoch received models: [np.int64(0), np.int64(0), np.int64(0), np.int64(0), np.int64(0), np.int64(0), np.int64(0), np.int64(0), np.int64(0), np.int64(0)]
2026-09-04 19:30:55,643 - INFO - hetero_proportion: 	4:3:3
2026-09-04 19:30:55,689 - INFO - Small evaluation profile: (0.4, 2, 2.120985)
2026-09-04 19:30:56,906 - INFO - Testing accuracy: 30.46
2026-09-04 19:30:56,907 - INFO - ********************************************************************************
2026-09-04 19:30:56,907 - INFO - Round 212
2026-09-04 19:31:02,614 - INFO - this epoch cost time:0.7044622898101807
2026-09-04 19:31:02,614 - INFO - this epoch choose: [66, 17, 91, 74, 32, 92, 0, 91, 15, 25]
2026-09-04 19:31:02,614 - INFO - this epoch dispatch models: [0 0 0 0 0 0 0 0 0 0]
2026-09-04 19:31:02,615 - INFO - this epoch received models: [np.int64(0), np.int64(0), np.int64(0), np.int64(0), np.int64(0), np.int64(0), np.int64(0), np.int64(0), np.int64(0), np.int64(0)]
2026-09-04 19:31:02,615 - INFO - hetero_proportion: 	4:3:3
2026-09-04 19:31:02,661 - INFO - Small evaluation profile: (0.4, 2, 2.120985)
2026-09-04 19:31:03,871 - INFO - Testing accuracy: 30.87
2026-09-04 19:31:03,872 - INFO - ********************************************************************************
2026-09-04 19:31:03,872 - INFO - Round 213
2026-09-04 19:31:09,324 - INFO - this epoch cost time:0.769524097442627
2026-09-04 19:31:09,324 - INFO - this epoch choose: [97, 72, 48, 84, 61, 69, 78, 29, 34, 4]
2026-09-04 19:31:09,324 - INFO - this epoch dispatch models: [0 0 0 0 0 0 0 0 0 0]
2026-09-04 19:31:09,324 - INFO - this epoch received models: [np.int64(0), np.int64(0), np.int64(0), np.int64(0), np.int64(0), np.int64(0), np.int64(0), np.int64(0), np.int64(0), np.int64(0)]
2026-09-04 19:31:09,324 - INFO - hetero_proportion: 	4:3:3
2026-09-04 19:31:09,371 - INFO - Small evaluation profile: (0.4, 2, 2.120985)
2026-09-04 19:31:10,575 - INFO - Testing accuracy: 30.50
2026-09-04 19:31:10,575 - INFO - ********************************************************************************
2026-09-04 19:31:10,575 - INFO - Round 214
2026-09-04 19:31:16,341 - INFO - this epoch cost time:0.7636439800262451
2026-09-04 19:31:16,341 - INFO - this epoch choose: [81, 21, 85, 85, 70, 64, 29, 52, 35, 98]
2026-09-04 19:31:16,341 - INFO - this epoch dispatch models: [0 0 0 0 0 0 0 0 0 0]
2026-09-04 19:31:16,341 - INFO - this epoch received models: [np.int64(0), np.int64(0), np.int64(0), np.int64(0), np.int64(0), np.int64(0), np.int64(0), np.int64(0), np.int64(0), np.int64(0)]
2026-09-04 19:31:16,341 - INFO - hetero_proportion: 	4:3:3
2026-09-04 19:31:16,387 - INFO - Small evaluation profile: (0.4, 2, 2.120985)
2026-09-04 19:31:17,604 - INFO - Testing accuracy: 30.36
2026-09-04 19:31:17,605 - INFO - ********************************************************************************
2026-09-04 19:31:17,605 - INFO - Round 215
2026-09-04 19:31:23,636 - INFO - this epoch cost time:0.7136456966400146
2026-09-04 19:31:23,636 - INFO - this epoch choose: [84, 53, 51, 34, 63, 12, 85, 16, 23, 71]
2026-09-04 19:31:23,636 - INFO - this epoch dispatch models: [0 0 0 0 0 0 0 0 0 0]
2026-09-04 19:31:23,636 - INFO - this epoch received models: [np.int64(0), np.int64(0), np.int64(0), np.int64(0), np.int64(0), np.int64(0), np.int64(0), np.int64(0), np.int64(0), np.int64(0)]
2026-09-04 19:31:23,636 - INFO - hetero_proportion: 	4:3:3
2026-09-04 19:31:23,682 - INFO - Small evaluation profile: (0.4, 2, 2.120985)
2026-09-04 19:31:24,895 - INFO - Testing accuracy: 30.42
2026-09-04 19:31:24,895 - INFO - ********************************************************************************
2026-09-04 19:31:24,895 - INFO - Round 216
2026-09-04 19:31:30,242 - INFO - this epoch cost time:0.6535086631774902
2026-09-04 19:31:30,242 - INFO - this epoch choose: [2, 58, 96, 5, 62, 27, 50, 93, 68, 43]
2026-09-04 19:31:30,242 - INFO - this epoch dispatch models: [0 0 0 0 0 0 0 0 0 0]
2026-09-04 19:31:30,242 - INFO - this epoch received models: [np.int64(0), np.int64(0), np.int64(0), np.int64(0), np.int64(0), np.int64(0), np.int64(0), np.int64(0), np.int64(0), np.int64(0)]
2026-09-04 19:31:30,242 - INFO - hetero_proportion: 	4:3:3
2026-09-04 19:31:30,287 - INFO - Small evaluation profile: (0.4, 2, 2.120985)
2026-09-04 19:31:31,497 - INFO - Testing accuracy: 30.84
2026-09-04 19:31:31,497 - INFO - ********************************************************************************
2026-09-04 19:31:31,497 - INFO - Round 217
2026-09-04 19:31:37,077 - INFO - this epoch cost time:0.6522033214569092
2026-09-04 19:31:37,077 - INFO - this epoch choose: [31, 12, 9, 86, 95, 5, 54, 56, 24, 22]
2026-09-04 19:31:37,077 - INFO - this epoch dispatch models: [0 0 0 0 0 0 0 0 0 0]
2026-09-04 19:31:37,077 - INFO - this epoch received models: [np.int64(0), np.int64(0), np.int64(0), np.int64(0), np.int64(0), np.int64(0), np.int64(0), np.int64(0), np.int64(0), np.int64(0)]
2026-09-04 19:31:37,077 - INFO - hetero_proportion: 	4:3:3
2026-09-04 19:31:37,123 - INFO - Small evaluation profile: (0.4, 2, 2.120985)
2026-09-04 19:31:38,337 - INFO - Testing accuracy: 30.80
2026-09-04 19:31:38,337 - INFO - ********************************************************************************
2026-09-04 19:31:38,337 - INFO - Round 218
2026-09-04 19:31:44,200 - INFO - this epoch cost time:0.710496187210083
2026-09-04 19:31:44,200 - INFO - this epoch choose: [76, 64, 24, 65, 49, 66, 46, 25, 29, 46]
2026-09-04 19:31:44,200 - INFO - this epoch dispatch models: [0 0 0 0 0 0 0 0 0 0]
2026-09-04 19:31:44,200 - INFO - this epoch received models: [np.int64(0), np.int64(0), np.int64(0), np.int64(0), np.int64(0), np.int64(0), np.int64(0), np.int64(0), np.int64(0), np.int64(0)]
2026-09-04 19:31:44,200 - INFO - hetero_proportion: 	4:3:3
2026-09-04 19:31:44,249 - INFO - Small evaluation profile: (0.4, 2, 2.120985)
2026-09-04 19:31:45,456 - INFO - Testing accuracy: 31.16
2026-09-04 19:31:45,456 - INFO - ********************************************************************************
2026-09-04 19:31:45,457 - INFO - Round 219
2026-09-04 19:31:51,091 - INFO - this epoch cost time:0.7096612453460693
2026-09-04 19:31:51,091 - INFO - this epoch choose: [84, 75, 96, 99, 8, 43, 6, 58, 5, 78]
2026-09-04 19:31:51,091 - INFO - this epoch dispatch models: [0 0 0 0 0 0 0 0 0 0]
2026-09-04 19:31:51,091 - INFO - this epoch received models: [np.int64(0), np.int64(0), np.int64(0), np.int64(0), np.int64(0), np.int64(0), np.int64(0), np.int64(0), np.int64(0), np.int64(0)]
2026-09-04 19:31:51,091 - INFO - hetero_proportion: 	4:3:3
2026-09-04 19:31:51,137 - INFO - Small evaluation profile: (0.4, 2, 2.120985)
2026-09-04 19:31:52,430 - INFO - Testing accuracy: 31.17
2026-09-04 19:31:52,431 - INFO - ********************************************************************************
2026-09-04 19:31:52,431 - INFO - Round 220
2026-09-04 19:31:58,959 - INFO - this epoch cost time:0.8459997177124023
2026-09-04 19:31:58,959 - INFO - this epoch choose: [22, 18, 36, 60, 5, 74, 64, 8, 72, 50]
2026-09-04 19:31:58,959 - INFO - this epoch dispatch models: [0 0 0 0 0 0 0 0 0 0]
2026-09-04 19:31:58,959 - INFO - this epoch received models: [np.int64(0), np.int64(0), np.int64(0), np.int64(0), np.int64(0), np.int64(0), np.int64(0), np.int64(0), np.int64(0), np.int64(0)]
2026-09-04 19:31:58,959 - INFO - hetero_proportion: 	4:3:3
2026-09-04 19:31:59,011 - INFO - Small evaluation profile: (0.4, 2, 2.120985)
2026-09-04 19:32:00,362 - INFO - Testing accuracy: 31.13
2026-09-04 19:32:00,363 - INFO - ********************************************************************************
2026-09-04 19:32:00,363 - INFO - Round 221
2026-09-04 19:32:06,638 - INFO - this epoch cost time:0.7870011329650879
2026-09-04 19:32:06,638 - INFO - this epoch choose: [11, 51, 65, 73, 82, 38, 50, 34, 45, 60]
2026-09-04 19:32:06,638 - INFO - this epoch dispatch models: [0 0 0 0 0 0 0 0 0 0]
2026-09-04 19:32:06,638 - INFO - this epoch received models: [np.int64(0), np.int64(0), np.int64(0), np.int64(0), np.int64(0), np.int64(0), np.int64(0), np.int64(0), np.int64(0), np.int64(0)]
2026-09-04 19:32:06,638 - INFO - hetero_proportion: 	4:3:3
2026-09-04 19:32:06,685 - INFO - Small evaluation profile: (0.4, 2, 2.120985)
2026-09-04 19:32:08,009 - INFO - Testing accuracy: 31.13
2026-09-04 19:32:08,010 - INFO - ********************************************************************************
2026-09-04 19:32:08,010 - INFO - Round 222
2026-09-04 19:32:14,178 - INFO - this epoch cost time:0.7690584659576416
2026-09-04 19:32:14,178 - INFO - this epoch choose: [6, 70, 61, 2, 54, 38, 75, 95, 40, 19]
2026-09-04 19:32:14,179 - INFO - this epoch dispatch models: [0 0 0 0 0 0 0 0 0 0]
2026-09-04 19:32:14,179 - INFO - this epoch received models: [np.int64(0), np.int64(0), np.int64(0), np.int64(0), np.int64(0), np.int64(0), np.int64(0), np.int64(0), np.int64(0), np.int64(0)]
2026-09-04 19:32:14,179 - INFO - hetero_proportion: 	4:3:3
2026-09-04 19:32:14,228 - INFO - Small evaluation profile: (0.4, 2, 2.120985)
2026-09-04 19:32:15,559 - INFO - Testing accuracy: 31.14
2026-09-04 19:32:15,560 - INFO - ********************************************************************************
2026-09-04 19:32:15,560 - INFO - Round 223
2026-09-04 19:32:21,578 - INFO - this epoch cost time:0.742037296295166
2026-09-04 19:32:21,578 - INFO - this epoch choose: [76, 75, 71, 35, 8, 77, 99, 46, 53, 50]
2026-09-04 19:32:21,578 - INFO - this epoch dispatch models: [0 0 0 0 0 0 0 0 0 0]
2026-09-04 19:32:21,578 - INFO - this epoch received models: [np.int64(0), np.int64(0), np.int64(0), np.int64(0), np.int64(0), np.int64(0), np.int64(0), np.int64(0), np.int64(0), np.int64(0)]
2026-09-04 19:32:21,578 - INFO - hetero_proportion: 	4:3:3
2026-09-04 19:32:21,626 - INFO - Small evaluation profile: (0.4, 2, 2.120985)
2026-09-04 19:32:22,885 - INFO - Testing accuracy: 30.60
2026-09-04 19:32:22,886 - INFO - ********************************************************************************
2026-09-04 19:32:22,886 - INFO - Round 224
2026-09-04 19:32:29,300 - INFO - this epoch cost time:0.8410348892211914
2026-09-04 19:32:29,300 - INFO - this epoch choose: [66, 3, 73, 74, 14, 4, 73, 67, 1, 12]
2026-09-04 19:32:29,301 - INFO - this epoch dispatch models: [0 0 0 0 0 0 0 0 0 0]
2026-09-04 19:32:29,301 - INFO - this epoch received models: [np.int64(0), np.int64(0), np.int64(0), np.int64(0), np.int64(0), np.int64(0), np.int64(0), np.int64(0), np.int64(0), np.int64(0)]
2026-09-04 19:32:29,301 - INFO - hetero_proportion: 	4:3:3
2026-09-04 19:32:29,351 - INFO - Small evaluation profile: (0.4, 2, 2.120985)
2026-09-04 19:32:30,660 - INFO - Testing accuracy: 30.79
2026-09-04 19:32:30,660 - INFO - ********************************************************************************
2026-09-04 19:32:30,660 - INFO - Round 225
2026-09-04 19:32:37,211 - INFO - this epoch cost time:0.8977041244506836
2026-09-04 19:32:37,211 - INFO - this epoch choose: [42, 43, 47, 96, 70, 4, 81, 47, 74, 9]
2026-09-04 19:32:37,211 - INFO - this epoch dispatch models: [0 0 0 0 0 0 0 0 0 0]
2026-09-04 19:32:37,211 - INFO - this epoch received models: [np.int64(0), np.int64(0), np.int64(0), np.int64(0), np.int64(0), np.int64(0), np.int64(0), np.int64(0), np.int64(0), np.int64(0)]
2026-09-04 19:32:37,211 - INFO - hetero_proportion: 	4:3:3
2026-09-04 19:32:37,259 - INFO - Small evaluation profile: (0.4, 2, 2.120985)
2026-09-04 19:32:38,517 - INFO - Testing accuracy: 30.63
2026-09-04 19:32:38,517 - INFO - ********************************************************************************
2026-09-04 19:32:38,517 - INFO - Round 226
2026-09-04 19:32:46,139 - INFO - this epoch cost time:0.9373378753662109
2026-09-04 19:32:46,139 - INFO - this epoch choose: [62, 81, 10, 69, 57, 42, 64, 69, 0, 20]
2026-09-04 19:32:46,140 - INFO - this epoch dispatch models: [0 0 0 0 0 0 0 0 0 0]
2026-09-04 19:32:46,140 - INFO - this epoch received models: [np.int64(0), np.int64(0), np.int64(0), np.int64(0), np.int64(0), np.int64(0), np.int64(0), np.int64(0), np.int64(0), np.int64(0)]
2026-09-04 19:32:46,140 - INFO - hetero_proportion: 	4:3:3
2026-09-04 19:32:46,193 - INFO - Small evaluation profile: (0.4, 2, 2.120985)
2026-09-04 19:32:47,522 - INFO - Testing accuracy: 30.89
2026-09-04 19:32:47,523 - INFO - ********************************************************************************
2026-09-04 19:32:47,523 - INFO - Round 227
2026-09-04 19:32:54,163 - INFO - this epoch cost time:0.8409373760223389
2026-09-04 19:32:54,163 - INFO - this epoch choose: [41, 46, 27, 18, 74, 18, 75, 13, 51, 40]
2026-09-04 19:32:54,163 - INFO - this epoch dispatch models: [0 0 0 0 0 0 0 0 0 0]
2026-09-04 19:32:54,164 - INFO - this epoch received models: [np.int64(0), np.int64(0), np.int64(0), np.int64(0), np.int64(0), np.int64(0), np.int64(0), np.int64(0), np.int64(0), np.int64(0)]
2026-09-04 19:32:54,164 - INFO - hetero_proportion: 	4:3:3
2026-09-04 19:32:54,211 - INFO - Small evaluation profile: (0.4, 2, 2.120985)
2026-09-04 19:32:55,446 - INFO - Testing accuracy: 30.48
2026-09-04 19:32:55,446 - INFO - ********************************************************************************
2026-09-04 19:32:55,446 - INFO - Round 228
2026-09-04 19:33:01,157 - INFO - this epoch cost time:0.7107815742492676
2026-09-04 19:33:01,157 - INFO - this epoch choose: [65, 53, 46, 43, 33, 77, 47, 4, 91, 8]
2026-09-04 19:33:01,157 - INFO - this epoch dispatch models: [0 0 0 0 0 0 0 0 0 0]
2026-09-04 19:33:01,157 - INFO - this epoch received models: [np.int64(0), np.int64(0), np.int64(0), np.int64(0), np.int64(0), np.int64(0), np.int64(0), np.int64(0), np.int64(0), np.int64(0)]
2026-09-04 19:33:01,157 - INFO - hetero_proportion: 	4:3:3
2026-09-04 19:33:01,203 - INFO - Small evaluation profile: (0.4, 2, 2.120985)
2026-09-04 19:33:02,391 - INFO - Testing accuracy: 30.39
2026-09-04 19:33:02,391 - INFO - ********************************************************************************
2026-09-04 19:33:02,391 - INFO - Round 229
2026-09-04 19:33:08,190 - INFO - this epoch cost time:0.7810709476470947
2026-09-04 19:33:08,190 - INFO - this epoch choose: [98, 80, 31, 33, 96, 50, 70, 36, 73, 79]
2026-09-04 19:33:08,191 - INFO - this epoch dispatch models: [0 0 0 0 0 0 0 0 0 0]
2026-09-04 19:33:08,191 - INFO - this epoch received models: [np.int64(0), np.int64(0), np.int64(0), np.int64(0), np.int64(0), np.int64(0), np.int64(0), np.int64(0), np.int64(0), np.int64(0)]
2026-09-04 19:33:08,191 - INFO - hetero_proportion: 	4:3:3
2026-09-04 19:33:08,238 - INFO - Small evaluation profile: (0.4, 2, 2.120985)
2026-09-04 19:33:09,465 - INFO - Testing accuracy: 31.01
2026-09-04 19:33:09,465 - INFO - ********************************************************************************
2026-09-04 19:33:09,465 - INFO - Round 230
2026-09-04 19:33:15,940 - INFO - this epoch cost time:0.8080301284790039
2026-09-04 19:33:15,941 - INFO - this epoch choose: [10, 9, 90, 21, 34, 52, 10, 16, 36, 70]
2026-09-04 19:33:15,941 - INFO - this epoch dispatch models: [0 0 0 0 0 0 0 0 0 0]
2026-09-04 19:33:15,941 - INFO - this epoch received models: [np.int64(0), np.int64(0), np.int64(0), np.int64(0), np.int64(0), np.int64(0), np.int64(0), np.int64(0), np.int64(0), np.int64(0)]
2026-09-04 19:33:15,941 - INFO - hetero_proportion: 	4:3:3
2026-09-04 19:33:15,987 - INFO - Small evaluation profile: (0.4, 2, 2.120985)
2026-09-04 19:33:17,206 - INFO - Testing accuracy: 30.64
2026-09-04 19:33:17,206 - INFO - ********************************************************************************
2026-09-04 19:33:17,206 - INFO - Round 231
2026-09-04 19:33:22,278 - INFO - this epoch cost time:0.5459995269775391
2026-09-04 19:33:22,278 - INFO - this epoch choose: [92, 82, 33, 30, 26, 12, 35, 92, 61, 6]
2026-09-04 19:33:22,278 - INFO - this epoch dispatch models: [0 0 0 0 0 0 0 0 0 0]
2026-09-04 19:33:22,278 - INFO - this epoch received models: [np.int64(0), np.int64(0), np.int64(0), np.int64(0), np.int64(0), np.int64(0), np.int64(0), np.int64(0), np.int64(0), np.int64(0)]
2026-09-04 19:33:22,278 - INFO - hetero_proportion: 	4:3:3
2026-09-04 19:33:22,327 - INFO - Small evaluation profile: (0.4, 2, 2.120985)
2026-09-04 19:33:23,603 - INFO - Testing accuracy: 30.51
2026-09-04 19:33:23,604 - INFO - ********************************************************************************
2026-09-04 19:33:23,604 - INFO - Round 232
2026-09-04 19:33:29,509 - INFO - this epoch cost time:0.7920010089874268
2026-09-04 19:33:29,509 - INFO - this epoch choose: [94, 65, 38, 26, 69, 9, 70, 40, 43, 37]
2026-09-04 19:33:29,509 - INFO - this epoch dispatch models: [0 0 0 0 0 0 0 0 0 0]
2026-09-04 19:33:29,509 - INFO - this epoch received models: [np.int64(0), np.int64(0), np.int64(0), np.int64(0), np.int64(0), np.int64(0), np.int64(0), np.int64(0), np.int64(0), np.int64(0)]
2026-09-04 19:33:29,509 - INFO - hetero_proportion: 	4:3:3
2026-09-04 19:33:29,558 - INFO - Small evaluation profile: (0.4, 2, 2.120985)
2026-09-04 19:33:30,797 - INFO - Testing accuracy: 30.41
2026-09-04 19:33:30,797 - INFO - ********************************************************************************
2026-09-04 19:33:30,797 - INFO - Round 233
2026-09-04 19:33:36,601 - INFO - this epoch cost time:0.7209231853485107
2026-09-04 19:33:36,601 - INFO - this epoch choose: [66, 17, 4, 56, 46, 95, 4, 3, 40, 53]
2026-09-04 19:33:36,601 - INFO - this epoch dispatch models: [0 0 0 0 0 0 0 0 0 0]
2026-09-04 19:33:36,601 - INFO - this epoch received models: [np.int64(0), np.int64(0), np.int64(0), np.int64(0), np.int64(0), np.int64(0), np.int64(0), np.int64(0), np.int64(0), np.int64(0)]
2026-09-04 19:33:36,601 - INFO - hetero_proportion: 	4:3:3
2026-09-04 19:33:36,650 - INFO - Small evaluation profile: (0.4, 2, 2.120985)
2026-09-04 19:33:37,917 - INFO - Testing accuracy: 30.58
2026-09-04 19:33:37,918 - INFO - ********************************************************************************
2026-09-04 19:33:37,918 - INFO - Round 234
2026-09-04 19:33:43,883 - INFO - this epoch cost time:0.8257319927215576
2026-09-04 19:33:43,883 - INFO - this epoch choose: [95, 20, 71, 5, 90, 75, 89, 84, 80, 67]
2026-09-04 19:33:43,883 - INFO - this epoch dispatch models: [0 0 0 0 0 0 0 0 0 0]
2026-09-04 19:33:43,883 - INFO - this epoch received models: [np.int64(0), np.int64(0), np.int64(0), np.int64(0), np.int64(0), np.int64(0), np.int64(0), np.int64(0), np.int64(0), np.int64(0)]
2026-09-04 19:33:43,883 - INFO - hetero_proportion: 	4:3:3
2026-09-04 19:33:43,934 - INFO - Small evaluation profile: (0.4, 2, 2.120985)
2026-09-04 19:33:45,226 - INFO - Testing accuracy: 30.67
2026-09-04 19:33:45,227 - INFO - ********************************************************************************
2026-09-04 19:33:45,227 - INFO - Round 235
2026-09-04 19:33:52,093 - INFO - this epoch cost time:0.8284096717834473
2026-09-04 19:33:52,093 - INFO - this epoch choose: [54, 23, 25, 29, 14, 75, 16, 75, 64, 15]
2026-09-04 19:33:52,093 - INFO - this epoch dispatch models: [0 0 0 0 0 0 0 0 0 0]
2026-09-04 19:33:52,093 - INFO - this epoch received models: [np.int64(0), np.int64(0), np.int64(0), np.int64(0), np.int64(0), np.int64(0), np.int64(0), np.int64(0), np.int64(0), np.int64(0)]
2026-09-04 19:33:52,093 - INFO - hetero_proportion: 	4:3:3
2026-09-04 19:33:52,140 - INFO - Small evaluation profile: (0.4, 2, 2.120985)
2026-09-04 19:33:53,340 - INFO - Testing accuracy: 30.41
2026-09-04 19:33:53,340 - INFO - ********************************************************************************
2026-09-04 19:33:53,340 - INFO - Round 236
2026-09-04 19:33:59,103 - INFO - this epoch cost time:0.6895396709442139
2026-09-04 19:33:59,103 - INFO - this epoch choose: [92, 34, 58, 25, 7, 46, 58, 42, 78, 92]
2026-09-04 19:33:59,103 - INFO - this epoch dispatch models: [0 0 0 0 0 0 0 0 0 0]
2026-09-04 19:33:59,103 - INFO - this epoch received models: [np.int64(0), np.int64(0), np.int64(0), np.int64(0), np.int64(0), np.int64(0), np.int64(0), np.int64(0), np.int64(0), np.int64(0)]
2026-09-04 19:33:59,103 - INFO - hetero_proportion: 	4:3:3
2026-09-04 19:33:59,149 - INFO - Small evaluation profile: (0.4, 2, 2.120985)
2026-09-04 19:34:00,333 - INFO - Testing accuracy: 31.02
2026-09-04 19:34:00,334 - INFO - ********************************************************************************
2026-09-04 19:34:00,334 - INFO - Round 237
2026-09-04 19:34:05,979 - INFO - this epoch cost time:0.7521400451660156
2026-09-04 19:34:05,979 - INFO - this epoch choose: [45, 28, 81, 1, 1, 62, 4, 21, 32, 70]
2026-09-04 19:34:05,979 - INFO - this epoch dispatch models: [0 0 0 0 0 0 0 0 0 0]
2026-09-04 19:34:05,979 - INFO - this epoch received models: [np.int64(0), np.int64(0), np.int64(0), np.int64(0), np.int64(0), np.int64(0), np.int64(0), np.int64(0), np.int64(0), np.int64(0)]
2026-09-04 19:34:05,979 - INFO - hetero_proportion: 	4:3:3
2026-09-04 19:34:06,025 - INFO - Small evaluation profile: (0.4, 2, 2.120985)
2026-09-04 19:34:07,208 - INFO - Testing accuracy: 30.27
2026-09-04 19:34:07,209 - INFO - ********************************************************************************
2026-09-04 19:34:07,209 - INFO - Round 238
2026-09-04 19:34:12,676 - INFO - this epoch cost time:0.6710114479064941
2026-09-04 19:34:12,676 - INFO - this epoch choose: [5, 1, 29, 97, 10, 67, 22, 4, 67, 25]
2026-09-04 19:34:12,676 - INFO - this epoch dispatch models: [0 0 0 0 0 0 0 0 0 0]
2026-09-04 19:34:12,676 - INFO - this epoch received models: [np.int64(0), np.int64(0), np.int64(0), np.int64(0), np.int64(0), np.int64(0), np.int64(0), np.int64(0), np.int64(0), np.int64(0)]
2026-09-04 19:34:12,676 - INFO - hetero_proportion: 	4:3:3
2026-09-04 19:34:12,721 - INFO - Small evaluation profile: (0.4, 2, 2.120985)
2026-09-04 19:34:13,917 - INFO - Testing accuracy: 30.32
2026-09-04 19:34:13,917 - INFO - ********************************************************************************
2026-09-04 19:34:13,917 - INFO - Round 239
2026-09-04 19:34:19,610 - INFO - this epoch cost time:0.8680012226104736
2026-09-04 19:34:19,610 - INFO - this epoch choose: [26, 56, 36, 31, 62, 64, 47, 41, 50, 83]
2026-09-04 19:34:19,610 - INFO - this epoch dispatch models: [0 0 0 0 0 0 0 0 0 0]
2026-09-04 19:34:19,610 - INFO - this epoch received models: [np.int64(0), np.int64(0), np.int64(0), np.int64(0), np.int64(0), np.int64(0), np.int64(0), np.int64(0), np.int64(0), np.int64(0)]
2026-09-04 19:34:19,610 - INFO - hetero_proportion: 	4:3:3
2026-09-04 19:34:19,657 - INFO - Small evaluation profile: (0.4, 2, 2.120985)
2026-09-04 19:34:20,846 - INFO - Testing accuracy: 30.87
2026-09-04 19:34:20,846 - INFO - ********************************************************************************
2026-09-04 19:34:20,846 - INFO - Round 240
2026-09-04 19:34:26,516 - INFO - this epoch cost time:0.6903760433197021
2026-09-04 19:34:26,516 - INFO - this epoch choose: [9, 24, 76, 23, 24, 87, 79, 38, 74, 54]
2026-09-04 19:34:26,516 - INFO - this epoch dispatch models: [0 0 0 0 0 0 0 0 0 0]
2026-09-04 19:34:26,516 - INFO - this epoch received models: [np.int64(0), np.int64(0), np.int64(0), np.int64(0), np.int64(0), np.int64(0), np.int64(0), np.int64(0), np.int64(0), np.int64(0)]
2026-09-04 19:34:26,516 - INFO - hetero_proportion: 	4:3:3
2026-09-04 19:34:26,561 - INFO - Small evaluation profile: (0.4, 2, 2.120985)
2026-09-04 19:34:27,754 - INFO - Testing accuracy: 30.56
2026-09-04 19:34:27,755 - INFO - ********************************************************************************
2026-09-04 19:34:27,755 - INFO - Round 241
2026-09-04 19:34:33,499 - INFO - this epoch cost time:0.7756245136260986
2026-09-04 19:34:33,499 - INFO - this epoch choose: [78, 60, 46, 2, 62, 2, 13, 84, 80, 73]
2026-09-04 19:34:33,499 - INFO - this epoch dispatch models: [0 0 0 0 0 0 0 0 0 0]
2026-09-04 19:34:33,499 - INFO - this epoch received models: [np.int64(0), np.int64(0), np.int64(0), np.int64(0), np.int64(0), np.int64(0), np.int64(0), np.int64(0), np.int64(0), np.int64(0)]
2026-09-04 19:34:33,499 - INFO - hetero_proportion: 	4:3:3
2026-09-04 19:34:33,544 - INFO - Small evaluation profile: (0.4, 2, 2.120985)
2026-09-04 19:34:34,722 - INFO - Testing accuracy: 30.47
2026-09-04 19:34:34,722 - INFO - ********************************************************************************
2026-09-04 19:34:34,722 - INFO - Round 242
2026-09-04 19:34:40,863 - INFO - this epoch cost time:0.7400531768798828
2026-09-04 19:34:40,863 - INFO - this epoch choose: [85, 79, 55, 90, 74, 43, 43, 9, 82, 53]
2026-09-04 19:34:40,864 - INFO - this epoch dispatch models: [0 0 0 0 0 0 0 0 0 0]
2026-09-04 19:34:40,864 - INFO - this epoch received models: [np.int64(0), np.int64(0), np.int64(0), np.int64(0), np.int64(0), np.int64(0), np.int64(0), np.int64(0), np.int64(0), np.int64(0)]
2026-09-04 19:34:40,864 - INFO - hetero_proportion: 	4:3:3
2026-09-04 19:34:40,910 - INFO - Small evaluation profile: (0.4, 2, 2.120985)
2026-09-04 19:34:42,165 - INFO - Testing accuracy: 29.74
2026-09-04 19:34:42,165 - INFO - ********************************************************************************
2026-09-04 19:34:42,165 - INFO - Round 243
2026-09-04 19:34:47,314 - INFO - this epoch cost time:0.69305419921875
2026-09-04 19:34:47,314 - INFO - this epoch choose: [24, 89, 65, 63, 77, 72, 84, 70, 64, 61]
2026-09-04 19:34:47,315 - INFO - this epoch dispatch models: [0 0 0 0 0 0 0 0 0 0]
2026-09-04 19:34:47,315 - INFO - this epoch received models: [np.int64(0), np.int64(0), np.int64(0), np.int64(0), np.int64(0), np.int64(0), np.int64(0), np.int64(0), np.int64(0), np.int64(0)]
2026-09-04 19:34:47,315 - INFO - hetero_proportion: 	4:3:3
2026-09-04 19:34:47,360 - INFO - Small evaluation profile: (0.4, 2, 2.120985)
2026-09-04 19:34:48,547 - INFO - Testing accuracy: 30.66
2026-09-04 19:34:48,547 - INFO - ********************************************************************************
2026-09-04 19:34:48,547 - INFO - Round 244
2026-09-04 19:34:53,779 - INFO - this epoch cost time:0.6940000057220459
2026-09-04 19:34:53,779 - INFO - this epoch choose: [76, 87, 94, 73, 98, 57, 77, 60, 21, 34]
2026-09-04 19:34:53,779 - INFO - this epoch dispatch models: [0 0 0 0 0 0 0 0 0 0]
2026-09-04 19:34:53,779 - INFO - this epoch received models: [np.int64(0), np.int64(0), np.int64(0), np.int64(0), np.int64(0), np.int64(0), np.int64(0), np.int64(0), np.int64(0), np.int64(0)]
2026-09-04 19:34:53,779 - INFO - hetero_proportion: 	4:3:3
2026-09-04 19:34:53,825 - INFO - Small evaluation profile: (0.4, 2, 2.120985)
2026-09-04 19:34:55,019 - INFO - Testing accuracy: 30.35
2026-09-04 19:34:55,019 - INFO - ********************************************************************************
2026-09-04 19:34:55,019 - INFO - Round 245
2026-09-04 19:34:59,833 - INFO - this epoch cost time:0.7436058521270752
2026-09-04 19:34:59,833 - INFO - this epoch choose: [86, 67, 38, 72, 97, 50, 77, 69, 33, 32]
2026-09-04 19:34:59,833 - INFO - this epoch dispatch models: [0 0 0 0 0 0 0 0 0 0]
2026-09-04 19:34:59,833 - INFO - this epoch received models: [np.int64(0), np.int64(0), np.int64(0), np.int64(0), np.int64(0), np.int64(0), np.int64(0), np.int64(0), np.int64(0), np.int64(0)]
2026-09-04 19:34:59,833 - INFO - hetero_proportion: 	4:3:3
2026-09-04 19:34:59,879 - INFO - Small evaluation profile: (0.4, 2, 2.120985)
2026-09-04 19:35:01,074 - INFO - Testing accuracy: 30.47
2026-09-04 19:35:01,074 - INFO - ********************************************************************************
2026-09-04 19:35:01,074 - INFO - Round 246
2026-09-04 19:35:06,426 - INFO - this epoch cost time:0.635000467300415
2026-09-04 19:35:06,426 - INFO - this epoch choose: [39, 1, 77, 96, 5, 58, 58, 45, 29, 65]
2026-09-04 19:35:06,426 - INFO - this epoch dispatch models: [0 0 0 0 0 0 0 0 0 0]
2026-09-04 19:35:06,426 - INFO - this epoch received models: [np.int64(0), np.int64(0), np.int64(0), np.int64(0), np.int64(0), np.int64(0), np.int64(0), np.int64(0), np.int64(0), np.int64(0)]
2026-09-04 19:35:06,426 - INFO - hetero_proportion: 	4:3:3
2026-09-04 19:35:06,472 - INFO - Small evaluation profile: (0.4, 2, 2.120985)
2026-09-04 19:35:07,658 - INFO - Testing accuracy: 30.85
2026-09-04 19:35:07,658 - INFO - ********************************************************************************
2026-09-04 19:35:07,658 - INFO - Round 247
2026-09-04 19:35:13,164 - INFO - this epoch cost time:0.7418637275695801
2026-09-04 19:35:13,164 - INFO - this epoch choose: [56, 26, 89, 60, 42, 89, 80, 18, 49, 55]
2026-09-04 19:35:13,164 - INFO - this epoch dispatch models: [0 0 0 0 0 0 0 0 0 0]
2026-09-04 19:35:13,164 - INFO - this epoch received models: [np.int64(0), np.int64(0), np.int64(0), np.int64(0), np.int64(0), np.int64(0), np.int64(0), np.int64(0), np.int64(0), np.int64(0)]
2026-09-04 19:35:13,164 - INFO - hetero_proportion: 	4:3:3
2026-09-04 19:35:13,210 - INFO - Small evaluation profile: (0.4, 2, 2.120985)
2026-09-04 19:35:14,407 - INFO - Testing accuracy: 31.28
2026-09-04 19:35:14,407 - INFO - ********************************************************************************
2026-09-04 19:35:14,408 - INFO - Round 248
2026-09-04 19:35:19,766 - INFO - this epoch cost time:0.7626171112060547
2026-09-04 19:35:19,766 - INFO - this epoch choose: [6, 82, 14, 45, 1, 32, 96, 69, 94, 6]
2026-09-04 19:35:19,766 - INFO - this epoch dispatch models: [0 0 0 0 0 0 0 0 0 0]
2026-09-04 19:35:19,766 - INFO - this epoch received models: [np.int64(0), np.int64(0), np.int64(0), np.int64(0), np.int64(0), np.int64(0), np.int64(0), np.int64(0), np.int64(0), np.int64(0)]
2026-09-04 19:35:19,766 - INFO - hetero_proportion: 	4:3:3
2026-09-04 19:35:19,812 - INFO - Small evaluation profile: (0.4, 2, 2.120985)
2026-09-04 19:35:21,026 - INFO - Testing accuracy: 30.69
2026-09-04 19:35:21,026 - INFO - ********************************************************************************
2026-09-04 19:35:21,027 - INFO - Round 249
2026-09-04 19:35:26,970 - INFO - this epoch cost time:0.7979984283447266
2026-09-04 19:35:26,970 - INFO - this epoch choose: [39, 48, 1, 41, 43, 39, 75, 6, 26, 91]
2026-09-04 19:35:26,970 - INFO - this epoch dispatch models: [0 0 0 0 0 0 0 0 0 0]
2026-09-04 19:35:26,970 - INFO - this epoch received models: [np.int64(0), np.int64(0), np.int64(0), np.int64(0), np.int64(0), np.int64(0), np.int64(0), np.int64(0), np.int64(0), np.int64(0)]
2026-09-04 19:35:26,970 - INFO - hetero_proportion: 	4:3:3
2026-09-04 19:35:27,022 - INFO - Small evaluation profile: (0.4, 2, 2.120985)
2026-09-04 19:35:28,377 - INFO - Testing accuracy: 30.71
2026-09-04 19:35:28,378 - INFO - ********************************************************************************
2026-09-04 19:35:28,378 - INFO - Round 250
2026-09-04 19:35:34,114 - INFO - this epoch cost time:0.6835856437683105
2026-09-04 19:35:34,114 - INFO - this epoch choose: [10, 42, 15, 85, 82, 8, 16, 99, 88, 37]
2026-09-04 19:35:34,114 - INFO - this epoch dispatch models: [0 0 0 0 0 0 0 0 0 0]
2026-09-04 19:35:34,114 - INFO - this epoch received models: [np.int64(0), np.int64(0), np.int64(0), np.int64(0), np.int64(0), np.int64(0), np.int64(0), np.int64(0), np.int64(0), np.int64(0)]
2026-09-04 19:35:34,114 - INFO - hetero_proportion: 	4:3:3
2026-09-04 19:35:34,160 - INFO - Small evaluation profile: (0.4, 2, 2.120985)
2026-09-04 19:35:35,372 - INFO - Testing accuracy: 31.10
2026-09-04 19:35:35,373 - INFO - ********************************************************************************
2026-09-04 19:35:35,373 - INFO - Round 251
2026-09-04 19:35:40,825 - INFO - this epoch cost time:0.7019836902618408
2026-09-04 19:35:40,825 - INFO - this epoch choose: [52, 77, 43, 29, 3, 82, 89, 88, 23, 96]
2026-09-04 19:35:40,826 - INFO - this epoch dispatch models: [0 0 0 0 0 0 0 0 0 0]
2026-09-04 19:35:40,826 - INFO - this epoch received models: [np.int64(0), np.int64(0), np.int64(0), np.int64(0), np.int64(0), np.int64(0), np.int64(0), np.int64(0), np.int64(0), np.int64(0)]
2026-09-04 19:35:40,826 - INFO - hetero_proportion: 	4:3:3
2026-09-04 19:35:40,872 - INFO - Small evaluation profile: (0.4, 2, 2.120985)
2026-09-04 19:35:42,084 - INFO - Testing accuracy: 30.40
2026-09-04 19:35:42,084 - INFO - ********************************************************************************
2026-09-04 19:35:42,084 - INFO - Round 252
2026-09-04 19:35:47,643 - INFO - this epoch cost time:0.7075090408325195
2026-09-04 19:35:47,644 - INFO - this epoch choose: [98, 96, 64, 95, 73, 82, 46, 38, 37, 48]
2026-09-04 19:35:47,644 - INFO - this epoch dispatch models: [0 0 0 0 0 0 0 0 0 0]
2026-09-04 19:35:47,644 - INFO - this epoch received models: [np.int64(0), np.int64(0), np.int64(0), np.int64(0), np.int64(0), np.int64(0), np.int64(0), np.int64(0), np.int64(0), np.int64(0)]
2026-09-04 19:35:47,644 - INFO - hetero_proportion: 	4:3:3
2026-09-04 19:35:47,690 - INFO - Small evaluation profile: (0.4, 2, 2.120985)
2026-09-04 19:35:48,893 - INFO - Testing accuracy: 30.52
2026-09-04 19:35:48,893 - INFO - ********************************************************************************
2026-09-04 19:35:48,893 - INFO - Round 253
2026-09-04 19:35:54,456 - INFO - this epoch cost time:0.7076215744018555
2026-09-04 19:35:54,456 - INFO - this epoch choose: [53, 67, 59, 9, 25, 52, 29, 77, 5, 79]
2026-09-04 19:35:54,456 - INFO - this epoch dispatch models: [0 0 0 0 0 0 0 0 0 0]
2026-09-04 19:35:54,456 - INFO - this epoch received models: [np.int64(0), np.int64(0), np.int64(0), np.int64(0), np.int64(0), np.int64(0), np.int64(0), np.int64(0), np.int64(0), np.int64(0)]
2026-09-04 19:35:54,456 - INFO - hetero_proportion: 	4:3:3
2026-09-04 19:35:54,503 - INFO - Small evaluation profile: (0.4, 2, 2.120985)
2026-09-04 19:35:55,715 - INFO - Testing accuracy: 31.15
2026-09-04 19:35:55,716 - INFO - ********************************************************************************
2026-09-04 19:35:55,716 - INFO - Round 254
2026-09-04 19:36:01,375 - INFO - this epoch cost time:0.7655749320983887
2026-09-04 19:36:01,375 - INFO - this epoch choose: [30, 80, 28, 31, 91, 50, 48, 26, 79, 19]
2026-09-04 19:36:01,375 - INFO - this epoch dispatch models: [0 0 0 0 0 0 0 0 0 0]
2026-09-04 19:36:01,375 - INFO - this epoch received models: [np.int64(0), np.int64(0), np.int64(0), np.int64(0), np.int64(0), np.int64(0), np.int64(0), np.int64(0), np.int64(0), np.int64(0)]
2026-09-04 19:36:01,375 - INFO - hetero_proportion: 	4:3:3
2026-09-04 19:36:01,421 - INFO - Small evaluation profile: (0.4, 2, 2.120985)
2026-09-04 19:36:02,637 - INFO - Testing accuracy: 30.74
2026-09-04 19:36:02,638 - INFO - ********************************************************************************
2026-09-04 19:36:02,638 - INFO - Round 255
2026-09-04 19:36:08,088 - INFO - this epoch cost time:0.7110764980316162
2026-09-04 19:36:08,088 - INFO - this epoch choose: [92, 38, 95, 92, 46, 0, 91, 90, 87, 39]
2026-09-04 19:36:08,088 - INFO - this epoch dispatch models: [0 0 0 0 0 0 0 0 0 0]
2026-09-04 19:36:08,088 - INFO - this epoch received models: [np.int64(0), np.int64(0), np.int64(0), np.int64(0), np.int64(0), np.int64(0), np.int64(0), np.int64(0), np.int64(0), np.int64(0)]
2026-09-04 19:36:08,088 - INFO - hetero_proportion: 	4:3:3
2026-09-04 19:36:08,134 - INFO - Small evaluation profile: (0.4, 2, 2.120985)
2026-09-04 19:36:09,347 - INFO - Testing accuracy: 31.05
2026-09-04 19:36:09,348 - INFO - ********************************************************************************
2026-09-04 19:36:09,348 - INFO - Round 256
2026-09-04 19:36:15,361 - INFO - this epoch cost time:0.7243547439575195
2026-09-04 19:36:15,362 - INFO - this epoch choose: [56, 63, 21, 86, 18, 3, 47, 55, 70, 43]
2026-09-04 19:36:15,362 - INFO - this epoch dispatch models: [0 0 0 0 0 0 0 0 0 0]
2026-09-04 19:36:15,362 - INFO - this epoch received models: [np.int64(0), np.int64(0), np.int64(0), np.int64(0), np.int64(0), np.int64(0), np.int64(0), np.int64(0), np.int64(0), np.int64(0)]
2026-09-04 19:36:15,362 - INFO - hetero_proportion: 	4:3:3
2026-09-04 19:36:15,407 - INFO - Small evaluation profile: (0.4, 2, 2.120985)
2026-09-04 19:36:16,624 - INFO - Testing accuracy: 30.60
2026-09-04 19:36:16,624 - INFO - ********************************************************************************
2026-09-04 19:36:16,624 - INFO - Round 257
2026-09-04 19:36:22,252 - INFO - this epoch cost time:0.7109091281890869
2026-09-04 19:36:22,252 - INFO - this epoch choose: [65, 62, 40, 77, 14, 74, 82, 37, 70, 84]
2026-09-04 19:36:22,252 - INFO - this epoch dispatch models: [0 0 0 0 0 0 0 0 0 0]
2026-09-04 19:36:22,252 - INFO - this epoch received models: [np.int64(0), np.int64(0), np.int64(0), np.int64(0), np.int64(0), np.int64(0), np.int64(0), np.int64(0), np.int64(0), np.int64(0)]
2026-09-04 19:36:22,252 - INFO - hetero_proportion: 	4:3:3
2026-09-04 19:36:22,299 - INFO - Small evaluation profile: (0.4, 2, 2.120985)
2026-09-04 19:36:23,514 - INFO - Testing accuracy: 30.37
2026-09-04 19:36:23,514 - INFO - ********************************************************************************
2026-09-04 19:36:23,514 - INFO - Round 258
2026-09-04 19:36:29,372 - INFO - this epoch cost time:0.7662277221679688
2026-09-04 19:36:29,372 - INFO - this epoch choose: [35, 54, 1, 39, 96, 11, 81, 62, 14, 64]
2026-09-04 19:36:29,372 - INFO - this epoch dispatch models: [0 0 0 0 0 0 0 0 0 0]
2026-09-04 19:36:29,372 - INFO - this epoch received models: [np.int64(0), np.int64(0), np.int64(0), np.int64(0), np.int64(0), np.int64(0), np.int64(0), np.int64(0), np.int64(0), np.int64(0)]
2026-09-04 19:36:29,372 - INFO - hetero_proportion: 	4:3:3
2026-09-04 19:36:29,419 - INFO - Small evaluation profile: (0.4, 2, 2.120985)
2026-09-04 19:36:30,633 - INFO - Testing accuracy: 30.21
2026-09-04 19:36:30,633 - INFO - ********************************************************************************
2026-09-04 19:36:30,633 - INFO - Round 259
2026-09-04 19:36:35,573 - INFO - this epoch cost time:0.650001049041748
2026-09-04 19:36:35,573 - INFO - this epoch choose: [28, 77, 95, 82, 95, 33, 55, 47, 29, 6]
2026-09-04 19:36:35,573 - INFO - this epoch dispatch models: [0 0 0 0 0 0 0 0 0 0]
2026-09-04 19:36:35,573 - INFO - this epoch received models: [np.int64(0), np.int64(0), np.int64(0), np.int64(0), np.int64(0), np.int64(0), np.int64(0), np.int64(0), np.int64(0), np.int64(0)]
2026-09-04 19:36:35,573 - INFO - hetero_proportion: 	4:3:3
2026-09-04 19:36:35,619 - INFO - Small evaluation profile: (0.4, 2, 2.120985)
2026-09-04 19:36:36,821 - INFO - Testing accuracy: 30.62
2026-09-04 19:36:36,821 - INFO - ********************************************************************************
2026-09-04 19:36:36,821 - INFO - Round 260
2026-09-04 19:36:42,145 - INFO - this epoch cost time:0.6515955924987793
2026-09-04 19:36:42,145 - INFO - this epoch choose: [13, 76, 65, 65, 65, 20, 16, 37, 6, 8]
2026-09-04 19:36:42,145 - INFO - this epoch dispatch models: [0 0 0 0 0 0 0 0 0 0]
2026-09-04 19:36:42,146 - INFO - this epoch received models: [np.int64(0), np.int64(0), np.int64(0), np.int64(0), np.int64(0), np.int64(0), np.int64(0), np.int64(0), np.int64(0), np.int64(0)]
2026-09-04 19:36:42,146 - INFO - hetero_proportion: 	4:3:3
2026-09-04 19:36:42,193 - INFO - Small evaluation profile: (0.4, 2, 2.120985)
2026-09-04 19:36:43,409 - INFO - Testing accuracy: 29.97
2026-09-04 19:36:43,410 - INFO - ********************************************************************************
2026-09-04 19:36:43,410 - INFO - Round 261
2026-09-04 19:36:49,048 - INFO - this epoch cost time:0.7180004119873047
2026-09-04 19:36:49,048 - INFO - this epoch choose: [27, 0, 86, 7, 54, 93, 91, 2, 8, 7]
2026-09-04 19:36:49,048 - INFO - this epoch dispatch models: [0 0 0 0 0 0 0 0 0 0]
2026-09-04 19:36:49,048 - INFO - this epoch received models: [np.int64(0), np.int64(0), np.int64(0), np.int64(0), np.int64(0), np.int64(0), np.int64(0), np.int64(0), np.int64(0), np.int64(0)]
2026-09-04 19:36:49,048 - INFO - hetero_proportion: 	4:3:3
2026-09-04 19:36:49,095 - INFO - Small evaluation profile: (0.4, 2, 2.120985)
2026-09-04 19:36:50,305 - INFO - Testing accuracy: 29.89
2026-09-04 19:36:50,306 - INFO - ********************************************************************************
2026-09-04 19:36:50,306 - INFO - Round 262
2026-09-04 19:36:55,638 - INFO - this epoch cost time:0.6478633880615234
2026-09-04 19:36:55,638 - INFO - this epoch choose: [1, 4, 68, 43, 42, 2, 78, 1, 71, 27]
2026-09-04 19:36:55,638 - INFO - this epoch dispatch models: [0 0 0 0 0 0 0 0 0 0]
2026-09-04 19:36:55,638 - INFO - this epoch received models: [np.int64(0), np.int64(0), np.int64(0), np.int64(0), np.int64(0), np.int64(0), np.int64(0), np.int64(0), np.int64(0), np.int64(0)]
2026-09-04 19:36:55,638 - INFO - hetero_proportion: 	4:3:3
2026-09-04 19:36:55,685 - INFO - Small evaluation profile: (0.4, 2, 2.120985)
2026-09-04 19:36:56,899 - INFO - Testing accuracy: 29.85
2026-09-04 19:36:56,899 - INFO - ********************************************************************************
2026-09-04 19:36:56,899 - INFO - Round 263
2026-09-04 19:37:02,809 - INFO - this epoch cost time:0.7077314853668213
2026-09-04 19:37:02,809 - INFO - this epoch choose: [60, 25, 34, 37, 74, 70, 66, 32, 29, 23]
2026-09-04 19:37:02,809 - INFO - this epoch dispatch models: [0 0 0 0 0 0 0 0 0 0]
2026-09-04 19:37:02,809 - INFO - this epoch received models: [np.int64(0), np.int64(0), np.int64(0), np.int64(0), np.int64(0), np.int64(0), np.int64(0), np.int64(0), np.int64(0), np.int64(0)]
2026-09-04 19:37:02,809 - INFO - hetero_proportion: 	4:3:3
2026-09-04 19:37:02,856 - INFO - Small evaluation profile: (0.4, 2, 2.120985)
2026-09-04 19:37:04,079 - INFO - Testing accuracy: 30.44
2026-09-04 19:37:04,080 - INFO - ********************************************************************************
2026-09-04 19:37:04,080 - INFO - Round 264
2026-09-04 19:37:09,492 - INFO - this epoch cost time:0.711000919342041
2026-09-04 19:37:09,493 - INFO - this epoch choose: [26, 50, 7, 30, 71, 89, 57, 4, 42, 41]
2026-09-04 19:37:09,493 - INFO - this epoch dispatch models: [0 0 0 0 0 0 0 0 0 0]
2026-09-04 19:37:09,493 - INFO - this epoch received models: [np.int64(0), np.int64(0), np.int64(0), np.int64(0), np.int64(0), np.int64(0), np.int64(0), np.int64(0), np.int64(0), np.int64(0)]
2026-09-04 19:37:09,493 - INFO - hetero_proportion: 	4:3:3
2026-09-04 19:37:09,539 - INFO - Small evaluation profile: (0.4, 2, 2.120985)
2026-09-04 19:37:10,782 - INFO - Testing accuracy: 30.28
2026-09-04 19:37:10,782 - INFO - ********************************************************************************
2026-09-04 19:37:10,782 - INFO - Round 265
2026-09-04 19:37:16,943 - INFO - this epoch cost time:0.8290462493896484
2026-09-04 19:37:16,943 - INFO - this epoch choose: [52, 15, 2, 72, 23, 64, 81, 11, 97, 23]
2026-09-04 19:37:16,943 - INFO - this epoch dispatch models: [0 0 0 0 0 0 0 0 0 0]
2026-09-04 19:37:16,943 - INFO - this epoch received models: [np.int64(0), np.int64(0), np.int64(0), np.int64(0), np.int64(0), np.int64(0), np.int64(0), np.int64(0), np.int64(0), np.int64(0)]
2026-09-04 19:37:16,943 - INFO - hetero_proportion: 	4:3:3
2026-09-04 19:37:16,995 - INFO - Small evaluation profile: (0.4, 2, 2.120985)
2026-09-04 19:37:18,344 - INFO - Testing accuracy: 30.23
2026-09-04 19:37:18,345 - INFO - ********************************************************************************
2026-09-04 19:37:18,345 - INFO - Round 266
2026-09-04 19:37:24,900 - INFO - this epoch cost time:0.7533493041992188
2026-09-04 19:37:24,900 - INFO - this epoch choose: [27, 28, 22, 38, 12, 7, 40, 92, 18, 8]
2026-09-04 19:37:24,901 - INFO - this epoch dispatch models: [0 0 0 0 0 0 0 0 0 0]
2026-09-04 19:37:24,901 - INFO - this epoch received models: [np.int64(0), np.int64(0), np.int64(0), np.int64(0), np.int64(0), np.int64(0), np.int64(0), np.int64(0), np.int64(0), np.int64(0)]
2026-09-04 19:37:24,901 - INFO - hetero_proportion: 	4:3:3
2026-09-04 19:37:24,951 - INFO - Small evaluation profile: (0.4, 2, 2.120985)
2026-09-04 19:37:26,154 - INFO - Testing accuracy: 30.35
2026-09-04 19:37:26,154 - INFO - ********************************************************************************
2026-09-04 19:37:26,154 - INFO - Round 267
2026-09-04 19:37:31,960 - INFO - this epoch cost time:0.7130002975463867
2026-09-04 19:37:31,960 - INFO - this epoch choose: [56, 19, 29, 5, 95, 36, 44, 7, 75, 11]
2026-09-04 19:37:31,960 - INFO - this epoch dispatch models: [0 0 0 0 0 0 0 0 0 0]
2026-09-04 19:37:31,960 - INFO - this epoch received models: [np.int64(0), np.int64(0), np.int64(0), np.int64(0), np.int64(0), np.int64(0), np.int64(0), np.int64(0), np.int64(0), np.int64(0)]
2026-09-04 19:37:31,960 - INFO - hetero_proportion: 	4:3:3
2026-09-04 19:37:32,007 - INFO - Small evaluation profile: (0.4, 2, 2.120985)
2026-09-04 19:37:33,254 - INFO - Testing accuracy: 30.63
2026-09-04 19:37:33,255 - INFO - ********************************************************************************
2026-09-04 19:37:33,255 - INFO - Round 268
2026-09-04 19:37:38,880 - INFO - this epoch cost time:0.7072615623474121
2026-09-04 19:37:38,880 - INFO - this epoch choose: [56, 25, 29, 85, 23, 15, 7, 25, 6, 95]
2026-09-04 19:37:38,881 - INFO - this epoch dispatch models: [0 0 0 0 0 0 0 0 0 0]
2026-09-04 19:37:38,881 - INFO - this epoch received models: [np.int64(0), np.int64(0), np.int64(0), np.int64(0), np.int64(0), np.int64(0), np.int64(0), np.int64(0), np.int64(0), np.int64(0)]
2026-09-04 19:37:38,881 - INFO - hetero_proportion: 	4:3:3
2026-09-04 19:37:38,927 - INFO - Small evaluation profile: (0.4, 2, 2.120985)
2026-09-04 19:37:40,152 - INFO - Testing accuracy: 30.54
2026-09-04 19:37:40,152 - INFO - ********************************************************************************
2026-09-04 19:37:40,152 - INFO - Round 269
2026-09-04 19:37:45,616 - INFO - this epoch cost time:0.7100057601928711
2026-09-04 19:37:45,616 - INFO - this epoch choose: [93, 14, 11, 95, 28, 36, 91, 32, 67, 54]
2026-09-04 19:37:45,616 - INFO - this epoch dispatch models: [0 0 0 0 0 0 0 0 0 0]
2026-09-04 19:37:45,616 - INFO - this epoch received models: [np.int64(0), np.int64(0), np.int64(0), np.int64(0), np.int64(0), np.int64(0), np.int64(0), np.int64(0), np.int64(0), np.int64(0)]
2026-09-04 19:37:45,616 - INFO - hetero_proportion: 	4:3:3
2026-09-04 19:37:45,663 - INFO - Small evaluation profile: (0.4, 2, 2.120985)
2026-09-04 19:37:46,883 - INFO - Testing accuracy: 30.52
2026-09-04 19:37:46,883 - INFO - ********************************************************************************
2026-09-04 19:37:46,883 - INFO - Round 270
2026-09-04 19:37:52,212 - INFO - this epoch cost time:0.7072720527648926
2026-09-04 19:37:52,213 - INFO - this epoch choose: [31, 92, 4, 92, 32, 97, 24, 41, 44, 45]
2026-09-04 19:37:52,213 - INFO - this epoch dispatch models: [0 0 0 0 0 0 0 0 0 0]
2026-09-04 19:37:52,213 - INFO - this epoch received models: [np.int64(0), np.int64(0), np.int64(0), np.int64(0), np.int64(0), np.int64(0), np.int64(0), np.int64(0), np.int64(0), np.int64(0)]
2026-09-04 19:37:52,213 - INFO - hetero_proportion: 	4:3:3
2026-09-04 19:37:52,258 - INFO - Small evaluation profile: (0.4, 2, 2.120985)
2026-09-04 19:37:53,467 - INFO - Testing accuracy: 30.62
2026-09-04 19:37:53,467 - INFO - ********************************************************************************
2026-09-04 19:37:53,467 - INFO - Round 271
2026-09-04 19:37:59,171 - INFO - this epoch cost time:0.708972692489624
2026-09-04 19:37:59,172 - INFO - this epoch choose: [58, 97, 84, 78, 48, 86, 49, 11, 54, 31]
2026-09-04 19:37:59,172 - INFO - this epoch dispatch models: [0 0 0 0 0 0 0 0 0 0]
2026-09-04 19:37:59,172 - INFO - this epoch received models: [np.int64(0), np.int64(0), np.int64(0), np.int64(0), np.int64(0), np.int64(0), np.int64(0), np.int64(0), np.int64(0), np.int64(0)]
2026-09-04 19:37:59,172 - INFO - hetero_proportion: 	4:3:3
2026-09-04 19:37:59,218 - INFO - Small evaluation profile: (0.4, 2, 2.120985)
2026-09-04 19:38:00,422 - INFO - Testing accuracy: 30.50
2026-09-04 19:38:00,422 - INFO - ********************************************************************************
2026-09-04 19:38:00,422 - INFO - Round 272
2026-09-04 19:38:06,395 - INFO - this epoch cost time:0.8864452838897705
2026-09-04 19:38:06,395 - INFO - this epoch choose: [62, 43, 22, 77, 83, 14, 30, 9, 98, 55]
2026-09-04 19:38:06,395 - INFO - this epoch dispatch models: [0 0 0 0 0 0 0 0 0 0]
2026-09-04 19:38:06,395 - INFO - this epoch received models: [np.int64(0), np.int64(0), np.int64(0), np.int64(0), np.int64(0), np.int64(0), np.int64(0), np.int64(0), np.int64(0), np.int64(0)]
2026-09-04 19:38:06,395 - INFO - hetero_proportion: 	4:3:3
2026-09-04 19:38:06,441 - INFO - Small evaluation profile: (0.4, 2, 2.120985)
2026-09-04 19:38:07,664 - INFO - Testing accuracy: 30.22
2026-09-04 19:38:07,665 - INFO - ********************************************************************************
2026-09-04 19:38:07,665 - INFO - Round 273
2026-09-04 19:38:13,223 - INFO - this epoch cost time:0.650991678237915
2026-09-04 19:38:13,223 - INFO - this epoch choose: [35, 68, 38, 42, 96, 47, 52, 58, 46, 45]
2026-09-04 19:38:13,223 - INFO - this epoch dispatch models: [0 0 0 0 0 0 0 0 0 0]
2026-09-04 19:38:13,223 - INFO - this epoch received models: [np.int64(0), np.int64(0), np.int64(0), np.int64(0), np.int64(0), np.int64(0), np.int64(0), np.int64(0), np.int64(0), np.int64(0)]
2026-09-04 19:38:13,223 - INFO - hetero_proportion: 	4:3:3
2026-09-04 19:38:13,275 - INFO - Small evaluation profile: (0.4, 2, 2.120985)
2026-09-04 19:38:14,500 - INFO - Testing accuracy: 30.44
2026-09-04 19:38:14,500 - INFO - ********************************************************************************
2026-09-04 19:38:14,500 - INFO - Round 274
2026-09-04 19:38:19,651 - INFO - this epoch cost time:0.5938065052032471
2026-09-04 19:38:19,651 - INFO - this epoch choose: [40, 50, 60, 65, 2, 47, 16, 38, 21, 38]
2026-09-04 19:38:19,651 - INFO - this epoch dispatch models: [0 0 0 0 0 0 0 0 0 0]
2026-09-04 19:38:19,651 - INFO - this epoch received models: [np.int64(0), np.int64(0), np.int64(0), np.int64(0), np.int64(0), np.int64(0), np.int64(0), np.int64(0), np.int64(0), np.int64(0)]
2026-09-04 19:38:19,651 - INFO - hetero_proportion: 	4:3:3
2026-09-04 19:38:19,698 - INFO - Small evaluation profile: (0.4, 2, 2.120985)
2026-09-04 19:38:20,896 - INFO - Testing accuracy: 30.15
2026-09-04 19:38:20,897 - INFO - ********************************************************************************
2026-09-04 19:38:20,897 - INFO - Round 275
2026-09-04 19:38:26,444 - INFO - this epoch cost time:0.7589097023010254
2026-09-04 19:38:26,444 - INFO - this epoch choose: [72, 16, 70, 91, 93, 19, 21, 58, 82, 80]
2026-09-04 19:38:26,444 - INFO - this epoch dispatch models: [0 0 0 0 0 0 0 0 0 0]
2026-09-04 19:38:26,444 - INFO - this epoch received models: [np.int64(0), np.int64(0), np.int64(0), np.int64(0), np.int64(0), np.int64(0), np.int64(0), np.int64(0), np.int64(0), np.int64(0)]
2026-09-04 19:38:26,444 - INFO - hetero_proportion: 	4:3:3
2026-09-04 19:38:26,490 - INFO - Small evaluation profile: (0.4, 2, 2.120985)
2026-09-04 19:38:27,703 - INFO - Testing accuracy: 30.35
2026-09-04 19:38:27,703 - INFO - ********************************************************************************
2026-09-04 19:38:27,703 - INFO - Round 276
2026-09-04 19:38:33,040 - INFO - this epoch cost time:0.5942487716674805
2026-09-04 19:38:33,040 - INFO - this epoch choose: [19, 17, 20, 10, 78, 32, 30, 45, 82, 40]
2026-09-04 19:38:33,040 - INFO - this epoch dispatch models: [0 0 0 0 0 0 0 0 0 0]
2026-09-04 19:38:33,040 - INFO - this epoch received models: [np.int64(0), np.int64(0), np.int64(0), np.int64(0), np.int64(0), np.int64(0), np.int64(0), np.int64(0), np.int64(0), np.int64(0)]
2026-09-04 19:38:33,040 - INFO - hetero_proportion: 	4:3:3
2026-09-04 19:38:33,087 - INFO - Small evaluation profile: (0.4, 2, 2.120985)
2026-09-04 19:38:34,311 - INFO - Testing accuracy: 30.73
2026-09-04 19:38:34,312 - INFO - ********************************************************************************
2026-09-04 19:38:34,312 - INFO - Round 277
2026-09-04 19:38:40,263 - INFO - this epoch cost time:0.7149994373321533
2026-09-04 19:38:40,264 - INFO - this epoch choose: [21, 35, 60, 39, 9, 54, 19, 70, 45, 57]
2026-09-04 19:38:40,264 - INFO - this epoch dispatch models: [0 0 0 0 0 0 0 0 0 0]
2026-09-04 19:38:40,264 - INFO - this epoch received models: [np.int64(0), np.int64(0), np.int64(0), np.int64(0), np.int64(0), np.int64(0), np.int64(0), np.int64(0), np.int64(0), np.int64(0)]
2026-09-04 19:38:40,264 - INFO - hetero_proportion: 	4:3:3
2026-09-04 19:38:40,312 - INFO - Small evaluation profile: (0.4, 2, 2.120985)
2026-09-04 19:38:41,541 - INFO - Testing accuracy: 29.96
2026-09-04 19:38:41,541 - INFO - ********************************************************************************
2026-09-04 19:38:41,541 - INFO - Round 278
2026-09-04 19:38:47,068 - INFO - this epoch cost time:0.7084875106811523
2026-09-04 19:38:47,068 - INFO - this epoch choose: [13, 19, 87, 40, 8, 87, 23, 61, 68, 4]
2026-09-04 19:38:47,069 - INFO - this epoch dispatch models: [0 0 0 0 0 0 0 0 0 0]
2026-09-04 19:38:47,069 - INFO - this epoch received models: [np.int64(0), np.int64(0), np.int64(0), np.int64(0), np.int64(0), np.int64(0), np.int64(0), np.int64(0), np.int64(0), np.int64(0)]
2026-09-04 19:38:47,069 - INFO - hetero_proportion: 	4:3:3
2026-09-04 19:38:47,115 - INFO - Small evaluation profile: (0.4, 2, 2.120985)
2026-09-04 19:38:48,327 - INFO - Testing accuracy: 29.96
2026-09-04 19:38:48,328 - INFO - ********************************************************************************
2026-09-04 19:38:48,328 - INFO - Round 279
2026-09-04 19:38:54,365 - INFO - this epoch cost time:0.8889999389648438
2026-09-04 19:38:54,365 - INFO - this epoch choose: [5, 92, 24, 83, 45, 94, 46, 64, 45, 64]
2026-09-04 19:38:54,365 - INFO - this epoch dispatch models: [0 0 0 0 0 0 0 0 0 0]
2026-09-04 19:38:54,365 - INFO - this epoch received models: [np.int64(0), np.int64(0), np.int64(0), np.int64(0), np.int64(0), np.int64(0), np.int64(0), np.int64(0), np.int64(0), np.int64(0)]
2026-09-04 19:38:54,365 - INFO - hetero_proportion: 	4:3:3
2026-09-04 19:38:54,412 - INFO - Small evaluation profile: (0.4, 2, 2.120985)
2026-09-04 19:38:55,620 - INFO - Testing accuracy: 30.14
2026-09-04 19:38:55,621 - INFO - ********************************************************************************
2026-09-04 19:38:55,621 - INFO - Round 280
2026-09-04 19:39:02,031 - INFO - this epoch cost time:0.8874986171722412
2026-09-04 19:39:02,031 - INFO - this epoch choose: [80, 85, 47, 43, 83, 15, 23, 48, 4, 34]
2026-09-04 19:39:02,032 - INFO - this epoch dispatch models: [0 0 0 0 0 0 0 0 0 0]
2026-09-04 19:39:02,032 - INFO - this epoch received models: [np.int64(0), np.int64(0), np.int64(0), np.int64(0), np.int64(0), np.int64(0), np.int64(0), np.int64(0), np.int64(0), np.int64(0)]
2026-09-04 19:39:02,032 - INFO - hetero_proportion: 	4:3:3
2026-09-04 19:39:02,079 - INFO - Small evaluation profile: (0.4, 2, 2.120985)
2026-09-04 19:39:03,302 - INFO - Testing accuracy: 30.13
2026-09-04 19:39:03,303 - INFO - ********************************************************************************
2026-09-04 19:39:03,303 - INFO - Round 281
2026-09-04 19:39:08,388 - INFO - this epoch cost time:0.7090673446655273
2026-09-04 19:39:08,388 - INFO - this epoch choose: [78, 91, 26, 7, 31, 38, 41, 72, 51, 31]
2026-09-04 19:39:08,388 - INFO - this epoch dispatch models: [0 0 0 0 0 0 0 0 0 0]
2026-09-04 19:39:08,388 - INFO - this epoch received models: [np.int64(0), np.int64(0), np.int64(0), np.int64(0), np.int64(0), np.int64(0), np.int64(0), np.int64(0), np.int64(0), np.int64(0)]
2026-09-04 19:39:08,388 - INFO - hetero_proportion: 	4:3:3
2026-09-04 19:39:08,435 - INFO - Small evaluation profile: (0.4, 2, 2.120985)
2026-09-04 19:39:09,647 - INFO - Testing accuracy: 30.30
2026-09-04 19:39:09,647 - INFO - ********************************************************************************
2026-09-04 19:39:09,648 - INFO - Round 282
2026-09-04 19:39:14,965 - INFO - this epoch cost time:0.7156844139099121
2026-09-04 19:39:14,965 - INFO - this epoch choose: [46, 98, 6, 29, 37, 89, 72, 0, 25, 12]
2026-09-04 19:39:14,965 - INFO - this epoch dispatch models: [0 0 0 0 0 0 0 0 0 0]
2026-09-04 19:39:14,965 - INFO - this epoch received models: [np.int64(0), np.int64(0), np.int64(0), np.int64(0), np.int64(0), np.int64(0), np.int64(0), np.int64(0), np.int64(0), np.int64(0)]
2026-09-04 19:39:14,965 - INFO - hetero_proportion: 	4:3:3
2026-09-04 19:39:15,014 - INFO - Small evaluation profile: (0.4, 2, 2.120985)
2026-09-04 19:39:16,226 - INFO - Testing accuracy: 30.32
2026-09-04 19:39:16,226 - INFO - ********************************************************************************
2026-09-04 19:39:16,226 - INFO - Round 283
2026-09-04 19:39:21,784 - INFO - this epoch cost time:0.8449990749359131
2026-09-04 19:39:21,784 - INFO - this epoch choose: [17, 28, 47, 64, 34, 18, 20, 29, 9, 39]
2026-09-04 19:39:21,784 - INFO - this epoch dispatch models: [0 0 0 0 0 0 0 0 0 0]
2026-09-04 19:39:21,784 - INFO - this epoch received models: [np.int64(0), np.int64(0), np.int64(0), np.int64(0), np.int64(0), np.int64(0), np.int64(0), np.int64(0), np.int64(0), np.int64(0)]
2026-09-04 19:39:21,784 - INFO - hetero_proportion: 	4:3:3
2026-09-04 19:39:21,829 - INFO - Small evaluation profile: (0.4, 2, 2.120985)
2026-09-04 19:39:23,009 - INFO - Testing accuracy: 30.68
2026-09-04 19:39:23,010 - INFO - ********************************************************************************
2026-09-04 19:39:23,010 - INFO - Round 284
2026-09-04 19:39:28,727 - INFO - this epoch cost time:0.7450008392333984
2026-09-04 19:39:28,727 - INFO - this epoch choose: [73, 65, 65, 69, 76, 69, 55, 56, 74, 65]
2026-09-04 19:39:28,727 - INFO - this epoch dispatch models: [0 0 0 0 0 0 0 0 0 0]
2026-09-04 19:39:28,727 - INFO - this epoch received models: [np.int64(0), np.int64(0), np.int64(0), np.int64(0), np.int64(0), np.int64(0), np.int64(0), np.int64(0), np.int64(0), np.int64(0)]
2026-09-04 19:39:28,727 - INFO - hetero_proportion: 	4:3:3
2026-09-04 19:39:28,772 - INFO - Small evaluation profile: (0.4, 2, 2.120985)
2026-09-04 19:39:29,931 - INFO - Testing accuracy: 29.74
2026-09-04 19:39:29,931 - INFO - ********************************************************************************
2026-09-04 19:39:29,932 - INFO - Round 285
2026-09-04 19:39:35,424 - INFO - this epoch cost time:0.6809999942779541
2026-09-04 19:39:35,424 - INFO - this epoch choose: [60, 23, 65, 45, 25, 55, 9, 35, 26, 29]
2026-09-04 19:39:35,424 - INFO - this epoch dispatch models: [0 0 0 0 0 0 0 0 0 0]
2026-09-04 19:39:35,424 - INFO - this epoch received models: [np.int64(0), np.int64(0), np.int64(0), np.int64(0), np.int64(0), np.int64(0), np.int64(0), np.int64(0), np.int64(0), np.int64(0)]
2026-09-04 19:39:35,424 - INFO - hetero_proportion: 	4:3:3
2026-09-04 19:39:35,468 - INFO - Small evaluation profile: (0.4, 2, 2.120985)
2026-09-04 19:39:36,626 - INFO - Testing accuracy: 30.02
2026-09-04 19:39:36,627 - INFO - ********************************************************************************
2026-09-04 19:39:36,627 - INFO - Round 286
2026-09-04 19:39:42,071 - INFO - this epoch cost time:0.6789989471435547
2026-09-04 19:39:42,072 - INFO - this epoch choose: [97, 18, 17, 98, 26, 2, 20, 62, 46, 23]
2026-09-04 19:39:42,072 - INFO - this epoch dispatch models: [0 0 0 0 0 0 0 0 0 0]
2026-09-04 19:39:42,072 - INFO - this epoch received models: [np.int64(0), np.int64(0), np.int64(0), np.int64(0), np.int64(0), np.int64(0), np.int64(0), np.int64(0), np.int64(0), np.int64(0)]
2026-09-04 19:39:42,072 - INFO - hetero_proportion: 	4:3:3
2026-09-04 19:39:42,116 - INFO - Small evaluation profile: (0.4, 2, 2.120985)
2026-09-04 19:39:43,278 - INFO - Testing accuracy: 30.30
2026-09-04 19:39:43,278 - INFO - ********************************************************************************
2026-09-04 19:39:43,278 - INFO - Round 287
2026-09-04 19:39:48,396 - INFO - this epoch cost time:0.6459999084472656
2026-09-04 19:39:48,396 - INFO - this epoch choose: [6, 46, 10, 78, 30, 86, 89, 27, 11, 56]
2026-09-04 19:39:48,397 - INFO - this epoch dispatch models: [0 0 0 0 0 0 0 0 0 0]
2026-09-04 19:39:48,397 - INFO - this epoch received models: [np.int64(0), np.int64(0), np.int64(0), np.int64(0), np.int64(0), np.int64(0), np.int64(0), np.int64(0), np.int64(0), np.int64(0)]
2026-09-04 19:39:48,397 - INFO - hetero_proportion: 	4:3:3
2026-09-04 19:39:48,441 - INFO - Small evaluation profile: (0.4, 2, 2.120985)
2026-09-04 19:39:49,598 - INFO - Testing accuracy: 30.63
2026-09-04 19:39:49,598 - INFO - ********************************************************************************
2026-09-04 19:39:49,598 - INFO - Round 288
2026-09-04 19:39:55,425 - INFO - this epoch cost time:0.8529984951019287
2026-09-04 19:39:55,425 - INFO - this epoch choose: [82, 83, 25, 77, 43, 21, 73, 88, 85, 90]
2026-09-04 19:39:55,425 - INFO - this epoch dispatch models: [0 0 0 0 0 0 0 0 0 0]
2026-09-04 19:39:55,425 - INFO - this epoch received models: [np.int64(0), np.int64(0), np.int64(0), np.int64(0), np.int64(0), np.int64(0), np.int64(0), np.int64(0), np.int64(0), np.int64(0)]
2026-09-04 19:39:55,425 - INFO - hetero_proportion: 	4:3:3
2026-09-04 19:39:55,470 - INFO - Small evaluation profile: (0.4, 2, 2.120985)
2026-09-04 19:39:56,633 - INFO - Testing accuracy: 29.85
2026-09-04 19:39:56,634 - INFO - ********************************************************************************
2026-09-04 19:39:56,634 - INFO - Round 289
2026-09-04 19:40:02,035 - INFO - this epoch cost time:0.6899995803833008
2026-09-04 19:40:02,035 - INFO - this epoch choose: [2, 27, 40, 61, 70, 4, 6, 46, 63, 71]
2026-09-04 19:40:02,036 - INFO - this epoch dispatch models: [0 0 0 0 0 0 0 0 0 0]
2026-09-04 19:40:02,036 - INFO - this epoch received models: [np.int64(0), np.int64(0), np.int64(0), np.int64(0), np.int64(0), np.int64(0), np.int64(0), np.int64(0), np.int64(0), np.int64(0)]
2026-09-04 19:40:02,036 - INFO - hetero_proportion: 	4:3:3
2026-09-04 19:40:02,081 - INFO - Small evaluation profile: (0.4, 2, 2.120985)
2026-09-04 19:40:03,240 - INFO - Testing accuracy: 30.59
2026-09-04 19:40:03,240 - INFO - ********************************************************************************
2026-09-04 19:40:03,240 - INFO - Round 290
2026-09-04 19:40:08,285 - INFO - this epoch cost time:0.6260004043579102
2026-09-04 19:40:08,285 - INFO - this epoch choose: [44, 17, 62, 8, 65, 40, 85, 94, 72, 85]
2026-09-04 19:40:08,285 - INFO - this epoch dispatch models: [0 0 0 0 0 0 0 0 0 0]
2026-09-04 19:40:08,285 - INFO - this epoch received models: [np.int64(0), np.int64(0), np.int64(0), np.int64(0), np.int64(0), np.int64(0), np.int64(0), np.int64(0), np.int64(0), np.int64(0)]
2026-09-04 19:40:08,285 - INFO - hetero_proportion: 	4:3:3
2026-09-04 19:40:08,332 - INFO - Small evaluation profile: (0.4, 2, 2.120985)
2026-09-04 19:40:09,501 - INFO - Testing accuracy: 30.32
2026-09-04 19:40:09,502 - INFO - ********************************************************************************
2026-09-04 19:40:09,502 - INFO - Round 291
2026-09-04 19:40:14,666 - INFO - this epoch cost time:0.6820001602172852
2026-09-04 19:40:14,666 - INFO - this epoch choose: [39, 77, 40, 73, 11, 61, 43, 53, 9, 33]
2026-09-04 19:40:14,666 - INFO - this epoch dispatch models: [0 0 0 0 0 0 0 0 0 0]
2026-09-04 19:40:14,666 - INFO - this epoch received models: [np.int64(0), np.int64(0), np.int64(0), np.int64(0), np.int64(0), np.int64(0), np.int64(0), np.int64(0), np.int64(0), np.int64(0)]
2026-09-04 19:40:14,666 - INFO - hetero_proportion: 	4:3:3
2026-09-04 19:40:14,711 - INFO - Small evaluation profile: (0.4, 2, 2.120985)
2026-09-04 19:40:15,860 - INFO - Testing accuracy: 30.36
2026-09-04 19:40:15,861 - INFO - ********************************************************************************
2026-09-04 19:40:15,861 - INFO - Round 292
2026-09-04 19:40:21,592 - INFO - this epoch cost time:0.690000057220459
2026-09-04 19:40:21,592 - INFO - this epoch choose: [8, 84, 82, 41, 2, 23, 41, 28, 40, 33]
2026-09-04 19:40:21,593 - INFO - this epoch dispatch models: [0 0 0 0 0 0 0 0 0 0]
2026-09-04 19:40:21,593 - INFO - this epoch received models: [np.int64(0), np.int64(0), np.int64(0), np.int64(0), np.int64(0), np.int64(0), np.int64(0), np.int64(0), np.int64(0), np.int64(0)]
2026-09-04 19:40:21,593 - INFO - hetero_proportion: 	4:3:3
2026-09-04 19:40:21,638 - INFO - Small evaluation profile: (0.4, 2, 2.120985)
2026-09-04 19:40:22,805 - INFO - Testing accuracy: 30.26
2026-09-04 19:40:22,806 - INFO - ********************************************************************************
2026-09-04 19:40:22,806 - INFO - Round 293
2026-09-04 19:40:28,072 - INFO - this epoch cost time:0.738999605178833
2026-09-04 19:40:28,072 - INFO - this epoch choose: [32, 39, 62, 53, 1, 37, 20, 81, 37, 6]
2026-09-04 19:40:28,072 - INFO - this epoch dispatch models: [0 0 0 0 0 0 0 0 0 0]
2026-09-04 19:40:28,072 - INFO - this epoch received models: [np.int64(0), np.int64(0), np.int64(0), np.int64(0), np.int64(0), np.int64(0), np.int64(0), np.int64(0), np.int64(0), np.int64(0)]
2026-09-04 19:40:28,072 - INFO - hetero_proportion: 	4:3:3
2026-09-04 19:40:28,116 - INFO - Small evaluation profile: (0.4, 2, 2.120985)
2026-09-04 19:40:29,275 - INFO - Testing accuracy: 30.05
2026-09-04 19:40:29,276 - INFO - ********************************************************************************
2026-09-04 19:40:29,276 - INFO - Round 294
2026-09-04 19:40:35,046 - INFO - this epoch cost time:0.8539996147155762
2026-09-04 19:40:35,047 - INFO - this epoch choose: [14, 55, 55, 78, 27, 35, 45, 98, 83, 92]
2026-09-04 19:40:35,047 - INFO - this epoch dispatch models: [0 0 0 0 0 0 0 0 0 0]
2026-09-04 19:40:35,047 - INFO - this epoch received models: [np.int64(0), np.int64(0), np.int64(0), np.int64(0), np.int64(0), np.int64(0), np.int64(0), np.int64(0), np.int64(0), np.int64(0)]
2026-09-04 19:40:35,047 - INFO - hetero_proportion: 	4:3:3
2026-09-04 19:40:35,092 - INFO - Small evaluation profile: (0.4, 2, 2.120985)
2026-09-04 19:40:36,248 - INFO - Testing accuracy: 30.29
2026-09-04 19:40:36,248 - INFO - ********************************************************************************
2026-09-04 19:40:36,248 - INFO - Round 295
2026-09-04 19:40:41,593 - INFO - this epoch cost time:0.6900005340576172
2026-09-04 19:40:41,593 - INFO - this epoch choose: [72, 63, 73, 36, 77, 32, 86, 22, 41, 18]
2026-09-04 19:40:41,593 - INFO - this epoch dispatch models: [0 0 0 0 0 0 0 0 0 0]
2026-09-04 19:40:41,593 - INFO - this epoch received models: [np.int64(0), np.int64(0), np.int64(0), np.int64(0), np.int64(0), np.int64(0), np.int64(0), np.int64(0), np.int64(0), np.int64(0)]
2026-09-04 19:40:41,593 - INFO - hetero_proportion: 	4:3:3
2026-09-04 19:40:41,638 - INFO - Small evaluation profile: (0.4, 2, 2.120985)
2026-09-04 19:40:42,802 - INFO - Testing accuracy: 30.08
2026-09-04 19:40:42,802 - INFO - ********************************************************************************
2026-09-04 19:40:42,802 - INFO - Round 296
2026-09-04 19:40:47,409 - INFO - this epoch cost time:0.5779991149902344
2026-09-04 19:40:47,409 - INFO - this epoch choose: [45, 12, 50, 45, 66, 95, 72, 89, 24, 50]
2026-09-04 19:40:47,409 - INFO - this epoch dispatch models: [0 0 0 0 0 0 0 0 0 0]
2026-09-04 19:40:47,409 - INFO - this epoch received models: [np.int64(0), np.int64(0), np.int64(0), np.int64(0), np.int64(0), np.int64(0), np.int64(0), np.int64(0), np.int64(0), np.int64(0)]
2026-09-04 19:40:47,409 - INFO - hetero_proportion: 	4:3:3
2026-09-04 19:40:47,454 - INFO - Small evaluation profile: (0.4, 2, 2.120985)
2026-09-04 19:40:48,612 - INFO - Testing accuracy: 29.82
2026-09-04 19:40:48,613 - INFO - ********************************************************************************
2026-09-04 19:40:48,613 - INFO - Round 297
2026-09-04 19:40:53,664 - INFO - this epoch cost time:0.741999626159668
2026-09-04 19:40:53,664 - INFO - this epoch choose: [57, 19, 61, 89, 31, 4, 93, 81, 31, 10]
2026-09-04 19:40:53,664 - INFO - this epoch dispatch models: [0 0 0 0 0 0 0 0 0 0]
2026-09-04 19:40:53,664 - INFO - this epoch received models: [np.int64(0), np.int64(0), np.int64(0), np.int64(0), np.int64(0), np.int64(0), np.int64(0), np.int64(0), np.int64(0), np.int64(0)]
2026-09-04 19:40:53,664 - INFO - hetero_proportion: 	4:3:3
2026-09-04 19:40:53,710 - INFO - Small evaluation profile: (0.4, 2, 2.120985)
2026-09-04 19:40:54,869 - INFO - Testing accuracy: 29.80
2026-09-04 19:40:54,870 - INFO - ********************************************************************************
2026-09-04 19:40:54,870 - INFO - Round 298
2026-09-04 19:40:59,847 - INFO - this epoch cost time:0.7199995517730713
2026-09-04 19:40:59,847 - INFO - this epoch choose: [94, 9, 4, 66, 64, 60, 72, 61, 89, 41]
2026-09-04 19:40:59,847 - INFO - this epoch dispatch models: [0 0 0 0 0 0 0 0 0 0]
2026-09-04 19:40:59,847 - INFO - this epoch received models: [np.int64(0), np.int64(0), np.int64(0), np.int64(0), np.int64(0), np.int64(0), np.int64(0), np.int64(0), np.int64(0), np.int64(0)]
2026-09-04 19:40:59,847 - INFO - hetero_proportion: 	4:3:3
2026-09-04 19:40:59,892 - INFO - Small evaluation profile: (0.4, 2, 2.120985)
2026-09-04 19:41:01,053 - INFO - Testing accuracy: 29.86
2026-09-04 19:41:01,053 - INFO - ********************************************************************************
2026-09-04 19:41:01,053 - INFO - Round 299
2026-09-04 19:41:06,375 - INFO - this epoch cost time:0.6820001602172852
2026-09-04 19:41:06,375 - INFO - this epoch choose: [66, 21, 72, 90, 63, 50, 1, 49, 70, 92]
2026-09-04 19:41:06,375 - INFO - this epoch dispatch models: [0 0 0 0 0 0 0 0 0 0]
2026-09-04 19:41:06,375 - INFO - this epoch received models: [np.int64(0), np.int64(0), np.int64(0), np.int64(0), np.int64(0), np.int64(0), np.int64(0), np.int64(0), np.int64(0), np.int64(0)]
2026-09-04 19:41:06,375 - INFO - hetero_proportion: 	4:3:3
2026-09-04 19:41:06,421 - INFO - Small evaluation profile: (0.4, 2, 2.120985)
2026-09-04 19:41:07,595 - INFO - Testing accuracy: 30.07
2026-09-04 19:41:07,597 - INFO - Saved Small-only accuracy: results/all_small_oracle_300\small_accuracy.json
2026-09-04 19:41:07,598 - INFO - Total experiment wall time (seconds): 2080.973312
2026-09-04 19:41:07,598 - INFO - Average wall time per round (seconds): 6.936578
