2026-09-04 18:04:44,817 - INFO - Client sample size: min=262, median=491.5, max=757
2026-09-04 18:04:44,817 - INFO - Experiment log: results/all_large_oracle_300\all_large_oracle_300round.log
2026-09-04 18:04:44,958 - INFO - ====================================================================================================
2026-09-04 18:04:44,958 - INFO - ¡¾model config¡¿  model_name:resnet, width:1.0 , depth:2, param:45.697424MB
2026-09-04 18:04:44,958 - INFO - ResNet(
  (conv1): Sequential(
    (0): Conv2d(3, 64, kernel_size=(3, 3), stride=(1, 1), padding=(1, 1), bias=False)
    (1): BatchNorm2d(64, eps=1e-05, momentum=0.1, affine=True, track_running_stats=False)
    (2): ReLU()
  )
  (layer1): Sequential(
    (0): ResidualBlock(
      (left): Sequential(
        (0): Conv2d(64, 96, kernel_size=(3, 3), stride=(1, 1), padding=(1, 1), bias=False)
        (1): BatchNorm2d(96, eps=1e-05, momentum=0.1, affine=True, track_running_stats=False)
        (2): ReLU(inplace=True)
        (3): Conv2d(96, 96, kernel_size=(3, 3), stride=(1, 1), padding=(1, 1), bias=False)
        (4): BatchNorm2d(96, eps=1e-05, momentum=0.1, affine=True, track_running_stats=False)
      )
      (shortcut): Sequential(
        (0): Conv2d(64, 96, kernel_size=(1, 1), stride=(1, 1), bias=False)
        (1): BatchNorm2d(96, eps=1e-05, momentum=0.1, affine=True, track_running_stats=False)
      )
    )
    (1): ResidualBlock(
      (left): Sequential(
        (0): Conv2d(96, 96, kernel_size=(3, 3), stride=(1, 1), padding=(1, 1), bias=False)
        (1): BatchNorm2d(96, eps=1e-05, momentum=0.1, affine=True, track_running_stats=False)
        (2): ReLU(inplace=True)
        (3): Conv2d(96, 96, kernel_size=(3, 3), stride=(1, 1), padding=(1, 1), bias=False)
        (4): BatchNorm2d(96, eps=1e-05, momentum=0.1, affine=True, track_running_stats=False)
      )
      (shortcut): Sequential()
    )
  )
  (layer2): Sequential(
    (0): ResidualBlock(
      (left): Sequential(
        (0): Conv2d(96, 128, kernel_size=(3, 3), stride=(2, 2), padding=(1, 1), bias=False)
        (1): BatchNorm2d(128, eps=1e-05, momentum=0.1, affine=True, track_running_stats=False)
        (2): ReLU(inplace=True)
        (3): Conv2d(128, 128, kernel_size=(3, 3), stride=(1, 1), padding=(1, 1), bias=False)
        (4): BatchNorm2d(128, eps=1e-05, momentum=0.1, affine=True, track_running_stats=False)
      )
      (shortcut): Sequential(
        (0): Conv2d(96, 128, kernel_size=(1, 1), stride=(2, 2), bias=False)
        (1): BatchNorm2d(128, eps=1e-05, momentum=0.1, affine=True, track_running_stats=False)
      )
    )
    (1): ResidualBlock(
      (left): Sequential(
        (0): Conv2d(128, 128, kernel_size=(3, 3), stride=(1, 1), padding=(1, 1), bias=False)
        (1): BatchNorm2d(128, eps=1e-05, momentum=0.1, affine=True, track_running_stats=False)
        (2): ReLU(inplace=True)
        (3): Conv2d(128, 128, kernel_size=(3, 3), stride=(1, 1), padding=(1, 1), bias=False)
        (4): BatchNorm2d(128, eps=1e-05, momentum=0.1, affine=True, track_running_stats=False)
      )
      (shortcut): Sequential()
    )
  )
  (layer3): Sequential(
    (0): ResidualBlock(
      (left): Sequential(
        (0): Conv2d(128, 256, kernel_size=(3, 3), stride=(2, 2), padding=(1, 1), bias=False)
        (1): BatchNorm2d(256, eps=1e-05, momentum=0.1, affine=True, track_running_stats=False)
        (2): ReLU(inplace=True)
        (3): Conv2d(256, 256, kernel_size=(3, 3), stride=(1, 1), padding=(1, 1), bias=False)
        (4): BatchNorm2d(256, eps=1e-05, momentum=0.1, affine=True, track_running_stats=False)
      )
      (shortcut): Sequential(
        (0): Conv2d(128, 256, kernel_size=(1, 1), stride=(2, 2), bias=False)
        (1): BatchNorm2d(256, eps=1e-05, momentum=0.1, affine=True, track_running_stats=False)
      )
    )
    (1): ResidualBlock(
      (left): Sequential(
        (0): Conv2d(256, 256, kernel_size=(3, 3), stride=(1, 1), padding=(1, 1), bias=False)
        (1): BatchNorm2d(256, eps=1e-05, momentum=0.1, affine=True, track_running_stats=False)
        (2): ReLU(inplace=True)
        (3): Conv2d(256, 256, kernel_size=(3, 3), stride=(1, 1), padding=(1, 1), bias=False)
        (4): BatchNorm2d(256, eps=1e-05, momentum=0.1, affine=True, track_running_stats=False)
      )
      (shortcut): Sequential()
    )
  )
  (layer4): Sequential(
    (0): ResidualBlock(
      (left): Sequential(
        (0): Conv2d(256, 512, kernel_size=(3, 3), stride=(2, 2), padding=(1, 1), bias=False)
        (1): BatchNorm2d(512, eps=1e-05, momentum=0.1, affine=True, track_running_stats=False)
        (2): ReLU(inplace=True)
        (3): Conv2d(512, 512, kernel_size=(3, 3), stride=(1, 1), padding=(1, 1), bias=False)
        (4): BatchNorm2d(512, eps=1e-05, momentum=0.1, affine=True, track_running_stats=False)
      )
      (shortcut): Sequential(
        (0): Conv2d(256, 512, kernel_size=(1, 1), stride=(2, 2), bias=False)
        (1): BatchNorm2d(512, eps=1e-05, momentum=0.1, affine=True, track_running_stats=False)
      )
    )
    (1): ResidualBlock(
      (left): Sequential(
        (0): Conv2d(512, 512, kernel_size=(3, 3), stride=(1, 1), padding=(1, 1), bias=False)
        (1): BatchNorm2d(512, eps=1e-05, momentum=0.1, affine=True, track_running_stats=False)
        (2): ReLU(inplace=True)
        (3): Conv2d(512, 512, kernel_size=(3, 3), stride=(1, 1), padding=(1, 1), bias=False)
        (4): BatchNorm2d(512, eps=1e-05, momentum=0.1, affine=True, track_running_stats=False)
      )
      (shortcut): Sequential()
    )
  )
  (fc): Linear(in_features=512, out_features=100, bias=True)
)
2026-09-04 18:04:44,959 - INFO - Experiment: All-Large AdaptiveFL-path Oracle
2026-09-04 18:04:44,959 - INFO - algorithm: AdaptiveFL
2026-09-04 18:04:44,959 - INFO - dataset: cifar100
2026-09-04 18:04:44,959 - INFO - iid: 0
2026-09-04 18:04:44,959 - INFO - data_beta: 0.3
2026-09-04 18:04:44,959 - INFO - seed: 1
2026-09-04 18:04:44,959 - INFO - epochs: 300
2026-09-04 18:04:44,959 - INFO - num_users: 100
2026-09-04 18:04:44,959 - INFO - frac: 0.1
2026-09-04 18:04:44,959 - INFO - local_ep: 5
2026-09-04 18:04:44,959 - INFO - local_bs: 50
2026-09-04 18:04:44,959 - INFO - optimizer: sgd
2026-09-04 18:04:44,959 - INFO - lr: 0.01
2026-09-04 18:04:44,959 - INFO - lr_decay: 0.998
2026-09-04 18:04:44,959 - INFO - client_chosen_mode: available
2026-09-04 18:04:44,959 - INFO - depth_saved: [2]
2026-09-04 18:04:44,959 - INFO - width_ration: [1.0]
2026-09-04 18:04:44,959 - INFO - len(net_glob_list): 1
2026-09-04 18:04:44,959 - INFO - Full profile: (1.0, 2, 11.424356)
2026-09-04 18:04:44,959 - INFO - BN module count: 21
2026-09-04 18:04:44,959 - INFO - BN track_running_stats: [False]
2026-09-04 18:04:44,962 - INFO - ********************************************************************************
2026-09-04 18:04:44,962 - INFO - Round   0
2026-09-04 18:04:52,761 - INFO - this epoch cost time:1.0369999408721924
2026-09-04 18:04:52,761 - INFO - this epoch choose: [17, 72, 97, 8, 32, 15, 63, 97, 57, 60]
2026-09-04 18:04:52,761 - INFO - this epoch dispatch models: [0 0 0 0 0 0 0 0 0 0]
2026-09-04 18:04:52,761 - INFO - this epoch received models: [np.int64(0), np.int64(0), np.int64(0), np.int64(0), np.int64(0), np.int64(0), np.int64(0), np.int64(0), np.int64(0), np.int64(0)]
2026-09-04 18:04:52,761 - INFO - hetero_proportion: 	4:3:3
2026-09-04 18:04:52,841 - INFO - Full evaluation profile: (1.0, 2, 11.424356)
2026-09-04 18:04:54,287 - INFO - Testing accuracy: 3.20
2026-09-04 18:04:54,289 - INFO - ********************************************************************************
2026-09-04 18:04:54,289 - INFO - Round   1
2026-09-04 18:04:54,291 - INFO - Round 1 prefix consistency assertion: PASSED
2026-09-04 18:05:03,171 - INFO - this epoch cost time:1.254997968673706
2026-09-04 18:05:03,171 - INFO - this epoch choose: [83, 48, 26, 12, 62, 3, 49, 55, 77, 97]
2026-09-04 18:05:03,171 - INFO - this epoch dispatch models: [0 0 0 0 0 0 0 0 0 0]
2026-09-04 18:05:03,171 - INFO - this epoch received models: [np.int64(0), np.int64(0), np.int64(0), np.int64(0), np.int64(0), np.int64(0), np.int64(0), np.int64(0), np.int64(0), np.int64(0)]
2026-09-04 18:05:03,171 - INFO - hetero_proportion: 	4:3:3
2026-09-04 18:05:03,225 - INFO - Full evaluation profile: (1.0, 2, 11.424356)
2026-09-04 18:05:04,699 - INFO - Testing accuracy: 7.24
2026-09-04 18:05:04,701 - INFO - ********************************************************************************
2026-09-04 18:05:04,701 - INFO - Round   2
2026-09-04 18:05:13,889 - INFO - this epoch cost time:1.178999662399292
2026-09-04 18:05:13,889 - INFO - this epoch choose: [98, 0, 89, 57, 34, 92, 29, 75, 13, 40]
2026-09-04 18:05:13,889 - INFO - this epoch dispatch models: [0 0 0 0 0 0 0 0 0 0]
2026-09-04 18:05:13,889 - INFO - this epoch received models: [np.int64(0), np.int64(0), np.int64(0), np.int64(0), np.int64(0), np.int64(0), np.int64(0), np.int64(0), np.int64(0), np.int64(0)]
2026-09-04 18:05:13,889 - INFO - hetero_proportion: 	4:3:3
2026-09-04 18:05:13,950 - INFO - Full evaluation profile: (1.0, 2, 11.424356)
2026-09-04 18:05:15,677 - INFO - Testing accuracy: 8.86
2026-09-04 18:05:15,680 - INFO - ********************************************************************************
2026-09-04 18:05:15,680 - INFO - Round   3
2026-09-04 18:05:26,664 - INFO - this epoch cost time:1.5600409507751465
2026-09-04 18:05:26,664 - INFO - this epoch choose: [3, 2, 3, 83, 69, 1, 48, 87, 27, 54]
2026-09-04 18:05:26,664 - INFO - this epoch dispatch models: [0 0 0 0 0 0 0 0 0 0]
2026-09-04 18:05:26,664 - INFO - this epoch received models: [np.int64(0), np.int64(0), np.int64(0), np.int64(0), np.int64(0), np.int64(0), np.int64(0), np.int64(0), np.int64(0), np.int64(0)]
2026-09-04 18:05:26,664 - INFO - hetero_proportion: 	4:3:3
2026-09-04 18:05:26,744 - INFO - Full evaluation profile: (1.0, 2, 11.424356)
2026-09-04 18:05:28,440 - INFO - Testing accuracy: 10.61
2026-09-04 18:05:28,442 - INFO - ********************************************************************************
2026-09-04 18:05:28,442 - INFO - Round   4
2026-09-04 18:05:38,434 - INFO - this epoch cost time:1.2530162334442139
2026-09-04 18:05:38,434 - INFO - this epoch choose: [92, 3, 67, 28, 97, 56, 63, 70, 29, 44]
2026-09-04 18:05:38,435 - INFO - this epoch dispatch models: [0 0 0 0 0 0 0 0 0 0]
2026-09-04 18:05:38,435 - INFO - this epoch received models: [np.int64(0), np.int64(0), np.int64(0), np.int64(0), np.int64(0), np.int64(0), np.int64(0), np.int64(0), np.int64(0), np.int64(0)]
2026-09-04 18:05:38,435 - INFO - hetero_proportion: 	4:3:3
2026-09-04 18:05:38,505 - INFO - Full evaluation profile: (1.0, 2, 11.424356)
2026-09-04 18:05:40,161 - INFO - Testing accuracy: 13.82
2026-09-04 18:05:40,162 - INFO - ********************************************************************************
2026-09-04 18:05:40,162 - INFO - Round   5
2026-09-04 18:05:50,421 - INFO - this epoch cost time:1.274998426437378
2026-09-04 18:05:50,421 - INFO - this epoch choose: [29, 86, 28, 97, 58, 37, 2, 53, 71, 82]
2026-09-04 18:05:50,422 - INFO - this epoch dispatch models: [0 0 0 0 0 0 0 0 0 0]
2026-09-04 18:05:50,422 - INFO - this epoch received models: [np.int64(0), np.int64(0), np.int64(0), np.int64(0), np.int64(0), np.int64(0), np.int64(0), np.int64(0), np.int64(0), np.int64(0)]
2026-09-04 18:05:50,422 - INFO - hetero_proportion: 	4:3:3
2026-09-04 18:05:50,496 - INFO - Full evaluation profile: (1.0, 2, 11.424356)
2026-09-04 18:05:52,144 - INFO - Testing accuracy: 13.26
2026-09-04 18:05:52,145 - INFO - ********************************************************************************
2026-09-04 18:05:52,145 - INFO - Round   6
2026-09-04 18:06:01,972 - INFO - this epoch cost time:1.304999828338623
2026-09-04 18:06:01,972 - INFO - this epoch choose: [12, 23, 80, 92, 37, 15, 95, 42, 92, 91]
2026-09-04 18:06:01,972 - INFO - this epoch dispatch models: [0 0 0 0 0 0 0 0 0 0]
2026-09-04 18:06:01,972 - INFO - this epoch received models: [np.int64(0), np.int64(0), np.int64(0), np.int64(0), np.int64(0), np.int64(0), np.int64(0), np.int64(0), np.int64(0), np.int64(0)]
2026-09-04 18:06:01,972 - INFO - hetero_proportion: 	4:3:3
2026-09-04 18:06:02,031 - INFO - Full evaluation profile: (1.0, 2, 11.424356)
2026-09-04 18:06:03,676 - INFO - Testing accuracy: 14.58
2026-09-04 18:06:03,678 - INFO - ********************************************************************************
2026-09-04 18:06:03,678 - INFO - Round   7
2026-09-04 18:06:14,212 - INFO - this epoch cost time:1.258000373840332
2026-09-04 18:06:14,212 - INFO - this epoch choose: [64, 54, 64, 85, 24, 38, 36, 75, 63, 64]
2026-09-04 18:06:14,212 - INFO - this epoch dispatch models: [0 0 0 0 0 0 0 0 0 0]
2026-09-04 18:06:14,212 - INFO - this epoch received models: [np.int64(0), np.int64(0), np.int64(0), np.int64(0), np.int64(0), np.int64(0), np.int64(0), np.int64(0), np.int64(0), np.int64(0)]
2026-09-04 18:06:14,212 - INFO - hetero_proportion: 	4:3:3
2026-09-04 18:06:14,270 - INFO - Full evaluation profile: (1.0, 2, 11.424356)
2026-09-04 18:06:15,918 - INFO - Testing accuracy: 16.88
2026-09-04 18:06:15,919 - INFO - ********************************************************************************
2026-09-04 18:06:15,919 - INFO - Round   8
2026-09-04 18:06:24,618 - INFO - this epoch cost time:1.2430000305175781
2026-09-04 18:06:24,618 - INFO - this epoch choose: [50, 75, 4, 61, 31, 95, 51, 53, 85, 22]
2026-09-04 18:06:24,618 - INFO - this epoch dispatch models: [0 0 0 0 0 0 0 0 0 0]
2026-09-04 18:06:24,618 - INFO - this epoch received models: [np.int64(0), np.int64(0), np.int64(0), np.int64(0), np.int64(0), np.int64(0), np.int64(0), np.int64(0), np.int64(0), np.int64(0)]
2026-09-04 18:06:24,618 - INFO - hetero_proportion: 	4:3:3
2026-09-04 18:06:24,676 - INFO - Full evaluation profile: (1.0, 2, 11.424356)
2026-09-04 18:06:26,178 - INFO - Testing accuracy: 17.57
2026-09-04 18:06:26,180 - INFO - ********************************************************************************
2026-09-04 18:06:26,180 - INFO - Round   9
2026-09-04 18:06:34,194 - INFO - this epoch cost time:1.0260167121887207
2026-09-04 18:06:34,194 - INFO - this epoch choose: [46, 70, 89, 99, 86, 94, 47, 11, 56, 84]
2026-09-04 18:06:34,194 - INFO - this epoch dispatch models: [0 0 0 0 0 0 0 0 0 0]
2026-09-04 18:06:34,194 - INFO - this epoch received models: [np.int64(0), np.int64(0), np.int64(0), np.int64(0), np.int64(0), np.int64(0), np.int64(0), np.int64(0), np.int64(0), np.int64(0)]
2026-09-04 18:06:34,194 - INFO - hetero_proportion: 	4:3:3
2026-09-04 18:06:34,245 - INFO - Full evaluation profile: (1.0, 2, 11.424356)
2026-09-04 18:06:35,774 - INFO - Testing accuracy: 19.15
2026-09-04 18:06:35,776 - INFO - ********************************************************************************
2026-09-04 18:06:35,776 - INFO - Round  10
2026-09-04 18:06:43,626 - INFO - this epoch cost time:1.0106544494628906
2026-09-04 18:06:43,626 - INFO - this epoch choose: [65, 13, 99, 20, 66, 50, 47, 62, 93, 3]
2026-09-04 18:06:43,626 - INFO - this epoch dispatch models: [0 0 0 0 0 0 0 0 0 0]
2026-09-04 18:06:43,626 - INFO - this epoch received models: [np.int64(0), np.int64(0), np.int64(0), np.int64(0), np.int64(0), np.int64(0), np.int64(0), np.int64(0), np.int64(0), np.int64(0)]
2026-09-04 18:06:43,626 - INFO - hetero_proportion: 	4:3:3
2026-09-04 18:06:43,676 - INFO - Full evaluation profile: (1.0, 2, 11.424356)
2026-09-04 18:06:45,314 - INFO - Testing accuracy: 20.28
2026-09-04 18:06:45,318 - INFO - ********************************************************************************
2026-09-04 18:06:45,318 - INFO - Round  11
2026-09-04 18:06:53,783 - INFO - this epoch cost time:1.109544277191162
2026-09-04 18:06:53,783 - INFO - this epoch choose: [60, 5, 39, 90, 78, 75, 74, 50, 82, 21]
2026-09-04 18:06:53,783 - INFO - this epoch dispatch models: [0 0 0 0 0 0 0 0 0 0]
2026-09-04 18:06:53,783 - INFO - this epoch received models: [np.int64(0), np.int64(0), np.int64(0), np.int64(0), np.int64(0), np.int64(0), np.int64(0), np.int64(0), np.int64(0), np.int64(0)]
2026-09-04 18:06:53,783 - INFO - hetero_proportion: 	4:3:3
2026-09-04 18:06:53,845 - INFO - Full evaluation profile: (1.0, 2, 11.424356)
2026-09-04 18:06:55,305 - INFO - Testing accuracy: 19.79
2026-09-04 18:06:55,305 - INFO - ********************************************************************************
2026-09-04 18:06:55,306 - INFO - Round  12
2026-09-04 18:07:04,057 - INFO - this epoch cost time:1.09299898147583
2026-09-04 18:07:04,057 - INFO - this epoch choose: [21, 64, 29, 1, 98, 25, 69, 70, 29, 51]
2026-09-04 18:07:04,057 - INFO - this epoch dispatch models: [0 0 0 0 0 0 0 0 0 0]
2026-09-04 18:07:04,057 - INFO - this epoch received models: [np.int64(0), np.int64(0), np.int64(0), np.int64(0), np.int64(0), np.int64(0), np.int64(0), np.int64(0), np.int64(0), np.int64(0)]
2026-09-04 18:07:04,057 - INFO - hetero_proportion: 	4:3:3
2026-09-04 18:07:04,111 - INFO - Full evaluation profile: (1.0, 2, 11.424356)
2026-09-04 18:07:05,533 - INFO - Testing accuracy: 19.50
2026-09-04 18:07:05,533 - INFO - ********************************************************************************
2026-09-04 18:07:05,533 - INFO - Round  13
2026-09-04 18:07:13,486 - INFO - this epoch cost time:1.1319997310638428
2026-09-04 18:07:13,486 - INFO - this epoch choose: [65, 44, 73, 45, 58, 34, 84, 70, 77, 93]
2026-09-04 18:07:13,487 - INFO - this epoch dispatch models: [0 0 0 0 0 0 0 0 0 0]
2026-09-04 18:07:13,487 - INFO - this epoch received models: [np.int64(0), np.int64(0), np.int64(0), np.int64(0), np.int64(0), np.int64(0), np.int64(0), np.int64(0), np.int64(0), np.int64(0)]
2026-09-04 18:07:13,487 - INFO - hetero_proportion: 	4:3:3
2026-09-04 18:07:13,556 - INFO - Full evaluation profile: (1.0, 2, 11.424356)
2026-09-04 18:07:15,183 - INFO - Testing accuracy: 20.62
2026-09-04 18:07:15,184 - INFO - ********************************************************************************
2026-09-04 18:07:15,184 - INFO - Round  14
2026-09-04 18:07:25,169 - INFO - this epoch cost time:1.2421951293945312
2026-09-04 18:07:25,169 - INFO - this epoch choose: [0, 49, 94, 65, 16, 66, 99, 71, 26, 54]
2026-09-04 18:07:25,170 - INFO - this epoch dispatch models: [0 0 0 0 0 0 0 0 0 0]
2026-09-04 18:07:25,170 - INFO - this epoch received models: [np.int64(0), np.int64(0), np.int64(0), np.int64(0), np.int64(0), np.int64(0), np.int64(0), np.int64(0), np.int64(0), np.int64(0)]
2026-09-04 18:07:25,170 - INFO - hetero_proportion: 	4:3:3
2026-09-04 18:07:25,230 - INFO - Full evaluation profile: (1.0, 2, 11.424356)
2026-09-04 18:07:26,877 - INFO - Testing accuracy: 21.62
2026-09-04 18:07:26,877 - INFO - ********************************************************************************
2026-09-04 18:07:26,877 - INFO - Round  15
2026-09-04 18:07:35,936 - INFO - this epoch cost time:1.1820712089538574
2026-09-04 18:07:35,936 - INFO - this epoch choose: [7, 61, 46, 72, 70, 25, 64, 52, 62, 45]
2026-09-04 18:07:35,936 - INFO - this epoch dispatch models: [0 0 0 0 0 0 0 0 0 0]
2026-09-04 18:07:35,936 - INFO - this epoch received models: [np.int64(0), np.int64(0), np.int64(0), np.int64(0), np.int64(0), np.int64(0), np.int64(0), np.int64(0), np.int64(0), np.int64(0)]
2026-09-04 18:07:35,936 - INFO - hetero_proportion: 	4:3:3
2026-09-04 18:07:35,994 - INFO - Full evaluation profile: (1.0, 2, 11.424356)
2026-09-04 18:07:37,647 - INFO - Testing accuracy: 22.14
2026-09-04 18:07:37,648 - INFO - ********************************************************************************
2026-09-04 18:07:37,648 - INFO - Round  16
2026-09-04 18:07:48,259 - INFO - this epoch cost time:1.3565318584442139
2026-09-04 18:07:48,259 - INFO - this epoch choose: [53, 44, 0, 68, 69, 79, 78, 42, 58, 76]
2026-09-04 18:07:48,259 - INFO - this epoch dispatch models: [0 0 0 0 0 0 0 0 0 0]
2026-09-04 18:07:48,259 - INFO - this epoch received models: [np.int64(0), np.int64(0), np.int64(0), np.int64(0), np.int64(0), np.int64(0), np.int64(0), np.int64(0), np.int64(0), np.int64(0)]
2026-09-04 18:07:48,259 - INFO - hetero_proportion: 	4:3:3
2026-09-04 18:07:48,317 - INFO - Full evaluation profile: (1.0, 2, 11.424356)
2026-09-04 18:07:49,989 - INFO - Testing accuracy: 23.18
2026-09-04 18:07:49,989 - INFO - ********************************************************************************
2026-09-04 18:07:49,989 - INFO - Round  17
2026-09-04 18:08:01,262 - INFO - this epoch cost time:1.382535696029663
2026-09-04 18:08:01,262 - INFO - this epoch choose: [3, 29, 81, 22, 70, 74, 23, 11, 70, 32]
2026-09-04 18:08:01,262 - INFO - this epoch dispatch models: [0 0 0 0 0 0 0 0 0 0]
2026-09-04 18:08:01,262 - INFO - this epoch received models: [np.int64(0), np.int64(0), np.int64(0), np.int64(0), np.int64(0), np.int64(0), np.int64(0), np.int64(0), np.int64(0), np.int64(0)]
2026-09-04 18:08:01,262 - INFO - hetero_proportion: 	4:3:3
2026-09-04 18:08:01,313 - INFO - Full evaluation profile: (1.0, 2, 11.424356)
2026-09-04 18:08:02,925 - INFO - Testing accuracy: 22.85
2026-09-04 18:08:02,925 - INFO - ********************************************************************************
2026-09-04 18:08:02,925 - INFO - Round  18
2026-09-04 18:08:12,641 - INFO - this epoch cost time:1.1980156898498535
2026-09-04 18:08:12,641 - INFO - this epoch choose: [4, 86, 9, 10, 2, 57, 1, 96, 96, 35]
2026-09-04 18:08:12,641 - INFO - this epoch dispatch models: [0 0 0 0 0 0 0 0 0 0]
2026-09-04 18:08:12,641 - INFO - this epoch received models: [np.int64(0), np.int64(0), np.int64(0), np.int64(0), np.int64(0), np.int64(0), np.int64(0), np.int64(0), np.int64(0), np.int64(0)]
2026-09-04 18:08:12,641 - INFO - hetero_proportion: 	4:3:3
2026-09-04 18:08:12,703 - INFO - Full evaluation profile: (1.0, 2, 11.424356)
2026-09-04 18:08:14,307 - INFO - Testing accuracy: 23.17
2026-09-04 18:08:14,307 - INFO - ********************************************************************************
2026-09-04 18:08:14,307 - INFO - Round  19
2026-09-04 18:08:23,117 - INFO - this epoch cost time:1.0745019912719727
2026-09-04 18:08:23,117 - INFO - this epoch choose: [31, 34, 14, 79, 23, 44, 37, 8, 21, 20]
2026-09-04 18:08:23,117 - INFO - this epoch dispatch models: [0 0 0 0 0 0 0 0 0 0]
2026-09-04 18:08:23,117 - INFO - this epoch received models: [np.int64(0), np.int64(0), np.int64(0), np.int64(0), np.int64(0), np.int64(0), np.int64(0), np.int64(0), np.int64(0), np.int64(0)]
2026-09-04 18:08:23,117 - INFO - hetero_proportion: 	4:3:3
2026-09-04 18:08:23,170 - INFO - Full evaluation profile: (1.0, 2, 11.424356)
2026-09-04 18:08:24,668 - INFO - Testing accuracy: 24.52
2026-09-04 18:08:24,669 - INFO - ********************************************************************************
2026-09-04 18:08:24,669 - INFO - Round  20
2026-09-04 18:08:32,717 - INFO - this epoch cost time:1.0505287647247314
2026-09-04 18:08:32,718 - INFO - this epoch choose: [32, 67, 21, 84, 34, 82, 91, 37, 58, 89]
2026-09-04 18:08:32,718 - INFO - this epoch dispatch models: [0 0 0 0 0 0 0 0 0 0]
2026-09-04 18:08:32,718 - INFO - this epoch received models: [np.int64(0), np.int64(0), np.int64(0), np.int64(0), np.int64(0), np.int64(0), np.int64(0), np.int64(0), np.int64(0), np.int64(0)]
2026-09-04 18:08:32,718 - INFO - hetero_proportion: 	4:3:3
2026-09-04 18:08:32,770 - INFO - Full evaluation profile: (1.0, 2, 11.424356)
2026-09-04 18:08:34,256 - INFO - Testing accuracy: 25.02
2026-09-04 18:08:34,256 - INFO - ********************************************************************************
2026-09-04 18:08:34,256 - INFO - Round  21
2026-09-04 18:08:43,324 - INFO - this epoch cost time:1.0339992046356201
2026-09-04 18:08:43,325 - INFO - this epoch choose: [41, 63, 60, 14, 3, 39, 49, 43, 53, 24]
2026-09-04 18:08:43,325 - INFO - this epoch dispatch models: [0 0 0 0 0 0 0 0 0 0]
2026-09-04 18:08:43,325 - INFO - this epoch received models: [np.int64(0), np.int64(0), np.int64(0), np.int64(0), np.int64(0), np.int64(0), np.int64(0), np.int64(0), np.int64(0), np.int64(0)]
2026-09-04 18:08:43,325 - INFO - hetero_proportion: 	4:3:3
2026-09-04 18:08:43,376 - INFO - Full evaluation profile: (1.0, 2, 11.424356)
2026-09-04 18:08:44,860 - INFO - Testing accuracy: 25.03
2026-09-04 18:08:44,861 - INFO - ********************************************************************************
2026-09-04 18:08:44,861 - INFO - Round  22
2026-09-04 18:08:52,162 - INFO - this epoch cost time:0.9340004920959473
2026-09-04 18:08:52,162 - INFO - this epoch choose: [33, 13, 32, 93, 65, 26, 77, 55, 2, 28]
2026-09-04 18:08:52,162 - INFO - this epoch dispatch models: [0 0 0 0 0 0 0 0 0 0]
2026-09-04 18:08:52,162 - INFO - this epoch received models: [np.int64(0), np.int64(0), np.int64(0), np.int64(0), np.int64(0), np.int64(0), np.int64(0), np.int64(0), np.int64(0), np.int64(0)]
2026-09-04 18:08:52,162 - INFO - hetero_proportion: 	4:3:3
2026-09-04 18:08:52,212 - INFO - Full evaluation profile: (1.0, 2, 11.424356)
2026-09-04 18:08:53,654 - INFO - Testing accuracy: 25.19
2026-09-04 18:08:53,654 - INFO - ********************************************************************************
2026-09-04 18:08:53,654 - INFO - Round  23
2026-09-04 18:09:01,774 - INFO - this epoch cost time:1.037999153137207
2026-09-04 18:09:01,774 - INFO - this epoch choose: [2, 50, 18, 4, 92, 20, 57, 90, 64, 86]
2026-09-04 18:09:01,775 - INFO - this epoch dispatch models: [0 0 0 0 0 0 0 0 0 0]
2026-09-04 18:09:01,775 - INFO - this epoch received models: [np.int64(0), np.int64(0), np.int64(0), np.int64(0), np.int64(0), np.int64(0), np.int64(0), np.int64(0), np.int64(0), np.int64(0)]
2026-09-04 18:09:01,775 - INFO - hetero_proportion: 	4:3:3
2026-09-04 18:09:01,861 - INFO - Full evaluation profile: (1.0, 2, 11.424356)
2026-09-04 18:09:03,320 - INFO - Testing accuracy: 25.44
2026-09-04 18:09:03,320 - INFO - ********************************************************************************
2026-09-04 18:09:03,320 - INFO - Round  24
2026-09-04 18:09:12,746 - INFO - this epoch cost time:1.2680001258850098
2026-09-04 18:09:12,746 - INFO - this epoch choose: [54, 69, 28, 80, 88, 66, 57, 28, 67, 83]
2026-09-04 18:09:12,746 - INFO - this epoch dispatch models: [0 0 0 0 0 0 0 0 0 0]
2026-09-04 18:09:12,746 - INFO - this epoch received models: [np.int64(0), np.int64(0), np.int64(0), np.int64(0), np.int64(0), np.int64(0), np.int64(0), np.int64(0), np.int64(0), np.int64(0)]
2026-09-04 18:09:12,746 - INFO - hetero_proportion: 	4:3:3
2026-09-04 18:09:12,799 - INFO - Full evaluation profile: (1.0, 2, 11.424356)
2026-09-04 18:09:14,239 - INFO - Testing accuracy: 26.91
2026-09-04 18:09:14,239 - INFO - ********************************************************************************
2026-09-04 18:09:14,239 - INFO - Round  25
2026-09-04 18:09:22,596 - INFO - this epoch cost time:1.13100004196167
2026-09-04 18:09:22,596 - INFO - this epoch choose: [3, 50, 86, 73, 41, 84, 80, 54, 7, 94]
2026-09-04 18:09:22,596 - INFO - this epoch dispatch models: [0 0 0 0 0 0 0 0 0 0]
2026-09-04 18:09:22,596 - INFO - this epoch received models: [np.int64(0), np.int64(0), np.int64(0), np.int64(0), np.int64(0), np.int64(0), np.int64(0), np.int64(0), np.int64(0), np.int64(0)]
2026-09-04 18:09:22,596 - INFO - hetero_proportion: 	4:3:3
2026-09-04 18:09:22,646 - INFO - Full evaluation profile: (1.0, 2, 11.424356)
2026-09-04 18:09:24,099 - INFO - Testing accuracy: 26.10
2026-09-04 18:09:24,100 - INFO - ********************************************************************************
2026-09-04 18:09:24,100 - INFO - Round  26
2026-09-04 18:09:31,271 - INFO - this epoch cost time:0.8059983253479004
2026-09-04 18:09:31,271 - INFO - this epoch choose: [38, 16, 27, 6, 39, 9, 9, 39, 38, 95]
2026-09-04 18:09:31,271 - INFO - this epoch dispatch models: [0 0 0 0 0 0 0 0 0 0]
2026-09-04 18:09:31,271 - INFO - this epoch received models: [np.int64(0), np.int64(0), np.int64(0), np.int64(0), np.int64(0), np.int64(0), np.int64(0), np.int64(0), np.int64(0), np.int64(0)]
2026-09-04 18:09:31,272 - INFO - hetero_proportion: 	4:3:3
2026-09-04 18:09:31,328 - INFO - Full evaluation profile: (1.0, 2, 11.424356)
2026-09-04 18:09:32,758 - INFO - Testing accuracy: 25.66
2026-09-04 18:09:32,758 - INFO - ********************************************************************************
2026-09-04 18:09:32,758 - INFO - Round  27
2026-09-04 18:09:40,528 - INFO - this epoch cost time:1.0119998455047607
2026-09-04 18:09:40,528 - INFO - this epoch choose: [20, 53, 72, 32, 16, 1, 71, 4, 75, 27]
2026-09-04 18:09:40,528 - INFO - this epoch dispatch models: [0 0 0 0 0 0 0 0 0 0]
2026-09-04 18:09:40,528 - INFO - this epoch received models: [np.int64(0), np.int64(0), np.int64(0), np.int64(0), np.int64(0), np.int64(0), np.int64(0), np.int64(0), np.int64(0), np.int64(0)]
2026-09-04 18:09:40,528 - INFO - hetero_proportion: 	4:3:3
2026-09-04 18:09:40,581 - INFO - Full evaluation profile: (1.0, 2, 11.424356)
2026-09-04 18:09:42,026 - INFO - Testing accuracy: 25.98
2026-09-04 18:09:42,026 - INFO - ********************************************************************************
2026-09-04 18:09:42,026 - INFO - Round  28
2026-09-04 18:09:50,242 - INFO - this epoch cost time:1.0170013904571533
2026-09-04 18:09:50,242 - INFO - this epoch choose: [72, 58, 21, 99, 90, 79, 65, 4, 48, 25]
2026-09-04 18:09:50,243 - INFO - this epoch dispatch models: [0 0 0 0 0 0 0 0 0 0]
2026-09-04 18:09:50,243 - INFO - this epoch received models: [np.int64(0), np.int64(0), np.int64(0), np.int64(0), np.int64(0), np.int64(0), np.int64(0), np.int64(0), np.int64(0), np.int64(0)]
2026-09-04 18:09:50,243 - INFO - hetero_proportion: 	4:3:3
2026-09-04 18:09:50,296 - INFO - Full evaluation profile: (1.0, 2, 11.424356)
2026-09-04 18:09:51,762 - INFO - Testing accuracy: 27.60
2026-09-04 18:09:51,763 - INFO - ********************************************************************************
2026-09-04 18:09:51,763 - INFO - Round  29
2026-09-04 18:10:00,115 - INFO - this epoch cost time:1.0210020542144775
2026-09-04 18:10:00,116 - INFO - this epoch choose: [44, 12, 26, 73, 86, 55, 75, 24, 63, 13]
2026-09-04 18:10:00,116 - INFO - this epoch dispatch models: [0 0 0 0 0 0 0 0 0 0]
2026-09-04 18:10:00,116 - INFO - this epoch received models: [np.int64(0), np.int64(0), np.int64(0), np.int64(0), np.int64(0), np.int64(0), np.int64(0), np.int64(0), np.int64(0), np.int64(0)]
2026-09-04 18:10:00,116 - INFO - hetero_proportion: 	4:3:3
2026-09-04 18:10:00,166 - INFO - Full evaluation profile: (1.0, 2, 11.424356)
2026-09-04 18:10:01,615 - INFO - Testing accuracy: 27.03
2026-09-04 18:10:01,615 - INFO - ********************************************************************************
2026-09-04 18:10:01,615 - INFO - Round  30
2026-09-04 18:10:10,383 - INFO - this epoch cost time:1.0920007228851318
2026-09-04 18:10:10,383 - INFO - this epoch choose: [85, 49, 37, 64, 63, 2, 41, 78, 51, 36]
2026-09-04 18:10:10,383 - INFO - this epoch dispatch models: [0 0 0 0 0 0 0 0 0 0]
2026-09-04 18:10:10,383 - INFO - this epoch received models: [np.int64(0), np.int64(0), np.int64(0), np.int64(0), np.int64(0), np.int64(0), np.int64(0), np.int64(0), np.int64(0), np.int64(0)]
2026-09-04 18:10:10,383 - INFO - hetero_proportion: 	4:3:3
2026-09-04 18:10:10,440 - INFO - Full evaluation profile: (1.0, 2, 11.424356)
2026-09-04 18:10:11,941 - INFO - Testing accuracy: 27.81
2026-09-04 18:10:11,942 - INFO - ********************************************************************************
2026-09-04 18:10:11,942 - INFO - Round  31
2026-09-04 18:10:20,383 - INFO - this epoch cost time:1.0340461730957031
2026-09-04 18:10:20,383 - INFO - this epoch choose: [2, 20, 25, 41, 72, 17, 43, 54, 27, 34]
2026-09-04 18:10:20,383 - INFO - this epoch dispatch models: [0 0 0 0 0 0 0 0 0 0]
2026-09-04 18:10:20,383 - INFO - this epoch received models: [np.int64(0), np.int64(0), np.int64(0), np.int64(0), np.int64(0), np.int64(0), np.int64(0), np.int64(0), np.int64(0), np.int64(0)]
2026-09-04 18:10:20,383 - INFO - hetero_proportion: 	4:3:3
2026-09-04 18:10:20,435 - INFO - Full evaluation profile: (1.0, 2, 11.424356)
2026-09-04 18:10:21,958 - INFO - Testing accuracy: 28.08
2026-09-04 18:10:21,959 - INFO - ********************************************************************************
2026-09-04 18:10:21,959 - INFO - Round  32
2026-09-04 18:10:31,421 - INFO - this epoch cost time:1.255000114440918
2026-09-04 18:10:31,421 - INFO - this epoch choose: [86, 12, 48, 70, 44, 87, 68, 62, 98, 68]
2026-09-04 18:10:31,421 - INFO - this epoch dispatch models: [0 0 0 0 0 0 0 0 0 0]
2026-09-04 18:10:31,421 - INFO - this epoch received models: [np.int64(0), np.int64(0), np.int64(0), np.int64(0), np.int64(0), np.int64(0), np.int64(0), np.int64(0), np.int64(0), np.int64(0)]
2026-09-04 18:10:31,421 - INFO - hetero_proportion: 	4:3:3
2026-09-04 18:10:31,476 - INFO - Full evaluation profile: (1.0, 2, 11.424356)
2026-09-04 18:10:32,945 - INFO - Testing accuracy: 27.38
2026-09-04 18:10:32,945 - INFO - ********************************************************************************
2026-09-04 18:10:32,945 - INFO - Round  33
2026-09-04 18:10:41,832 - INFO - this epoch cost time:1.0670011043548584
2026-09-04 18:10:41,833 - INFO - this epoch choose: [30, 8, 92, 5, 10, 17, 21, 21, 68, 27]
2026-09-04 18:10:41,833 - INFO - this epoch dispatch models: [0 0 0 0 0 0 0 0 0 0]
2026-09-04 18:10:41,833 - INFO - this epoch received models: [np.int64(0), np.int64(0), np.int64(0), np.int64(0), np.int64(0), np.int64(0), np.int64(0), np.int64(0), np.int64(0), np.int64(0)]
2026-09-04 18:10:41,833 - INFO - hetero_proportion: 	4:3:3
2026-09-04 18:10:41,892 - INFO - Full evaluation profile: (1.0, 2, 11.424356)
2026-09-04 18:10:43,555 - INFO - Testing accuracy: 28.25
2026-09-04 18:10:43,555 - INFO - ********************************************************************************
2026-09-04 18:10:43,555 - INFO - Round  34
2026-09-04 18:10:53,635 - INFO - this epoch cost time:1.399017333984375
2026-09-04 18:10:53,635 - INFO - this epoch choose: [34, 97, 42, 76, 64, 32, 47, 43, 43, 14]
2026-09-04 18:10:53,635 - INFO - this epoch dispatch models: [0 0 0 0 0 0 0 0 0 0]
2026-09-04 18:10:53,635 - INFO - this epoch received models: [np.int64(0), np.int64(0), np.int64(0), np.int64(0), np.int64(0), np.int64(0), np.int64(0), np.int64(0), np.int64(0), np.int64(0)]
2026-09-04 18:10:53,635 - INFO - hetero_proportion: 	4:3:3
2026-09-04 18:10:53,712 - INFO - Full evaluation profile: (1.0, 2, 11.424356)
2026-09-04 18:10:55,512 - INFO - Testing accuracy: 27.50
2026-09-04 18:10:55,512 - INFO - ********************************************************************************
2026-09-04 18:10:55,512 - INFO - Round  35
2026-09-04 18:11:06,447 - INFO - this epoch cost time:1.3905830383300781
2026-09-04 18:11:06,447 - INFO - this epoch choose: [37, 30, 77, 99, 91, 62, 17, 74, 70, 98]
2026-09-04 18:11:06,447 - INFO - this epoch dispatch models: [0 0 0 0 0 0 0 0 0 0]
2026-09-04 18:11:06,447 - INFO - this epoch received models: [np.int64(0), np.int64(0), np.int64(0), np.int64(0), np.int64(0), np.int64(0), np.int64(0), np.int64(0), np.int64(0), np.int64(0)]
2026-09-04 18:11:06,448 - INFO - hetero_proportion: 	4:3:3
2026-09-04 18:11:06,511 - INFO - Full evaluation profile: (1.0, 2, 11.424356)
2026-09-04 18:11:08,307 - INFO - Testing accuracy: 28.93
2026-09-04 18:11:08,308 - INFO - ********************************************************************************
2026-09-04 18:11:08,308 - INFO - Round  36
2026-09-04 18:11:19,612 - INFO - this epoch cost time:1.4021384716033936
2026-09-04 18:11:19,612 - INFO - this epoch choose: [13, 41, 5, 52, 9, 48, 18, 16, 43, 14]
2026-09-04 18:11:19,612 - INFO - this epoch dispatch models: [0 0 0 0 0 0 0 0 0 0]
2026-09-04 18:11:19,612 - INFO - this epoch received models: [np.int64(0), np.int64(0), np.int64(0), np.int64(0), np.int64(0), np.int64(0), np.int64(0), np.int64(0), np.int64(0), np.int64(0)]
2026-09-04 18:11:19,612 - INFO - hetero_proportion: 	4:3:3
2026-09-04 18:11:19,675 - INFO - Full evaluation profile: (1.0, 2, 11.424356)
2026-09-04 18:11:21,358 - INFO - Testing accuracy: 28.32
2026-09-04 18:11:21,358 - INFO - ********************************************************************************
2026-09-04 18:11:21,358 - INFO - Round  37
2026-09-04 18:11:31,083 - INFO - this epoch cost time:1.2184033393859863
2026-09-04 18:11:31,083 - INFO - this epoch choose: [78, 75, 48, 9, 73, 70, 28, 72, 10, 34]
2026-09-04 18:11:31,083 - INFO - this epoch dispatch models: [0 0 0 0 0 0 0 0 0 0]
2026-09-04 18:11:31,083 - INFO - this epoch received models: [np.int64(0), np.int64(0), np.int64(0), np.int64(0), np.int64(0), np.int64(0), np.int64(0), np.int64(0), np.int64(0), np.int64(0)]
2026-09-04 18:11:31,083 - INFO - hetero_proportion: 	4:3:3
2026-09-04 18:11:31,134 - INFO - Full evaluation profile: (1.0, 2, 11.424356)
2026-09-04 18:11:32,818 - INFO - Testing accuracy: 28.59
2026-09-04 18:11:32,819 - INFO - ********************************************************************************
2026-09-04 18:11:32,819 - INFO - Round  38
2026-09-04 18:11:42,504 - INFO - this epoch cost time:1.1315720081329346
2026-09-04 18:11:42,504 - INFO - this epoch choose: [46, 37, 72, 68, 14, 58, 35, 13, 5, 37]
2026-09-04 18:11:42,504 - INFO - this epoch dispatch models: [0 0 0 0 0 0 0 0 0 0]
2026-09-04 18:11:42,504 - INFO - this epoch received models: [np.int64(0), np.int64(0), np.int64(0), np.int64(0), np.int64(0), np.int64(0), np.int64(0), np.int64(0), np.int64(0), np.int64(0)]
2026-09-04 18:11:42,504 - INFO - hetero_proportion: 	4:3:3
2026-09-04 18:11:42,570 - INFO - Full evaluation profile: (1.0, 2, 11.424356)
2026-09-04 18:11:44,161 - INFO - Testing accuracy: 28.40
2026-09-04 18:11:44,162 - INFO - ********************************************************************************
2026-09-04 18:11:44,162 - INFO - Round  39
2026-09-04 18:11:53,732 - INFO - this epoch cost time:1.2658329010009766
2026-09-04 18:11:53,732 - INFO - this epoch choose: [1, 78, 85, 1, 11, 52, 14, 5, 24, 30]
2026-09-04 18:11:53,732 - INFO - this epoch dispatch models: [0 0 0 0 0 0 0 0 0 0]
2026-09-04 18:11:53,732 - INFO - this epoch received models: [np.int64(0), np.int64(0), np.int64(0), np.int64(0), np.int64(0), np.int64(0), np.int64(0), np.int64(0), np.int64(0), np.int64(0)]
2026-09-04 18:11:53,732 - INFO - hetero_proportion: 	4:3:3
2026-09-04 18:11:53,793 - INFO - Full evaluation profile: (1.0, 2, 11.424356)
2026-09-04 18:11:55,343 - INFO - Testing accuracy: 28.08
2026-09-04 18:11:55,343 - INFO - ********************************************************************************
2026-09-04 18:11:55,343 - INFO - Round  40
2026-09-04 18:12:05,452 - INFO - this epoch cost time:1.2551295757293701
2026-09-04 18:12:05,452 - INFO - this epoch choose: [75, 53, 20, 14, 57, 21, 87, 30, 20, 95]
2026-09-04 18:12:05,452 - INFO - this epoch dispatch models: [0 0 0 0 0 0 0 0 0 0]
2026-09-04 18:12:05,452 - INFO - this epoch received models: [np.int64(0), np.int64(0), np.int64(0), np.int64(0), np.int64(0), np.int64(0), np.int64(0), np.int64(0), np.int64(0), np.int64(0)]
2026-09-04 18:12:05,453 - INFO - hetero_proportion: 	4:3:3
2026-09-04 18:12:05,510 - INFO - Full evaluation profile: (1.0, 2, 11.424356)
2026-09-04 18:12:07,178 - INFO - Testing accuracy: 28.25
2026-09-04 18:12:07,178 - INFO - ********************************************************************************
2026-09-04 18:12:07,179 - INFO - Round  41
2026-09-04 18:12:17,566 - INFO - this epoch cost time:1.3308172225952148
2026-09-04 18:12:17,566 - INFO - this epoch choose: [13, 55, 48, 69, 37, 70, 32, 91, 61, 40]
2026-09-04 18:12:17,566 - INFO - this epoch dispatch models: [0 0 0 0 0 0 0 0 0 0]
2026-09-04 18:12:17,566 - INFO - this epoch received models: [np.int64(0), np.int64(0), np.int64(0), np.int64(0), np.int64(0), np.int64(0), np.int64(0), np.int64(0), np.int64(0), np.int64(0)]
2026-09-04 18:12:17,566 - INFO - hetero_proportion: 	4:3:3
2026-09-04 18:12:17,628 - INFO - Full evaluation profile: (1.0, 2, 11.424356)
2026-09-04 18:12:19,238 - INFO - Testing accuracy: 28.79
2026-09-04 18:12:19,238 - INFO - ********************************************************************************
2026-09-04 18:12:19,238 - INFO - Round  42
2026-09-04 18:12:29,179 - INFO - this epoch cost time:1.5330321788787842
2026-09-04 18:12:29,179 - INFO - this epoch choose: [12, 26, 83, 40, 5, 3, 1, 37, 92, 76]
2026-09-04 18:12:29,179 - INFO - this epoch dispatch models: [0 0 0 0 0 0 0 0 0 0]
2026-09-04 18:12:29,179 - INFO - this epoch received models: [np.int64(0), np.int64(0), np.int64(0), np.int64(0), np.int64(0), np.int64(0), np.int64(0), np.int64(0), np.int64(0), np.int64(0)]
2026-09-04 18:12:29,179 - INFO - hetero_proportion: 	4:3:3
2026-09-04 18:12:29,236 - INFO - Full evaluation profile: (1.0, 2, 11.424356)
2026-09-04 18:12:30,844 - INFO - Testing accuracy: 28.93
2026-09-04 18:12:30,844 - INFO - ********************************************************************************
2026-09-04 18:12:30,844 - INFO - Round  43
2026-09-04 18:12:40,685 - INFO - this epoch cost time:1.2200260162353516
2026-09-04 18:12:40,685 - INFO - this epoch choose: [40, 57, 50, 40, 51, 8, 8, 40, 76, 58]
2026-09-04 18:12:40,685 - INFO - this epoch dispatch models: [0 0 0 0 0 0 0 0 0 0]
2026-09-04 18:12:40,685 - INFO - this epoch received models: [np.int64(0), np.int64(0), np.int64(0), np.int64(0), np.int64(0), np.int64(0), np.int64(0), np.int64(0), np.int64(0), np.int64(0)]
2026-09-04 18:12:40,685 - INFO - hetero_proportion: 	4:3:3
2026-09-04 18:12:40,744 - INFO - Full evaluation profile: (1.0, 2, 11.424356)
2026-09-04 18:12:42,323 - INFO - Testing accuracy: 27.97
2026-09-04 18:12:42,324 - INFO - ********************************************************************************
2026-09-04 18:12:42,324 - INFO - Round  44
2026-09-04 18:12:51,903 - INFO - this epoch cost time:1.2890510559082031
2026-09-04 18:12:51,903 - INFO - this epoch choose: [14, 32, 27, 79, 99, 69, 88, 60, 84, 45]
2026-09-04 18:12:51,903 - INFO - this epoch dispatch models: [0 0 0 0 0 0 0 0 0 0]
2026-09-04 18:12:51,903 - INFO - this epoch received models: [np.int64(0), np.int64(0), np.int64(0), np.int64(0), np.int64(0), np.int64(0), np.int64(0), np.int64(0), np.int64(0), np.int64(0)]
2026-09-04 18:12:51,903 - INFO - hetero_proportion: 	4:3:3
2026-09-04 18:12:51,964 - INFO - Full evaluation profile: (1.0, 2, 11.424356)
2026-09-04 18:12:53,629 - INFO - Testing accuracy: 29.68
2026-09-04 18:12:53,629 - INFO - ********************************************************************************
2026-09-04 18:12:53,629 - INFO - Round  45
2026-09-04 18:13:03,055 - INFO - this epoch cost time:1.2040400505065918
2026-09-04 18:13:03,055 - INFO - this epoch choose: [33, 23, 69, 26, 39, 25, 31, 46, 10, 35]
2026-09-04 18:13:03,055 - INFO - this epoch dispatch models: [0 0 0 0 0 0 0 0 0 0]
2026-09-04 18:13:03,055 - INFO - this epoch received models: [np.int64(0), np.int64(0), np.int64(0), np.int64(0), np.int64(0), np.int64(0), np.int64(0), np.int64(0), np.int64(0), np.int64(0)]
2026-09-04 18:13:03,055 - INFO - hetero_proportion: 	4:3:3
2026-09-04 18:13:03,114 - INFO - Full evaluation profile: (1.0, 2, 11.424356)
2026-09-04 18:13:04,719 - INFO - Testing accuracy: 30.31
2026-09-04 18:13:04,719 - INFO - ********************************************************************************
2026-09-04 18:13:04,719 - INFO - Round  46
2026-09-04 18:13:15,563 - INFO - this epoch cost time:1.5000126361846924
2026-09-04 18:13:15,563 - INFO - this epoch choose: [11, 96, 57, 11, 83, 73, 82, 43, 29, 49]
2026-09-04 18:13:15,563 - INFO - this epoch dispatch models: [0 0 0 0 0 0 0 0 0 0]
2026-09-04 18:13:15,563 - INFO - this epoch received models: [np.int64(0), np.int64(0), np.int64(0), np.int64(0), np.int64(0), np.int64(0), np.int64(0), np.int64(0), np.int64(0), np.int64(0)]
2026-09-04 18:13:15,563 - INFO - hetero_proportion: 	4:3:3
2026-09-04 18:13:15,623 - INFO - Full evaluation profile: (1.0, 2, 11.424356)
2026-09-04 18:13:17,260 - INFO - Testing accuracy: 30.32
2026-09-04 18:13:17,261 - INFO - ********************************************************************************
2026-09-04 18:13:17,261 - INFO - Round  47
2026-09-04 18:13:26,937 - INFO - this epoch cost time:1.2105214595794678
2026-09-04 18:13:26,937 - INFO - this epoch choose: [39, 5, 41, 23, 40, 74, 38, 31, 42, 12]
2026-09-04 18:13:26,937 - INFO - this epoch dispatch models: [0 0 0 0 0 0 0 0 0 0]
2026-09-04 18:13:26,937 - INFO - this epoch received models: [np.int64(0), np.int64(0), np.int64(0), np.int64(0), np.int64(0), np.int64(0), np.int64(0), np.int64(0), np.int64(0), np.int64(0)]
2026-09-04 18:13:26,937 - INFO - hetero_proportion: 	4:3:3
2026-09-04 18:13:26,994 - INFO - Full evaluation profile: (1.0, 2, 11.424356)
2026-09-04 18:13:28,624 - INFO - Testing accuracy: 30.49
2026-09-04 18:13:28,625 - INFO - ********************************************************************************
2026-09-04 18:13:28,625 - INFO - Round  48
2026-09-04 18:13:37,996 - INFO - this epoch cost time:1.3150012493133545
2026-09-04 18:13:37,996 - INFO - this epoch choose: [69, 78, 74, 76, 11, 31, 28, 2, 31, 51]
2026-09-04 18:13:37,996 - INFO - this epoch dispatch models: [0 0 0 0 0 0 0 0 0 0]
2026-09-04 18:13:37,996 - INFO - this epoch received models: [np.int64(0), np.int64(0), np.int64(0), np.int64(0), np.int64(0), np.int64(0), np.int64(0), np.int64(0), np.int64(0), np.int64(0)]
2026-09-04 18:13:37,996 - INFO - hetero_proportion: 	4:3:3
2026-09-04 18:13:38,053 - INFO - Full evaluation profile: (1.0, 2, 11.424356)
2026-09-04 18:13:39,658 - INFO - Testing accuracy: 30.30
2026-09-04 18:13:39,659 - INFO - ********************************************************************************
2026-09-04 18:13:39,659 - INFO - Round  49
2026-09-04 18:13:49,019 - INFO - this epoch cost time:1.2420008182525635
2026-09-04 18:13:49,019 - INFO - this epoch choose: [9, 34, 70, 9, 93, 9, 2, 81, 1, 37]
2026-09-04 18:13:49,019 - INFO - this epoch dispatch models: [0 0 0 0 0 0 0 0 0 0]
2026-09-04 18:13:49,019 - INFO - this epoch received models: [np.int64(0), np.int64(0), np.int64(0), np.int64(0), np.int64(0), np.int64(0), np.int64(0), np.int64(0), np.int64(0), np.int64(0)]
2026-09-04 18:13:49,020 - INFO - hetero_proportion: 	4:3:3
2026-09-04 18:13:49,078 - INFO - Full evaluation profile: (1.0, 2, 11.424356)
2026-09-04 18:13:50,692 - INFO - Testing accuracy: 29.08
2026-09-04 18:13:50,693 - INFO - ********************************************************************************
2026-09-04 18:13:50,693 - INFO - Round  50
2026-09-04 18:14:00,260 - INFO - this epoch cost time:1.1689996719360352
2026-09-04 18:14:00,260 - INFO - this epoch choose: [96, 45, 63, 60, 19, 12, 64, 99, 41, 9]
2026-09-04 18:14:00,260 - INFO - this epoch dispatch models: [0 0 0 0 0 0 0 0 0 0]
2026-09-04 18:14:00,260 - INFO - this epoch received models: [np.int64(0), np.int64(0), np.int64(0), np.int64(0), np.int64(0), np.int64(0), np.int64(0), np.int64(0), np.int64(0), np.int64(0)]
2026-09-04 18:14:00,260 - INFO - hetero_proportion: 	4:3:3
2026-09-04 18:14:00,312 - INFO - Full evaluation profile: (1.0, 2, 11.424356)
2026-09-04 18:14:01,782 - INFO - Testing accuracy: 30.89
2026-09-04 18:14:01,783 - INFO - ********************************************************************************
2026-09-04 18:14:01,783 - INFO - Round  51
2026-09-04 18:14:09,825 - INFO - this epoch cost time:0.93399977684021
2026-09-04 18:14:09,825 - INFO - this epoch choose: [65, 85, 22, 22, 99, 19, 18, 40, 39, 13]
2026-09-04 18:14:09,825 - INFO - this epoch dispatch models: [0 0 0 0 0 0 0 0 0 0]
2026-09-04 18:14:09,825 - INFO - this epoch received models: [np.int64(0), np.int64(0), np.int64(0), np.int64(0), np.int64(0), np.int64(0), np.int64(0), np.int64(0), np.int64(0), np.int64(0)]
2026-09-04 18:14:09,825 - INFO - hetero_proportion: 	4:3:3
2026-09-04 18:14:09,906 - INFO - Full evaluation profile: (1.0, 2, 11.424356)
2026-09-04 18:14:11,316 - INFO - Testing accuracy: 30.68
2026-09-04 18:14:11,317 - INFO - ********************************************************************************
2026-09-04 18:14:11,317 - INFO - Round  52
2026-09-04 18:14:19,251 - INFO - this epoch cost time:1.1109983921051025
2026-09-04 18:14:19,251 - INFO - this epoch choose: [90, 65, 77, 37, 16, 26, 18, 69, 92, 4]
2026-09-04 18:14:19,251 - INFO - this epoch dispatch models: [0 0 0 0 0 0 0 0 0 0]
2026-09-04 18:14:19,252 - INFO - this epoch received models: [np.int64(0), np.int64(0), np.int64(0), np.int64(0), np.int64(0), np.int64(0), np.int64(0), np.int64(0), np.int64(0), np.int64(0)]
2026-09-04 18:14:19,252 - INFO - hetero_proportion: 	4:3:3
2026-09-04 18:14:19,303 - INFO - Full evaluation profile: (1.0, 2, 11.424356)
2026-09-04 18:14:20,766 - INFO - Testing accuracy: 30.90
2026-09-04 18:14:20,778 - INFO - ********************************************************************************
2026-09-04 18:14:20,778 - INFO - Round  53
2026-09-04 18:14:28,731 - INFO - this epoch cost time:1.0219998359680176
2026-09-04 18:14:28,731 - INFO - this epoch choose: [99, 40, 79, 86, 70, 95, 88, 26, 22, 38]
2026-09-04 18:14:28,731 - INFO - this epoch dispatch models: [0 0 0 0 0 0 0 0 0 0]
2026-09-04 18:14:28,731 - INFO - this epoch received models: [np.int64(0), np.int64(0), np.int64(0), np.int64(0), np.int64(0), np.int64(0), np.int64(0), np.int64(0), np.int64(0), np.int64(0)]
2026-09-04 18:14:28,731 - INFO - hetero_proportion: 	4:3:3
2026-09-04 18:14:28,782 - INFO - Full evaluation profile: (1.0, 2, 11.424356)
2026-09-04 18:14:30,220 - INFO - Testing accuracy: 31.05
2026-09-04 18:14:30,220 - INFO - ********************************************************************************
2026-09-04 18:14:30,220 - INFO - Round  54
2026-09-04 18:14:38,197 - INFO - this epoch cost time:0.9399993419647217
2026-09-04 18:14:38,198 - INFO - this epoch choose: [55, 68, 20, 6, 91, 85, 31, 32, 99, 8]
2026-09-04 18:14:38,198 - INFO - this epoch dispatch models: [0 0 0 0 0 0 0 0 0 0]
2026-09-04 18:14:38,198 - INFO - this epoch received models: [np.int64(0), np.int64(0), np.int64(0), np.int64(0), np.int64(0), np.int64(0), np.int64(0), np.int64(0), np.int64(0), np.int64(0)]
2026-09-04 18:14:38,198 - INFO - hetero_proportion: 	4:3:3
2026-09-04 18:14:38,249 - INFO - Full evaluation profile: (1.0, 2, 11.424356)
2026-09-04 18:14:39,714 - INFO - Testing accuracy: 30.76
2026-09-04 18:14:39,715 - INFO - ********************************************************************************
2026-09-04 18:14:39,715 - INFO - Round  55
2026-09-04 18:14:48,256 - INFO - this epoch cost time:1.1230013370513916
2026-09-04 18:14:48,256 - INFO - this epoch choose: [87, 57, 55, 70, 32, 69, 56, 68, 58, 1]
2026-09-04 18:14:48,256 - INFO - this epoch dispatch models: [0 0 0 0 0 0 0 0 0 0]
2026-09-04 18:14:48,256 - INFO - this epoch received models: [np.int64(0), np.int64(0), np.int64(0), np.int64(0), np.int64(0), np.int64(0), np.int64(0), np.int64(0), np.int64(0), np.int64(0)]
2026-09-04 18:14:48,256 - INFO - hetero_proportion: 	4:3:3
2026-09-04 18:14:48,307 - INFO - Full evaluation profile: (1.0, 2, 11.424356)
2026-09-04 18:14:49,748 - INFO - Testing accuracy: 30.23
2026-09-04 18:14:49,748 - INFO - ********************************************************************************
2026-09-04 18:14:49,748 - INFO - Round  56
2026-09-04 18:14:57,730 - INFO - this epoch cost time:1.0330004692077637
2026-09-04 18:14:57,730 - INFO - this epoch choose: [50, 43, 21, 33, 62, 3, 82, 53, 73, 2]
2026-09-04 18:14:57,730 - INFO - this epoch dispatch models: [0 0 0 0 0 0 0 0 0 0]
2026-09-04 18:14:57,730 - INFO - this epoch received models: [np.int64(0), np.int64(0), np.int64(0), np.int64(0), np.int64(0), np.int64(0), np.int64(0), np.int64(0), np.int64(0), np.int64(0)]
2026-09-04 18:14:57,730 - INFO - hetero_proportion: 	4:3:3
2026-09-04 18:14:57,780 - INFO - Full evaluation profile: (1.0, 2, 11.424356)
2026-09-04 18:14:59,213 - INFO - Testing accuracy: 31.09
2026-09-04 18:14:59,214 - INFO - ********************************************************************************
2026-09-04 18:14:59,214 - INFO - Round  57
2026-09-04 18:15:07,312 - INFO - this epoch cost time:1.053999900817871
2026-09-04 18:15:07,312 - INFO - this epoch choose: [7, 88, 45, 74, 17, 75, 16, 17, 33, 35]
2026-09-04 18:15:07,313 - INFO - this epoch dispatch models: [0 0 0 0 0 0 0 0 0 0]
2026-09-04 18:15:07,313 - INFO - this epoch received models: [np.int64(0), np.int64(0), np.int64(0), np.int64(0), np.int64(0), np.int64(0), np.int64(0), np.int64(0), np.int64(0), np.int64(0)]
2026-09-04 18:15:07,313 - INFO - hetero_proportion: 	4:3:3
2026-09-04 18:15:07,365 - INFO - Full evaluation profile: (1.0, 2, 11.424356)
2026-09-04 18:15:08,774 - INFO - Testing accuracy: 31.17
2026-09-04 18:15:08,775 - INFO - ********************************************************************************
2026-09-04 18:15:08,775 - INFO - Round  58
2026-09-04 18:15:16,530 - INFO - this epoch cost time:1.0309994220733643
2026-09-04 18:15:16,530 - INFO - this epoch choose: [50, 72, 51, 22, 78, 11, 29, 62, 0, 22]
2026-09-04 18:15:16,530 - INFO - this epoch dispatch models: [0 0 0 0 0 0 0 0 0 0]
2026-09-04 18:15:16,530 - INFO - this epoch received models: [np.int64(0), np.int64(0), np.int64(0), np.int64(0), np.int64(0), np.int64(0), np.int64(0), np.int64(0), np.int64(0), np.int64(0)]
2026-09-04 18:15:16,530 - INFO - hetero_proportion: 	4:3:3
2026-09-04 18:15:16,582 - INFO - Full evaluation profile: (1.0, 2, 11.424356)
2026-09-04 18:15:18,022 - INFO - Testing accuracy: 31.08
2026-09-04 18:15:18,022 - INFO - ********************************************************************************
2026-09-04 18:15:18,022 - INFO - Round  59
2026-09-04 18:15:26,088 - INFO - this epoch cost time:1.2559995651245117
2026-09-04 18:15:26,088 - INFO - this epoch choose: [67, 40, 64, 83, 56, 87, 81, 93, 28, 30]
2026-09-04 18:15:26,088 - INFO - this epoch dispatch models: [0 0 0 0 0 0 0 0 0 0]
2026-09-04 18:15:26,088 - INFO - this epoch received models: [np.int64(0), np.int64(0), np.int64(0), np.int64(0), np.int64(0), np.int64(0), np.int64(0), np.int64(0), np.int64(0), np.int64(0)]
2026-09-04 18:15:26,088 - INFO - hetero_proportion: 	4:3:3
2026-09-04 18:15:26,140 - INFO - Full evaluation profile: (1.0, 2, 11.424356)
2026-09-04 18:15:27,604 - INFO - Testing accuracy: 31.96
2026-09-04 18:15:27,604 - INFO - ********************************************************************************
2026-09-04 18:15:27,604 - INFO - Round  60
2026-09-04 18:15:35,013 - INFO - this epoch cost time:0.8839991092681885
2026-09-04 18:15:35,014 - INFO - this epoch choose: [40, 63, 87, 61, 28, 91, 52, 43, 71, 78]
2026-09-04 18:15:35,014 - INFO - this epoch dispatch models: [0 0 0 0 0 0 0 0 0 0]
2026-09-04 18:15:35,014 - INFO - this epoch received models: [np.int64(0), np.int64(0), np.int64(0), np.int64(0), np.int64(0), np.int64(0), np.int64(0), np.int64(0), np.int64(0), np.int64(0)]
2026-09-04 18:15:35,014 - INFO - hetero_proportion: 	4:3:3
2026-09-04 18:15:35,065 - INFO - Full evaluation profile: (1.0, 2, 11.424356)
2026-09-04 18:15:36,541 - INFO - Testing accuracy: 31.24
2026-09-04 18:15:36,542 - INFO - ********************************************************************************
2026-09-04 18:15:36,542 - INFO - Round  61
2026-09-04 18:15:44,239 - INFO - this epoch cost time:1.2830002307891846
2026-09-04 18:15:44,239 - INFO - this epoch choose: [93, 83, 35, 82, 28, 6, 9, 97, 65, 82]
2026-09-04 18:15:44,239 - INFO - this epoch dispatch models: [0 0 0 0 0 0 0 0 0 0]
2026-09-04 18:15:44,239 - INFO - this epoch received models: [np.int64(0), np.int64(0), np.int64(0), np.int64(0), np.int64(0), np.int64(0), np.int64(0), np.int64(0), np.int64(0), np.int64(0)]
2026-09-04 18:15:44,239 - INFO - hetero_proportion: 	4:3:3
2026-09-04 18:15:44,307 - INFO - Full evaluation profile: (1.0, 2, 11.424356)
2026-09-04 18:15:45,753 - INFO - Testing accuracy: 30.85
2026-09-04 18:15:45,753 - INFO - ********************************************************************************
2026-09-04 18:15:45,753 - INFO - Round  62
2026-09-04 18:15:53,425 - INFO - this epoch cost time:1.041001319885254
2026-09-04 18:15:53,425 - INFO - this epoch choose: [47, 20, 65, 98, 26, 39, 38, 88, 38, 70]
2026-09-04 18:15:53,425 - INFO - this epoch dispatch models: [0 0 0 0 0 0 0 0 0 0]
2026-09-04 18:15:53,425 - INFO - this epoch received models: [np.int64(0), np.int64(0), np.int64(0), np.int64(0), np.int64(0), np.int64(0), np.int64(0), np.int64(0), np.int64(0), np.int64(0)]
2026-09-04 18:15:53,425 - INFO - hetero_proportion: 	4:3:3
2026-09-04 18:15:53,476 - INFO - Full evaluation profile: (1.0, 2, 11.424356)
2026-09-04 18:15:54,922 - INFO - Testing accuracy: 31.02
2026-09-04 18:15:54,923 - INFO - ********************************************************************************
2026-09-04 18:15:54,923 - INFO - Round  63
2026-09-04 18:16:02,143 - INFO - this epoch cost time:0.8569996356964111
2026-09-04 18:16:02,143 - INFO - this epoch choose: [47, 21, 89, 89, 94, 59, 76, 10, 15, 77]
2026-09-04 18:16:02,143 - INFO - this epoch dispatch models: [0 0 0 0 0 0 0 0 0 0]
2026-09-04 18:16:02,143 - INFO - this epoch received models: [np.int64(0), np.int64(0), np.int64(0), np.int64(0), np.int64(0), np.int64(0), np.int64(0), np.int64(0), np.int64(0), np.int64(0)]
2026-09-04 18:16:02,143 - INFO - hetero_proportion: 	4:3:3
2026-09-04 18:16:02,195 - INFO - Full evaluation profile: (1.0, 2, 11.424356)
2026-09-04 18:16:03,673 - INFO - Testing accuracy: 32.52
2026-09-04 18:16:03,673 - INFO - ********************************************************************************
2026-09-04 18:16:03,673 - INFO - Round  64
2026-09-04 18:16:11,466 - INFO - this epoch cost time:1.011000633239746
2026-09-04 18:16:11,466 - INFO - this epoch choose: [65, 73, 48, 22, 19, 32, 54, 27, 72, 92]
2026-09-04 18:16:11,466 - INFO - this epoch dispatch models: [0 0 0 0 0 0 0 0 0 0]
2026-09-04 18:16:11,466 - INFO - this epoch received models: [np.int64(0), np.int64(0), np.int64(0), np.int64(0), np.int64(0), np.int64(0), np.int64(0), np.int64(0), np.int64(0), np.int64(0)]
2026-09-04 18:16:11,466 - INFO - hetero_proportion: 	4:3:3
2026-09-04 18:16:11,519 - INFO - Full evaluation profile: (1.0, 2, 11.424356)
2026-09-04 18:16:12,950 - INFO - Testing accuracy: 32.33
2026-09-04 18:16:12,950 - INFO - ********************************************************************************
2026-09-04 18:16:12,950 - INFO - Round  65
2026-09-04 18:16:20,630 - INFO - this epoch cost time:1.0950007438659668
2026-09-04 18:16:20,630 - INFO - this epoch choose: [96, 6, 63, 87, 50, 91, 81, 44, 49, 65]
2026-09-04 18:16:20,630 - INFO - this epoch dispatch models: [0 0 0 0 0 0 0 0 0 0]
2026-09-04 18:16:20,631 - INFO - this epoch received models: [np.int64(0), np.int64(0), np.int64(0), np.int64(0), np.int64(0), np.int64(0), np.int64(0), np.int64(0), np.int64(0), np.int64(0)]
2026-09-04 18:16:20,631 - INFO - hetero_proportion: 	4:3:3
2026-09-04 18:16:20,681 - INFO - Full evaluation profile: (1.0, 2, 11.424356)
2026-09-04 18:16:22,101 - INFO - Testing accuracy: 32.46
2026-09-04 18:16:22,102 - INFO - ********************************************************************************
2026-09-04 18:16:22,102 - INFO - Round  66
2026-09-04 18:16:30,430 - INFO - this epoch cost time:1.1359999179840088
2026-09-04 18:16:30,430 - INFO - this epoch choose: [21, 69, 93, 5, 67, 11, 32, 80, 12, 34]
2026-09-04 18:16:30,430 - INFO - this epoch dispatch models: [0 0 0 0 0 0 0 0 0 0]
2026-09-04 18:16:30,431 - INFO - this epoch received models: [np.int64(0), np.int64(0), np.int64(0), np.int64(0), np.int64(0), np.int64(0), np.int64(0), np.int64(0), np.int64(0), np.int64(0)]
2026-09-04 18:16:30,431 - INFO - hetero_proportion: 	4:3:3
2026-09-04 18:16:30,483 - INFO - Full evaluation profile: (1.0, 2, 11.424356)
2026-09-04 18:16:31,933 - INFO - Testing accuracy: 32.64
2026-09-04 18:16:31,933 - INFO - ********************************************************************************
2026-09-04 18:16:31,933 - INFO - Round  67
2026-09-04 18:16:39,147 - INFO - this epoch cost time:0.8760011196136475
2026-09-04 18:16:39,147 - INFO - this epoch choose: [94, 10, 17, 99, 78, 84, 87, 89, 10, 56]
2026-09-04 18:16:39,147 - INFO - this epoch dispatch models: [0 0 0 0 0 0 0 0 0 0]
2026-09-04 18:16:39,147 - INFO - this epoch received models: [np.int64(0), np.int64(0), np.int64(0), np.int64(0), np.int64(0), np.int64(0), np.int64(0), np.int64(0), np.int64(0), np.int64(0)]
2026-09-04 18:16:39,147 - INFO - hetero_proportion: 	4:3:3
2026-09-04 18:16:39,201 - INFO - Full evaluation profile: (1.0, 2, 11.424356)
2026-09-04 18:16:40,627 - INFO - Testing accuracy: 31.74
2026-09-04 18:16:40,627 - INFO - ********************************************************************************
2026-09-04 18:16:40,627 - INFO - Round  68
2026-09-04 18:16:48,997 - INFO - this epoch cost time:1.0330018997192383
2026-09-04 18:16:48,997 - INFO - this epoch choose: [30, 48, 55, 50, 21, 41, 56, 16, 79, 62]
2026-09-04 18:16:48,997 - INFO - this epoch dispatch models: [0 0 0 0 0 0 0 0 0 0]
2026-09-04 18:16:48,997 - INFO - this epoch received models: [np.int64(0), np.int64(0), np.int64(0), np.int64(0), np.int64(0), np.int64(0), np.int64(0), np.int64(0), np.int64(0), np.int64(0)]
2026-09-04 18:16:48,997 - INFO - hetero_proportion: 	4:3:3
2026-09-04 18:16:49,048 - INFO - Full evaluation profile: (1.0, 2, 11.424356)
2026-09-04 18:16:50,483 - INFO - Testing accuracy: 32.12
2026-09-04 18:16:50,484 - INFO - ********************************************************************************
2026-09-04 18:16:50,484 - INFO - Round  69
2026-09-04 18:16:58,045 - INFO - this epoch cost time:0.9669981002807617
2026-09-04 18:16:58,045 - INFO - this epoch choose: [27, 15, 55, 76, 68, 52, 15, 84, 37, 35]
2026-09-04 18:16:58,045 - INFO - this epoch dispatch models: [0 0 0 0 0 0 0 0 0 0]
2026-09-04 18:16:58,045 - INFO - this epoch received models: [np.int64(0), np.int64(0), np.int64(0), np.int64(0), np.int64(0), np.int64(0), np.int64(0), np.int64(0), np.int64(0), np.int64(0)]
2026-09-04 18:16:58,045 - INFO - hetero_proportion: 	4:3:3
2026-09-04 18:16:58,096 - INFO - Full evaluation profile: (1.0, 2, 11.424356)
2026-09-04 18:16:59,579 - INFO - Testing accuracy: 31.64
2026-09-04 18:16:59,579 - INFO - ********************************************************************************
2026-09-04 18:16:59,579 - INFO - Round  70
2026-09-04 18:17:07,946 - INFO - this epoch cost time:1.0360000133514404
2026-09-04 18:17:07,947 - INFO - this epoch choose: [31, 48, 95, 71, 0, 24, 67, 56, 74, 2]
2026-09-04 18:17:07,947 - INFO - this epoch dispatch models: [0 0 0 0 0 0 0 0 0 0]
2026-09-04 18:17:07,947 - INFO - this epoch received models: [np.int64(0), np.int64(0), np.int64(0), np.int64(0), np.int64(0), np.int64(0), np.int64(0), np.int64(0), np.int64(0), np.int64(0)]
2026-09-04 18:17:07,947 - INFO - hetero_proportion: 	4:3:3
2026-09-04 18:17:07,999 - INFO - Full evaluation profile: (1.0, 2, 11.424356)
2026-09-04 18:17:09,447 - INFO - Testing accuracy: 32.48
2026-09-04 18:17:09,447 - INFO - ********************************************************************************
2026-09-04 18:17:09,447 - INFO - Round  71
2026-09-04 18:17:17,840 - INFO - this epoch cost time:1.136000156402588
2026-09-04 18:17:17,840 - INFO - this epoch choose: [3, 80, 77, 31, 33, 26, 22, 36, 18, 69]
2026-09-04 18:17:17,840 - INFO - this epoch dispatch models: [0 0 0 0 0 0 0 0 0 0]
2026-09-04 18:17:17,841 - INFO - this epoch received models: [np.int64(0), np.int64(0), np.int64(0), np.int64(0), np.int64(0), np.int64(0), np.int64(0), np.int64(0), np.int64(0), np.int64(0)]
2026-09-04 18:17:17,841 - INFO - hetero_proportion: 	4:3:3
2026-09-04 18:17:17,893 - INFO - Full evaluation profile: (1.0, 2, 11.424356)
2026-09-04 18:17:19,334 - INFO - Testing accuracy: 33.32
2026-09-04 18:17:19,335 - INFO - ********************************************************************************
2026-09-04 18:17:19,335 - INFO - Round  72
2026-09-04 18:17:27,845 - INFO - this epoch cost time:1.1340014934539795
2026-09-04 18:17:27,845 - INFO - this epoch choose: [25, 34, 39, 74, 96, 32, 87, 57, 21, 69]
2026-09-04 18:17:27,845 - INFO - this epoch dispatch models: [0 0 0 0 0 0 0 0 0 0]
2026-09-04 18:17:27,845 - INFO - this epoch received models: [np.int64(0), np.int64(0), np.int64(0), np.int64(0), np.int64(0), np.int64(0), np.int64(0), np.int64(0), np.int64(0), np.int64(0)]
2026-09-04 18:17:27,845 - INFO - hetero_proportion: 	4:3:3
2026-09-04 18:17:27,896 - INFO - Full evaluation profile: (1.0, 2, 11.424356)
2026-09-04 18:17:29,345 - INFO - Testing accuracy: 32.23
2026-09-04 18:17:29,345 - INFO - ********************************************************************************
2026-09-04 18:17:29,346 - INFO - Round  73
2026-09-04 18:17:37,564 - INFO - this epoch cost time:1.0599989891052246
2026-09-04 18:17:37,564 - INFO - this epoch choose: [45, 62, 53, 15, 98, 26, 73, 49, 26, 36]
2026-09-04 18:17:37,564 - INFO - this epoch dispatch models: [0 0 0 0 0 0 0 0 0 0]
2026-09-04 18:17:37,564 - INFO - this epoch received models: [np.int64(0), np.int64(0), np.int64(0), np.int64(0), np.int64(0), np.int64(0), np.int64(0), np.int64(0), np.int64(0), np.int64(0)]
2026-09-04 18:17:37,564 - INFO - hetero_proportion: 	4:3:3
2026-09-04 18:17:37,615 - INFO - Full evaluation profile: (1.0, 2, 11.424356)
2026-09-04 18:17:39,072 - INFO - Testing accuracy: 32.39
2026-09-04 18:17:39,073 - INFO - ********************************************************************************
2026-09-04 18:17:39,073 - INFO - Round  74
2026-09-04 18:17:46,998 - INFO - this epoch cost time:1.1150007247924805
2026-09-04 18:17:46,998 - INFO - this epoch choose: [13, 3, 15, 72, 95, 1, 69, 37, 86, 97]
2026-09-04 18:17:46,998 - INFO - this epoch dispatch models: [0 0 0 0 0 0 0 0 0 0]
2026-09-04 18:17:46,998 - INFO - this epoch received models: [np.int64(0), np.int64(0), np.int64(0), np.int64(0), np.int64(0), np.int64(0), np.int64(0), np.int64(0), np.int64(0), np.int64(0)]
2026-09-04 18:17:46,998 - INFO - hetero_proportion: 	4:3:3
2026-09-04 18:17:47,049 - INFO - Full evaluation profile: (1.0, 2, 11.424356)
2026-09-04 18:17:48,506 - INFO - Testing accuracy: 32.37
2026-09-04 18:17:48,507 - INFO - ********************************************************************************
2026-09-04 18:17:48,507 - INFO - Round  75
2026-09-04 18:17:56,784 - INFO - this epoch cost time:1.3019988536834717
2026-09-04 18:17:56,785 - INFO - this epoch choose: [92, 83, 17, 9, 64, 47, 73, 39, 55, 64]
2026-09-04 18:17:56,785 - INFO - this epoch dispatch models: [0 0 0 0 0 0 0 0 0 0]
2026-09-04 18:17:56,785 - INFO - this epoch received models: [np.int64(0), np.int64(0), np.int64(0), np.int64(0), np.int64(0), np.int64(0), np.int64(0), np.int64(0), np.int64(0), np.int64(0)]
2026-09-04 18:17:56,785 - INFO - hetero_proportion: 	4:3:3
2026-09-04 18:17:56,836 - INFO - Full evaluation profile: (1.0, 2, 11.424356)
2026-09-04 18:17:58,306 - INFO - Testing accuracy: 31.84
2026-09-04 18:17:58,307 - INFO - ********************************************************************************
2026-09-04 18:17:58,307 - INFO - Round  76
2026-09-04 18:18:06,970 - INFO - this epoch cost time:1.044994592666626
2026-09-04 18:18:06,970 - INFO - this epoch choose: [86, 45, 97, 67, 41, 0, 15, 56, 91, 57]
2026-09-04 18:18:06,970 - INFO - this epoch dispatch models: [0 0 0 0 0 0 0 0 0 0]
2026-09-04 18:18:06,970 - INFO - this epoch received models: [np.int64(0), np.int64(0), np.int64(0), np.int64(0), np.int64(0), np.int64(0), np.int64(0), np.int64(0), np.int64(0), np.int64(0)]
2026-09-04 18:18:06,970 - INFO - hetero_proportion: 	4:3:3
2026-09-04 18:18:07,024 - INFO - Full evaluation profile: (1.0, 2, 11.424356)
2026-09-04 18:18:08,450 - INFO - Testing accuracy: 32.40
2026-09-04 18:18:08,450 - INFO - ********************************************************************************
2026-09-04 18:18:08,450 - INFO - Round  77
2026-09-04 18:18:16,311 - INFO - this epoch cost time:1.082998514175415
2026-09-04 18:18:16,311 - INFO - this epoch choose: [44, 39, 69, 51, 43, 93, 87, 73, 63, 14]
2026-09-04 18:18:16,311 - INFO - this epoch dispatch models: [0 0 0 0 0 0 0 0 0 0]
2026-09-04 18:18:16,311 - INFO - this epoch received models: [np.int64(0), np.int64(0), np.int64(0), np.int64(0), np.int64(0), np.int64(0), np.int64(0), np.int64(0), np.int64(0), np.int64(0)]
2026-09-04 18:18:16,311 - INFO - hetero_proportion: 	4:3:3
2026-09-04 18:18:16,363 - INFO - Full evaluation profile: (1.0, 2, 11.424356)
2026-09-04 18:18:17,820 - INFO - Testing accuracy: 32.58
2026-09-04 18:18:17,820 - INFO - ********************************************************************************
2026-09-04 18:18:17,820 - INFO - Round  78
2026-09-04 18:18:26,637 - INFO - this epoch cost time:1.1030001640319824
2026-09-04 18:18:26,637 - INFO - this epoch choose: [82, 48, 48, 26, 71, 0, 35, 81, 76, 92]
2026-09-04 18:18:26,637 - INFO - this epoch dispatch models: [0 0 0 0 0 0 0 0 0 0]
2026-09-04 18:18:26,637 - INFO - this epoch received models: [np.int64(0), np.int64(0), np.int64(0), np.int64(0), np.int64(0), np.int64(0), np.int64(0), np.int64(0), np.int64(0), np.int64(0)]
2026-09-04 18:18:26,637 - INFO - hetero_proportion: 	4:3:3
2026-09-04 18:18:26,727 - INFO - Full evaluation profile: (1.0, 2, 11.424356)
2026-09-04 18:18:28,200 - INFO - Testing accuracy: 31.45
2026-09-04 18:18:28,200 - INFO - ********************************************************************************
2026-09-04 18:18:28,201 - INFO - Round  79
2026-09-04 18:18:35,311 - INFO - this epoch cost time:0.9139995574951172
2026-09-04 18:18:35,312 - INFO - this epoch choose: [94, 93, 65, 25, 59, 76, 66, 52, 95, 91]
2026-09-04 18:18:35,312 - INFO - this epoch dispatch models: [0 0 0 0 0 0 0 0 0 0]
2026-09-04 18:18:35,312 - INFO - this epoch received models: [np.int64(0), np.int64(0), np.int64(0), np.int64(0), np.int64(0), np.int64(0), np.int64(0), np.int64(0), np.int64(0), np.int64(0)]
2026-09-04 18:18:35,312 - INFO - hetero_proportion: 	4:3:3
2026-09-04 18:18:35,365 - INFO - Full evaluation profile: (1.0, 2, 11.424356)
2026-09-04 18:18:36,830 - INFO - Testing accuracy: 32.56
2026-09-04 18:18:36,830 - INFO - ********************************************************************************
2026-09-04 18:18:36,830 - INFO - Round  80
2026-09-04 18:18:44,927 - INFO - this epoch cost time:1.017000675201416
2026-09-04 18:18:44,927 - INFO - this epoch choose: [39, 89, 21, 57, 79, 85, 67, 25, 46, 67]
2026-09-04 18:18:44,927 - INFO - this epoch dispatch models: [0 0 0 0 0 0 0 0 0 0]
2026-09-04 18:18:44,927 - INFO - this epoch received models: [np.int64(0), np.int64(0), np.int64(0), np.int64(0), np.int64(0), np.int64(0), np.int64(0), np.int64(0), np.int64(0), np.int64(0)]
2026-09-04 18:18:44,927 - INFO - hetero_proportion: 	4:3:3
2026-09-04 18:18:44,978 - INFO - Full evaluation profile: (1.0, 2, 11.424356)
2026-09-04 18:18:46,430 - INFO - Testing accuracy: 32.43
2026-09-04 18:18:46,431 - INFO - ********************************************************************************
2026-09-04 18:18:46,431 - INFO - Round  81
2026-09-04 18:18:55,251 - INFO - this epoch cost time:1.008000135421753
2026-09-04 18:18:55,251 - INFO - this epoch choose: [0, 86, 49, 74, 54, 51, 43, 79, 74, 93]
2026-09-04 18:18:55,251 - INFO - this epoch dispatch models: [0 0 0 0 0 0 0 0 0 0]
2026-09-04 18:18:55,251 - INFO - this epoch received models: [np.int64(0), np.int64(0), np.int64(0), np.int64(0), np.int64(0), np.int64(0), np.int64(0), np.int64(0), np.int64(0), np.int64(0)]
2026-09-04 18:18:55,252 - INFO - hetero_proportion: 	4:3:3
2026-09-04 18:18:55,303 - INFO - Full evaluation profile: (1.0, 2, 11.424356)
2026-09-04 18:18:56,750 - INFO - Testing accuracy: 32.76
2026-09-04 18:18:56,750 - INFO - ********************************************************************************
2026-09-04 18:18:56,751 - INFO - Round  82
2026-09-04 18:19:05,238 - INFO - this epoch cost time:1.2770001888275146
2026-09-04 18:19:05,238 - INFO - this epoch choose: [89, 95, 8, 63, 95, 31, 81, 83, 37, 80]
2026-09-04 18:19:05,238 - INFO - this epoch dispatch models: [0 0 0 0 0 0 0 0 0 0]
2026-09-04 18:19:05,238 - INFO - this epoch received models: [np.int64(0), np.int64(0), np.int64(0), np.int64(0), np.int64(0), np.int64(0), np.int64(0), np.int64(0), np.int64(0), np.int64(0)]
2026-09-04 18:19:05,238 - INFO - hetero_proportion: 	4:3:3
2026-09-04 18:19:05,288 - INFO - Full evaluation profile: (1.0, 2, 11.424356)
2026-09-04 18:19:06,743 - INFO - Testing accuracy: 31.88
2026-09-04 18:19:06,744 - INFO - ********************************************************************************
2026-09-04 18:19:06,744 - INFO - Round  83
2026-09-04 18:19:15,094 - INFO - this epoch cost time:1.1229994297027588
2026-09-04 18:19:15,094 - INFO - this epoch choose: [2, 52, 92, 80, 19, 81, 99, 50, 34, 22]
2026-09-04 18:19:15,094 - INFO - this epoch dispatch models: [0 0 0 0 0 0 0 0 0 0]
2026-09-04 18:19:15,094 - INFO - this epoch received models: [np.int64(0), np.int64(0), np.int64(0), np.int64(0), np.int64(0), np.int64(0), np.int64(0), np.int64(0), np.int64(0), np.int64(0)]
2026-09-04 18:19:15,094 - INFO - hetero_proportion: 	4:3:3
2026-09-04 18:19:15,146 - INFO - Full evaluation profile: (1.0, 2, 11.424356)
2026-09-04 18:19:16,585 - INFO - Testing accuracy: 32.25
2026-09-04 18:19:16,585 - INFO - ********************************************************************************
2026-09-04 18:19:16,585 - INFO - Round  84
2026-09-04 18:19:23,489 - INFO - this epoch cost time:0.9310007095336914
2026-09-04 18:19:23,489 - INFO - this epoch choose: [98, 9, 99, 77, 1, 44, 33, 90, 52, 87]
2026-09-04 18:19:23,489 - INFO - this epoch dispatch models: [0 0 0 0 0 0 0 0 0 0]
2026-09-04 18:19:23,489 - INFO - this epoch received models: [np.int64(0), np.int64(0), np.int64(0), np.int64(0), np.int64(0), np.int64(0), np.int64(0), np.int64(0), np.int64(0), np.int64(0)]
2026-09-04 18:19:23,489 - INFO - hetero_proportion: 	4:3:3
2026-09-04 18:19:23,541 - INFO - Full evaluation profile: (1.0, 2, 11.424356)
2026-09-04 18:19:24,984 - INFO - Testing accuracy: 32.62
2026-09-04 18:19:24,985 - INFO - ********************************************************************************
2026-09-04 18:19:24,985 - INFO - Round  85
2026-09-04 18:19:33,132 - INFO - this epoch cost time:1.1050055027008057
2026-09-04 18:19:33,132 - INFO - this epoch choose: [69, 38, 19, 59, 33, 62, 21, 59, 65, 5]
2026-09-04 18:19:33,132 - INFO - this epoch dispatch models: [0 0 0 0 0 0 0 0 0 0]
2026-09-04 18:19:33,132 - INFO - this epoch received models: [np.int64(0), np.int64(0), np.int64(0), np.int64(0), np.int64(0), np.int64(0), np.int64(0), np.int64(0), np.int64(0), np.int64(0)]
2026-09-04 18:19:33,132 - INFO - hetero_proportion: 	4:3:3
2026-09-04 18:19:33,185 - INFO - Full evaluation profile: (1.0, 2, 11.424356)
2026-09-04 18:19:34,665 - INFO - Testing accuracy: 32.69
2026-09-04 18:19:34,666 - INFO - ********************************************************************************
2026-09-04 18:19:34,666 - INFO - Round  86
2026-09-04 18:19:43,039 - INFO - this epoch cost time:1.0239994525909424
2026-09-04 18:19:43,039 - INFO - this epoch choose: [34, 65, 12, 95, 75, 54, 8, 45, 8, 84]
2026-09-04 18:19:43,039 - INFO - this epoch dispatch models: [0 0 0 0 0 0 0 0 0 0]
2026-09-04 18:19:43,039 - INFO - this epoch received models: [np.int64(0), np.int64(0), np.int64(0), np.int64(0), np.int64(0), np.int64(0), np.int64(0), np.int64(0), np.int64(0), np.int64(0)]
2026-09-04 18:19:43,039 - INFO - hetero_proportion: 	4:3:3
2026-09-04 18:19:43,097 - INFO - Full evaluation profile: (1.0, 2, 11.424356)
2026-09-04 18:19:44,575 - INFO - Testing accuracy: 32.53
2026-09-04 18:19:44,575 - INFO - ********************************************************************************
2026-09-04 18:19:44,575 - INFO - Round  87
2026-09-04 18:19:53,333 - INFO - this epoch cost time:1.1019999980926514
2026-09-04 18:19:53,333 - INFO - this epoch choose: [56, 2, 21, 64, 90, 20, 88, 11, 51, 81]
2026-09-04 18:19:53,334 - INFO - this epoch dispatch models: [0 0 0 0 0 0 0 0 0 0]
2026-09-04 18:19:53,334 - INFO - this epoch received models: [np.int64(0), np.int64(0), np.int64(0), np.int64(0), np.int64(0), np.int64(0), np.int64(0), np.int64(0), np.int64(0), np.int64(0)]
2026-09-04 18:19:53,334 - INFO - hetero_proportion: 	4:3:3
2026-09-04 18:19:53,385 - INFO - Full evaluation profile: (1.0, 2, 11.424356)
2026-09-04 18:19:54,847 - INFO - Testing accuracy: 32.52
2026-09-04 18:19:54,847 - INFO - ********************************************************************************
2026-09-04 18:19:54,847 - INFO - Round  88
2026-09-04 18:20:02,422 - INFO - this epoch cost time:0.9329991340637207
2026-09-04 18:20:02,422 - INFO - this epoch choose: [88, 35, 77, 38, 26, 67, 26, 30, 42, 34]
2026-09-04 18:20:02,422 - INFO - this epoch dispatch models: [0 0 0 0 0 0 0 0 0 0]
2026-09-04 18:20:02,422 - INFO - this epoch received models: [np.int64(0), np.int64(0), np.int64(0), np.int64(0), np.int64(0), np.int64(0), np.int64(0), np.int64(0), np.int64(0), np.int64(0)]
2026-09-04 18:20:02,422 - INFO - hetero_proportion: 	4:3:3
2026-09-04 18:20:02,475 - INFO - Full evaluation profile: (1.0, 2, 11.424356)
2026-09-04 18:20:03,949 - INFO - Testing accuracy: 32.19
2026-09-04 18:20:03,949 - INFO - ********************************************************************************
2026-09-04 18:20:03,949 - INFO - Round  89
2026-09-04 18:20:11,440 - INFO - this epoch cost time:0.9670002460479736
2026-09-04 18:20:11,441 - INFO - this epoch choose: [8, 9, 89, 66, 84, 47, 59, 65, 71, 94]
2026-09-04 18:20:11,441 - INFO - this epoch dispatch models: [0 0 0 0 0 0 0 0 0 0]
2026-09-04 18:20:11,441 - INFO - this epoch received models: [np.int64(0), np.int64(0), np.int64(0), np.int64(0), np.int64(0), np.int64(0), np.int64(0), np.int64(0), np.int64(0), np.int64(0)]
2026-09-04 18:20:11,441 - INFO - hetero_proportion: 	4:3:3
2026-09-04 18:20:11,492 - INFO - Full evaluation profile: (1.0, 2, 11.424356)
2026-09-04 18:20:12,912 - INFO - Testing accuracy: 32.57
2026-09-04 18:20:12,912 - INFO - ********************************************************************************
2026-09-04 18:20:12,912 - INFO - Round  90
2026-09-04 18:20:21,216 - INFO - this epoch cost time:1.3099992275238037
2026-09-04 18:20:21,216 - INFO - this epoch choose: [6, 21, 38, 83, 94, 91, 71, 34, 45, 78]
2026-09-04 18:20:21,217 - INFO - this epoch dispatch models: [0 0 0 0 0 0 0 0 0 0]
2026-09-04 18:20:21,217 - INFO - this epoch received models: [np.int64(0), np.int64(0), np.int64(0), np.int64(0), np.int64(0), np.int64(0), np.int64(0), np.int64(0), np.int64(0), np.int64(0)]
2026-09-04 18:20:21,217 - INFO - hetero_proportion: 	4:3:3
2026-09-04 18:20:21,269 - INFO - Full evaluation profile: (1.0, 2, 11.424356)
2026-09-04 18:20:22,704 - INFO - Testing accuracy: 32.18
2026-09-04 18:20:22,705 - INFO - ********************************************************************************
2026-09-04 18:20:22,705 - INFO - Round  91
2026-09-04 18:20:30,009 - INFO - this epoch cost time:0.9360008239746094
2026-09-04 18:20:30,017 - INFO - this epoch choose: [94, 29, 50, 71, 51, 22, 61, 33, 78, 42]
2026-09-04 18:20:30,017 - INFO - this epoch dispatch models: [0 0 0 0 0 0 0 0 0 0]
2026-09-04 18:20:30,017 - INFO - this epoch received models: [np.int64(0), np.int64(0), np.int64(0), np.int64(0), np.int64(0), np.int64(0), np.int64(0), np.int64(0), np.int64(0), np.int64(0)]
2026-09-04 18:20:30,017 - INFO - hetero_proportion: 	4:3:3
2026-09-04 18:20:30,071 - INFO - Full evaluation profile: (1.0, 2, 11.424356)
2026-09-04 18:20:31,507 - INFO - Testing accuracy: 32.87
2026-09-04 18:20:31,507 - INFO - ********************************************************************************
2026-09-04 18:20:31,507 - INFO - Round  92
2026-09-04 18:20:39,392 - INFO - this epoch cost time:0.9550008773803711
2026-09-04 18:20:39,392 - INFO - this epoch choose: [91, 28, 33, 78, 90, 31, 84, 3, 79, 51]
2026-09-04 18:20:39,392 - INFO - this epoch dispatch models: [0 0 0 0 0 0 0 0 0 0]
2026-09-04 18:20:39,392 - INFO - this epoch received models: [np.int64(0), np.int64(0), np.int64(0), np.int64(0), np.int64(0), np.int64(0), np.int64(0), np.int64(0), np.int64(0), np.int64(0)]
2026-09-04 18:20:39,392 - INFO - hetero_proportion: 	4:3:3
2026-09-04 18:20:39,444 - INFO - Full evaluation profile: (1.0, 2, 11.424356)
2026-09-04 18:20:40,883 - INFO - Testing accuracy: 32.89
2026-09-04 18:20:40,884 - INFO - ********************************************************************************
2026-09-04 18:20:40,884 - INFO - Round  93
2026-09-04 18:20:48,929 - INFO - this epoch cost time:1.1240005493164062
2026-09-04 18:20:48,929 - INFO - this epoch choose: [40, 55, 97, 31, 34, 24, 9, 80, 93, 21]
2026-09-04 18:20:48,929 - INFO - this epoch dispatch models: [0 0 0 0 0 0 0 0 0 0]
2026-09-04 18:20:48,929 - INFO - this epoch received models: [np.int64(0), np.int64(0), np.int64(0), np.int64(0), np.int64(0), np.int64(0), np.int64(0), np.int64(0), np.int64(0), np.int64(0)]
2026-09-04 18:20:48,929 - INFO - hetero_proportion: 	4:3:3
2026-09-04 18:20:48,981 - INFO - Full evaluation profile: (1.0, 2, 11.424356)
2026-09-04 18:20:50,432 - INFO - Testing accuracy: 33.07
2026-09-04 18:20:50,433 - INFO - ********************************************************************************
2026-09-04 18:20:50,433 - INFO - Round  94
2026-09-04 18:20:58,076 - INFO - this epoch cost time:0.9669995307922363
2026-09-04 18:20:58,076 - INFO - this epoch choose: [74, 56, 74, 93, 18, 77, 33, 58, 67, 20]
2026-09-04 18:20:58,076 - INFO - this epoch dispatch models: [0 0 0 0 0 0 0 0 0 0]
2026-09-04 18:20:58,076 - INFO - this epoch received models: [np.int64(0), np.int64(0), np.int64(0), np.int64(0), np.int64(0), np.int64(0), np.int64(0), np.int64(0), np.int64(0), np.int64(0)]
2026-09-04 18:20:58,076 - INFO - hetero_proportion: 	4:3:3
2026-09-04 18:20:58,127 - INFO - Full evaluation profile: (1.0, 2, 11.424356)
2026-09-04 18:20:59,565 - INFO - Testing accuracy: 33.07
2026-09-04 18:20:59,565 - INFO - ********************************************************************************
2026-09-04 18:20:59,565 - INFO - Round  95
2026-09-04 18:21:07,796 - INFO - this epoch cost time:0.9689984321594238
2026-09-04 18:21:07,796 - INFO - this epoch choose: [17, 99, 17, 91, 56, 46, 39, 96, 51, 30]
2026-09-04 18:21:07,796 - INFO - this epoch dispatch models: [0 0 0 0 0 0 0 0 0 0]
2026-09-04 18:21:07,796 - INFO - this epoch received models: [np.int64(0), np.int64(0), np.int64(0), np.int64(0), np.int64(0), np.int64(0), np.int64(0), np.int64(0), np.int64(0), np.int64(0)]
2026-09-04 18:21:07,796 - INFO - hetero_proportion: 	4:3:3
2026-09-04 18:21:07,847 - INFO - Full evaluation profile: (1.0, 2, 11.424356)
2026-09-04 18:21:09,292 - INFO - Testing accuracy: 32.60
2026-09-04 18:21:09,293 - INFO - ********************************************************************************
2026-09-04 18:21:09,293 - INFO - Round  96
2026-09-04 18:21:17,055 - INFO - this epoch cost time:0.9979994297027588
2026-09-04 18:21:17,055 - INFO - this epoch choose: [14, 91, 26, 91, 87, 39, 8, 13, 29, 50]
2026-09-04 18:21:17,055 - INFO - this epoch dispatch models: [0 0 0 0 0 0 0 0 0 0]
2026-09-04 18:21:17,056 - INFO - this epoch received models: [np.int64(0), np.int64(0), np.int64(0), np.int64(0), np.int64(0), np.int64(0), np.int64(0), np.int64(0), np.int64(0), np.int64(0)]
2026-09-04 18:21:17,056 - INFO - hetero_proportion: 	4:3:3
2026-09-04 18:21:17,108 - INFO - Full evaluation profile: (1.0, 2, 11.424356)
2026-09-04 18:21:18,577 - INFO - Testing accuracy: 32.52
2026-09-04 18:21:18,578 - INFO - ********************************************************************************
2026-09-04 18:21:18,578 - INFO - Round  97
2026-09-04 18:21:27,196 - INFO - this epoch cost time:1.0659997463226318
2026-09-04 18:21:27,197 - INFO - this epoch choose: [41, 63, 12, 23, 5, 7, 76, 2, 96, 27]
2026-09-04 18:21:27,197 - INFO - this epoch dispatch models: [0 0 0 0 0 0 0 0 0 0]
2026-09-04 18:21:27,197 - INFO - this epoch received models: [np.int64(0), np.int64(0), np.int64(0), np.int64(0), np.int64(0), np.int64(0), np.int64(0), np.int64(0), np.int64(0), np.int64(0)]
2026-09-04 18:21:27,197 - INFO - hetero_proportion: 	4:3:3
2026-09-04 18:21:27,250 - INFO - Full evaluation profile: (1.0, 2, 11.424356)
2026-09-04 18:21:28,708 - INFO - Testing accuracy: 32.79
2026-09-04 18:21:28,708 - INFO - ********************************************************************************
2026-09-04 18:21:28,708 - INFO - Round  98
2026-09-04 18:21:36,262 - INFO - this epoch cost time:0.9489991664886475
2026-09-04 18:21:36,262 - INFO - this epoch choose: [87, 4, 63, 90, 67, 92, 78, 56, 43, 84]
2026-09-04 18:21:36,262 - INFO - this epoch dispatch models: [0 0 0 0 0 0 0 0 0 0]
2026-09-04 18:21:36,262 - INFO - this epoch received models: [np.int64(0), np.int64(0), np.int64(0), np.int64(0), np.int64(0), np.int64(0), np.int64(0), np.int64(0), np.int64(0), np.int64(0)]
2026-09-04 18:21:36,262 - INFO - hetero_proportion: 	4:3:3
2026-09-04 18:21:36,314 - INFO - Full evaluation profile: (1.0, 2, 11.424356)
2026-09-04 18:21:37,761 - INFO - Testing accuracy: 32.80
2026-09-04 18:21:37,762 - INFO - ********************************************************************************
2026-09-04 18:21:37,762 - INFO - Round  99
2026-09-04 18:21:45,645 - INFO - this epoch cost time:0.9449994564056396
2026-09-04 18:21:45,645 - INFO - this epoch choose: [35, 15, 78, 88, 22, 12, 28, 51, 29, 63]
2026-09-04 18:21:45,645 - INFO - this epoch dispatch models: [0 0 0 0 0 0 0 0 0 0]
2026-09-04 18:21:45,645 - INFO - this epoch received models: [np.int64(0), np.int64(0), np.int64(0), np.int64(0), np.int64(0), np.int64(0), np.int64(0), np.int64(0), np.int64(0), np.int64(0)]
2026-09-04 18:21:45,645 - INFO - hetero_proportion: 	4:3:3
2026-09-04 18:21:45,698 - INFO - Full evaluation profile: (1.0, 2, 11.424356)
2026-09-04 18:21:47,138 - INFO - Testing accuracy: 32.37
2026-09-04 18:21:47,138 - INFO - ********************************************************************************
2026-09-04 18:21:47,138 - INFO - Round 100
2026-09-04 18:21:56,240 - INFO - this epoch cost time:1.0429999828338623
2026-09-04 18:21:56,240 - INFO - this epoch choose: [57, 48, 96, 21, 29, 30, 36, 59, 70, 74]
2026-09-04 18:21:56,240 - INFO - this epoch dispatch models: [0 0 0 0 0 0 0 0 0 0]
2026-09-04 18:21:56,240 - INFO - this epoch received models: [np.int64(0), np.int64(0), np.int64(0), np.int64(0), np.int64(0), np.int64(0), np.int64(0), np.int64(0), np.int64(0), np.int64(0)]
2026-09-04 18:21:56,240 - INFO - hetero_proportion: 	4:3:3
2026-09-04 18:21:56,292 - INFO - Full evaluation profile: (1.0, 2, 11.424356)
2026-09-04 18:21:57,743 - INFO - Testing accuracy: 32.34
2026-09-04 18:21:57,743 - INFO - ********************************************************************************
2026-09-04 18:21:57,743 - INFO - Round 101
2026-09-04 18:22:06,382 - INFO - this epoch cost time:1.041999340057373
2026-09-04 18:22:06,382 - INFO - this epoch choose: [49, 27, 57, 91, 33, 42, 63, 75, 14, 27]
2026-09-04 18:22:06,382 - INFO - this epoch dispatch models: [0 0 0 0 0 0 0 0 0 0]
2026-09-04 18:22:06,382 - INFO - this epoch received models: [np.int64(0), np.int64(0), np.int64(0), np.int64(0), np.int64(0), np.int64(0), np.int64(0), np.int64(0), np.int64(0), np.int64(0)]
2026-09-04 18:22:06,382 - INFO - hetero_proportion: 	4:3:3
2026-09-04 18:22:06,456 - INFO - Full evaluation profile: (1.0, 2, 11.424356)
2026-09-04 18:22:07,864 - INFO - Testing accuracy: 32.56
2026-09-04 18:22:07,865 - INFO - ********************************************************************************
2026-09-04 18:22:07,865 - INFO - Round 102
2026-09-04 18:22:16,762 - INFO - this epoch cost time:1.0589995384216309
2026-09-04 18:22:16,762 - INFO - this epoch choose: [10, 5, 1, 0, 61, 40, 49, 74, 36, 25]
2026-09-04 18:22:16,762 - INFO - this epoch dispatch models: [0 0 0 0 0 0 0 0 0 0]
2026-09-04 18:22:16,762 - INFO - this epoch received models: [np.int64(0), np.int64(0), np.int64(0), np.int64(0), np.int64(0), np.int64(0), np.int64(0), np.int64(0), np.int64(0), np.int64(0)]
2026-09-04 18:22:16,762 - INFO - hetero_proportion: 	4:3:3
2026-09-04 18:22:16,817 - INFO - Full evaluation profile: (1.0, 2, 11.424356)
2026-09-04 18:22:18,311 - INFO - Testing accuracy: 33.01
2026-09-04 18:22:18,312 - INFO - ********************************************************************************
2026-09-04 18:22:18,312 - INFO - Round 103
2026-09-04 18:22:26,834 - INFO - this epoch cost time:1.0360007286071777
2026-09-04 18:22:26,834 - INFO - this epoch choose: [51, 20, 97, 82, 19, 3, 1, 49, 18, 85]
2026-09-04 18:22:26,834 - INFO - this epoch dispatch models: [0 0 0 0 0 0 0 0 0 0]
2026-09-04 18:22:26,834 - INFO - this epoch received models: [np.int64(0), np.int64(0), np.int64(0), np.int64(0), np.int64(0), np.int64(0), np.int64(0), np.int64(0), np.int64(0), np.int64(0)]
2026-09-04 18:22:26,834 - INFO - hetero_proportion: 	4:3:3
2026-09-04 18:22:26,889 - INFO - Full evaluation profile: (1.0, 2, 11.424356)
2026-09-04 18:22:28,337 - INFO - Testing accuracy: 33.06
2026-09-04 18:22:28,338 - INFO - ********************************************************************************
2026-09-04 18:22:28,338 - INFO - Round 104
2026-09-04 18:22:36,810 - INFO - this epoch cost time:1.2739996910095215
2026-09-04 18:22:36,810 - INFO - this epoch choose: [69, 7, 72, 48, 32, 16, 10, 59, 83, 38]
2026-09-04 18:22:36,810 - INFO - this epoch dispatch models: [0 0 0 0 0 0 0 0 0 0]
2026-09-04 18:22:36,810 - INFO - this epoch received models: [np.int64(0), np.int64(0), np.int64(0), np.int64(0), np.int64(0), np.int64(0), np.int64(0), np.int64(0), np.int64(0), np.int64(0)]
2026-09-04 18:22:36,810 - INFO - hetero_proportion: 	4:3:3
2026-09-04 18:22:36,860 - INFO - Full evaluation profile: (1.0, 2, 11.424356)
2026-09-04 18:22:38,318 - INFO - Testing accuracy: 32.99
2026-09-04 18:22:38,319 - INFO - ********************************************************************************
2026-09-04 18:22:38,319 - INFO - Round 105
2026-09-04 18:22:46,108 - INFO - this epoch cost time:0.9460015296936035
2026-09-04 18:22:46,108 - INFO - this epoch choose: [1, 4, 68, 7, 67, 16, 5, 35, 99, 15]
2026-09-04 18:22:46,108 - INFO - this epoch dispatch models: [0 0 0 0 0 0 0 0 0 0]
2026-09-04 18:22:46,108 - INFO - this epoch received models: [np.int64(0), np.int64(0), np.int64(0), np.int64(0), np.int64(0), np.int64(0), np.int64(0), np.int64(0), np.int64(0), np.int64(0)]
2026-09-04 18:22:46,108 - INFO - hetero_proportion: 	4:3:3
2026-09-04 18:22:46,159 - INFO - Full evaluation profile: (1.0, 2, 11.424356)
2026-09-04 18:22:47,621 - INFO - Testing accuracy: 32.24
2026-09-04 18:22:47,621 - INFO - ********************************************************************************
2026-09-04 18:22:47,621 - INFO - Round 106
2026-09-04 18:22:55,872 - INFO - this epoch cost time:1.1010005474090576
2026-09-04 18:22:55,872 - INFO - this epoch choose: [55, 11, 24, 3, 63, 81, 16, 95, 35, 87]
2026-09-04 18:22:55,873 - INFO - this epoch dispatch models: [0 0 0 0 0 0 0 0 0 0]
2026-09-04 18:22:55,873 - INFO - this epoch received models: [np.int64(0), np.int64(0), np.int64(0), np.int64(0), np.int64(0), np.int64(0), np.int64(0), np.int64(0), np.int64(0), np.int64(0)]
2026-09-04 18:22:55,873 - INFO - hetero_proportion: 	4:3:3
2026-09-04 18:22:55,925 - INFO - Full evaluation profile: (1.0, 2, 11.424356)
2026-09-04 18:22:57,383 - INFO - Testing accuracy: 32.50
2026-09-04 18:22:57,383 - INFO - ********************************************************************************
2026-09-04 18:22:57,383 - INFO - Round 107
2026-09-04 18:23:06,271 - INFO - this epoch cost time:1.1250014305114746
2026-09-04 18:23:06,271 - INFO - this epoch choose: [24, 84, 57, 49, 42, 80, 34, 33, 82, 81]
2026-09-04 18:23:06,271 - INFO - this epoch dispatch models: [0 0 0 0 0 0 0 0 0 0]
2026-09-04 18:23:06,271 - INFO - this epoch received models: [np.int64(0), np.int64(0), np.int64(0), np.int64(0), np.int64(0), np.int64(0), np.int64(0), np.int64(0), np.int64(0), np.int64(0)]
2026-09-04 18:23:06,271 - INFO - hetero_proportion: 	4:3:3
2026-09-04 18:23:06,323 - INFO - Full evaluation profile: (1.0, 2, 11.424356)
2026-09-04 18:23:07,783 - INFO - Testing accuracy: 32.47
2026-09-04 18:23:07,783 - INFO - ********************************************************************************
2026-09-04 18:23:07,783 - INFO - Round 108
2026-09-04 18:23:15,580 - INFO - this epoch cost time:1.072000503540039
2026-09-04 18:23:15,580 - INFO - this epoch choose: [31, 31, 7, 75, 75, 22, 44, 54, 77, 89]
2026-09-04 18:23:15,580 - INFO - this epoch dispatch models: [0 0 0 0 0 0 0 0 0 0]
2026-09-04 18:23:15,580 - INFO - this epoch received models: [np.int64(0), np.int64(0), np.int64(0), np.int64(0), np.int64(0), np.int64(0), np.int64(0), np.int64(0), np.int64(0), np.int64(0)]
2026-09-04 18:23:15,580 - INFO - hetero_proportion: 	4:3:3
2026-09-04 18:23:15,631 - INFO - Full evaluation profile: (1.0, 2, 11.424356)
2026-09-04 18:23:17,080 - INFO - Testing accuracy: 32.17
2026-09-04 18:23:17,080 - INFO - ********************************************************************************
2026-09-04 18:23:17,080 - INFO - Round 109
2026-09-04 18:23:25,843 - INFO - this epoch cost time:1.1060009002685547
2026-09-04 18:23:25,843 - INFO - this epoch choose: [71, 81, 66, 7, 45, 70, 52, 68, 25, 91]
2026-09-04 18:23:25,843 - INFO - this epoch dispatch models: [0 0 0 0 0 0 0 0 0 0]
2026-09-04 18:23:25,843 - INFO - this epoch received models: [np.int64(0), np.int64(0), np.int64(0), np.int64(0), np.int64(0), np.int64(0), np.int64(0), np.int64(0), np.int64(0), np.int64(0)]
2026-09-04 18:23:25,843 - INFO - hetero_proportion: 	4:3:3
2026-09-04 18:23:25,894 - INFO - Full evaluation profile: (1.0, 2, 11.424356)
2026-09-04 18:23:27,351 - INFO - Testing accuracy: 32.74
2026-09-04 18:23:27,351 - INFO - ********************************************************************************
2026-09-04 18:23:27,351 - INFO - Round 110
2026-09-04 18:23:35,492 - INFO - this epoch cost time:0.952000617980957
2026-09-04 18:23:35,492 - INFO - this epoch choose: [68, 54, 84, 8, 91, 34, 95, 78, 92, 96]
2026-09-04 18:23:35,493 - INFO - this epoch dispatch models: [0 0 0 0 0 0 0 0 0 0]
2026-09-04 18:23:35,493 - INFO - this epoch received models: [np.int64(0), np.int64(0), np.int64(0), np.int64(0), np.int64(0), np.int64(0), np.int64(0), np.int64(0), np.int64(0), np.int64(0)]
2026-09-04 18:23:35,493 - INFO - hetero_proportion: 	4:3:3
2026-09-04 18:23:35,544 - INFO - Full evaluation profile: (1.0, 2, 11.424356)
2026-09-04 18:23:36,998 - INFO - Testing accuracy: 32.78
2026-09-04 18:23:36,999 - INFO - ********************************************************************************
2026-09-04 18:23:36,999 - INFO - Round 111
2026-09-04 18:23:44,822 - INFO - this epoch cost time:0.949000358581543
2026-09-04 18:23:44,822 - INFO - this epoch choose: [9, 32, 22, 12, 19, 7, 26, 54, 5, 6]
2026-09-04 18:23:44,822 - INFO - this epoch dispatch models: [0 0 0 0 0 0 0 0 0 0]
2026-09-04 18:23:44,822 - INFO - this epoch received models: [np.int64(0), np.int64(0), np.int64(0), np.int64(0), np.int64(0), np.int64(0), np.int64(0), np.int64(0), np.int64(0), np.int64(0)]
2026-09-04 18:23:44,822 - INFO - hetero_proportion: 	4:3:3
2026-09-04 18:23:44,873 - INFO - Full evaluation profile: (1.0, 2, 11.424356)
2026-09-04 18:23:46,308 - INFO - Testing accuracy: 33.00
2026-09-04 18:23:46,309 - INFO - ********************************************************************************
2026-09-04 18:23:46,309 - INFO - Round 112
2026-09-04 18:23:54,454 - INFO - this epoch cost time:1.1209986209869385
2026-09-04 18:23:54,454 - INFO - this epoch choose: [81, 11, 65, 60, 64, 47, 12, 40, 5, 16]
2026-09-04 18:23:54,454 - INFO - this epoch dispatch models: [0 0 0 0 0 0 0 0 0 0]
2026-09-04 18:23:54,454 - INFO - this epoch received models: [np.int64(0), np.int64(0), np.int64(0), np.int64(0), np.int64(0), np.int64(0), np.int64(0), np.int64(0), np.int64(0), np.int64(0)]
2026-09-04 18:23:54,454 - INFO - hetero_proportion: 	4:3:3
2026-09-04 18:23:54,506 - INFO - Full evaluation profile: (1.0, 2, 11.424356)
2026-09-04 18:23:55,944 - INFO - Testing accuracy: 32.52
2026-09-04 18:23:55,945 - INFO - ********************************************************************************
2026-09-04 18:23:55,945 - INFO - Round 113
2026-09-04 18:24:04,349 - INFO - this epoch cost time:1.0130014419555664
2026-09-04 18:24:04,350 - INFO - this epoch choose: [68, 4, 56, 85, 16, 50, 97, 90, 57, 3]
2026-09-04 18:24:04,350 - INFO - this epoch dispatch models: [0 0 0 0 0 0 0 0 0 0]
2026-09-04 18:24:04,350 - INFO - this epoch received models: [np.int64(0), np.int64(0), np.int64(0), np.int64(0), np.int64(0), np.int64(0), np.int64(0), np.int64(0), np.int64(0), np.int64(0)]
2026-09-04 18:24:04,350 - INFO - hetero_proportion: 	4:3:3
2026-09-04 18:24:04,400 - INFO - Full evaluation profile: (1.0, 2, 11.424356)
2026-09-04 18:24:05,858 - INFO - Testing accuracy: 32.68
2026-09-04 18:24:05,859 - INFO - ********************************************************************************
2026-09-04 18:24:05,859 - INFO - Round 114
2026-09-04 18:24:14,140 - INFO - this epoch cost time:1.058000087738037
2026-09-04 18:24:14,140 - INFO - this epoch choose: [94, 67, 34, 11, 32, 41, 10, 38, 4, 49]
2026-09-04 18:24:14,140 - INFO - this epoch dispatch models: [0 0 0 0 0 0 0 0 0 0]
2026-09-04 18:24:14,140 - INFO - this epoch received models: [np.int64(0), np.int64(0), np.int64(0), np.int64(0), np.int64(0), np.int64(0), np.int64(0), np.int64(0), np.int64(0), np.int64(0)]
2026-09-04 18:24:14,140 - INFO - hetero_proportion: 	4:3:3
2026-09-04 18:24:14,191 - INFO - Full evaluation profile: (1.0, 2, 11.424356)
2026-09-04 18:24:15,620 - INFO - Testing accuracy: 32.29
2026-09-04 18:24:15,621 - INFO - ********************************************************************************
2026-09-04 18:24:15,621 - INFO - Round 115
2026-09-04 18:24:23,163 - INFO - this epoch cost time:1.0320007801055908
2026-09-04 18:24:23,163 - INFO - this epoch choose: [7, 93, 33, 40, 94, 16, 33, 48, 14, 86]
2026-09-04 18:24:23,163 - INFO - this epoch dispatch models: [0 0 0 0 0 0 0 0 0 0]
2026-09-04 18:24:23,163 - INFO - this epoch received models: [np.int64(0), np.int64(0), np.int64(0), np.int64(0), np.int64(0), np.int64(0), np.int64(0), np.int64(0), np.int64(0), np.int64(0)]
2026-09-04 18:24:23,163 - INFO - hetero_proportion: 	4:3:3
2026-09-04 18:24:23,215 - INFO - Full evaluation profile: (1.0, 2, 11.424356)
2026-09-04 18:24:24,678 - INFO - Testing accuracy: 32.49
2026-09-04 18:24:24,679 - INFO - ********************************************************************************
2026-09-04 18:24:24,679 - INFO - Round 116
2026-09-04 18:24:32,479 - INFO - this epoch cost time:0.9429998397827148
2026-09-04 18:24:32,479 - INFO - this epoch choose: [38, 12, 54, 31, 64, 71, 26, 42, 43, 65]
2026-09-04 18:24:32,480 - INFO - this epoch dispatch models: [0 0 0 0 0 0 0 0 0 0]
2026-09-04 18:24:32,480 - INFO - this epoch received models: [np.int64(0), np.int64(0), np.int64(0), np.int64(0), np.int64(0), np.int64(0), np.int64(0), np.int64(0), np.int64(0), np.int64(0)]
2026-09-04 18:24:32,480 - INFO - hetero_proportion: 	4:3:3
2026-09-04 18:24:32,532 - INFO - Full evaluation profile: (1.0, 2, 11.424356)
2026-09-04 18:24:33,967 - INFO - Testing accuracy: 32.12
2026-09-04 18:24:33,968 - INFO - ********************************************************************************
2026-09-04 18:24:33,968 - INFO - Round 117
2026-09-04 18:24:42,494 - INFO - this epoch cost time:1.283998727798462
2026-09-04 18:24:42,494 - INFO - this epoch choose: [50, 74, 61, 13, 16, 83, 57, 67, 71, 92]
2026-09-04 18:24:42,494 - INFO - this epoch dispatch models: [0 0 0 0 0 0 0 0 0 0]
2026-09-04 18:24:42,494 - INFO - this epoch received models: [np.int64(0), np.int64(0), np.int64(0), np.int64(0), np.int64(0), np.int64(0), np.int64(0), np.int64(0), np.int64(0), np.int64(0)]
2026-09-04 18:24:42,494 - INFO - hetero_proportion: 	4:3:3
2026-09-04 18:24:42,566 - INFO - Full evaluation profile: (1.0, 2, 11.424356)
2026-09-04 18:24:43,985 - INFO - Testing accuracy: 32.30
2026-09-04 18:24:43,985 - INFO - ********************************************************************************
2026-09-04 18:24:43,985 - INFO - Round 118
2026-09-04 18:24:52,106 - INFO - this epoch cost time:0.9569997787475586
2026-09-04 18:24:52,106 - INFO - this epoch choose: [74, 89, 66, 68, 3, 37, 95, 20, 25, 47]
2026-09-04 18:24:52,106 - INFO - this epoch dispatch models: [0 0 0 0 0 0 0 0 0 0]
2026-09-04 18:24:52,106 - INFO - this epoch received models: [np.int64(0), np.int64(0), np.int64(0), np.int64(0), np.int64(0), np.int64(0), np.int64(0), np.int64(0), np.int64(0), np.int64(0)]
2026-09-04 18:24:52,106 - INFO - hetero_proportion: 	4:3:3
2026-09-04 18:24:52,158 - INFO - Full evaluation profile: (1.0, 2, 11.424356)
2026-09-04 18:24:53,582 - INFO - Testing accuracy: 32.94
2026-09-04 18:24:53,583 - INFO - ********************************************************************************
2026-09-04 18:24:53,583 - INFO - Round 119
2026-09-04 18:25:01,972 - INFO - this epoch cost time:1.0639989376068115
2026-09-04 18:25:01,972 - INFO - this epoch choose: [49, 66, 41, 12, 52, 44, 16, 73, 8, 5]
2026-09-04 18:25:01,973 - INFO - this epoch dispatch models: [0 0 0 0 0 0 0 0 0 0]
2026-09-04 18:25:01,973 - INFO - this epoch received models: [np.int64(0), np.int64(0), np.int64(0), np.int64(0), np.int64(0), np.int64(0), np.int64(0), np.int64(0), np.int64(0), np.int64(0)]
2026-09-04 18:25:01,973 - INFO - hetero_proportion: 	4:3:3
2026-09-04 18:25:02,026 - INFO - Full evaluation profile: (1.0, 2, 11.424356)
2026-09-04 18:25:03,483 - INFO - Testing accuracy: 32.41
2026-09-04 18:25:03,484 - INFO - ********************************************************************************
2026-09-04 18:25:03,484 - INFO - Round 120
2026-09-04 18:25:12,762 - INFO - this epoch cost time:1.2830023765563965
2026-09-04 18:25:12,762 - INFO - this epoch choose: [38, 83, 68, 40, 53, 38, 40, 45, 34, 41]
2026-09-04 18:25:12,762 - INFO - this epoch dispatch models: [0 0 0 0 0 0 0 0 0 0]
2026-09-04 18:25:12,762 - INFO - this epoch received models: [np.int64(0), np.int64(0), np.int64(0), np.int64(0), np.int64(0), np.int64(0), np.int64(0), np.int64(0), np.int64(0), np.int64(0)]
2026-09-04 18:25:12,762 - INFO - hetero_proportion: 	4:3:3
2026-09-04 18:25:12,816 - INFO - Full evaluation profile: (1.0, 2, 11.424356)
2026-09-04 18:25:14,266 - INFO - Testing accuracy: 32.40
2026-09-04 18:25:14,266 - INFO - ********************************************************************************
2026-09-04 18:25:14,266 - INFO - Round 121
2026-09-04 18:25:21,148 - INFO - this epoch cost time:0.8430008888244629
2026-09-04 18:25:21,148 - INFO - this epoch choose: [95, 95, 66, 64, 1, 67, 15, 19, 40, 93]
2026-09-04 18:25:21,148 - INFO - this epoch dispatch models: [0 0 0 0 0 0 0 0 0 0]
2026-09-04 18:25:21,148 - INFO - this epoch received models: [np.int64(0), np.int64(0), np.int64(0), np.int64(0), np.int64(0), np.int64(0), np.int64(0), np.int64(0), np.int64(0), np.int64(0)]
2026-09-04 18:25:21,148 - INFO - hetero_proportion: 	4:3:3
2026-09-04 18:25:21,226 - INFO - Full evaluation profile: (1.0, 2, 11.424356)
2026-09-04 18:25:22,677 - INFO - Testing accuracy: 32.63
2026-09-04 18:25:22,677 - INFO - ********************************************************************************
2026-09-04 18:25:22,677 - INFO - Round 122
2026-09-04 18:25:31,494 - INFO - this epoch cost time:1.0460004806518555
2026-09-04 18:25:31,495 - INFO - this epoch choose: [41, 41, 73, 8, 57, 35, 61, 58, 46, 94]
2026-09-04 18:25:31,495 - INFO - this epoch dispatch models: [0 0 0 0 0 0 0 0 0 0]
2026-09-04 18:25:31,495 - INFO - this epoch received models: [np.int64(0), np.int64(0), np.int64(0), np.int64(0), np.int64(0), np.int64(0), np.int64(0), np.int64(0), np.int64(0), np.int64(0)]
2026-09-04 18:25:31,495 - INFO - hetero_proportion: 	4:3:3
2026-09-04 18:25:31,546 - INFO - Full evaluation profile: (1.0, 2, 11.424356)
2026-09-04 18:25:32,982 - INFO - Testing accuracy: 32.82
2026-09-04 18:25:32,982 - INFO - ********************************************************************************
2026-09-04 18:25:32,982 - INFO - Round 123
2026-09-04 18:25:40,813 - INFO - this epoch cost time:1.0300004482269287
2026-09-04 18:25:40,813 - INFO - this epoch choose: [48, 10, 74, 7, 17, 6, 67, 62, 73, 32]
2026-09-04 18:25:40,814 - INFO - this epoch dispatch models: [0 0 0 0 0 0 0 0 0 0]
2026-09-04 18:25:40,814 - INFO - this epoch received models: [np.int64(0), np.int64(0), np.int64(0), np.int64(0), np.int64(0), np.int64(0), np.int64(0), np.int64(0), np.int64(0), np.int64(0)]
2026-09-04 18:25:40,814 - INFO - hetero_proportion: 	4:3:3
2026-09-04 18:25:40,866 - INFO - Full evaluation profile: (1.0, 2, 11.424356)
2026-09-04 18:25:42,296 - INFO - Testing accuracy: 32.91
2026-09-04 18:25:42,297 - INFO - ********************************************************************************
2026-09-04 18:25:42,297 - INFO - Round 124
2026-09-04 18:25:49,723 - INFO - this epoch cost time:0.9539995193481445
2026-09-04 18:25:49,723 - INFO - this epoch choose: [31, 89, 73, 95, 43, 46, 82, 47, 51, 39]
2026-09-04 18:25:49,723 - INFO - this epoch dispatch models: [0 0 0 0 0 0 0 0 0 0]
2026-09-04 18:25:49,723 - INFO - this epoch received models: [np.int64(0), np.int64(0), np.int64(0), np.int64(0), np.int64(0), np.int64(0), np.int64(0), np.int64(0), np.int64(0), np.int64(0)]
2026-09-04 18:25:49,723 - INFO - hetero_proportion: 	4:3:3
2026-09-04 18:25:49,774 - INFO - Full evaluation profile: (1.0, 2, 11.424356)
2026-09-04 18:25:51,227 - INFO - Testing accuracy: 32.75
2026-09-04 18:25:51,227 - INFO - ********************************************************************************
2026-09-04 18:25:51,227 - INFO - Round 125
2026-09-04 18:25:59,109 - INFO - this epoch cost time:0.9790005683898926
2026-09-04 18:25:59,109 - INFO - this epoch choose: [59, 76, 43, 68, 64, 21, 3, 18, 32, 87]
2026-09-04 18:25:59,109 - INFO - this epoch dispatch models: [0 0 0 0 0 0 0 0 0 0]
2026-09-04 18:25:59,109 - INFO - this epoch received models: [np.int64(0), np.int64(0), np.int64(0), np.int64(0), np.int64(0), np.int64(0), np.int64(0), np.int64(0), np.int64(0), np.int64(0)]
2026-09-04 18:25:59,109 - INFO - hetero_proportion: 	4:3:3
2026-09-04 18:25:59,160 - INFO - Full evaluation profile: (1.0, 2, 11.424356)
2026-09-04 18:26:00,595 - INFO - Testing accuracy: 32.77
2026-09-04 18:26:00,595 - INFO - ********************************************************************************
2026-09-04 18:26:00,595 - INFO - Round 126
2026-09-04 18:26:08,007 - INFO - this epoch cost time:1.036001205444336
2026-09-04 18:26:08,007 - INFO - this epoch choose: [28, 72, 17, 14, 23, 98, 52, 93, 79, 6]
2026-09-04 18:26:08,007 - INFO - this epoch dispatch models: [0 0 0 0 0 0 0 0 0 0]
2026-09-04 18:26:08,007 - INFO - this epoch received models: [np.int64(0), np.int64(0), np.int64(0), np.int64(0), np.int64(0), np.int64(0), np.int64(0), np.int64(0), np.int64(0), np.int64(0)]
2026-09-04 18:26:08,007 - INFO - hetero_proportion: 	4:3:3
2026-09-04 18:26:08,058 - INFO - Full evaluation profile: (1.0, 2, 11.424356)
2026-09-04 18:26:09,486 - INFO - Testing accuracy: 32.97
2026-09-04 18:26:09,486 - INFO - ********************************************************************************
2026-09-04 18:26:09,486 - INFO - Round 127
2026-09-04 18:26:18,006 - INFO - this epoch cost time:1.0999999046325684
2026-09-04 18:26:18,006 - INFO - this epoch choose: [12, 69, 87, 34, 91, 13, 26, 33, 8, 80]
2026-09-04 18:26:18,006 - INFO - this epoch dispatch models: [0 0 0 0 0 0 0 0 0 0]
2026-09-04 18:26:18,006 - INFO - this epoch received models: [np.int64(0), np.int64(0), np.int64(0), np.int64(0), np.int64(0), np.int64(0), np.int64(0), np.int64(0), np.int64(0), np.int64(0)]
2026-09-04 18:26:18,006 - INFO - hetero_proportion: 	4:3:3
2026-09-04 18:26:18,064 - INFO - Full evaluation profile: (1.0, 2, 11.424356)
2026-09-04 18:26:19,497 - INFO - Testing accuracy: 33.33
2026-09-04 18:26:19,497 - INFO - ********************************************************************************
2026-09-04 18:26:19,497 - INFO - Round 128
2026-09-04 18:26:27,237 - INFO - this epoch cost time:0.9320008754730225
2026-09-04 18:26:27,237 - INFO - this epoch choose: [73, 67, 82, 10, 9, 27, 82, 22, 65, 55]
2026-09-04 18:26:27,238 - INFO - this epoch dispatch models: [0 0 0 0 0 0 0 0 0 0]
2026-09-04 18:26:27,238 - INFO - this epoch received models: [np.int64(0), np.int64(0), np.int64(0), np.int64(0), np.int64(0), np.int64(0), np.int64(0), np.int64(0), np.int64(0), np.int64(0)]
2026-09-04 18:26:27,238 - INFO - hetero_proportion: 	4:3:3
2026-09-04 18:26:27,288 - INFO - Full evaluation profile: (1.0, 2, 11.424356)
2026-09-04 18:26:28,743 - INFO - Testing accuracy: 31.96
2026-09-04 18:26:28,743 - INFO - ********************************************************************************
2026-09-04 18:26:28,743 - INFO - Round 129
2026-09-04 18:26:37,443 - INFO - this epoch cost time:1.0520014762878418
2026-09-04 18:26:37,443 - INFO - this epoch choose: [2, 75, 47, 62, 90, 36, 28, 25, 76, 63]
2026-09-04 18:26:37,443 - INFO - this epoch dispatch models: [0 0 0 0 0 0 0 0 0 0]
2026-09-04 18:26:37,443 - INFO - this epoch received models: [np.int64(0), np.int64(0), np.int64(0), np.int64(0), np.int64(0), np.int64(0), np.int64(0), np.int64(0), np.int64(0), np.int64(0)]
2026-09-04 18:26:37,443 - INFO - hetero_proportion: 	4:3:3
2026-09-04 18:26:37,497 - INFO - Full evaluation profile: (1.0, 2, 11.424356)
2026-09-04 18:26:38,907 - INFO - Testing accuracy: 32.36
2026-09-04 18:26:38,907 - INFO - ********************************************************************************
2026-09-04 18:26:38,907 - INFO - Round 130
2026-09-04 18:26:47,588 - INFO - this epoch cost time:1.0789992809295654
2026-09-04 18:26:47,588 - INFO - this epoch choose: [30, 54, 57, 86, 46, 69, 24, 61, 92, 9]
2026-09-04 18:26:47,588 - INFO - this epoch dispatch models: [0 0 0 0 0 0 0 0 0 0]
2026-09-04 18:26:47,588 - INFO - this epoch received models: [np.int64(0), np.int64(0), np.int64(0), np.int64(0), np.int64(0), np.int64(0), np.int64(0), np.int64(0), np.int64(0), np.int64(0)]
2026-09-04 18:26:47,588 - INFO - hetero_proportion: 	4:3:3
2026-09-04 18:26:47,640 - INFO - Full evaluation profile: (1.0, 2, 11.424356)
2026-09-04 18:26:49,095 - INFO - Testing accuracy: 32.92
2026-09-04 18:26:49,096 - INFO - ********************************************************************************
2026-09-04 18:26:49,096 - INFO - Round 131
2026-09-04 18:26:56,628 - INFO - this epoch cost time:1.001999855041504
2026-09-04 18:26:56,628 - INFO - this epoch choose: [32, 52, 25, 1, 95, 68, 98, 48, 65, 62]
2026-09-04 18:26:56,628 - INFO - this epoch dispatch models: [0 0 0 0 0 0 0 0 0 0]
2026-09-04 18:26:56,628 - INFO - this epoch received models: [np.int64(0), np.int64(0), np.int64(0), np.int64(0), np.int64(0), np.int64(0), np.int64(0), np.int64(0), np.int64(0), np.int64(0)]
2026-09-04 18:26:56,628 - INFO - hetero_proportion: 	4:3:3
2026-09-04 18:26:56,678 - INFO - Full evaluation profile: (1.0, 2, 11.424356)
2026-09-04 18:26:58,130 - INFO - Testing accuracy: 32.72
2026-09-04 18:26:58,130 - INFO - ********************************************************************************
2026-09-04 18:26:58,130 - INFO - Round 132
2026-09-04 18:27:06,508 - INFO - this epoch cost time:0.9430007934570312
2026-09-04 18:27:06,508 - INFO - this epoch choose: [9, 51, 78, 65, 74, 74, 54, 5, 45, 58]
2026-09-04 18:27:06,508 - INFO - this epoch dispatch models: [0 0 0 0 0 0 0 0 0 0]
2026-09-04 18:27:06,509 - INFO - this epoch received models: [np.int64(0), np.int64(0), np.int64(0), np.int64(0), np.int64(0), np.int64(0), np.int64(0), np.int64(0), np.int64(0), np.int64(0)]
2026-09-04 18:27:06,509 - INFO - hetero_proportion: 	4:3:3
2026-09-04 18:27:06,561 - INFO - Full evaluation profile: (1.0, 2, 11.424356)
2026-09-04 18:27:08,009 - INFO - Testing accuracy: 32.77
2026-09-04 18:27:08,009 - INFO - ********************************************************************************
2026-09-04 18:27:08,009 - INFO - Round 133
2026-09-04 18:27:16,381 - INFO - this epoch cost time:1.0990002155303955
2026-09-04 18:27:16,381 - INFO - this epoch choose: [0, 24, 38, 89, 88, 82, 0, 69, 15, 38]
2026-09-04 18:27:16,381 - INFO - this epoch dispatch models: [0 0 0 0 0 0 0 0 0 0]
2026-09-04 18:27:16,381 - INFO - this epoch received models: [np.int64(0), np.int64(0), np.int64(0), np.int64(0), np.int64(0), np.int64(0), np.int64(0), np.int64(0), np.int64(0), np.int64(0)]
2026-09-04 18:27:16,381 - INFO - hetero_proportion: 	4:3:3
2026-09-04 18:27:16,432 - INFO - Full evaluation profile: (1.0, 2, 11.424356)
2026-09-04 18:27:17,841 - INFO - Testing accuracy: 32.12
2026-09-04 18:27:17,842 - INFO - ********************************************************************************
2026-09-04 18:27:17,842 - INFO - Round 134
2026-09-04 18:27:25,908 - INFO - this epoch cost time:1.082000732421875
2026-09-04 18:27:25,908 - INFO - this epoch choose: [65, 95, 40, 99, 69, 82, 73, 70, 36, 67]
2026-09-04 18:27:25,908 - INFO - this epoch dispatch models: [0 0 0 0 0 0 0 0 0 0]
2026-09-04 18:27:25,908 - INFO - this epoch received models: [np.int64(0), np.int64(0), np.int64(0), np.int64(0), np.int64(0), np.int64(0), np.int64(0), np.int64(0), np.int64(0), np.int64(0)]
2026-09-04 18:27:25,908 - INFO - hetero_proportion: 	4:3:3
2026-09-04 18:27:25,960 - INFO - Full evaluation profile: (1.0, 2, 11.424356)
2026-09-04 18:27:27,402 - INFO - Testing accuracy: 32.60
2026-09-04 18:27:27,402 - INFO - ********************************************************************************
2026-09-04 18:27:27,402 - INFO - Round 135
2026-09-04 18:27:35,608 - INFO - this epoch cost time:1.1159987449645996
2026-09-04 18:27:35,608 - INFO - this epoch choose: [52, 69, 66, 52, 77, 80, 74, 39, 57, 38]
2026-09-04 18:27:35,608 - INFO - this epoch dispatch models: [0 0 0 0 0 0 0 0 0 0]
2026-09-04 18:27:35,608 - INFO - this epoch received models: [np.int64(0), np.int64(0), np.int64(0), np.int64(0), np.int64(0), np.int64(0), np.int64(0), np.int64(0), np.int64(0), np.int64(0)]
2026-09-04 18:27:35,608 - INFO - hetero_proportion: 	4:3:3
2026-09-04 18:27:35,659 - INFO - Full evaluation profile: (1.0, 2, 11.424356)
2026-09-04 18:27:37,053 - INFO - Testing accuracy: 32.50
2026-09-04 18:27:37,054 - INFO - ********************************************************************************
2026-09-04 18:27:37,054 - INFO - Round 136
2026-09-04 18:27:45,398 - INFO - this epoch cost time:1.0869998931884766
2026-09-04 18:27:45,398 - INFO - this epoch choose: [16, 64, 56, 75, 17, 70, 98, 20, 32, 81]
2026-09-04 18:27:45,398 - INFO - this epoch dispatch models: [0 0 0 0 0 0 0 0 0 0]
2026-09-04 18:27:45,398 - INFO - this epoch received models: [np.int64(0), np.int64(0), np.int64(0), np.int64(0), np.int64(0), np.int64(0), np.int64(0), np.int64(0), np.int64(0), np.int64(0)]
2026-09-04 18:27:45,398 - INFO - hetero_proportion: 	4:3:3
2026-09-04 18:27:45,449 - INFO - Full evaluation profile: (1.0, 2, 11.424356)
2026-09-04 18:27:46,862 - INFO - Testing accuracy: 32.63
2026-09-04 18:27:46,862 - INFO - ********************************************************************************
2026-09-04 18:27:46,862 - INFO - Round 137
2026-09-04 18:27:54,758 - INFO - this epoch cost time:1.0009994506835938
2026-09-04 18:27:54,759 - INFO - this epoch choose: [1, 54, 94, 84, 72, 4, 47, 53, 51, 36]
2026-09-04 18:27:54,759 - INFO - this epoch dispatch models: [0 0 0 0 0 0 0 0 0 0]
2026-09-04 18:27:54,759 - INFO - this epoch received models: [np.int64(0), np.int64(0), np.int64(0), np.int64(0), np.int64(0), np.int64(0), np.int64(0), np.int64(0), np.int64(0), np.int64(0)]
2026-09-04 18:27:54,759 - INFO - hetero_proportion: 	4:3:3
2026-09-04 18:27:54,810 - INFO - Full evaluation profile: (1.0, 2, 11.424356)
2026-09-04 18:27:56,252 - INFO - Testing accuracy: 32.81
2026-09-04 18:27:56,252 - INFO - ********************************************************************************
2026-09-04 18:27:56,252 - INFO - Round 138
2026-09-04 18:28:04,877 - INFO - this epoch cost time:1.0200004577636719
2026-09-04 18:28:04,877 - INFO - this epoch choose: [84, 96, 85, 2, 11, 11, 0, 49, 34, 59]
2026-09-04 18:28:04,877 - INFO - this epoch dispatch models: [0 0 0 0 0 0 0 0 0 0]
2026-09-04 18:28:04,877 - INFO - this epoch received models: [np.int64(0), np.int64(0), np.int64(0), np.int64(0), np.int64(0), np.int64(0), np.int64(0), np.int64(0), np.int64(0), np.int64(0)]
2026-09-04 18:28:04,877 - INFO - hetero_proportion: 	4:3:3
2026-09-04 18:28:04,930 - INFO - Full evaluation profile: (1.0, 2, 11.424356)
2026-09-04 18:28:06,349 - INFO - Testing accuracy: 32.65
2026-09-04 18:28:06,350 - INFO - ********************************************************************************
2026-09-04 18:28:06,350 - INFO - Round 139
2026-09-04 18:28:14,676 - INFO - this epoch cost time:1.0880005359649658
2026-09-04 18:28:14,676 - INFO - this epoch choose: [34, 47, 81, 95, 61, 98, 43, 49, 58, 14]
2026-09-04 18:28:14,676 - INFO - this epoch dispatch models: [0 0 0 0 0 0 0 0 0 0]
2026-09-04 18:28:14,676 - INFO - this epoch received models: [np.int64(0), np.int64(0), np.int64(0), np.int64(0), np.int64(0), np.int64(0), np.int64(0), np.int64(0), np.int64(0), np.int64(0)]
2026-09-04 18:28:14,676 - INFO - hetero_proportion: 	4:3:3
2026-09-04 18:28:14,729 - INFO - Full evaluation profile: (1.0, 2, 11.424356)
2026-09-04 18:28:16,154 - INFO - Testing accuracy: 32.42
2026-09-04 18:28:16,154 - INFO - ********************************************************************************
2026-09-04 18:28:16,154 - INFO - Round 140
2026-09-04 18:28:23,974 - INFO - this epoch cost time:0.9980008602142334
2026-09-04 18:28:23,974 - INFO - this epoch choose: [61, 45, 18, 53, 18, 2, 22, 33, 47, 16]
2026-09-04 18:28:23,974 - INFO - this epoch dispatch models: [0 0 0 0 0 0 0 0 0 0]
2026-09-04 18:28:23,974 - INFO - this epoch received models: [np.int64(0), np.int64(0), np.int64(0), np.int64(0), np.int64(0), np.int64(0), np.int64(0), np.int64(0), np.int64(0), np.int64(0)]
2026-09-04 18:28:23,974 - INFO - hetero_proportion: 	4:3:3
2026-09-04 18:28:24,024 - INFO - Full evaluation profile: (1.0, 2, 11.424356)
2026-09-04 18:28:25,438 - INFO - Testing accuracy: 32.50
2026-09-04 18:28:25,438 - INFO - ********************************************************************************
2026-09-04 18:28:25,438 - INFO - Round 141
2026-09-04 18:28:33,559 - INFO - this epoch cost time:1.0179989337921143
2026-09-04 18:28:33,559 - INFO - this epoch choose: [75, 36, 52, 33, 65, 36, 94, 53, 88, 35]
2026-09-04 18:28:33,559 - INFO - this epoch dispatch models: [0 0 0 0 0 0 0 0 0 0]
2026-09-04 18:28:33,559 - INFO - this epoch received models: [np.int64(0), np.int64(0), np.int64(0), np.int64(0), np.int64(0), np.int64(0), np.int64(0), np.int64(0), np.int64(0), np.int64(0)]
2026-09-04 18:28:33,559 - INFO - hetero_proportion: 	4:3:3
2026-09-04 18:28:33,611 - INFO - Full evaluation profile: (1.0, 2, 11.424356)
2026-09-04 18:28:35,009 - INFO - Testing accuracy: 32.54
2026-09-04 18:28:35,010 - INFO - ********************************************************************************
2026-09-04 18:28:35,010 - INFO - Round 142
2026-09-04 18:28:43,271 - INFO - this epoch cost time:0.9750010967254639
2026-09-04 18:28:43,272 - INFO - this epoch choose: [55, 42, 99, 62, 27, 91, 62, 51, 91, 54]
2026-09-04 18:28:43,272 - INFO - this epoch dispatch models: [0 0 0 0 0 0 0 0 0 0]
2026-09-04 18:28:43,272 - INFO - this epoch received models: [np.int64(0), np.int64(0), np.int64(0), np.int64(0), np.int64(0), np.int64(0), np.int64(0), np.int64(0), np.int64(0), np.int64(0)]
2026-09-04 18:28:43,272 - INFO - hetero_proportion: 	4:3:3
2026-09-04 18:28:43,323 - INFO - Full evaluation profile: (1.0, 2, 11.424356)
2026-09-04 18:28:44,748 - INFO - Testing accuracy: 32.84
2026-09-04 18:28:44,749 - INFO - ********************************************************************************
2026-09-04 18:28:44,749 - INFO - Round 143
2026-09-04 18:28:52,392 - INFO - this epoch cost time:0.9369995594024658
2026-09-04 18:28:52,392 - INFO - this epoch choose: [11, 8, 16, 26, 19, 29, 93, 3, 13, 32]
2026-09-04 18:28:52,392 - INFO - this epoch dispatch models: [0 0 0 0 0 0 0 0 0 0]
2026-09-04 18:28:52,392 - INFO - this epoch received models: [np.int64(0), np.int64(0), np.int64(0), np.int64(0), np.int64(0), np.int64(0), np.int64(0), np.int64(0), np.int64(0), np.int64(0)]
2026-09-04 18:28:52,392 - INFO - hetero_proportion: 	4:3:3
2026-09-04 18:28:52,445 - INFO - Full evaluation profile: (1.0, 2, 11.424356)
2026-09-04 18:28:53,876 - INFO - Testing accuracy: 32.33
2026-09-04 18:28:53,877 - INFO - ********************************************************************************
2026-09-04 18:28:53,877 - INFO - Round 144
2026-09-04 18:29:02,673 - INFO - this epoch cost time:1.2640001773834229
2026-09-04 18:29:02,673 - INFO - this epoch choose: [19, 61, 99, 12, 51, 83, 92, 23, 0, 11]
2026-09-04 18:29:02,674 - INFO - this epoch dispatch models: [0 0 0 0 0 0 0 0 0 0]
2026-09-04 18:29:02,674 - INFO - this epoch received models: [np.int64(0), np.int64(0), np.int64(0), np.int64(0), np.int64(0), np.int64(0), np.int64(0), np.int64(0), np.int64(0), np.int64(0)]
2026-09-04 18:29:02,674 - INFO - hetero_proportion: 	4:3:3
2026-09-04 18:29:02,726 - INFO - Full evaluation profile: (1.0, 2, 11.424356)
2026-09-04 18:29:04,124 - INFO - Testing accuracy: 32.29
2026-09-04 18:29:04,124 - INFO - ********************************************************************************
2026-09-04 18:29:04,124 - INFO - Round 145
2026-09-04 18:29:12,304 - INFO - this epoch cost time:1.2649996280670166
2026-09-04 18:29:12,304 - INFO - this epoch choose: [54, 78, 6, 70, 27, 68, 54, 44, 6, 83]
2026-09-04 18:29:12,304 - INFO - this epoch dispatch models: [0 0 0 0 0 0 0 0 0 0]
2026-09-04 18:29:12,304 - INFO - this epoch received models: [np.int64(0), np.int64(0), np.int64(0), np.int64(0), np.int64(0), np.int64(0), np.int64(0), np.int64(0), np.int64(0), np.int64(0)]
2026-09-04 18:29:12,304 - INFO - hetero_proportion: 	4:3:3
2026-09-04 18:29:12,354 - INFO - Full evaluation profile: (1.0, 2, 11.424356)
2026-09-04 18:29:13,763 - INFO - Testing accuracy: 32.04
2026-09-04 18:29:13,764 - INFO - ********************************************************************************
2026-09-04 18:29:13,764 - INFO - Round 146
2026-09-04 18:29:21,523 - INFO - this epoch cost time:0.993999719619751
2026-09-04 18:29:21,523 - INFO - this epoch choose: [13, 94, 70, 86, 53, 85, 94, 15, 33, 87]
2026-09-04 18:29:21,523 - INFO - this epoch dispatch models: [0 0 0 0 0 0 0 0 0 0]
2026-09-04 18:29:21,523 - INFO - this epoch received models: [np.int64(0), np.int64(0), np.int64(0), np.int64(0), np.int64(0), np.int64(0), np.int64(0), np.int64(0), np.int64(0), np.int64(0)]
2026-09-04 18:29:21,523 - INFO - hetero_proportion: 	4:3:3
2026-09-04 18:29:21,575 - INFO - Full evaluation profile: (1.0, 2, 11.424356)
2026-09-04 18:29:22,970 - INFO - Testing accuracy: 32.01
2026-09-04 18:29:22,970 - INFO - ********************************************************************************
2026-09-04 18:29:22,970 - INFO - Round 147
2026-09-04 18:29:30,855 - INFO - this epoch cost time:1.0289998054504395
2026-09-04 18:29:30,855 - INFO - this epoch choose: [35, 22, 61, 90, 6, 27, 86, 82, 11, 49]
2026-09-04 18:29:30,855 - INFO - this epoch dispatch models: [0 0 0 0 0 0 0 0 0 0]
2026-09-04 18:29:30,855 - INFO - this epoch received models: [np.int64(0), np.int64(0), np.int64(0), np.int64(0), np.int64(0), np.int64(0), np.int64(0), np.int64(0), np.int64(0), np.int64(0)]
2026-09-04 18:29:30,855 - INFO - hetero_proportion: 	4:3:3
2026-09-04 18:29:30,908 - INFO - Full evaluation profile: (1.0, 2, 11.424356)
2026-09-04 18:29:32,277 - INFO - Testing accuracy: 31.84
2026-09-04 18:29:32,277 - INFO - ********************************************************************************
2026-09-04 18:29:32,278 - INFO - Round 148
2026-09-04 18:29:39,738 - INFO - this epoch cost time:0.9999995231628418
2026-09-04 18:29:39,738 - INFO - this epoch choose: [15, 85, 57, 37, 87, 65, 63, 50, 14, 77]
2026-09-04 18:29:39,738 - INFO - this epoch dispatch models: [0 0 0 0 0 0 0 0 0 0]
2026-09-04 18:29:39,739 - INFO - this epoch received models: [np.int64(0), np.int64(0), np.int64(0), np.int64(0), np.int64(0), np.int64(0), np.int64(0), np.int64(0), np.int64(0), np.int64(0)]
2026-09-04 18:29:39,739 - INFO - hetero_proportion: 	4:3:3
2026-09-04 18:29:39,789 - INFO - Full evaluation profile: (1.0, 2, 11.424356)
2026-09-04 18:29:41,168 - INFO - Testing accuracy: 32.25
2026-09-04 18:29:41,169 - INFO - ********************************************************************************
2026-09-04 18:29:41,169 - INFO - Round 149
2026-09-04 18:29:48,859 - INFO - this epoch cost time:1.0220005512237549
2026-09-04 18:29:48,859 - INFO - this epoch choose: [61, 13, 19, 49, 78, 89, 25, 21, 66, 32]
2026-09-04 18:29:48,859 - INFO - this epoch dispatch models: [0 0 0 0 0 0 0 0 0 0]
2026-09-04 18:29:48,859 - INFO - this epoch received models: [np.int64(0), np.int64(0), np.int64(0), np.int64(0), np.int64(0), np.int64(0), np.int64(0), np.int64(0), np.int64(0), np.int64(0)]
2026-09-04 18:29:48,859 - INFO - hetero_proportion: 	4:3:3
2026-09-04 18:29:48,910 - INFO - Full evaluation profile: (1.0, 2, 11.424356)
2026-09-04 18:29:50,344 - INFO - Testing accuracy: 32.17
2026-09-04 18:29:50,345 - INFO - ********************************************************************************
2026-09-04 18:29:50,345 - INFO - Round 150
2026-09-04 18:29:59,140 - INFO - this epoch cost time:1.0730009078979492
2026-09-04 18:29:59,140 - INFO - this epoch choose: [53, 95, 68, 36, 63, 81, 69, 27, 97, 79]
2026-09-04 18:29:59,140 - INFO - this epoch dispatch models: [0 0 0 0 0 0 0 0 0 0]
2026-09-04 18:29:59,140 - INFO - this epoch received models: [np.int64(0), np.int64(0), np.int64(0), np.int64(0), np.int64(0), np.int64(0), np.int64(0), np.int64(0), np.int64(0), np.int64(0)]
2026-09-04 18:29:59,140 - INFO - hetero_proportion: 	4:3:3
2026-09-04 18:29:59,191 - INFO - Full evaluation profile: (1.0, 2, 11.424356)
2026-09-04 18:30:00,593 - INFO - Testing accuracy: 32.07
2026-09-04 18:30:00,593 - INFO - ********************************************************************************
2026-09-04 18:30:00,593 - INFO - Round 151
2026-09-04 18:30:08,169 - INFO - this epoch cost time:0.9179997444152832
2026-09-04 18:30:08,170 - INFO - this epoch choose: [43, 62, 13, 1, 96, 93, 84, 44, 90, 34]
2026-09-04 18:30:08,170 - INFO - this epoch dispatch models: [0 0 0 0 0 0 0 0 0 0]
2026-09-04 18:30:08,170 - INFO - this epoch received models: [np.int64(0), np.int64(0), np.int64(0), np.int64(0), np.int64(0), np.int64(0), np.int64(0), np.int64(0), np.int64(0), np.int64(0)]
2026-09-04 18:30:08,170 - INFO - hetero_proportion: 	4:3:3
2026-09-04 18:30:08,220 - INFO - Full evaluation profile: (1.0, 2, 11.424356)
2026-09-04 18:30:09,626 - INFO - Testing accuracy: 31.97
2026-09-04 18:30:09,626 - INFO - ********************************************************************************
2026-09-04 18:30:09,626 - INFO - Round 152
2026-09-04 18:30:17,787 - INFO - this epoch cost time:1.0750067234039307
2026-09-04 18:30:17,787 - INFO - this epoch choose: [7, 69, 80, 56, 38, 97, 12, 29, 65, 35]
2026-09-04 18:30:17,788 - INFO - this epoch dispatch models: [0 0 0 0 0 0 0 0 0 0]
2026-09-04 18:30:17,788 - INFO - this epoch received models: [np.int64(0), np.int64(0), np.int64(0), np.int64(0), np.int64(0), np.int64(0), np.int64(0), np.int64(0), np.int64(0), np.int64(0)]
2026-09-04 18:30:17,788 - INFO - hetero_proportion: 	4:3:3
2026-09-04 18:30:17,839 - INFO - Full evaluation profile: (1.0, 2, 11.424356)
2026-09-04 18:30:19,239 - INFO - Testing accuracy: 32.34
2026-09-04 18:30:19,239 - INFO - ********************************************************************************
2026-09-04 18:30:19,239 - INFO - Round 153
2026-09-04 18:30:26,590 - INFO - this epoch cost time:0.9179999828338623
2026-09-04 18:30:26,590 - INFO - this epoch choose: [34, 90, 31, 52, 18, 16, 32, 24, 52, 71]
2026-09-04 18:30:26,590 - INFO - this epoch dispatch models: [0 0 0 0 0 0 0 0 0 0]
2026-09-04 18:30:26,590 - INFO - this epoch received models: [np.int64(0), np.int64(0), np.int64(0), np.int64(0), np.int64(0), np.int64(0), np.int64(0), np.int64(0), np.int64(0), np.int64(0)]
2026-09-04 18:30:26,590 - INFO - hetero_proportion: 	4:3:3
2026-09-04 18:30:26,641 - INFO - Full evaluation profile: (1.0, 2, 11.424356)
2026-09-04 18:30:28,017 - INFO - Testing accuracy: 32.60
2026-09-04 18:30:28,018 - INFO - ********************************************************************************
2026-09-04 18:30:28,018 - INFO - Round 154
2026-09-04 18:30:35,964 - INFO - this epoch cost time:1.0919990539550781
2026-09-04 18:30:35,964 - INFO - this epoch choose: [80, 76, 7, 68, 77, 65, 19, 52, 34, 35]
2026-09-04 18:30:35,965 - INFO - this epoch dispatch models: [0 0 0 0 0 0 0 0 0 0]
2026-09-04 18:30:35,965 - INFO - this epoch received models: [np.int64(0), np.int64(0), np.int64(0), np.int64(0), np.int64(0), np.int64(0), np.int64(0), np.int64(0), np.int64(0), np.int64(0)]
2026-09-04 18:30:35,965 - INFO - hetero_proportion: 	4:3:3
2026-09-04 18:30:36,015 - INFO - Full evaluation profile: (1.0, 2, 11.424356)
2026-09-04 18:30:37,397 - INFO - Testing accuracy: 32.20
2026-09-04 18:30:37,397 - INFO - ********************************************************************************
2026-09-04 18:30:37,397 - INFO - Round 155
2026-09-04 18:30:44,694 - INFO - this epoch cost time:0.9190008640289307
2026-09-04 18:30:44,694 - INFO - this epoch choose: [61, 89, 39, 34, 62, 27, 63, 47, 76, 60]
2026-09-04 18:30:44,694 - INFO - this epoch dispatch models: [0 0 0 0 0 0 0 0 0 0]
2026-09-04 18:30:44,694 - INFO - this epoch received models: [np.int64(0), np.int64(0), np.int64(0), np.int64(0), np.int64(0), np.int64(0), np.int64(0), np.int64(0), np.int64(0), np.int64(0)]
2026-09-04 18:30:44,694 - INFO - hetero_proportion: 	4:3:3
2026-09-04 18:30:44,746 - INFO - Full evaluation profile: (1.0, 2, 11.424356)
2026-09-04 18:30:46,142 - INFO - Testing accuracy: 32.25
2026-09-04 18:30:46,142 - INFO - ********************************************************************************
2026-09-04 18:30:46,142 - INFO - Round 156
2026-09-04 18:30:54,353 - INFO - this epoch cost time:0.9960000514984131
2026-09-04 18:30:54,353 - INFO - this epoch choose: [30, 43, 22, 77, 97, 23, 94, 74, 88, 57]
2026-09-04 18:30:54,353 - INFO - this epoch dispatch models: [0 0 0 0 0 0 0 0 0 0]
2026-09-04 18:30:54,353 - INFO - this epoch received models: [np.int64(0), np.int64(0), np.int64(0), np.int64(0), np.int64(0), np.int64(0), np.int64(0), np.int64(0), np.int64(0), np.int64(0)]
2026-09-04 18:30:54,353 - INFO - hetero_proportion: 	4:3:3
2026-09-04 18:30:54,404 - INFO - Full evaluation profile: (1.0, 2, 11.424356)
2026-09-04 18:30:55,816 - INFO - Testing accuracy: 32.25
2026-09-04 18:30:55,816 - INFO - ********************************************************************************
2026-09-04 18:30:55,816 - INFO - Round 157
2026-09-04 18:31:03,754 - INFO - this epoch cost time:0.9939990043640137
2026-09-04 18:31:03,754 - INFO - this epoch choose: [68, 19, 7, 64, 41, 67, 88, 17, 82, 97]
2026-09-04 18:31:03,754 - INFO - this epoch dispatch models: [0 0 0 0 0 0 0 0 0 0]
2026-09-04 18:31:03,754 - INFO - this epoch received models: [np.int64(0), np.int64(0), np.int64(0), np.int64(0), np.int64(0), np.int64(0), np.int64(0), np.int64(0), np.int64(0), np.int64(0)]
2026-09-04 18:31:03,754 - INFO - hetero_proportion: 	4:3:3
2026-09-04 18:31:03,805 - INFO - Full evaluation profile: (1.0, 2, 11.424356)
2026-09-04 18:31:05,211 - INFO - Testing accuracy: 32.13
2026-09-04 18:31:05,212 - INFO - ********************************************************************************
2026-09-04 18:31:05,212 - INFO - Round 158
2026-09-04 18:31:12,453 - INFO - this epoch cost time:0.8530001640319824
2026-09-04 18:31:12,453 - INFO - this epoch choose: [27, 40, 79, 63, 61, 42, 15, 16, 17, 89]
2026-09-04 18:31:12,453 - INFO - this epoch dispatch models: [0 0 0 0 0 0 0 0 0 0]
2026-09-04 18:31:12,453 - INFO - this epoch received models: [np.int64(0), np.int64(0), np.int64(0), np.int64(0), np.int64(0), np.int64(0), np.int64(0), np.int64(0), np.int64(0), np.int64(0)]
2026-09-04 18:31:12,453 - INFO - hetero_proportion: 	4:3:3
2026-09-04 18:31:12,504 - INFO - Full evaluation profile: (1.0, 2, 11.424356)
2026-09-04 18:31:13,888 - INFO - Testing accuracy: 32.27
2026-09-04 18:31:13,889 - INFO - ********************************************************************************
2026-09-04 18:31:13,889 - INFO - Round 159
2026-09-04 18:31:21,153 - INFO - this epoch cost time:1.0839989185333252
2026-09-04 18:31:21,153 - INFO - this epoch choose: [32, 28, 11, 81, 68, 89, 6, 72, 22, 87]
2026-09-04 18:31:21,153 - INFO - this epoch dispatch models: [0 0 0 0 0 0 0 0 0 0]
2026-09-04 18:31:21,153 - INFO - this epoch received models: [np.int64(0), np.int64(0), np.int64(0), np.int64(0), np.int64(0), np.int64(0), np.int64(0), np.int64(0), np.int64(0), np.int64(0)]
2026-09-04 18:31:21,153 - INFO - hetero_proportion: 	4:3:3
2026-09-04 18:31:21,206 - INFO - Full evaluation profile: (1.0, 2, 11.424356)
2026-09-04 18:31:22,581 - INFO - Testing accuracy: 32.05
2026-09-04 18:31:22,582 - INFO - ********************************************************************************
2026-09-04 18:31:22,582 - INFO - Round 160
2026-09-04 18:31:30,340 - INFO - this epoch cost time:1.011000156402588
2026-09-04 18:31:30,340 - INFO - this epoch choose: [14, 28, 72, 25, 64, 72, 84, 39, 54, 41]
2026-09-04 18:31:30,341 - INFO - this epoch dispatch models: [0 0 0 0 0 0 0 0 0 0]
2026-09-04 18:31:30,341 - INFO - this epoch received models: [np.int64(0), np.int64(0), np.int64(0), np.int64(0), np.int64(0), np.int64(0), np.int64(0), np.int64(0), np.int64(0), np.int64(0)]
2026-09-04 18:31:30,341 - INFO - hetero_proportion: 	4:3:3
2026-09-04 18:31:30,392 - INFO - Full evaluation profile: (1.0, 2, 11.424356)
2026-09-04 18:31:31,809 - INFO - Testing accuracy: 32.39
2026-09-04 18:31:31,810 - INFO - ********************************************************************************
2026-09-04 18:31:31,810 - INFO - Round 161
2026-09-04 18:31:39,512 - INFO - this epoch cost time:0.996997594833374
2026-09-04 18:31:39,512 - INFO - this epoch choose: [0, 99, 2, 39, 78, 28, 10, 95, 28, 35]
2026-09-04 18:31:39,512 - INFO - this epoch dispatch models: [0 0 0 0 0 0 0 0 0 0]
2026-09-04 18:31:39,513 - INFO - this epoch received models: [np.int64(0), np.int64(0), np.int64(0), np.int64(0), np.int64(0), np.int64(0), np.int64(0), np.int64(0), np.int64(0), np.int64(0)]
2026-09-04 18:31:39,513 - INFO - hetero_proportion: 	4:3:3
2026-09-04 18:31:39,566 - INFO - Full evaluation profile: (1.0, 2, 11.424356)
2026-09-04 18:31:40,987 - INFO - Testing accuracy: 31.93
2026-09-04 18:31:40,988 - INFO - ********************************************************************************
2026-09-04 18:31:40,988 - INFO - Round 162
2026-09-04 18:31:49,124 - INFO - this epoch cost time:1.0890016555786133
2026-09-04 18:31:49,124 - INFO - this epoch choose: [87, 80, 43, 34, 76, 92, 66, 48, 2, 15]
2026-09-04 18:31:49,124 - INFO - this epoch dispatch models: [0 0 0 0 0 0 0 0 0 0]
2026-09-04 18:31:49,124 - INFO - this epoch received models: [np.int64(0), np.int64(0), np.int64(0), np.int64(0), np.int64(0), np.int64(0), np.int64(0), np.int64(0), np.int64(0), np.int64(0)]
2026-09-04 18:31:49,124 - INFO - hetero_proportion: 	4:3:3
2026-09-04 18:31:49,175 - INFO - Full evaluation profile: (1.0, 2, 11.424356)
2026-09-04 18:31:50,589 - INFO - Testing accuracy: 32.27
2026-09-04 18:31:50,589 - INFO - ********************************************************************************
2026-09-04 18:31:50,589 - INFO - Round 163
2026-09-04 18:31:57,976 - INFO - this epoch cost time:0.998999834060669
2026-09-04 18:31:57,976 - INFO - this epoch choose: [42, 44, 17, 14, 32, 98, 18, 87, 73, 5]
2026-09-04 18:31:57,977 - INFO - this epoch dispatch models: [0 0 0 0 0 0 0 0 0 0]
2026-09-04 18:31:57,977 - INFO - this epoch received models: [np.int64(0), np.int64(0), np.int64(0), np.int64(0), np.int64(0), np.int64(0), np.int64(0), np.int64(0), np.int64(0), np.int64(0)]
2026-09-04 18:31:57,977 - INFO - hetero_proportion: 	4:3:3
2026-09-04 18:31:58,028 - INFO - Full evaluation profile: (1.0, 2, 11.424356)
2026-09-04 18:31:59,430 - INFO - Testing accuracy: 32.34
2026-09-04 18:31:59,430 - INFO - ********************************************************************************
2026-09-04 18:31:59,430 - INFO - Round 164
2026-09-04 18:32:07,077 - INFO - this epoch cost time:0.9229989051818848
2026-09-04 18:32:07,077 - INFO - this epoch choose: [44, 9, 11, 92, 13, 38, 40, 31, 34, 67]
2026-09-04 18:32:07,077 - INFO - this epoch dispatch models: [0 0 0 0 0 0 0 0 0 0]
2026-09-04 18:32:07,077 - INFO - this epoch received models: [np.int64(0), np.int64(0), np.int64(0), np.int64(0), np.int64(0), np.int64(0), np.int64(0), np.int64(0), np.int64(0), np.int64(0)]
2026-09-04 18:32:07,077 - INFO - hetero_proportion: 	4:3:3
2026-09-04 18:32:07,129 - INFO - Full evaluation profile: (1.0, 2, 11.424356)
2026-09-04 18:32:08,531 - INFO - Testing accuracy: 32.25
2026-09-04 18:32:08,531 - INFO - ********************************************************************************
2026-09-04 18:32:08,531 - INFO - Round 165
2026-09-04 18:32:16,748 - INFO - this epoch cost time:1.0829989910125732
2026-09-04 18:32:16,748 - INFO - this epoch choose: [6, 46, 3, 10, 17, 51, 47, 92, 81, 88]
2026-09-04 18:32:16,749 - INFO - this epoch dispatch models: [0 0 0 0 0 0 0 0 0 0]
2026-09-04 18:32:16,749 - INFO - this epoch received models: [np.int64(0), np.int64(0), np.int64(0), np.int64(0), np.int64(0), np.int64(0), np.int64(0), np.int64(0), np.int64(0), np.int64(0)]
2026-09-04 18:32:16,749 - INFO - hetero_proportion: 	4:3:3
2026-09-04 18:32:16,800 - INFO - Full evaluation profile: (1.0, 2, 11.424356)
2026-09-04 18:32:18,203 - INFO - Testing accuracy: 32.05
2026-09-04 18:32:18,203 - INFO - ********************************************************************************
2026-09-04 18:32:18,203 - INFO - Round 166
2026-09-04 18:32:26,273 - INFO - this epoch cost time:1.0080008506774902
2026-09-04 18:32:26,273 - INFO - this epoch choose: [30, 12, 86, 42, 35, 1, 65, 41, 14, 45]
2026-09-04 18:32:26,273 - INFO - this epoch dispatch models: [0 0 0 0 0 0 0 0 0 0]
2026-09-04 18:32:26,274 - INFO - this epoch received models: [np.int64(0), np.int64(0), np.int64(0), np.int64(0), np.int64(0), np.int64(0), np.int64(0), np.int64(0), np.int64(0), np.int64(0)]
2026-09-04 18:32:26,274 - INFO - hetero_proportion: 	4:3:3
2026-09-04 18:32:26,325 - INFO - Full evaluation profile: (1.0, 2, 11.424356)
2026-09-04 18:32:27,755 - INFO - Testing accuracy: 32.08
2026-09-04 18:32:27,755 - INFO - ********************************************************************************
2026-09-04 18:32:27,755 - INFO - Round 167
2026-09-04 18:32:35,787 - INFO - this epoch cost time:0.9260003566741943
2026-09-04 18:32:35,787 - INFO - this epoch choose: [82, 92, 16, 77, 34, 51, 11, 86, 73, 79]
2026-09-04 18:32:35,787 - INFO - this epoch dispatch models: [0 0 0 0 0 0 0 0 0 0]
2026-09-04 18:32:35,787 - INFO - this epoch received models: [np.int64(0), np.int64(0), np.int64(0), np.int64(0), np.int64(0), np.int64(0), np.int64(0), np.int64(0), np.int64(0), np.int64(0)]
2026-09-04 18:32:35,787 - INFO - hetero_proportion: 	4:3:3
2026-09-04 18:32:35,840 - INFO - Full evaluation profile: (1.0, 2, 11.424356)
2026-09-04 18:32:37,220 - INFO - Testing accuracy: 32.26
2026-09-04 18:32:37,221 - INFO - ********************************************************************************
2026-09-04 18:32:37,221 - INFO - Round 168
2026-09-04 18:32:44,986 - INFO - this epoch cost time:1.0749998092651367
2026-09-04 18:32:44,986 - INFO - this epoch choose: [92, 67, 60, 72, 53, 68, 50, 38, 28, 80]
2026-09-04 18:32:44,986 - INFO - this epoch dispatch models: [0 0 0 0 0 0 0 0 0 0]
2026-09-04 18:32:44,986 - INFO - this epoch received models: [np.int64(0), np.int64(0), np.int64(0), np.int64(0), np.int64(0), np.int64(0), np.int64(0), np.int64(0), np.int64(0), np.int64(0)]
2026-09-04 18:32:44,986 - INFO - hetero_proportion: 	4:3:3
2026-09-04 18:32:45,037 - INFO - Full evaluation profile: (1.0, 2, 11.424356)
2026-09-04 18:32:46,412 - INFO - Testing accuracy: 32.45
2026-09-04 18:32:46,413 - INFO - ********************************************************************************
2026-09-04 18:32:46,413 - INFO - Round 169
2026-09-04 18:32:54,193 - INFO - this epoch cost time:1.0029995441436768
2026-09-04 18:32:54,193 - INFO - this epoch choose: [38, 70, 17, 6, 76, 65, 14, 22, 30, 27]
2026-09-04 18:32:54,193 - INFO - this epoch dispatch models: [0 0 0 0 0 0 0 0 0 0]
2026-09-04 18:32:54,193 - INFO - this epoch received models: [np.int64(0), np.int64(0), np.int64(0), np.int64(0), np.int64(0), np.int64(0), np.int64(0), np.int64(0), np.int64(0), np.int64(0)]
2026-09-04 18:32:54,193 - INFO - hetero_proportion: 	4:3:3
2026-09-04 18:32:54,245 - INFO - Full evaluation profile: (1.0, 2, 11.424356)
2026-09-04 18:32:55,622 - INFO - Testing accuracy: 32.28
2026-09-04 18:32:55,622 - INFO - ********************************************************************************
2026-09-04 18:32:55,622 - INFO - Round 170
2026-09-04 18:33:03,622 - INFO - this epoch cost time:1.0729999542236328
2026-09-04 18:33:03,622 - INFO - this epoch choose: [55, 35, 69, 2, 32, 68, 34, 67, 33, 60]
2026-09-04 18:33:03,622 - INFO - this epoch dispatch models: [0 0 0 0 0 0 0 0 0 0]
2026-09-04 18:33:03,622 - INFO - this epoch received models: [np.int64(0), np.int64(0), np.int64(0), np.int64(0), np.int64(0), np.int64(0), np.int64(0), np.int64(0), np.int64(0), np.int64(0)]
2026-09-04 18:33:03,622 - INFO - hetero_proportion: 	4:3:3
2026-09-04 18:33:03,673 - INFO - Full evaluation profile: (1.0, 2, 11.424356)
2026-09-04 18:33:05,061 - INFO - Testing accuracy: 32.21
2026-09-04 18:33:05,062 - INFO - ********************************************************************************
2026-09-04 18:33:05,062 - INFO - Round 171
2026-09-04 18:33:13,968 - INFO - this epoch cost time:1.2570009231567383
2026-09-04 18:33:13,968 - INFO - this epoch choose: [16, 51, 90, 13, 95, 47, 8, 83, 69, 46]
2026-09-04 18:33:13,968 - INFO - this epoch dispatch models: [0 0 0 0 0 0 0 0 0 0]
2026-09-04 18:33:13,968 - INFO - this epoch received models: [np.int64(0), np.int64(0), np.int64(0), np.int64(0), np.int64(0), np.int64(0), np.int64(0), np.int64(0), np.int64(0), np.int64(0)]
2026-09-04 18:33:13,969 - INFO - hetero_proportion: 	4:3:3
2026-09-04 18:33:14,019 - INFO - Full evaluation profile: (1.0, 2, 11.424356)
2026-09-04 18:33:15,400 - INFO - Testing accuracy: 31.95
2026-09-04 18:33:15,401 - INFO - ********************************************************************************
2026-09-04 18:33:15,401 - INFO - Round 172
2026-09-04 18:33:23,673 - INFO - this epoch cost time:1.074998378753662
2026-09-04 18:33:23,674 - INFO - this epoch choose: [69, 71, 92, 64, 87, 74, 3, 79, 39, 57]
2026-09-04 18:33:23,674 - INFO - this epoch dispatch models: [0 0 0 0 0 0 0 0 0 0]
2026-09-04 18:33:23,674 - INFO - this epoch received models: [np.int64(0), np.int64(0), np.int64(0), np.int64(0), np.int64(0), np.int64(0), np.int64(0), np.int64(0), np.int64(0), np.int64(0)]
2026-09-04 18:33:23,674 - INFO - hetero_proportion: 	4:3:3
2026-09-04 18:33:23,724 - INFO - Full evaluation profile: (1.0, 2, 11.424356)
2026-09-04 18:33:25,121 - INFO - Testing accuracy: 31.79
2026-09-04 18:33:25,121 - INFO - ********************************************************************************
2026-09-04 18:33:25,121 - INFO - Round 173
2026-09-04 18:33:32,454 - INFO - this epoch cost time:0.9099996089935303
2026-09-04 18:33:32,454 - INFO - this epoch choose: [87, 16, 19, 9, 74, 18, 86, 27, 61, 98]
2026-09-04 18:33:32,454 - INFO - this epoch dispatch models: [0 0 0 0 0 0 0 0 0 0]
2026-09-04 18:33:32,454 - INFO - this epoch received models: [np.int64(0), np.int64(0), np.int64(0), np.int64(0), np.int64(0), np.int64(0), np.int64(0), np.int64(0), np.int64(0), np.int64(0)]
2026-09-04 18:33:32,454 - INFO - hetero_proportion: 	4:3:3
2026-09-04 18:33:32,504 - INFO - Full evaluation profile: (1.0, 2, 11.424356)
2026-09-04 18:33:33,888 - INFO - Testing accuracy: 32.01
2026-09-04 18:33:33,888 - INFO - ********************************************************************************
2026-09-04 18:33:33,889 - INFO - Round 174
2026-09-04 18:33:42,133 - INFO - this epoch cost time:0.9939994812011719
2026-09-04 18:33:42,133 - INFO - this epoch choose: [42, 46, 37, 20, 19, 48, 56, 51, 15, 76]
2026-09-04 18:33:42,133 - INFO - this epoch dispatch models: [0 0 0 0 0 0 0 0 0 0]
2026-09-04 18:33:42,133 - INFO - this epoch received models: [np.int64(0), np.int64(0), np.int64(0), np.int64(0), np.int64(0), np.int64(0), np.int64(0), np.int64(0), np.int64(0), np.int64(0)]
2026-09-04 18:33:42,133 - INFO - hetero_proportion: 	4:3:3
2026-09-04 18:33:42,182 - INFO - Full evaluation profile: (1.0, 2, 11.424356)
2026-09-04 18:33:43,569 - INFO - Testing accuracy: 32.39
2026-09-04 18:33:43,569 - INFO - ********************************************************************************
2026-09-04 18:33:43,569 - INFO - Round 175
2026-09-04 18:33:51,307 - INFO - this epoch cost time:1.0890007019042969
2026-09-04 18:33:51,307 - INFO - this epoch choose: [18, 34, 37, 85, 87, 81, 77, 1, 68, 1]
2026-09-04 18:33:51,307 - INFO - this epoch dispatch models: [0 0 0 0 0 0 0 0 0 0]
2026-09-04 18:33:51,307 - INFO - this epoch received models: [np.int64(0), np.int64(0), np.int64(0), np.int64(0), np.int64(0), np.int64(0), np.int64(0), np.int64(0), np.int64(0), np.int64(0)]
2026-09-04 18:33:51,307 - INFO - hetero_proportion: 	4:3:3
2026-09-04 18:33:51,359 - INFO - Full evaluation profile: (1.0, 2, 11.424356)
2026-09-04 18:33:52,731 - INFO - Testing accuracy: 32.32
2026-09-04 18:33:52,731 - INFO - ********************************************************************************
2026-09-04 18:33:52,732 - INFO - Round 176
2026-09-04 18:34:00,801 - INFO - this epoch cost time:0.9870002269744873
2026-09-04 18:34:00,801 - INFO - this epoch choose: [82, 16, 48, 95, 71, 12, 58, 3, 99, 55]
2026-09-04 18:34:00,801 - INFO - this epoch dispatch models: [0 0 0 0 0 0 0 0 0 0]
2026-09-04 18:34:00,801 - INFO - this epoch received models: [np.int64(0), np.int64(0), np.int64(0), np.int64(0), np.int64(0), np.int64(0), np.int64(0), np.int64(0), np.int64(0), np.int64(0)]
2026-09-04 18:34:00,801 - INFO - hetero_proportion: 	4:3:3
2026-09-04 18:34:00,852 - INFO - Full evaluation profile: (1.0, 2, 11.424356)
2026-09-04 18:34:02,228 - INFO - Testing accuracy: 32.41
2026-09-04 18:34:02,229 - INFO - ********************************************************************************
2026-09-04 18:34:02,229 - INFO - Round 177
2026-09-04 18:34:09,620 - INFO - this epoch cost time:0.9130008220672607
2026-09-04 18:34:09,620 - INFO - this epoch choose: [76, 86, 54, 35, 47, 52, 51, 77, 59, 6]
2026-09-04 18:34:09,620 - INFO - this epoch dispatch models: [0 0 0 0 0 0 0 0 0 0]
2026-09-04 18:34:09,620 - INFO - this epoch received models: [np.int64(0), np.int64(0), np.int64(0), np.int64(0), np.int64(0), np.int64(0), np.int64(0), np.int64(0), np.int64(0), np.int64(0)]
2026-09-04 18:34:09,620 - INFO - hetero_proportion: 	4:3:3
2026-09-04 18:34:09,670 - INFO - Full evaluation profile: (1.0, 2, 11.424356)
2026-09-04 18:34:11,043 - INFO - Testing accuracy: 31.86
2026-09-04 18:34:11,043 - INFO - ********************************************************************************
2026-09-04 18:34:11,043 - INFO - Round 178
2026-09-04 18:34:19,181 - INFO - this epoch cost time:0.9900007247924805
2026-09-04 18:34:19,181 - INFO - this epoch choose: [12, 60, 99, 4, 82, 90, 89, 0, 5, 14]
2026-09-04 18:34:19,181 - INFO - this epoch dispatch models: [0 0 0 0 0 0 0 0 0 0]
2026-09-04 18:34:19,181 - INFO - this epoch received models: [np.int64(0), np.int64(0), np.int64(0), np.int64(0), np.int64(0), np.int64(0), np.int64(0), np.int64(0), np.int64(0), np.int64(0)]
2026-09-04 18:34:19,181 - INFO - hetero_proportion: 	4:3:3
2026-09-04 18:34:19,233 - INFO - Full evaluation profile: (1.0, 2, 11.424356)
2026-09-04 18:34:20,620 - INFO - Testing accuracy: 32.02
2026-09-04 18:34:20,620 - INFO - ********************************************************************************
2026-09-04 18:34:20,620 - INFO - Round 179
2026-09-04 18:34:28,937 - INFO - this epoch cost time:1.2370009422302246
2026-09-04 18:34:28,938 - INFO - this epoch choose: [75, 17, 67, 65, 97, 45, 70, 34, 72, 83]
2026-09-04 18:34:28,938 - INFO - this epoch dispatch models: [0 0 0 0 0 0 0 0 0 0]
2026-09-04 18:34:28,938 - INFO - this epoch received models: [np.int64(0), np.int64(0), np.int64(0), np.int64(0), np.int64(0), np.int64(0), np.int64(0), np.int64(0), np.int64(0), np.int64(0)]
2026-09-04 18:34:28,938 - INFO - hetero_proportion: 	4:3:3
2026-09-04 18:34:28,990 - INFO - Full evaluation profile: (1.0, 2, 11.424356)
2026-09-04 18:34:30,364 - INFO - Testing accuracy: 32.44
2026-09-04 18:34:30,364 - INFO - ********************************************************************************
2026-09-04 18:34:30,364 - INFO - Round 180
2026-09-04 18:34:38,124 - INFO - this epoch cost time:0.9200007915496826
2026-09-04 18:34:38,124 - INFO - this epoch choose: [45, 60, 89, 31, 79, 30, 13, 71, 45, 20]
2026-09-04 18:34:38,124 - INFO - this epoch dispatch models: [0 0 0 0 0 0 0 0 0 0]
2026-09-04 18:34:38,124 - INFO - this epoch received models: [np.int64(0), np.int64(0), np.int64(0), np.int64(0), np.int64(0), np.int64(0), np.int64(0), np.int64(0), np.int64(0), np.int64(0)]
2026-09-04 18:34:38,124 - INFO - hetero_proportion: 	4:3:3
2026-09-04 18:34:38,175 - INFO - Full evaluation profile: (1.0, 2, 11.424356)
2026-09-04 18:34:39,546 - INFO - Testing accuracy: 32.30
2026-09-04 18:34:39,546 - INFO - ********************************************************************************
2026-09-04 18:34:39,546 - INFO - Round 181
2026-09-04 18:34:47,140 - INFO - this epoch cost time:0.9948310852050781
2026-09-04 18:34:47,140 - INFO - this epoch choose: [14, 99, 5, 90, 40, 54, 93, 44, 32, 84]
2026-09-04 18:34:47,140 - INFO - this epoch dispatch models: [0 0 0 0 0 0 0 0 0 0]
2026-09-04 18:34:47,140 - INFO - this epoch received models: [np.int64(0), np.int64(0), np.int64(0), np.int64(0), np.int64(0), np.int64(0), np.int64(0), np.int64(0), np.int64(0), np.int64(0)]
2026-09-04 18:34:47,140 - INFO - hetero_proportion: 	4:3:3
2026-09-04 18:34:47,191 - INFO - Full evaluation profile: (1.0, 2, 11.424356)
2026-09-04 18:34:48,587 - INFO - Testing accuracy: 32.30
2026-09-04 18:34:48,587 - INFO - ********************************************************************************
2026-09-04 18:34:48,587 - INFO - Round 182
2026-09-04 18:34:56,991 - INFO - this epoch cost time:1.0802834033966064
2026-09-04 18:34:56,992 - INFO - this epoch choose: [80, 98, 7, 78, 55, 53, 48, 45, 37, 96]
2026-09-04 18:34:56,992 - INFO - this epoch dispatch models: [0 0 0 0 0 0 0 0 0 0]
2026-09-04 18:34:56,992 - INFO - this epoch received models: [np.int64(0), np.int64(0), np.int64(0), np.int64(0), np.int64(0), np.int64(0), np.int64(0), np.int64(0), np.int64(0), np.int64(0)]
2026-09-04 18:34:56,992 - INFO - hetero_proportion: 	4:3:3
2026-09-04 18:34:57,045 - INFO - Full evaluation profile: (1.0, 2, 11.424356)
2026-09-04 18:34:58,440 - INFO - Testing accuracy: 31.96
2026-09-04 18:34:58,440 - INFO - ********************************************************************************
2026-09-04 18:34:58,440 - INFO - Round 183
2026-09-04 18:35:06,205 - INFO - this epoch cost time:1.076850414276123
2026-09-04 18:35:06,205 - INFO - this epoch choose: [43, 56, 89, 30, 81, 78, 66, 18, 7, 43]
2026-09-04 18:35:06,205 - INFO - this epoch dispatch models: [0 0 0 0 0 0 0 0 0 0]
2026-09-04 18:35:06,205 - INFO - this epoch received models: [np.int64(0), np.int64(0), np.int64(0), np.int64(0), np.int64(0), np.int64(0), np.int64(0), np.int64(0), np.int64(0), np.int64(0)]
2026-09-04 18:35:06,205 - INFO - hetero_proportion: 	4:3:3
2026-09-04 18:35:06,256 - INFO - Full evaluation profile: (1.0, 2, 11.424356)
2026-09-04 18:35:07,685 - INFO - Testing accuracy: 31.77
2026-09-04 18:35:07,686 - INFO - ********************************************************************************
2026-09-04 18:35:07,686 - INFO - Round 184
2026-09-04 18:35:16,354 - INFO - this epoch cost time:1.0978012084960938
2026-09-04 18:35:16,354 - INFO - this epoch choose: [86, 14, 65, 22, 69, 82, 80, 62, 43, 96]
2026-09-04 18:35:16,354 - INFO - this epoch dispatch models: [0 0 0 0 0 0 0 0 0 0]
2026-09-04 18:35:16,354 - INFO - this epoch received models: [np.int64(0), np.int64(0), np.int64(0), np.int64(0), np.int64(0), np.int64(0), np.int64(0), np.int64(0), np.int64(0), np.int64(0)]
2026-09-04 18:35:16,354 - INFO - hetero_proportion: 	4:3:3
2026-09-04 18:35:16,405 - INFO - Full evaluation profile: (1.0, 2, 11.424356)
2026-09-04 18:35:17,805 - INFO - Testing accuracy: 31.98
2026-09-04 18:35:17,805 - INFO - ********************************************************************************
2026-09-04 18:35:17,805 - INFO - Round 185
2026-09-04 18:35:25,878 - INFO - this epoch cost time:1.0738821029663086
2026-09-04 18:35:25,878 - INFO - this epoch choose: [90, 15, 74, 2, 61, 26, 49, 80, 22, 50]
2026-09-04 18:35:25,878 - INFO - this epoch dispatch models: [0 0 0 0 0 0 0 0 0 0]
2026-09-04 18:35:25,879 - INFO - this epoch received models: [np.int64(0), np.int64(0), np.int64(0), np.int64(0), np.int64(0), np.int64(0), np.int64(0), np.int64(0), np.int64(0), np.int64(0)]
2026-09-04 18:35:25,879 - INFO - hetero_proportion: 	4:3:3
2026-09-04 18:35:25,930 - INFO - Full evaluation profile: (1.0, 2, 11.424356)
2026-09-04 18:35:27,334 - INFO - Testing accuracy: 32.10
2026-09-04 18:35:27,335 - INFO - ********************************************************************************
2026-09-04 18:35:27,335 - INFO - Round 186
2026-09-04 18:35:34,590 - INFO - this epoch cost time:0.8258388042449951
2026-09-04 18:35:34,590 - INFO - this epoch choose: [91, 29, 12, 31, 42, 42, 84, 31, 86, 59]
2026-09-04 18:35:34,590 - INFO - this epoch dispatch models: [0 0 0 0 0 0 0 0 0 0]
2026-09-04 18:35:34,590 - INFO - this epoch received models: [np.int64(0), np.int64(0), np.int64(0), np.int64(0), np.int64(0), np.int64(0), np.int64(0), np.int64(0), np.int64(0), np.int64(0)]
2026-09-04 18:35:34,590 - INFO - hetero_proportion: 	4:3:3
2026-09-04 18:35:34,642 - INFO - Full evaluation profile: (1.0, 2, 11.424356)
2026-09-04 18:35:36,037 - INFO - Testing accuracy: 31.95
2026-09-04 18:35:36,038 - INFO - ********************************************************************************
2026-09-04 18:35:36,038 - INFO - Round 187
2026-09-04 18:35:43,968 - INFO - this epoch cost time:1.2499990463256836
2026-09-04 18:35:43,969 - INFO - this epoch choose: [95, 60, 47, 63, 83, 98, 84, 92, 24, 55]
2026-09-04 18:35:43,969 - INFO - this epoch dispatch models: [0 0 0 0 0 0 0 0 0 0]
2026-09-04 18:35:43,969 - INFO - this epoch received models: [np.int64(0), np.int64(0), np.int64(0), np.int64(0), np.int64(0), np.int64(0), np.int64(0), np.int64(0), np.int64(0), np.int64(0)]
2026-09-04 18:35:43,969 - INFO - hetero_proportion: 	4:3:3
2026-09-04 18:35:44,021 - INFO - Full evaluation profile: (1.0, 2, 11.424356)
2026-09-04 18:35:45,412 - INFO - Testing accuracy: 31.76
2026-09-04 18:35:45,413 - INFO - ********************************************************************************
2026-09-04 18:35:45,413 - INFO - Round 188
2026-09-04 18:35:53,570 - INFO - this epoch cost time:1.0991697311401367
2026-09-04 18:35:53,570 - INFO - this epoch choose: [56, 51, 69, 15, 73, 62, 34, 16, 19, 1]
2026-09-04 18:35:53,570 - INFO - this epoch dispatch models: [0 0 0 0 0 0 0 0 0 0]
2026-09-04 18:35:53,570 - INFO - this epoch received models: [np.int64(0), np.int64(0), np.int64(0), np.int64(0), np.int64(0), np.int64(0), np.int64(0), np.int64(0), np.int64(0), np.int64(0)]
2026-09-04 18:35:53,570 - INFO - hetero_proportion: 	4:3:3
2026-09-04 18:35:53,623 - INFO - Full evaluation profile: (1.0, 2, 11.424356)
2026-09-04 18:35:54,994 - INFO - Testing accuracy: 31.92
2026-09-04 18:35:54,995 - INFO - ********************************************************************************
2026-09-04 18:35:54,995 - INFO - Round 189
2026-09-04 18:36:04,302 - INFO - this epoch cost time:1.2429990768432617
2026-09-04 18:36:04,302 - INFO - this epoch choose: [48, 53, 13, 3, 83, 9, 23, 58, 98, 48]
2026-09-04 18:36:04,302 - INFO - this epoch dispatch models: [0 0 0 0 0 0 0 0 0 0]
2026-09-04 18:36:04,302 - INFO - this epoch received models: [np.int64(0), np.int64(0), np.int64(0), np.int64(0), np.int64(0), np.int64(0), np.int64(0), np.int64(0), np.int64(0), np.int64(0)]
2026-09-04 18:36:04,302 - INFO - hetero_proportion: 	4:3:3
2026-09-04 18:36:04,354 - INFO - Full evaluation profile: (1.0, 2, 11.424356)
2026-09-04 18:36:05,749 - INFO - Testing accuracy: 32.06
2026-09-04 18:36:05,749 - INFO - ********************************************************************************
2026-09-04 18:36:05,749 - INFO - Round 190
2026-09-04 18:36:13,792 - INFO - this epoch cost time:0.9975070953369141
2026-09-04 18:36:13,792 - INFO - this epoch choose: [85, 64, 36, 19, 19, 67, 13, 32, 2, 59]
2026-09-04 18:36:13,792 - INFO - this epoch dispatch models: [0 0 0 0 0 0 0 0 0 0]
2026-09-04 18:36:13,793 - INFO - this epoch received models: [np.int64(0), np.int64(0), np.int64(0), np.int64(0), np.int64(0), np.int64(0), np.int64(0), np.int64(0), np.int64(0), np.int64(0)]
2026-09-04 18:36:13,793 - INFO - hetero_proportion: 	4:3:3
2026-09-04 18:36:13,845 - INFO - Full evaluation profile: (1.0, 2, 11.424356)
2026-09-04 18:36:15,235 - INFO - Testing accuracy: 31.59
2026-09-04 18:36:15,236 - INFO - ********************************************************************************
2026-09-04 18:36:15,236 - INFO - Round 191
2026-09-04 18:36:23,221 - INFO - this epoch cost time:1.0852282047271729
2026-09-04 18:36:23,222 - INFO - this epoch choose: [50, 81, 90, 94, 29, 68, 89, 50, 0, 69]
2026-09-04 18:36:23,222 - INFO - this epoch dispatch models: [0 0 0 0 0 0 0 0 0 0]
2026-09-04 18:36:23,222 - INFO - this epoch received models: [np.int64(0), np.int64(0), np.int64(0), np.int64(0), np.int64(0), np.int64(0), np.int64(0), np.int64(0), np.int64(0), np.int64(0)]
2026-09-04 18:36:23,222 - INFO - hetero_proportion: 	4:3:3
2026-09-04 18:36:23,271 - INFO - Full evaluation profile: (1.0, 2, 11.424356)
2026-09-04 18:36:24,648 - INFO - Testing accuracy: 31.73
2026-09-04 18:36:24,649 - INFO - ********************************************************************************
2026-09-04 18:36:24,649 - INFO - Round 192
2026-09-04 18:36:32,223 - INFO - this epoch cost time:0.9169371128082275
2026-09-04 18:36:32,223 - INFO - this epoch choose: [31, 54, 20, 84, 22, 43, 84, 30, 9, 99]
2026-09-04 18:36:32,223 - INFO - this epoch dispatch models: [0 0 0 0 0 0 0 0 0 0]
2026-09-04 18:36:32,223 - INFO - this epoch received models: [np.int64(0), np.int64(0), np.int64(0), np.int64(0), np.int64(0), np.int64(0), np.int64(0), np.int64(0), np.int64(0), np.int64(0)]
2026-09-04 18:36:32,223 - INFO - hetero_proportion: 	4:3:3
2026-09-04 18:36:32,274 - INFO - Full evaluation profile: (1.0, 2, 11.424356)
2026-09-04 18:36:33,666 - INFO - Testing accuracy: 32.08
2026-09-04 18:36:33,667 - INFO - ********************************************************************************
2026-09-04 18:36:33,667 - INFO - Round 193
2026-09-04 18:36:42,058 - INFO - this epoch cost time:0.9915640354156494
2026-09-04 18:36:42,058 - INFO - this epoch choose: [68, 71, 20, 22, 48, 74, 2, 65, 27, 54]
2026-09-04 18:36:42,058 - INFO - this epoch dispatch models: [0 0 0 0 0 0 0 0 0 0]
2026-09-04 18:36:42,058 - INFO - this epoch received models: [np.int64(0), np.int64(0), np.int64(0), np.int64(0), np.int64(0), np.int64(0), np.int64(0), np.int64(0), np.int64(0), np.int64(0)]
2026-09-04 18:36:42,058 - INFO - hetero_proportion: 	4:3:3
2026-09-04 18:36:42,109 - INFO - Full evaluation profile: (1.0, 2, 11.424356)
2026-09-04 18:36:43,511 - INFO - Testing accuracy: 32.04
2026-09-04 18:36:43,511 - INFO - ********************************************************************************
2026-09-04 18:36:43,511 - INFO - Round 194
2026-09-04 18:36:51,412 - INFO - this epoch cost time:1.2375380992889404
2026-09-04 18:36:51,412 - INFO - this epoch choose: [30, 5, 66, 92, 24, 89, 64, 88, 78, 83]
2026-09-04 18:36:51,413 - INFO - this epoch dispatch models: [0 0 0 0 0 0 0 0 0 0]
2026-09-04 18:36:51,413 - INFO - this epoch received models: [np.int64(0), np.int64(0), np.int64(0), np.int64(0), np.int64(0), np.int64(0), np.int64(0), np.int64(0), np.int64(0), np.int64(0)]
2026-09-04 18:36:51,413 - INFO - hetero_proportion: 	4:3:3
2026-09-04 18:36:51,466 - INFO - Full evaluation profile: (1.0, 2, 11.424356)
2026-09-04 18:36:52,856 - INFO - Testing accuracy: 32.01
2026-09-04 18:36:52,857 - INFO - ********************************************************************************
2026-09-04 18:36:52,857 - INFO - Round 195
2026-09-04 18:36:59,626 - INFO - this epoch cost time:0.9085190296173096
2026-09-04 18:36:59,626 - INFO - this epoch choose: [68, 9, 31, 50, 99, 59, 15, 72, 82, 6]
2026-09-04 18:36:59,626 - INFO - this epoch dispatch models: [0 0 0 0 0 0 0 0 0 0]
2026-09-04 18:36:59,626 - INFO - this epoch received models: [np.int64(0), np.int64(0), np.int64(0), np.int64(0), np.int64(0), np.int64(0), np.int64(0), np.int64(0), np.int64(0), np.int64(0)]
2026-09-04 18:36:59,626 - INFO - hetero_proportion: 	4:3:3
2026-09-04 18:36:59,677 - INFO - Full evaluation profile: (1.0, 2, 11.424356)
2026-09-04 18:37:01,064 - INFO - Testing accuracy: 31.83
2026-09-04 18:37:01,064 - INFO - ********************************************************************************
2026-09-04 18:37:01,064 - INFO - Round 196
2026-09-04 18:37:09,059 - INFO - this epoch cost time:0.9891612529754639
2026-09-04 18:37:09,059 - INFO - this epoch choose: [49, 11, 71, 12, 82, 61, 5, 66, 30, 99]
2026-09-04 18:37:09,059 - INFO - this epoch dispatch models: [0 0 0 0 0 0 0 0 0 0]
2026-09-04 18:37:09,060 - INFO - this epoch received models: [np.int64(0), np.int64(0), np.int64(0), np.int64(0), np.int64(0), np.int64(0), np.int64(0), np.int64(0), np.int64(0), np.int64(0)]
2026-09-04 18:37:09,060 - INFO - hetero_proportion: 	4:3:3
2026-09-04 18:37:09,110 - INFO - Full evaluation profile: (1.0, 2, 11.424356)
2026-09-04 18:37:10,497 - INFO - Testing accuracy: 31.97
2026-09-04 18:37:10,498 - INFO - ********************************************************************************
2026-09-04 18:37:10,498 - INFO - Round 197
2026-09-04 18:37:18,203 - INFO - this epoch cost time:0.9863202571868896
2026-09-04 18:37:18,203 - INFO - this epoch choose: [1, 2, 39, 59, 35, 92, 53, 21, 76, 17]
2026-09-04 18:37:18,203 - INFO - this epoch dispatch models: [0 0 0 0 0 0 0 0 0 0]
2026-09-04 18:37:18,203 - INFO - this epoch received models: [np.int64(0), np.int64(0), np.int64(0), np.int64(0), np.int64(0), np.int64(0), np.int64(0), np.int64(0), np.int64(0), np.int64(0)]
2026-09-04 18:37:18,203 - INFO - hetero_proportion: 	4:3:3
2026-09-04 18:37:18,254 - INFO - Full evaluation profile: (1.0, 2, 11.424356)
2026-09-04 18:37:19,629 - INFO - Testing accuracy: 31.82
2026-09-04 18:37:19,629 - INFO - ********************************************************************************
2026-09-04 18:37:19,629 - INFO - Round 198
2026-09-04 18:37:28,465 - INFO - this epoch cost time:1.0722999572753906
2026-09-04 18:37:28,465 - INFO - this epoch choose: [71, 90, 40, 98, 68, 81, 57, 64, 53, 70]
2026-09-04 18:37:28,465 - INFO - this epoch dispatch models: [0 0 0 0 0 0 0 0 0 0]
2026-09-04 18:37:28,465 - INFO - this epoch received models: [np.int64(0), np.int64(0), np.int64(0), np.int64(0), np.int64(0), np.int64(0), np.int64(0), np.int64(0), np.int64(0), np.int64(0)]
2026-09-04 18:37:28,465 - INFO - hetero_proportion: 	4:3:3
2026-09-04 18:37:28,515 - INFO - Full evaluation profile: (1.0, 2, 11.424356)
2026-09-04 18:37:29,883 - INFO - Testing accuracy: 31.80
2026-09-04 18:37:29,883 - INFO - ********************************************************************************
2026-09-04 18:37:29,883 - INFO - Round 199
2026-09-04 18:37:37,586 - INFO - this epoch cost time:0.9919030666351318
2026-09-04 18:37:37,586 - INFO - this epoch choose: [21, 89, 50, 89, 49, 25, 63, 35, 46, 19]
2026-09-04 18:37:37,587 - INFO - this epoch dispatch models: [0 0 0 0 0 0 0 0 0 0]
2026-09-04 18:37:37,587 - INFO - this epoch received models: [np.int64(0), np.int64(0), np.int64(0), np.int64(0), np.int64(0), np.int64(0), np.int64(0), np.int64(0), np.int64(0), np.int64(0)]
2026-09-04 18:37:37,587 - INFO - hetero_proportion: 	4:3:3
2026-09-04 18:37:37,637 - INFO - Full evaluation profile: (1.0, 2, 11.424356)
2026-09-04 18:37:39,013 - INFO - Testing accuracy: 31.96
2026-09-04 18:37:39,014 - INFO - ********************************************************************************
2026-09-04 18:37:39,014 - INFO - Round 200
2026-09-04 18:37:46,139 - INFO - this epoch cost time:0.9089515209197998
2026-09-04 18:37:46,140 - INFO - this epoch choose: [33, 72, 35, 22, 99, 92, 79, 10, 93, 46]
2026-09-04 18:37:46,140 - INFO - this epoch dispatch models: [0 0 0 0 0 0 0 0 0 0]
2026-09-04 18:37:46,140 - INFO - this epoch received models: [np.int64(0), np.int64(0), np.int64(0), np.int64(0), np.int64(0), np.int64(0), np.int64(0), np.int64(0), np.int64(0), np.int64(0)]
2026-09-04 18:37:46,140 - INFO - hetero_proportion: 	4:3:3
2026-09-04 18:37:46,192 - INFO - Full evaluation profile: (1.0, 2, 11.424356)
2026-09-04 18:37:47,574 - INFO - Testing accuracy: 31.94
2026-09-04 18:37:47,574 - INFO - ********************************************************************************
2026-09-04 18:37:47,574 - INFO - Round 201
2026-09-04 18:37:54,535 - INFO - this epoch cost time:0.9869992733001709
2026-09-04 18:37:54,536 - INFO - this epoch choose: [43, 18, 33, 32, 32, 44, 49, 35, 72, 59]
2026-09-04 18:37:54,536 - INFO - this epoch dispatch models: [0 0 0 0 0 0 0 0 0 0]
2026-09-04 18:37:54,536 - INFO - this epoch received models: [np.int64(0), np.int64(0), np.int64(0), np.int64(0), np.int64(0), np.int64(0), np.int64(0), np.int64(0), np.int64(0), np.int64(0)]
2026-09-04 18:37:54,536 - INFO - hetero_proportion: 	4:3:3
2026-09-04 18:37:54,587 - INFO - Full evaluation profile: (1.0, 2, 11.424356)
2026-09-04 18:37:55,961 - INFO - Testing accuracy: 32.06
2026-09-04 18:37:55,962 - INFO - ********************************************************************************
2026-09-04 18:37:55,962 - INFO - Round 202
2026-09-04 18:38:03,905 - INFO - this epoch cost time:0.9149987697601318
2026-09-04 18:38:03,905 - INFO - this epoch choose: [1, 19, 16, 32, 28, 25, 9, 74, 68, 79]
2026-09-04 18:38:03,905 - INFO - this epoch dispatch models: [0 0 0 0 0 0 0 0 0 0]
2026-09-04 18:38:03,905 - INFO - this epoch received models: [np.int64(0), np.int64(0), np.int64(0), np.int64(0), np.int64(0), np.int64(0), np.int64(0), np.int64(0), np.int64(0), np.int64(0)]
2026-09-04 18:38:03,905 - INFO - hetero_proportion: 	4:3:3
2026-09-04 18:38:03,957 - INFO - Full evaluation profile: (1.0, 2, 11.424356)
2026-09-04 18:38:05,341 - INFO - Testing accuracy: 32.27
2026-09-04 18:38:05,342 - INFO - ********************************************************************************
2026-09-04 18:38:05,342 - INFO - Round 203
2026-09-04 18:38:13,611 - INFO - this epoch cost time:1.0722720623016357
2026-09-04 18:38:13,611 - INFO - this epoch choose: [25, 69, 54, 91, 30, 73, 17, 70, 58, 50]
2026-09-04 18:38:13,611 - INFO - this epoch dispatch models: [0 0 0 0 0 0 0 0 0 0]
2026-09-04 18:38:13,611 - INFO - this epoch received models: [np.int64(0), np.int64(0), np.int64(0), np.int64(0), np.int64(0), np.int64(0), np.int64(0), np.int64(0), np.int64(0), np.int64(0)]
2026-09-04 18:38:13,611 - INFO - hetero_proportion: 	4:3:3
2026-09-04 18:38:13,661 - INFO - Full evaluation profile: (1.0, 2, 11.424356)
2026-09-04 18:38:15,041 - INFO - Testing accuracy: 32.39
2026-09-04 18:38:15,041 - INFO - ********************************************************************************
2026-09-04 18:38:15,041 - INFO - Round 204
2026-09-04 18:38:23,307 - INFO - this epoch cost time:1.074800729751587
2026-09-04 18:38:23,307 - INFO - this epoch choose: [91, 25, 10, 80, 9, 19, 85, 7, 3, 95]
2026-09-04 18:38:23,307 - INFO - this epoch dispatch models: [0 0 0 0 0 0 0 0 0 0]
2026-09-04 18:38:23,307 - INFO - this epoch received models: [np.int64(0), np.int64(0), np.int64(0), np.int64(0), np.int64(0), np.int64(0), np.int64(0), np.int64(0), np.int64(0), np.int64(0)]
2026-09-04 18:38:23,307 - INFO - hetero_proportion: 	4:3:3
2026-09-04 18:38:23,359 - INFO - Full evaluation profile: (1.0, 2, 11.424356)
2026-09-04 18:38:24,740 - INFO - Testing accuracy: 32.09
2026-09-04 18:38:24,740 - INFO - ********************************************************************************
2026-09-04 18:38:24,740 - INFO - Round 205
2026-09-04 18:38:33,154 - INFO - this epoch cost time:1.0260841846466064
2026-09-04 18:38:33,154 - INFO - this epoch choose: [51, 48, 53, 87, 17, 75, 76, 16, 86, 68]
2026-09-04 18:38:33,154 - INFO - this epoch dispatch models: [0 0 0 0 0 0 0 0 0 0]
2026-09-04 18:38:33,154 - INFO - this epoch received models: [np.int64(0), np.int64(0), np.int64(0), np.int64(0), np.int64(0), np.int64(0), np.int64(0), np.int64(0), np.int64(0), np.int64(0)]
2026-09-04 18:38:33,154 - INFO - hetero_proportion: 	4:3:3
2026-09-04 18:38:33,205 - INFO - Full evaluation profile: (1.0, 2, 11.424356)
2026-09-04 18:38:34,584 - INFO - Testing accuracy: 32.08
2026-09-04 18:38:34,585 - INFO - ********************************************************************************
2026-09-04 18:38:34,585 - INFO - Round 206
2026-09-04 18:38:42,672 - INFO - this epoch cost time:1.072002649307251
2026-09-04 18:38:42,672 - INFO - this epoch choose: [69, 9, 30, 48, 17, 36, 25, 84, 92, 50]
2026-09-04 18:38:42,672 - INFO - this epoch dispatch models: [0 0 0 0 0 0 0 0 0 0]
2026-09-04 18:38:42,672 - INFO - this epoch received models: [np.int64(0), np.int64(0), np.int64(0), np.int64(0), np.int64(0), np.int64(0), np.int64(0), np.int64(0), np.int64(0), np.int64(0)]
2026-09-04 18:38:42,672 - INFO - hetero_proportion: 	4:3:3
2026-09-04 18:38:42,723 - INFO - Full evaluation profile: (1.0, 2, 11.424356)
2026-09-04 18:38:44,099 - INFO - Testing accuracy: 31.85
2026-09-04 18:38:44,099 - INFO - ********************************************************************************
2026-09-04 18:38:44,100 - INFO - Round 207
2026-09-04 18:38:51,878 - INFO - this epoch cost time:0.9062764644622803
2026-09-04 18:38:51,878 - INFO - this epoch choose: [45, 95, 22, 28, 38, 90, 18, 44, 62, 68]
2026-09-04 18:38:51,878 - INFO - this epoch dispatch models: [0 0 0 0 0 0 0 0 0 0]
2026-09-04 18:38:51,878 - INFO - this epoch received models: [np.int64(0), np.int64(0), np.int64(0), np.int64(0), np.int64(0), np.int64(0), np.int64(0), np.int64(0), np.int64(0), np.int64(0)]
2026-09-04 18:38:51,878 - INFO - hetero_proportion: 	4:3:3
2026-09-04 18:38:51,928 - INFO - Full evaluation profile: (1.0, 2, 11.424356)
2026-09-04 18:38:53,298 - INFO - Testing accuracy: 32.22
2026-09-04 18:38:53,298 - INFO - ********************************************************************************
2026-09-04 18:38:53,298 - INFO - Round 208
2026-09-04 18:39:00,999 - INFO - this epoch cost time:0.9140005111694336
2026-09-04 18:39:00,999 - INFO - this epoch choose: [37, 11, 65, 38, 26, 90, 59, 2, 37, 79]
2026-09-04 18:39:00,999 - INFO - this epoch dispatch models: [0 0 0 0 0 0 0 0 0 0]
2026-09-04 18:39:00,999 - INFO - this epoch received models: [np.int64(0), np.int64(0), np.int64(0), np.int64(0), np.int64(0), np.int64(0), np.int64(0), np.int64(0), np.int64(0), np.int64(0)]
2026-09-04 18:39:00,999 - INFO - hetero_proportion: 	4:3:3
2026-09-04 18:39:01,051 - INFO - Full evaluation profile: (1.0, 2, 11.424356)
2026-09-04 18:39:02,431 - INFO - Testing accuracy: 31.97
2026-09-04 18:39:02,431 - INFO - ********************************************************************************
2026-09-04 18:39:02,431 - INFO - Round 209
2026-09-04 18:39:09,960 - INFO - this epoch cost time:0.9896774291992188
2026-09-04 18:39:09,960 - INFO - this epoch choose: [75, 13, 78, 47, 96, 56, 32, 79, 7, 6]
2026-09-04 18:39:09,960 - INFO - this epoch dispatch models: [0 0 0 0 0 0 0 0 0 0]
2026-09-04 18:39:09,960 - INFO - this epoch received models: [np.int64(0), np.int64(0), np.int64(0), np.int64(0), np.int64(0), np.int64(0), np.int64(0), np.int64(0), np.int64(0), np.int64(0)]
2026-09-04 18:39:09,960 - INFO - hetero_proportion: 	4:3:3
2026-09-04 18:39:10,011 - INFO - Full evaluation profile: (1.0, 2, 11.424356)
2026-09-04 18:39:11,395 - INFO - Testing accuracy: 32.01
2026-09-04 18:39:11,395 - INFO - ********************************************************************************
2026-09-04 18:39:11,395 - INFO - Round 210
2026-09-04 18:39:20,226 - INFO - this epoch cost time:1.073549747467041
2026-09-04 18:39:20,226 - INFO - this epoch choose: [40, 20, 16, 80, 13, 14, 55, 81, 75, 31]
2026-09-04 18:39:20,226 - INFO - this epoch dispatch models: [0 0 0 0 0 0 0 0 0 0]
2026-09-04 18:39:20,226 - INFO - this epoch received models: [np.int64(0), np.int64(0), np.int64(0), np.int64(0), np.int64(0), np.int64(0), np.int64(0), np.int64(0), np.int64(0), np.int64(0)]
2026-09-04 18:39:20,226 - INFO - hetero_proportion: 	4:3:3
2026-09-04 18:39:20,277 - INFO - Full evaluation profile: (1.0, 2, 11.424356)
2026-09-04 18:39:21,663 - INFO - Testing accuracy: 31.72
2026-09-04 18:39:21,663 - INFO - ********************************************************************************
2026-09-04 18:39:21,664 - INFO - Round 211
2026-09-04 18:39:28,792 - INFO - this epoch cost time:0.9902422428131104
2026-09-04 18:39:28,792 - INFO - this epoch choose: [95, 26, 64, 64, 50, 15, 90, 27, 49, 84]
2026-09-04 18:39:28,792 - INFO - this epoch dispatch models: [0 0 0 0 0 0 0 0 0 0]
2026-09-04 18:39:28,793 - INFO - this epoch received models: [np.int64(0), np.int64(0), np.int64(0), np.int64(0), np.int64(0), np.int64(0), np.int64(0), np.int64(0), np.int64(0), np.int64(0)]
2026-09-04 18:39:28,793 - INFO - hetero_proportion: 	4:3:3
2026-09-04 18:39:28,843 - INFO - Full evaluation profile: (1.0, 2, 11.424356)
2026-09-04 18:39:30,217 - INFO - Testing accuracy: 31.91
2026-09-04 18:39:30,217 - INFO - ********************************************************************************
2026-09-04 18:39:30,217 - INFO - Round 212
2026-09-04 18:39:38,155 - INFO - this epoch cost time:0.9869637489318848
2026-09-04 18:39:38,155 - INFO - this epoch choose: [66, 17, 91, 74, 32, 92, 0, 91, 15, 25]
2026-09-04 18:39:38,155 - INFO - this epoch dispatch models: [0 0 0 0 0 0 0 0 0 0]
2026-09-04 18:39:38,156 - INFO - this epoch received models: [np.int64(0), np.int64(0), np.int64(0), np.int64(0), np.int64(0), np.int64(0), np.int64(0), np.int64(0), np.int64(0), np.int64(0)]
2026-09-04 18:39:38,156 - INFO - hetero_proportion: 	4:3:3
2026-09-04 18:39:38,206 - INFO - Full evaluation profile: (1.0, 2, 11.424356)
2026-09-04 18:39:39,597 - INFO - Testing accuracy: 31.76
2026-09-04 18:39:39,598 - INFO - ********************************************************************************
2026-09-04 18:39:39,598 - INFO - Round 213
2026-09-04 18:39:47,213 - INFO - this epoch cost time:1.0699994564056396
2026-09-04 18:39:47,213 - INFO - this epoch choose: [97, 72, 48, 84, 61, 69, 78, 29, 34, 4]
2026-09-04 18:39:47,213 - INFO - this epoch dispatch models: [0 0 0 0 0 0 0 0 0 0]
2026-09-04 18:39:47,214 - INFO - this epoch received models: [np.int64(0), np.int64(0), np.int64(0), np.int64(0), np.int64(0), np.int64(0), np.int64(0), np.int64(0), np.int64(0), np.int64(0)]
2026-09-04 18:39:47,214 - INFO - hetero_proportion: 	4:3:3
2026-09-04 18:39:47,264 - INFO - Full evaluation profile: (1.0, 2, 11.424356)
2026-09-04 18:39:48,645 - INFO - Testing accuracy: 31.93
2026-09-04 18:39:48,645 - INFO - ********************************************************************************
2026-09-04 18:39:48,645 - INFO - Round 214
2026-09-04 18:39:56,675 - INFO - this epoch cost time:1.0662508010864258
2026-09-04 18:39:56,675 - INFO - this epoch choose: [81, 21, 85, 85, 70, 64, 29, 52, 35, 98]
2026-09-04 18:39:56,675 - INFO - this epoch dispatch models: [0 0 0 0 0 0 0 0 0 0]
2026-09-04 18:39:56,675 - INFO - this epoch received models: [np.int64(0), np.int64(0), np.int64(0), np.int64(0), np.int64(0), np.int64(0), np.int64(0), np.int64(0), np.int64(0), np.int64(0)]
2026-09-04 18:39:56,675 - INFO - hetero_proportion: 	4:3:3
2026-09-04 18:39:56,727 - INFO - Full evaluation profile: (1.0, 2, 11.424356)
2026-09-04 18:39:58,107 - INFO - Testing accuracy: 31.72
2026-09-04 18:39:58,108 - INFO - ********************************************************************************
2026-09-04 18:39:58,108 - INFO - Round 215
2026-09-04 18:40:06,539 - INFO - this epoch cost time:0.9930002689361572
2026-09-04 18:40:06,539 - INFO - this epoch choose: [84, 53, 51, 34, 63, 12, 85, 16, 23, 71]
2026-09-04 18:40:06,539 - INFO - this epoch dispatch models: [0 0 0 0 0 0 0 0 0 0]
2026-09-04 18:40:06,539 - INFO - this epoch received models: [np.int64(0), np.int64(0), np.int64(0), np.int64(0), np.int64(0), np.int64(0), np.int64(0), np.int64(0), np.int64(0), np.int64(0)]
2026-09-04 18:40:06,539 - INFO - hetero_proportion: 	4:3:3
2026-09-04 18:40:06,590 - INFO - Full evaluation profile: (1.0, 2, 11.424356)
2026-09-04 18:40:07,959 - INFO - Testing accuracy: 31.72
2026-09-04 18:40:07,960 - INFO - ********************************************************************************
2026-09-04 18:40:07,960 - INFO - Round 216
2026-09-04 18:40:15,429 - INFO - this epoch cost time:0.9106473922729492
2026-09-04 18:40:15,429 - INFO - this epoch choose: [2, 58, 96, 5, 62, 27, 50, 93, 68, 43]
2026-09-04 18:40:15,429 - INFO - this epoch dispatch models: [0 0 0 0 0 0 0 0 0 0]
2026-09-04 18:40:15,429 - INFO - this epoch received models: [np.int64(0), np.int64(0), np.int64(0), np.int64(0), np.int64(0), np.int64(0), np.int64(0), np.int64(0), np.int64(0), np.int64(0)]
2026-09-04 18:40:15,429 - INFO - hetero_proportion: 	4:3:3
2026-09-04 18:40:15,481 - INFO - Full evaluation profile: (1.0, 2, 11.424356)
2026-09-04 18:40:16,863 - INFO - Testing accuracy: 31.64
2026-09-04 18:40:16,864 - INFO - ********************************************************************************
2026-09-04 18:40:16,864 - INFO - Round 217
2026-09-04 18:40:24,672 - INFO - this epoch cost time:0.9345352649688721
2026-09-04 18:40:24,672 - INFO - this epoch choose: [31, 12, 9, 86, 95, 5, 54, 56, 24, 22]
2026-09-04 18:40:24,672 - INFO - this epoch dispatch models: [0 0 0 0 0 0 0 0 0 0]
2026-09-04 18:40:24,672 - INFO - this epoch received models: [np.int64(0), np.int64(0), np.int64(0), np.int64(0), np.int64(0), np.int64(0), np.int64(0), np.int64(0), np.int64(0), np.int64(0)]
2026-09-04 18:40:24,672 - INFO - hetero_proportion: 	4:3:3
2026-09-04 18:40:24,724 - INFO - Full evaluation profile: (1.0, 2, 11.424356)
2026-09-04 18:40:26,099 - INFO - Testing accuracy: 31.91
2026-09-04 18:40:26,100 - INFO - ********************************************************************************
2026-09-04 18:40:26,100 - INFO - Round 218
2026-09-04 18:40:34,299 - INFO - this epoch cost time:0.988588809967041
2026-09-04 18:40:34,299 - INFO - this epoch choose: [76, 64, 24, 65, 49, 66, 46, 25, 29, 46]
2026-09-04 18:40:34,299 - INFO - this epoch dispatch models: [0 0 0 0 0 0 0 0 0 0]
2026-09-04 18:40:34,299 - INFO - this epoch received models: [np.int64(0), np.int64(0), np.int64(0), np.int64(0), np.int64(0), np.int64(0), np.int64(0), np.int64(0), np.int64(0), np.int64(0)]
2026-09-04 18:40:34,299 - INFO - hetero_proportion: 	4:3:3
2026-09-04 18:40:34,349 - INFO - Full evaluation profile: (1.0, 2, 11.424356)
2026-09-04 18:40:35,728 - INFO - Testing accuracy: 31.67
2026-09-04 18:40:35,728 - INFO - ********************************************************************************
2026-09-04 18:40:35,728 - INFO - Round 219
2026-09-04 18:40:43,407 - INFO - this epoch cost time:0.9677531719207764
2026-09-04 18:40:43,407 - INFO - this epoch choose: [84, 75, 96, 99, 8, 43, 6, 58, 5, 78]
2026-09-04 18:40:43,407 - INFO - this epoch dispatch models: [0 0 0 0 0 0 0 0 0 0]
2026-09-04 18:40:43,407 - INFO - this epoch received models: [np.int64(0), np.int64(0), np.int64(0), np.int64(0), np.int64(0), np.int64(0), np.int64(0), np.int64(0), np.int64(0), np.int64(0)]
2026-09-04 18:40:43,407 - INFO - hetero_proportion: 	4:3:3
2026-09-04 18:40:43,459 - INFO - Full evaluation profile: (1.0, 2, 11.424356)
2026-09-04 18:40:44,837 - INFO - Testing accuracy: 31.99
2026-09-04 18:40:44,837 - INFO - ********************************************************************************
2026-09-04 18:40:44,837 - INFO - Round 220
2026-09-04 18:40:52,397 - INFO - this epoch cost time:0.9649996757507324
2026-09-04 18:40:52,397 - INFO - this epoch choose: [22, 18, 36, 60, 5, 74, 64, 8, 72, 50]
2026-09-04 18:40:52,397 - INFO - this epoch dispatch models: [0 0 0 0 0 0 0 0 0 0]
2026-09-04 18:40:52,397 - INFO - this epoch received models: [np.int64(0), np.int64(0), np.int64(0), np.int64(0), np.int64(0), np.int64(0), np.int64(0), np.int64(0), np.int64(0), np.int64(0)]
2026-09-04 18:40:52,397 - INFO - hetero_proportion: 	4:3:3
2026-09-04 18:40:52,447 - INFO - Full evaluation profile: (1.0, 2, 11.424356)
2026-09-04 18:40:53,792 - INFO - Testing accuracy: 31.85
2026-09-04 18:40:53,792 - INFO - ********************************************************************************
2026-09-04 18:40:53,792 - INFO - Round 221
2026-09-04 18:41:01,189 - INFO - this epoch cost time:0.8813331127166748
2026-09-04 18:41:01,189 - INFO - this epoch choose: [11, 51, 65, 73, 82, 38, 50, 34, 45, 60]
2026-09-04 18:41:01,190 - INFO - this epoch dispatch models: [0 0 0 0 0 0 0 0 0 0]
2026-09-04 18:41:01,190 - INFO - this epoch received models: [np.int64(0), np.int64(0), np.int64(0), np.int64(0), np.int64(0), np.int64(0), np.int64(0), np.int64(0), np.int64(0), np.int64(0)]
2026-09-04 18:41:01,190 - INFO - hetero_proportion: 	4:3:3
2026-09-04 18:41:01,240 - INFO - Full evaluation profile: (1.0, 2, 11.424356)
2026-09-04 18:41:02,585 - INFO - Testing accuracy: 31.56
2026-09-04 18:41:02,586 - INFO - ********************************************************************************
2026-09-04 18:41:02,586 - INFO - Round 222
2026-09-04 18:41:10,212 - INFO - this epoch cost time:0.9666271209716797
2026-09-04 18:41:10,212 - INFO - this epoch choose: [6, 70, 61, 2, 54, 38, 75, 95, 40, 19]
2026-09-04 18:41:10,212 - INFO - this epoch dispatch models: [0 0 0 0 0 0 0 0 0 0]
2026-09-04 18:41:10,212 - INFO - this epoch received models: [np.int64(0), np.int64(0), np.int64(0), np.int64(0), np.int64(0), np.int64(0), np.int64(0), np.int64(0), np.int64(0), np.int64(0)]
2026-09-04 18:41:10,212 - INFO - hetero_proportion: 	4:3:3
2026-09-04 18:41:10,262 - INFO - Full evaluation profile: (1.0, 2, 11.424356)
2026-09-04 18:41:11,619 - INFO - Testing accuracy: 31.92
2026-09-04 18:41:11,620 - INFO - ********************************************************************************
2026-09-04 18:41:11,620 - INFO - Round 223
2026-09-04 18:41:19,417 - INFO - this epoch cost time:0.9639997482299805
2026-09-04 18:41:19,417 - INFO - this epoch choose: [76, 75, 71, 35, 8, 77, 99, 46, 53, 50]
2026-09-04 18:41:19,417 - INFO - this epoch dispatch models: [0 0 0 0 0 0 0 0 0 0]
2026-09-04 18:41:19,417 - INFO - this epoch received models: [np.int64(0), np.int64(0), np.int64(0), np.int64(0), np.int64(0), np.int64(0), np.int64(0), np.int64(0), np.int64(0), np.int64(0)]
2026-09-04 18:41:19,417 - INFO - hetero_proportion: 	4:3:3
2026-09-04 18:41:19,467 - INFO - Full evaluation profile: (1.0, 2, 11.424356)
2026-09-04 18:41:20,821 - INFO - Testing accuracy: 31.74
2026-09-04 18:41:20,821 - INFO - ********************************************************************************
2026-09-04 18:41:20,821 - INFO - Round 224
2026-09-04 18:41:28,440 - INFO - this epoch cost time:0.9599523544311523
2026-09-04 18:41:28,440 - INFO - this epoch choose: [66, 3, 73, 74, 14, 4, 73, 67, 1, 12]
2026-09-04 18:41:28,440 - INFO - this epoch dispatch models: [0 0 0 0 0 0 0 0 0 0]
2026-09-04 18:41:28,440 - INFO - this epoch received models: [np.int64(0), np.int64(0), np.int64(0), np.int64(0), np.int64(0), np.int64(0), np.int64(0), np.int64(0), np.int64(0), np.int64(0)]
2026-09-04 18:41:28,440 - INFO - hetero_proportion: 	4:3:3
2026-09-04 18:41:28,490 - INFO - Full evaluation profile: (1.0, 2, 11.424356)
2026-09-04 18:41:29,842 - INFO - Testing accuracy: 31.75
2026-09-04 18:41:29,843 - INFO - ********************************************************************************
2026-09-04 18:41:29,843 - INFO - Round 225
2026-09-04 18:41:37,805 - INFO - this epoch cost time:1.0367310047149658
2026-09-04 18:41:37,805 - INFO - this epoch choose: [42, 43, 47, 96, 70, 4, 81, 47, 74, 9]
2026-09-04 18:41:37,805 - INFO - this epoch dispatch models: [0 0 0 0 0 0 0 0 0 0]
2026-09-04 18:41:37,805 - INFO - this epoch received models: [np.int64(0), np.int64(0), np.int64(0), np.int64(0), np.int64(0), np.int64(0), np.int64(0), np.int64(0), np.int64(0), np.int64(0)]
2026-09-04 18:41:37,805 - INFO - hetero_proportion: 	4:3:3
2026-09-04 18:41:37,854 - INFO - Full evaluation profile: (1.0, 2, 11.424356)
2026-09-04 18:41:39,203 - INFO - Testing accuracy: 31.92
2026-09-04 18:41:39,203 - INFO - ********************************************************************************
2026-09-04 18:41:39,203 - INFO - Round 226
2026-09-04 18:41:48,062 - INFO - this epoch cost time:1.0442519187927246
2026-09-04 18:41:48,062 - INFO - this epoch choose: [62, 81, 10, 69, 57, 42, 64, 69, 0, 20]
2026-09-04 18:41:48,062 - INFO - this epoch dispatch models: [0 0 0 0 0 0 0 0 0 0]
2026-09-04 18:41:48,062 - INFO - this epoch received models: [np.int64(0), np.int64(0), np.int64(0), np.int64(0), np.int64(0), np.int64(0), np.int64(0), np.int64(0), np.int64(0), np.int64(0)]
2026-09-04 18:41:48,062 - INFO - hetero_proportion: 	4:3:3
2026-09-04 18:41:48,112 - INFO - Full evaluation profile: (1.0, 2, 11.424356)
2026-09-04 18:41:49,466 - INFO - Testing accuracy: 31.83
2026-09-04 18:41:49,467 - INFO - ********************************************************************************
2026-09-04 18:41:49,467 - INFO - Round 227
2026-09-04 18:41:57,739 - INFO - this epoch cost time:0.9620072841644287
2026-09-04 18:41:57,739 - INFO - this epoch choose: [41, 46, 27, 18, 74, 18, 75, 13, 51, 40]
2026-09-04 18:41:57,740 - INFO - this epoch dispatch models: [0 0 0 0 0 0 0 0 0 0]
2026-09-04 18:41:57,740 - INFO - this epoch received models: [np.int64(0), np.int64(0), np.int64(0), np.int64(0), np.int64(0), np.int64(0), np.int64(0), np.int64(0), np.int64(0), np.int64(0)]
2026-09-04 18:41:57,740 - INFO - hetero_proportion: 	4:3:3
2026-09-04 18:41:57,789 - INFO - Full evaluation profile: (1.0, 2, 11.424356)
2026-09-04 18:41:59,131 - INFO - Testing accuracy: 31.67
2026-09-04 18:41:59,132 - INFO - ********************************************************************************
2026-09-04 18:41:59,132 - INFO - Round 228
2026-09-04 18:42:06,692 - INFO - this epoch cost time:0.9591648578643799
2026-09-04 18:42:06,692 - INFO - this epoch choose: [65, 53, 46, 43, 33, 77, 47, 4, 91, 8]
2026-09-04 18:42:06,692 - INFO - this epoch dispatch models: [0 0 0 0 0 0 0 0 0 0]
2026-09-04 18:42:06,693 - INFO - this epoch received models: [np.int64(0), np.int64(0), np.int64(0), np.int64(0), np.int64(0), np.int64(0), np.int64(0), np.int64(0), np.int64(0), np.int64(0)]
2026-09-04 18:42:06,693 - INFO - hetero_proportion: 	4:3:3
2026-09-04 18:42:06,742 - INFO - Full evaluation profile: (1.0, 2, 11.424356)
2026-09-04 18:42:08,089 - INFO - Testing accuracy: 31.83
2026-09-04 18:42:08,090 - INFO - ********************************************************************************
2026-09-04 18:42:08,090 - INFO - Round 229
2026-09-04 18:42:15,657 - INFO - this epoch cost time:1.0369336605072021
2026-09-04 18:42:15,657 - INFO - this epoch choose: [98, 80, 31, 33, 96, 50, 70, 36, 73, 79]
2026-09-04 18:42:15,657 - INFO - this epoch dispatch models: [0 0 0 0 0 0 0 0 0 0]
2026-09-04 18:42:15,657 - INFO - this epoch received models: [np.int64(0), np.int64(0), np.int64(0), np.int64(0), np.int64(0), np.int64(0), np.int64(0), np.int64(0), np.int64(0), np.int64(0)]
2026-09-04 18:42:15,657 - INFO - hetero_proportion: 	4:3:3
2026-09-04 18:42:15,707 - INFO - Full evaluation profile: (1.0, 2, 11.424356)
2026-09-04 18:42:17,068 - INFO - Testing accuracy: 32.13
2026-09-04 18:42:17,069 - INFO - ********************************************************************************
2026-09-04 18:42:17,069 - INFO - Round 230
2026-09-04 18:42:25,179 - INFO - this epoch cost time:0.9645240306854248
2026-09-04 18:42:25,179 - INFO - this epoch choose: [10, 9, 90, 21, 34, 52, 10, 16, 36, 70]
2026-09-04 18:42:25,180 - INFO - this epoch dispatch models: [0 0 0 0 0 0 0 0 0 0]
2026-09-04 18:42:25,180 - INFO - this epoch received models: [np.int64(0), np.int64(0), np.int64(0), np.int64(0), np.int64(0), np.int64(0), np.int64(0), np.int64(0), np.int64(0), np.int64(0)]
2026-09-04 18:42:25,180 - INFO - hetero_proportion: 	4:3:3
2026-09-04 18:42:25,231 - INFO - Full evaluation profile: (1.0, 2, 11.424356)
2026-09-04 18:42:26,582 - INFO - Testing accuracy: 31.94
2026-09-04 18:42:26,582 - INFO - ********************************************************************************
2026-09-04 18:42:26,582 - INFO - Round 231
2026-09-04 18:42:33,347 - INFO - this epoch cost time:0.7296020984649658
2026-09-04 18:42:33,347 - INFO - this epoch choose: [92, 82, 33, 30, 26, 12, 35, 92, 61, 6]
2026-09-04 18:42:33,347 - INFO - this epoch dispatch models: [0 0 0 0 0 0 0 0 0 0]
2026-09-04 18:42:33,347 - INFO - this epoch received models: [np.int64(0), np.int64(0), np.int64(0), np.int64(0), np.int64(0), np.int64(0), np.int64(0), np.int64(0), np.int64(0), np.int64(0)]
2026-09-04 18:42:33,347 - INFO - hetero_proportion: 	4:3:3
2026-09-04 18:42:33,397 - INFO - Full evaluation profile: (1.0, 2, 11.424356)
2026-09-04 18:42:34,737 - INFO - Testing accuracy: 31.61
2026-09-04 18:42:34,738 - INFO - ********************************************************************************
2026-09-04 18:42:34,738 - INFO - Round 232
2026-09-04 18:42:42,383 - INFO - this epoch cost time:1.0505855083465576
2026-09-04 18:42:42,383 - INFO - this epoch choose: [94, 65, 38, 26, 69, 9, 70, 40, 43, 37]
2026-09-04 18:42:42,383 - INFO - this epoch dispatch models: [0 0 0 0 0 0 0 0 0 0]
2026-09-04 18:42:42,383 - INFO - this epoch received models: [np.int64(0), np.int64(0), np.int64(0), np.int64(0), np.int64(0), np.int64(0), np.int64(0), np.int64(0), np.int64(0), np.int64(0)]
2026-09-04 18:42:42,383 - INFO - hetero_proportion: 	4:3:3
2026-09-04 18:42:42,433 - INFO - Full evaluation profile: (1.0, 2, 11.424356)
2026-09-04 18:42:43,796 - INFO - Testing accuracy: 31.71
2026-09-04 18:42:43,797 - INFO - ********************************************************************************
2026-09-04 18:42:43,797 - INFO - Round 233
2026-09-04 18:42:51,509 - INFO - this epoch cost time:0.9644999504089355
2026-09-04 18:42:51,509 - INFO - this epoch choose: [66, 17, 4, 56, 46, 95, 4, 3, 40, 53]
2026-09-04 18:42:51,510 - INFO - this epoch dispatch models: [0 0 0 0 0 0 0 0 0 0]
2026-09-04 18:42:51,510 - INFO - this epoch received models: [np.int64(0), np.int64(0), np.int64(0), np.int64(0), np.int64(0), np.int64(0), np.int64(0), np.int64(0), np.int64(0), np.int64(0)]
2026-09-04 18:42:51,510 - INFO - hetero_proportion: 	4:3:3
2026-09-04 18:42:51,559 - INFO - Full evaluation profile: (1.0, 2, 11.424356)
2026-09-04 18:42:52,908 - INFO - Testing accuracy: 31.74
2026-09-04 18:42:52,909 - INFO - ********************************************************************************
2026-09-04 18:42:52,909 - INFO - Round 234
2026-09-04 18:43:00,759 - INFO - this epoch cost time:1.0802867412567139
2026-09-04 18:43:00,759 - INFO - this epoch choose: [95, 20, 71, 5, 90, 75, 89, 84, 80, 67]
2026-09-04 18:43:00,759 - INFO - this epoch dispatch models: [0 0 0 0 0 0 0 0 0 0]
2026-09-04 18:43:00,759 - INFO - this epoch received models: [np.int64(0), np.int64(0), np.int64(0), np.int64(0), np.int64(0), np.int64(0), np.int64(0), np.int64(0), np.int64(0), np.int64(0)]
2026-09-04 18:43:00,759 - INFO - hetero_proportion: 	4:3:3
2026-09-04 18:43:00,811 - INFO - Full evaluation profile: (1.0, 2, 11.424356)
2026-09-04 18:43:02,157 - INFO - Testing accuracy: 32.09
2026-09-04 18:43:02,157 - INFO - ********************************************************************************
2026-09-04 18:43:02,157 - INFO - Round 235
2026-09-04 18:43:10,597 - INFO - this epoch cost time:0.9644262790679932
2026-09-04 18:43:10,597 - INFO - this epoch choose: [54, 23, 25, 29, 14, 75, 16, 75, 64, 15]
2026-09-04 18:43:10,597 - INFO - this epoch dispatch models: [0 0 0 0 0 0 0 0 0 0]
2026-09-04 18:43:10,597 - INFO - this epoch received models: [np.int64(0), np.int64(0), np.int64(0), np.int64(0), np.int64(0), np.int64(0), np.int64(0), np.int64(0), np.int64(0), np.int64(0)]
2026-09-04 18:43:10,597 - INFO - hetero_proportion: 	4:3:3
2026-09-04 18:43:10,648 - INFO - Full evaluation profile: (1.0, 2, 11.424356)
2026-09-04 18:43:12,017 - INFO - Testing accuracy: 31.85
2026-09-04 18:43:12,017 - INFO - ********************************************************************************
2026-09-04 18:43:12,017 - INFO - Round 236
2026-09-04 18:43:19,767 - INFO - this epoch cost time:0.8993563652038574
2026-09-04 18:43:19,767 - INFO - this epoch choose: [92, 34, 58, 25, 7, 46, 58, 42, 78, 92]
2026-09-04 18:43:19,767 - INFO - this epoch dispatch models: [0 0 0 0 0 0 0 0 0 0]
2026-09-04 18:43:19,767 - INFO - this epoch received models: [np.int64(0), np.int64(0), np.int64(0), np.int64(0), np.int64(0), np.int64(0), np.int64(0), np.int64(0), np.int64(0), np.int64(0)]
2026-09-04 18:43:19,767 - INFO - hetero_proportion: 	4:3:3
2026-09-04 18:43:19,817 - INFO - Full evaluation profile: (1.0, 2, 11.424356)
2026-09-04 18:43:21,170 - INFO - Testing accuracy: 31.92
2026-09-04 18:43:21,171 - INFO - ********************************************************************************
2026-09-04 18:43:21,171 - INFO - Round 237
2026-09-04 18:43:28,903 - INFO - this epoch cost time:1.050412893295288
2026-09-04 18:43:28,903 - INFO - this epoch choose: [45, 28, 81, 1, 1, 62, 4, 21, 32, 70]
2026-09-04 18:43:28,903 - INFO - this epoch dispatch models: [0 0 0 0 0 0 0 0 0 0]
2026-09-04 18:43:28,903 - INFO - this epoch received models: [np.int64(0), np.int64(0), np.int64(0), np.int64(0), np.int64(0), np.int64(0), np.int64(0), np.int64(0), np.int64(0), np.int64(0)]
2026-09-04 18:43:28,903 - INFO - hetero_proportion: 	4:3:3
2026-09-04 18:43:28,953 - INFO - Full evaluation profile: (1.0, 2, 11.424356)
2026-09-04 18:43:30,303 - INFO - Testing accuracy: 31.90
2026-09-04 18:43:30,303 - INFO - ********************************************************************************
2026-09-04 18:43:30,303 - INFO - Round 238
2026-09-04 18:43:37,821 - INFO - this epoch cost time:0.8823087215423584
2026-09-04 18:43:37,821 - INFO - this epoch choose: [5, 1, 29, 97, 10, 67, 22, 4, 67, 25]
2026-09-04 18:43:37,821 - INFO - this epoch dispatch models: [0 0 0 0 0 0 0 0 0 0]
2026-09-04 18:43:37,821 - INFO - this epoch received models: [np.int64(0), np.int64(0), np.int64(0), np.int64(0), np.int64(0), np.int64(0), np.int64(0), np.int64(0), np.int64(0), np.int64(0)]
2026-09-04 18:43:37,821 - INFO - hetero_proportion: 	4:3:3
2026-09-04 18:43:37,871 - INFO - Full evaluation profile: (1.0, 2, 11.424356)
2026-09-04 18:43:39,226 - INFO - Testing accuracy: 31.86
2026-09-04 18:43:39,227 - INFO - ********************************************************************************
2026-09-04 18:43:39,227 - INFO - Round 239
2026-09-04 18:43:46,935 - INFO - this epoch cost time:1.1961205005645752
2026-09-04 18:43:46,935 - INFO - this epoch choose: [26, 56, 36, 31, 62, 64, 47, 41, 50, 83]
2026-09-04 18:43:46,935 - INFO - this epoch dispatch models: [0 0 0 0 0 0 0 0 0 0]
2026-09-04 18:43:46,935 - INFO - this epoch received models: [np.int64(0), np.int64(0), np.int64(0), np.int64(0), np.int64(0), np.int64(0), np.int64(0), np.int64(0), np.int64(0), np.int64(0)]
2026-09-04 18:43:46,935 - INFO - hetero_proportion: 	4:3:3
2026-09-04 18:43:46,985 - INFO - Full evaluation profile: (1.0, 2, 11.424356)
2026-09-04 18:43:48,331 - INFO - Testing accuracy: 31.72
2026-09-04 18:43:48,331 - INFO - ********************************************************************************
2026-09-04 18:43:48,331 - INFO - Round 240
2026-09-04 18:43:56,125 - INFO - this epoch cost time:0.965925931930542
2026-09-04 18:43:56,125 - INFO - this epoch choose: [9, 24, 76, 23, 24, 87, 79, 38, 74, 54]
2026-09-04 18:43:56,125 - INFO - this epoch dispatch models: [0 0 0 0 0 0 0 0 0 0]
2026-09-04 18:43:56,125 - INFO - this epoch received models: [np.int64(0), np.int64(0), np.int64(0), np.int64(0), np.int64(0), np.int64(0), np.int64(0), np.int64(0), np.int64(0), np.int64(0)]
2026-09-04 18:43:56,125 - INFO - hetero_proportion: 	4:3:3
2026-09-04 18:43:56,175 - INFO - Full evaluation profile: (1.0, 2, 11.424356)
2026-09-04 18:43:57,517 - INFO - Testing accuracy: 31.92
2026-09-04 18:43:57,517 - INFO - ********************************************************************************
2026-09-04 18:43:57,517 - INFO - Round 241
2026-09-04 18:44:05,310 - INFO - this epoch cost time:1.040478229522705
2026-09-04 18:44:05,310 - INFO - this epoch choose: [78, 60, 46, 2, 62, 2, 13, 84, 80, 73]
2026-09-04 18:44:05,310 - INFO - this epoch dispatch models: [0 0 0 0 0 0 0 0 0 0]
2026-09-04 18:44:05,310 - INFO - this epoch received models: [np.int64(0), np.int64(0), np.int64(0), np.int64(0), np.int64(0), np.int64(0), np.int64(0), np.int64(0), np.int64(0), np.int64(0)]
2026-09-04 18:44:05,310 - INFO - hetero_proportion: 	4:3:3
2026-09-04 18:44:05,360 - INFO - Full evaluation profile: (1.0, 2, 11.424356)
2026-09-04 18:44:06,724 - INFO - Testing accuracy: 31.56
2026-09-04 18:44:06,725 - INFO - ********************************************************************************
2026-09-04 18:44:06,725 - INFO - Round 242
2026-09-04 18:44:14,988 - INFO - this epoch cost time:0.9568119049072266
2026-09-04 18:44:14,988 - INFO - this epoch choose: [85, 79, 55, 90, 74, 43, 43, 9, 82, 53]
2026-09-04 18:44:14,988 - INFO - this epoch dispatch models: [0 0 0 0 0 0 0 0 0 0]
2026-09-04 18:44:14,988 - INFO - this epoch received models: [np.int64(0), np.int64(0), np.int64(0), np.int64(0), np.int64(0), np.int64(0), np.int64(0), np.int64(0), np.int64(0), np.int64(0)]
2026-09-04 18:44:14,988 - INFO - hetero_proportion: 	4:3:3
2026-09-04 18:44:15,038 - INFO - Full evaluation profile: (1.0, 2, 11.424356)
2026-09-04 18:44:16,385 - INFO - Testing accuracy: 31.65
2026-09-04 18:44:16,385 - INFO - ********************************************************************************
2026-09-04 18:44:16,385 - INFO - Round 243
2026-09-04 18:44:23,315 - INFO - this epoch cost time:0.9569218158721924
2026-09-04 18:44:23,315 - INFO - this epoch choose: [24, 89, 65, 63, 77, 72, 84, 70, 64, 61]
2026-09-04 18:44:23,316 - INFO - this epoch dispatch models: [0 0 0 0 0 0 0 0 0 0]
2026-09-04 18:44:23,316 - INFO - this epoch received models: [np.int64(0), np.int64(0), np.int64(0), np.int64(0), np.int64(0), np.int64(0), np.int64(0), np.int64(0), np.int64(0), np.int64(0)]
2026-09-04 18:44:23,316 - INFO - hetero_proportion: 	4:3:3
2026-09-04 18:44:23,366 - INFO - Full evaluation profile: (1.0, 2, 11.424356)
2026-09-04 18:44:24,715 - INFO - Testing accuracy: 31.75
2026-09-04 18:44:24,716 - INFO - ********************************************************************************
2026-09-04 18:44:24,716 - INFO - Round 244
2026-09-04 18:44:31,959 - INFO - this epoch cost time:0.9699990749359131
2026-09-04 18:44:31,959 - INFO - this epoch choose: [76, 87, 94, 73, 98, 57, 77, 60, 21, 34]
2026-09-04 18:44:31,959 - INFO - this epoch dispatch models: [0 0 0 0 0 0 0 0 0 0]
2026-09-04 18:44:31,960 - INFO - this epoch received models: [np.int64(0), np.int64(0), np.int64(0), np.int64(0), np.int64(0), np.int64(0), np.int64(0), np.int64(0), np.int64(0), np.int64(0)]
2026-09-04 18:44:31,960 - INFO - hetero_proportion: 	4:3:3
2026-09-04 18:44:32,010 - INFO - Full evaluation profile: (1.0, 2, 11.424356)
2026-09-04 18:44:33,350 - INFO - Testing accuracy: 31.78
2026-09-04 18:44:33,351 - INFO - ********************************************************************************
2026-09-04 18:44:33,351 - INFO - Round 245
2026-09-04 18:44:40,037 - INFO - this epoch cost time:1.0406057834625244
2026-09-04 18:44:40,038 - INFO - this epoch choose: [86, 67, 38, 72, 97, 50, 77, 69, 33, 32]
2026-09-04 18:44:40,038 - INFO - this epoch dispatch models: [0 0 0 0 0 0 0 0 0 0]
2026-09-04 18:44:40,038 - INFO - this epoch received models: [np.int64(0), np.int64(0), np.int64(0), np.int64(0), np.int64(0), np.int64(0), np.int64(0), np.int64(0), np.int64(0), np.int64(0)]
2026-09-04 18:44:40,038 - INFO - hetero_proportion: 	4:3:3
2026-09-04 18:44:40,089 - INFO - Full evaluation profile: (1.0, 2, 11.424356)
2026-09-04 18:44:41,446 - INFO - Testing accuracy: 31.68
2026-09-04 18:44:41,446 - INFO - ********************************************************************************
2026-09-04 18:44:41,446 - INFO - Round 246
2026-09-04 18:44:48,856 - INFO - this epoch cost time:0.8819363117218018
2026-09-04 18:44:48,856 - INFO - this epoch choose: [39, 1, 77, 96, 5, 58, 58, 45, 29, 65]
2026-09-04 18:44:48,856 - INFO - this epoch dispatch models: [0 0 0 0 0 0 0 0 0 0]
2026-09-04 18:44:48,856 - INFO - this epoch received models: [np.int64(0), np.int64(0), np.int64(0), np.int64(0), np.int64(0), np.int64(0), np.int64(0), np.int64(0), np.int64(0), np.int64(0)]
2026-09-04 18:44:48,856 - INFO - hetero_proportion: 	4:3:3
2026-09-04 18:44:48,908 - INFO - Full evaluation profile: (1.0, 2, 11.424356)
2026-09-04 18:44:50,256 - INFO - Testing accuracy: 31.78
2026-09-04 18:44:50,257 - INFO - ********************************************************************************
2026-09-04 18:44:50,257 - INFO - Round 247
2026-09-04 18:44:57,904 - INFO - this epoch cost time:1.0450453758239746
2026-09-04 18:44:57,904 - INFO - this epoch choose: [56, 26, 89, 60, 42, 89, 80, 18, 49, 55]
2026-09-04 18:44:57,904 - INFO - this epoch dispatch models: [0 0 0 0 0 0 0 0 0 0]
2026-09-04 18:44:57,904 - INFO - this epoch received models: [np.int64(0), np.int64(0), np.int64(0), np.int64(0), np.int64(0), np.int64(0), np.int64(0), np.int64(0), np.int64(0), np.int64(0)]
2026-09-04 18:44:57,904 - INFO - hetero_proportion: 	4:3:3
2026-09-04 18:44:57,955 - INFO - Full evaluation profile: (1.0, 2, 11.424356)
2026-09-04 18:44:59,308 - INFO - Testing accuracy: 31.75
2026-09-04 18:44:59,308 - INFO - ********************************************************************************
2026-09-04 18:44:59,308 - INFO - Round 248
2026-09-04 18:45:06,641 - INFO - this epoch cost time:1.043964147567749
2026-09-04 18:45:06,641 - INFO - this epoch choose: [6, 82, 14, 45, 1, 32, 96, 69, 94, 6]
2026-09-04 18:45:06,641 - INFO - this epoch dispatch models: [0 0 0 0 0 0 0 0 0 0]
2026-09-04 18:45:06,641 - INFO - this epoch received models: [np.int64(0), np.int64(0), np.int64(0), np.int64(0), np.int64(0), np.int64(0), np.int64(0), np.int64(0), np.int64(0), np.int64(0)]
2026-09-04 18:45:06,641 - INFO - hetero_proportion: 	4:3:3
2026-09-04 18:45:06,691 - INFO - Full evaluation profile: (1.0, 2, 11.424356)
2026-09-04 18:45:08,037 - INFO - Testing accuracy: 31.79
2026-09-04 18:45:08,037 - INFO - ********************************************************************************
2026-09-04 18:45:08,037 - INFO - Round 249
2026-09-04 18:45:15,685 - INFO - this epoch cost time:0.9719369411468506
2026-09-04 18:45:15,685 - INFO - this epoch choose: [39, 48, 1, 41, 43, 39, 75, 6, 26, 91]
2026-09-04 18:45:15,685 - INFO - this epoch dispatch models: [0 0 0 0 0 0 0 0 0 0]
2026-09-04 18:45:15,685 - INFO - this epoch received models: [np.int64(0), np.int64(0), np.int64(0), np.int64(0), np.int64(0), np.int64(0), np.int64(0), np.int64(0), np.int64(0), np.int64(0)]
2026-09-04 18:45:15,685 - INFO - hetero_proportion: 	4:3:3
2026-09-04 18:45:15,735 - INFO - Full evaluation profile: (1.0, 2, 11.424356)
2026-09-04 18:45:17,082 - INFO - Testing accuracy: 31.89
2026-09-04 18:45:17,082 - INFO - ********************************************************************************
2026-09-04 18:45:17,082 - INFO - Round 250
2026-09-04 18:45:24,584 - INFO - this epoch cost time:0.8919162750244141
2026-09-04 18:45:24,584 - INFO - this epoch choose: [10, 42, 15, 85, 82, 8, 16, 99, 88, 37]
2026-09-04 18:45:24,584 - INFO - this epoch dispatch models: [0 0 0 0 0 0 0 0 0 0]
2026-09-04 18:45:24,584 - INFO - this epoch received models: [np.int64(0), np.int64(0), np.int64(0), np.int64(0), np.int64(0), np.int64(0), np.int64(0), np.int64(0), np.int64(0), np.int64(0)]
2026-09-04 18:45:24,584 - INFO - hetero_proportion: 	4:3:3
2026-09-04 18:45:24,634 - INFO - Full evaluation profile: (1.0, 2, 11.424356)
2026-09-04 18:45:25,979 - INFO - Testing accuracy: 31.98
2026-09-04 18:45:25,980 - INFO - ********************************************************************************
2026-09-04 18:45:25,980 - INFO - Round 251
2026-09-04 18:45:33,373 - INFO - this epoch cost time:0.9619996547698975
2026-09-04 18:45:33,373 - INFO - this epoch choose: [52, 77, 43, 29, 3, 82, 89, 88, 23, 96]
2026-09-04 18:45:33,373 - INFO - this epoch dispatch models: [0 0 0 0 0 0 0 0 0 0]
2026-09-04 18:45:33,373 - INFO - this epoch received models: [np.int64(0), np.int64(0), np.int64(0), np.int64(0), np.int64(0), np.int64(0), np.int64(0), np.int64(0), np.int64(0), np.int64(0)]
2026-09-04 18:45:33,373 - INFO - hetero_proportion: 	4:3:3
2026-09-04 18:45:33,423 - INFO - Full evaluation profile: (1.0, 2, 11.424356)
2026-09-04 18:45:34,798 - INFO - Testing accuracy: 31.89
2026-09-04 18:45:34,799 - INFO - ********************************************************************************
2026-09-04 18:45:34,799 - INFO - Round 252
2026-09-04 18:45:42,481 - INFO - this epoch cost time:0.9938325881958008
2026-09-04 18:45:42,481 - INFO - this epoch choose: [98, 96, 64, 95, 73, 82, 46, 38, 37, 48]
2026-09-04 18:45:42,481 - INFO - this epoch dispatch models: [0 0 0 0 0 0 0 0 0 0]
2026-09-04 18:45:42,481 - INFO - this epoch received models: [np.int64(0), np.int64(0), np.int64(0), np.int64(0), np.int64(0), np.int64(0), np.int64(0), np.int64(0), np.int64(0), np.int64(0)]
2026-09-04 18:45:42,481 - INFO - hetero_proportion: 	4:3:3
2026-09-04 18:45:42,533 - INFO - Full evaluation profile: (1.0, 2, 11.424356)
2026-09-04 18:45:43,925 - INFO - Testing accuracy: 31.50
2026-09-04 18:45:43,925 - INFO - ********************************************************************************
2026-09-04 18:45:43,925 - INFO - Round 253
2026-09-04 18:45:51,725 - INFO - this epoch cost time:0.9967117309570312
2026-09-04 18:45:51,725 - INFO - this epoch choose: [53, 67, 59, 9, 25, 52, 29, 77, 5, 79]
2026-09-04 18:45:51,725 - INFO - this epoch dispatch models: [0 0 0 0 0 0 0 0 0 0]
2026-09-04 18:45:51,725 - INFO - this epoch received models: [np.int64(0), np.int64(0), np.int64(0), np.int64(0), np.int64(0), np.int64(0), np.int64(0), np.int64(0), np.int64(0), np.int64(0)]
2026-09-04 18:45:51,725 - INFO - hetero_proportion: 	4:3:3
2026-09-04 18:45:51,778 - INFO - Full evaluation profile: (1.0, 2, 11.424356)
2026-09-04 18:45:53,153 - INFO - Testing accuracy: 31.48
2026-09-04 18:45:53,154 - INFO - ********************************************************************************
2026-09-04 18:45:53,154 - INFO - Round 254
2026-09-04 18:46:01,062 - INFO - this epoch cost time:1.074000358581543
2026-09-04 18:46:01,062 - INFO - this epoch choose: [30, 80, 28, 31, 91, 50, 48, 26, 79, 19]
2026-09-04 18:46:01,063 - INFO - this epoch dispatch models: [0 0 0 0 0 0 0 0 0 0]
2026-09-04 18:46:01,063 - INFO - this epoch received models: [np.int64(0), np.int64(0), np.int64(0), np.int64(0), np.int64(0), np.int64(0), np.int64(0), np.int64(0), np.int64(0), np.int64(0)]
2026-09-04 18:46:01,063 - INFO - hetero_proportion: 	4:3:3
2026-09-04 18:46:01,114 - INFO - Full evaluation profile: (1.0, 2, 11.424356)
2026-09-04 18:46:02,490 - INFO - Testing accuracy: 31.65
2026-09-04 18:46:02,490 - INFO - ********************************************************************************
2026-09-04 18:46:02,490 - INFO - Round 255
2026-09-04 18:46:10,117 - INFO - this epoch cost time:0.994187593460083
2026-09-04 18:46:10,118 - INFO - this epoch choose: [92, 38, 95, 92, 46, 0, 91, 90, 87, 39]
2026-09-04 18:46:10,118 - INFO - this epoch dispatch models: [0 0 0 0 0 0 0 0 0 0]
2026-09-04 18:46:10,118 - INFO - this epoch received models: [np.int64(0), np.int64(0), np.int64(0), np.int64(0), np.int64(0), np.int64(0), np.int64(0), np.int64(0), np.int64(0), np.int64(0)]
2026-09-04 18:46:10,118 - INFO - hetero_proportion: 	4:3:3
2026-09-04 18:46:10,168 - INFO - Full evaluation profile: (1.0, 2, 11.424356)
2026-09-04 18:46:11,533 - INFO - Testing accuracy: 31.61
2026-09-04 18:46:11,534 - INFO - ********************************************************************************
2026-09-04 18:46:11,534 - INFO - Round 256
2026-09-04 18:46:19,894 - INFO - this epoch cost time:0.9900002479553223
2026-09-04 18:46:19,894 - INFO - this epoch choose: [56, 63, 21, 86, 18, 3, 47, 55, 70, 43]
2026-09-04 18:46:19,894 - INFO - this epoch dispatch models: [0 0 0 0 0 0 0 0 0 0]
2026-09-04 18:46:19,894 - INFO - this epoch received models: [np.int64(0), np.int64(0), np.int64(0), np.int64(0), np.int64(0), np.int64(0), np.int64(0), np.int64(0), np.int64(0), np.int64(0)]
2026-09-04 18:46:19,894 - INFO - hetero_proportion: 	4:3:3
2026-09-04 18:46:19,945 - INFO - Full evaluation profile: (1.0, 2, 11.424356)
2026-09-04 18:46:21,315 - INFO - Testing accuracy: 31.75
2026-09-04 18:46:21,315 - INFO - ********************************************************************************
2026-09-04 18:46:21,315 - INFO - Round 257
2026-09-04 18:46:29,163 - INFO - this epoch cost time:0.9877657890319824
2026-09-04 18:46:29,163 - INFO - this epoch choose: [65, 62, 40, 77, 14, 74, 82, 37, 70, 84]
2026-09-04 18:46:29,163 - INFO - this epoch dispatch models: [0 0 0 0 0 0 0 0 0 0]
2026-09-04 18:46:29,163 - INFO - this epoch received models: [np.int64(0), np.int64(0), np.int64(0), np.int64(0), np.int64(0), np.int64(0), np.int64(0), np.int64(0), np.int64(0), np.int64(0)]
2026-09-04 18:46:29,163 - INFO - hetero_proportion: 	4:3:3
2026-09-04 18:46:29,214 - INFO - Full evaluation profile: (1.0, 2, 11.424356)
2026-09-04 18:46:30,600 - INFO - Testing accuracy: 31.73
2026-09-04 18:46:30,601 - INFO - ********************************************************************************
2026-09-04 18:46:30,601 - INFO - Round 258
2026-09-04 18:46:38,782 - INFO - this epoch cost time:1.068530559539795
2026-09-04 18:46:38,782 - INFO - this epoch choose: [35, 54, 1, 39, 96, 11, 81, 62, 14, 64]
2026-09-04 18:46:38,782 - INFO - this epoch dispatch models: [0 0 0 0 0 0 0 0 0 0]
2026-09-04 18:46:38,782 - INFO - this epoch received models: [np.int64(0), np.int64(0), np.int64(0), np.int64(0), np.int64(0), np.int64(0), np.int64(0), np.int64(0), np.int64(0), np.int64(0)]
2026-09-04 18:46:38,782 - INFO - hetero_proportion: 	4:3:3
2026-09-04 18:46:38,832 - INFO - Full evaluation profile: (1.0, 2, 11.424356)
2026-09-04 18:46:40,203 - INFO - Testing accuracy: 31.64
2026-09-04 18:46:40,203 - INFO - ********************************************************************************
2026-09-04 18:46:40,203 - INFO - Round 259
2026-09-04 18:46:47,097 - INFO - this epoch cost time:0.9059839248657227
2026-09-04 18:46:47,097 - INFO - this epoch choose: [28, 77, 95, 82, 95, 33, 55, 47, 29, 6]
2026-09-04 18:46:47,097 - INFO - this epoch dispatch models: [0 0 0 0 0 0 0 0 0 0]
2026-09-04 18:46:47,097 - INFO - this epoch received models: [np.int64(0), np.int64(0), np.int64(0), np.int64(0), np.int64(0), np.int64(0), np.int64(0), np.int64(0), np.int64(0), np.int64(0)]
2026-09-04 18:46:47,097 - INFO - hetero_proportion: 	4:3:3
2026-09-04 18:46:47,148 - INFO - Full evaluation profile: (1.0, 2, 11.424356)
2026-09-04 18:46:48,531 - INFO - Testing accuracy: 31.88
2026-09-04 18:46:48,532 - INFO - ********************************************************************************
2026-09-04 18:46:48,532 - INFO - Round 260
2026-09-04 18:46:55,967 - INFO - this epoch cost time:0.906707763671875
2026-09-04 18:46:55,967 - INFO - this epoch choose: [13, 76, 65, 65, 65, 20, 16, 37, 6, 8]
2026-09-04 18:46:55,967 - INFO - this epoch dispatch models: [0 0 0 0 0 0 0 0 0 0]
2026-09-04 18:46:55,968 - INFO - this epoch received models: [np.int64(0), np.int64(0), np.int64(0), np.int64(0), np.int64(0), np.int64(0), np.int64(0), np.int64(0), np.int64(0), np.int64(0)]
2026-09-04 18:46:55,968 - INFO - hetero_proportion: 	4:3:3
2026-09-04 18:46:56,019 - INFO - Full evaluation profile: (1.0, 2, 11.424356)
2026-09-04 18:46:57,392 - INFO - Testing accuracy: 31.53
2026-09-04 18:46:57,392 - INFO - ********************************************************************************
2026-09-04 18:46:57,392 - INFO - Round 261
2026-09-04 18:47:05,261 - INFO - this epoch cost time:0.9946599006652832
2026-09-04 18:47:05,261 - INFO - this epoch choose: [27, 0, 86, 7, 54, 93, 91, 2, 8, 7]
2026-09-04 18:47:05,261 - INFO - this epoch dispatch models: [0 0 0 0 0 0 0 0 0 0]
2026-09-04 18:47:05,261 - INFO - this epoch received models: [np.int64(0), np.int64(0), np.int64(0), np.int64(0), np.int64(0), np.int64(0), np.int64(0), np.int64(0), np.int64(0), np.int64(0)]
2026-09-04 18:47:05,261 - INFO - hetero_proportion: 	4:3:3
2026-09-04 18:47:05,310 - INFO - Full evaluation profile: (1.0, 2, 11.424356)
2026-09-04 18:47:06,678 - INFO - Testing accuracy: 31.65
2026-09-04 18:47:06,679 - INFO - ********************************************************************************
2026-09-04 18:47:06,679 - INFO - Round 262
2026-09-04 18:47:14,163 - INFO - this epoch cost time:0.9100973606109619
2026-09-04 18:47:14,163 - INFO - this epoch choose: [1, 4, 68, 43, 42, 2, 78, 1, 71, 27]
2026-09-04 18:47:14,163 - INFO - this epoch dispatch models: [0 0 0 0 0 0 0 0 0 0]
2026-09-04 18:47:14,163 - INFO - this epoch received models: [np.int64(0), np.int64(0), np.int64(0), np.int64(0), np.int64(0), np.int64(0), np.int64(0), np.int64(0), np.int64(0), np.int64(0)]
2026-09-04 18:47:14,163 - INFO - hetero_proportion: 	4:3:3
2026-09-04 18:47:14,214 - INFO - Full evaluation profile: (1.0, 2, 11.424356)
2026-09-04 18:47:15,589 - INFO - Testing accuracy: 31.70
2026-09-04 18:47:15,590 - INFO - ********************************************************************************
2026-09-04 18:47:15,590 - INFO - Round 263
2026-09-04 18:47:23,855 - INFO - this epoch cost time:0.9940061569213867
2026-09-04 18:47:23,855 - INFO - this epoch choose: [60, 25, 34, 37, 74, 70, 66, 32, 29, 23]
2026-09-04 18:47:23,855 - INFO - this epoch dispatch models: [0 0 0 0 0 0 0 0 0 0]
2026-09-04 18:47:23,855 - INFO - this epoch received models: [np.int64(0), np.int64(0), np.int64(0), np.int64(0), np.int64(0), np.int64(0), np.int64(0), np.int64(0), np.int64(0), np.int64(0)]
2026-09-04 18:47:23,855 - INFO - hetero_proportion: 	4:3:3
2026-09-04 18:47:23,906 - INFO - Full evaluation profile: (1.0, 2, 11.424356)
2026-09-04 18:47:25,283 - INFO - Testing accuracy: 31.52
2026-09-04 18:47:25,284 - INFO - ********************************************************************************
2026-09-04 18:47:25,284 - INFO - Round 264
2026-09-04 18:47:32,831 - INFO - this epoch cost time:0.9900779724121094
2026-09-04 18:47:32,831 - INFO - this epoch choose: [26, 50, 7, 30, 71, 89, 57, 4, 42, 41]
2026-09-04 18:47:32,832 - INFO - this epoch dispatch models: [0 0 0 0 0 0 0 0 0 0]
2026-09-04 18:47:32,832 - INFO - this epoch received models: [np.int64(0), np.int64(0), np.int64(0), np.int64(0), np.int64(0), np.int64(0), np.int64(0), np.int64(0), np.int64(0), np.int64(0)]
2026-09-04 18:47:32,832 - INFO - hetero_proportion: 	4:3:3
2026-09-04 18:47:32,882 - INFO - Full evaluation profile: (1.0, 2, 11.424356)
2026-09-04 18:47:34,260 - INFO - Testing accuracy: 31.35
2026-09-04 18:47:34,261 - INFO - ********************************************************************************
2026-09-04 18:47:34,261 - INFO - Round 265
2026-09-04 18:47:42,203 - INFO - this epoch cost time:1.0699305534362793
2026-09-04 18:47:42,203 - INFO - this epoch choose: [52, 15, 2, 72, 23, 64, 81, 11, 97, 23]
2026-09-04 18:47:42,203 - INFO - this epoch dispatch models: [0 0 0 0 0 0 0 0 0 0]
2026-09-04 18:47:42,203 - INFO - this epoch received models: [np.int64(0), np.int64(0), np.int64(0), np.int64(0), np.int64(0), np.int64(0), np.int64(0), np.int64(0), np.int64(0), np.int64(0)]
2026-09-04 18:47:42,203 - INFO - hetero_proportion: 	4:3:3
2026-09-04 18:47:42,255 - INFO - Full evaluation profile: (1.0, 2, 11.424356)
2026-09-04 18:47:43,646 - INFO - Testing accuracy: 31.53
2026-09-04 18:47:43,646 - INFO - ********************************************************************************
2026-09-04 18:47:43,646 - INFO - Round 266
2026-09-04 18:47:51,342 - INFO - this epoch cost time:0.9099640846252441
2026-09-04 18:47:51,342 - INFO - this epoch choose: [27, 28, 22, 38, 12, 7, 40, 92, 18, 8]
2026-09-04 18:47:51,342 - INFO - this epoch dispatch models: [0 0 0 0 0 0 0 0 0 0]
2026-09-04 18:47:51,342 - INFO - this epoch received models: [np.int64(0), np.int64(0), np.int64(0), np.int64(0), np.int64(0), np.int64(0), np.int64(0), np.int64(0), np.int64(0), np.int64(0)]
2026-09-04 18:47:51,342 - INFO - hetero_proportion: 	4:3:3
2026-09-04 18:47:51,393 - INFO - Full evaluation profile: (1.0, 2, 11.424356)
2026-09-04 18:47:52,770 - INFO - Testing accuracy: 31.62
2026-09-04 18:47:52,771 - INFO - ********************************************************************************
2026-09-04 18:47:52,771 - INFO - Round 267
2026-09-04 18:48:00,881 - INFO - this epoch cost time:0.9893054962158203
2026-09-04 18:48:00,881 - INFO - this epoch choose: [56, 19, 29, 5, 95, 36, 44, 7, 75, 11]
2026-09-04 18:48:00,881 - INFO - this epoch dispatch models: [0 0 0 0 0 0 0 0 0 0]
2026-09-04 18:48:00,881 - INFO - this epoch received models: [np.int64(0), np.int64(0), np.int64(0), np.int64(0), np.int64(0), np.int64(0), np.int64(0), np.int64(0), np.int64(0), np.int64(0)]
2026-09-04 18:48:00,881 - INFO - hetero_proportion: 	4:3:3
2026-09-04 18:48:00,932 - INFO - Full evaluation profile: (1.0, 2, 11.424356)
2026-09-04 18:48:02,306 - INFO - Testing accuracy: 31.88
2026-09-04 18:48:02,306 - INFO - ********************************************************************************
2026-09-04 18:48:02,306 - INFO - Round 268
2026-09-04 18:48:10,125 - INFO - this epoch cost time:0.9970004558563232
2026-09-04 18:48:10,125 - INFO - this epoch choose: [56, 25, 29, 85, 23, 15, 7, 25, 6, 95]
2026-09-04 18:48:10,125 - INFO - this epoch dispatch models: [0 0 0 0 0 0 0 0 0 0]
2026-09-04 18:48:10,125 - INFO - this epoch received models: [np.int64(0), np.int64(0), np.int64(0), np.int64(0), np.int64(0), np.int64(0), np.int64(0), np.int64(0), np.int64(0), np.int64(0)]
2026-09-04 18:48:10,125 - INFO - hetero_proportion: 	4:3:3
2026-09-04 18:48:10,175 - INFO - Full evaluation profile: (1.0, 2, 11.424356)
2026-09-04 18:48:11,542 - INFO - Testing accuracy: 31.79
2026-09-04 18:48:11,543 - INFO - ********************************************************************************
2026-09-04 18:48:11,543 - INFO - Round 269
2026-09-04 18:48:19,138 - INFO - this epoch cost time:0.9937596321105957
2026-09-04 18:48:19,138 - INFO - this epoch choose: [93, 14, 11, 95, 28, 36, 91, 32, 67, 54]
2026-09-04 18:48:19,138 - INFO - this epoch dispatch models: [0 0 0 0 0 0 0 0 0 0]
2026-09-04 18:48:19,138 - INFO - this epoch received models: [np.int64(0), np.int64(0), np.int64(0), np.int64(0), np.int64(0), np.int64(0), np.int64(0), np.int64(0), np.int64(0), np.int64(0)]
2026-09-04 18:48:19,138 - INFO - hetero_proportion: 	4:3:3
2026-09-04 18:48:19,190 - INFO - Full evaluation profile: (1.0, 2, 11.424356)
2026-09-04 18:48:20,577 - INFO - Testing accuracy: 31.83
2026-09-04 18:48:20,577 - INFO - ********************************************************************************
2026-09-04 18:48:20,577 - INFO - Round 270
2026-09-04 18:48:28,027 - INFO - this epoch cost time:0.9842531681060791
2026-09-04 18:48:28,027 - INFO - this epoch choose: [31, 92, 4, 92, 32, 97, 24, 41, 44, 45]
2026-09-04 18:48:28,027 - INFO - this epoch dispatch models: [0 0 0 0 0 0 0 0 0 0]
2026-09-04 18:48:28,027 - INFO - this epoch received models: [np.int64(0), np.int64(0), np.int64(0), np.int64(0), np.int64(0), np.int64(0), np.int64(0), np.int64(0), np.int64(0), np.int64(0)]
2026-09-04 18:48:28,027 - INFO - hetero_proportion: 	4:3:3
2026-09-04 18:48:28,078 - INFO - Full evaluation profile: (1.0, 2, 11.424356)
2026-09-04 18:48:29,457 - INFO - Testing accuracy: 31.94
2026-09-04 18:48:29,457 - INFO - ********************************************************************************
2026-09-04 18:48:29,457 - INFO - Round 271
2026-09-04 18:48:37,408 - INFO - this epoch cost time:0.9929704666137695
2026-09-04 18:48:37,409 - INFO - this epoch choose: [58, 97, 84, 78, 48, 86, 49, 11, 54, 31]
2026-09-04 18:48:37,409 - INFO - this epoch dispatch models: [0 0 0 0 0 0 0 0 0 0]
2026-09-04 18:48:37,409 - INFO - this epoch received models: [np.int64(0), np.int64(0), np.int64(0), np.int64(0), np.int64(0), np.int64(0), np.int64(0), np.int64(0), np.int64(0), np.int64(0)]
2026-09-04 18:48:37,409 - INFO - hetero_proportion: 	4:3:3
2026-09-04 18:48:37,460 - INFO - Full evaluation profile: (1.0, 2, 11.424356)
2026-09-04 18:48:38,820 - INFO - Testing accuracy: 31.72
2026-09-04 18:48:38,820 - INFO - ********************************************************************************
2026-09-04 18:48:38,820 - INFO - Round 272
2026-09-04 18:48:47,167 - INFO - this epoch cost time:1.2358641624450684
2026-09-04 18:48:47,168 - INFO - this epoch choose: [62, 43, 22, 77, 83, 14, 30, 9, 98, 55]
2026-09-04 18:48:47,168 - INFO - this epoch dispatch models: [0 0 0 0 0 0 0 0 0 0]
2026-09-04 18:48:47,168 - INFO - this epoch received models: [np.int64(0), np.int64(0), np.int64(0), np.int64(0), np.int64(0), np.int64(0), np.int64(0), np.int64(0), np.int64(0), np.int64(0)]
2026-09-04 18:48:47,168 - INFO - hetero_proportion: 	4:3:3
2026-09-04 18:48:47,219 - INFO - Full evaluation profile: (1.0, 2, 11.424356)
2026-09-04 18:48:48,592 - INFO - Testing accuracy: 31.65
2026-09-04 18:48:48,592 - INFO - ********************************************************************************
2026-09-04 18:48:48,592 - INFO - Round 273
2026-09-04 18:48:56,379 - INFO - this epoch cost time:0.9105045795440674
2026-09-04 18:48:56,379 - INFO - this epoch choose: [35, 68, 38, 42, 96, 47, 52, 58, 46, 45]
2026-09-04 18:48:56,379 - INFO - this epoch dispatch models: [0 0 0 0 0 0 0 0 0 0]
2026-09-04 18:48:56,379 - INFO - this epoch received models: [np.int64(0), np.int64(0), np.int64(0), np.int64(0), np.int64(0), np.int64(0), np.int64(0), np.int64(0), np.int64(0), np.int64(0)]
2026-09-04 18:48:56,379 - INFO - hetero_proportion: 	4:3:3
2026-09-04 18:48:56,430 - INFO - Full evaluation profile: (1.0, 2, 11.424356)
2026-09-04 18:48:57,801 - INFO - Testing accuracy: 31.77
2026-09-04 18:48:57,802 - INFO - ********************************************************************************
2026-09-04 18:48:57,802 - INFO - Round 274
2026-09-04 18:49:05,019 - INFO - this epoch cost time:0.8290002346038818
2026-09-04 18:49:05,019 - INFO - this epoch choose: [40, 50, 60, 65, 2, 47, 16, 38, 21, 38]
2026-09-04 18:49:05,019 - INFO - this epoch dispatch models: [0 0 0 0 0 0 0 0 0 0]
2026-09-04 18:49:05,019 - INFO - this epoch received models: [np.int64(0), np.int64(0), np.int64(0), np.int64(0), np.int64(0), np.int64(0), np.int64(0), np.int64(0), np.int64(0), np.int64(0)]
2026-09-04 18:49:05,019 - INFO - hetero_proportion: 	4:3:3
2026-09-04 18:49:05,071 - INFO - Full evaluation profile: (1.0, 2, 11.424356)
2026-09-04 18:49:06,460 - INFO - Testing accuracy: 31.38
2026-09-04 18:49:06,461 - INFO - ********************************************************************************
2026-09-04 18:49:06,461 - INFO - Round 275
2026-09-04 18:49:14,232 - INFO - this epoch cost time:1.0797889232635498
2026-09-04 18:49:14,232 - INFO - this epoch choose: [72, 16, 70, 91, 93, 19, 21, 58, 82, 80]
2026-09-04 18:49:14,232 - INFO - this epoch dispatch models: [0 0 0 0 0 0 0 0 0 0]
2026-09-04 18:49:14,232 - INFO - this epoch received models: [np.int64(0), np.int64(0), np.int64(0), np.int64(0), np.int64(0), np.int64(0), np.int64(0), np.int64(0), np.int64(0), np.int64(0)]
2026-09-04 18:49:14,232 - INFO - hetero_proportion: 	4:3:3
2026-09-04 18:49:14,283 - INFO - Full evaluation profile: (1.0, 2, 11.424356)
2026-09-04 18:49:15,658 - INFO - Testing accuracy: 31.84
2026-09-04 18:49:15,659 - INFO - ********************************************************************************
2026-09-04 18:49:15,659 - INFO - Round 276
2026-09-04 18:49:23,094 - INFO - this epoch cost time:0.8297240734100342
2026-09-04 18:49:23,094 - INFO - this epoch choose: [19, 17, 20, 10, 78, 32, 30, 45, 82, 40]
2026-09-04 18:49:23,094 - INFO - this epoch dispatch models: [0 0 0 0 0 0 0 0 0 0]
2026-09-04 18:49:23,094 - INFO - this epoch received models: [np.int64(0), np.int64(0), np.int64(0), np.int64(0), np.int64(0), np.int64(0), np.int64(0), np.int64(0), np.int64(0), np.int64(0)]
2026-09-04 18:49:23,094 - INFO - hetero_proportion: 	4:3:3
2026-09-04 18:49:23,144 - INFO - Full evaluation profile: (1.0, 2, 11.424356)
2026-09-04 18:49:24,534 - INFO - Testing accuracy: 31.59
2026-09-04 18:49:24,535 - INFO - ********************************************************************************
2026-09-04 18:49:24,535 - INFO - Round 277
2026-09-04 18:49:32,815 - INFO - this epoch cost time:0.9909343719482422
2026-09-04 18:49:32,815 - INFO - this epoch choose: [21, 35, 60, 39, 9, 54, 19, 70, 45, 57]
2026-09-04 18:49:32,815 - INFO - this epoch dispatch models: [0 0 0 0 0 0 0 0 0 0]
2026-09-04 18:49:32,815 - INFO - this epoch received models: [np.int64(0), np.int64(0), np.int64(0), np.int64(0), np.int64(0), np.int64(0), np.int64(0), np.int64(0), np.int64(0), np.int64(0)]
2026-09-04 18:49:32,815 - INFO - hetero_proportion: 	4:3:3
2026-09-04 18:49:32,866 - INFO - Full evaluation profile: (1.0, 2, 11.424356)
2026-09-04 18:49:34,251 - INFO - Testing accuracy: 31.57
2026-09-04 18:49:34,251 - INFO - ********************************************************************************
2026-09-04 18:49:34,251 - INFO - Round 278
2026-09-04 18:49:41,955 - INFO - this epoch cost time:0.9869804382324219
2026-09-04 18:49:41,955 - INFO - this epoch choose: [13, 19, 87, 40, 8, 87, 23, 61, 68, 4]
2026-09-04 18:49:41,955 - INFO - this epoch dispatch models: [0 0 0 0 0 0 0 0 0 0]
2026-09-04 18:49:41,955 - INFO - this epoch received models: [np.int64(0), np.int64(0), np.int64(0), np.int64(0), np.int64(0), np.int64(0), np.int64(0), np.int64(0), np.int64(0), np.int64(0)]
2026-09-04 18:49:41,955 - INFO - hetero_proportion: 	4:3:3
2026-09-04 18:49:42,006 - INFO - Full evaluation profile: (1.0, 2, 11.424356)
2026-09-04 18:49:43,385 - INFO - Testing accuracy: 31.62
2026-09-04 18:49:43,385 - INFO - ********************************************************************************
2026-09-04 18:49:43,385 - INFO - Round 279
2026-09-04 18:49:51,847 - INFO - this epoch cost time:1.2443675994873047
2026-09-04 18:49:51,847 - INFO - this epoch choose: [5, 92, 24, 83, 45, 94, 46, 64, 45, 64]
2026-09-04 18:49:51,847 - INFO - this epoch dispatch models: [0 0 0 0 0 0 0 0 0 0]
2026-09-04 18:49:51,847 - INFO - this epoch received models: [np.int64(0), np.int64(0), np.int64(0), np.int64(0), np.int64(0), np.int64(0), np.int64(0), np.int64(0), np.int64(0), np.int64(0)]
2026-09-04 18:49:51,847 - INFO - hetero_proportion: 	4:3:3
2026-09-04 18:49:51,899 - INFO - Full evaluation profile: (1.0, 2, 11.424356)
2026-09-04 18:49:53,276 - INFO - Testing accuracy: 31.57
2026-09-04 18:49:53,277 - INFO - ********************************************************************************
2026-09-04 18:49:53,277 - INFO - Round 280
2026-09-04 18:50:02,208 - INFO - this epoch cost time:1.2400009632110596
2026-09-04 18:50:02,210 - INFO - this epoch choose: [80, 85, 47, 43, 83, 15, 23, 48, 4, 34]
2026-09-04 18:50:02,210 - INFO - this epoch dispatch models: [0 0 0 0 0 0 0 0 0 0]
2026-09-04 18:50:02,210 - INFO - this epoch received models: [np.int64(0), np.int64(0), np.int64(0), np.int64(0), np.int64(0), np.int64(0), np.int64(0), np.int64(0), np.int64(0), np.int64(0)]
2026-09-04 18:50:02,210 - INFO - hetero_proportion: 	4:3:3
2026-09-04 18:50:02,262 - INFO - Full evaluation profile: (1.0, 2, 11.424356)
2026-09-04 18:50:03,640 - INFO - Testing accuracy: 31.73
2026-09-04 18:50:03,640 - INFO - ********************************************************************************
2026-09-04 18:50:03,641 - INFO - Round 281
2026-09-04 18:50:10,749 - INFO - this epoch cost time:0.9848048686981201
2026-09-04 18:50:10,749 - INFO - this epoch choose: [78, 91, 26, 7, 31, 38, 41, 72, 51, 31]
2026-09-04 18:50:10,749 - INFO - this epoch dispatch models: [0 0 0 0 0 0 0 0 0 0]
2026-09-04 18:50:10,749 - INFO - this epoch received models: [np.int64(0), np.int64(0), np.int64(0), np.int64(0), np.int64(0), np.int64(0), np.int64(0), np.int64(0), np.int64(0), np.int64(0)]
2026-09-04 18:50:10,749 - INFO - hetero_proportion: 	4:3:3
2026-09-04 18:50:10,800 - INFO - Full evaluation profile: (1.0, 2, 11.424356)
2026-09-04 18:50:12,167 - INFO - Testing accuracy: 31.61
2026-09-04 18:50:12,167 - INFO - ********************************************************************************
2026-09-04 18:50:12,167 - INFO - Round 282
2026-09-04 18:50:19,543 - INFO - this epoch cost time:0.9953856468200684
2026-09-04 18:50:19,544 - INFO - this epoch choose: [46, 98, 6, 29, 37, 89, 72, 0, 25, 12]
2026-09-04 18:50:19,544 - INFO - this epoch dispatch models: [0 0 0 0 0 0 0 0 0 0]
2026-09-04 18:50:19,544 - INFO - this epoch received models: [np.int64(0), np.int64(0), np.int64(0), np.int64(0), np.int64(0), np.int64(0), np.int64(0), np.int64(0), np.int64(0), np.int64(0)]
2026-09-04 18:50:19,544 - INFO - hetero_proportion: 	4:3:3
2026-09-04 18:50:19,596 - INFO - Full evaluation profile: (1.0, 2, 11.424356)
2026-09-04 18:50:20,975 - INFO - Testing accuracy: 31.61
2026-09-04 18:50:20,975 - INFO - ********************************************************************************
2026-09-04 18:50:20,976 - INFO - Round 283
2026-09-04 18:50:28,595 - INFO - this epoch cost time:0.9080071449279785
2026-09-04 18:50:28,596 - INFO - this epoch choose: [17, 28, 47, 64, 34, 18, 20, 29, 9, 39]
2026-09-04 18:50:28,596 - INFO - this epoch dispatch models: [0 0 0 0 0 0 0 0 0 0]
2026-09-04 18:50:28,596 - INFO - this epoch received models: [np.int64(0), np.int64(0), np.int64(0), np.int64(0), np.int64(0), np.int64(0), np.int64(0), np.int64(0), np.int64(0), np.int64(0)]
2026-09-04 18:50:28,596 - INFO - hetero_proportion: 	4:3:3
2026-09-04 18:50:28,647 - INFO - Full evaluation profile: (1.0, 2, 11.424356)
2026-09-04 18:50:30,022 - INFO - Testing accuracy: 31.78
2026-09-04 18:50:30,023 - INFO - ********************************************************************************
2026-09-04 18:50:30,023 - INFO - Round 284
2026-09-04 18:50:38,274 - INFO - this epoch cost time:1.0765275955200195
2026-09-04 18:50:38,274 - INFO - this epoch choose: [73, 65, 65, 69, 76, 69, 55, 56, 74, 65]
2026-09-04 18:50:38,274 - INFO - this epoch dispatch models: [0 0 0 0 0 0 0 0 0 0]
2026-09-04 18:50:38,274 - INFO - this epoch received models: [np.int64(0), np.int64(0), np.int64(0), np.int64(0), np.int64(0), np.int64(0), np.int64(0), np.int64(0), np.int64(0), np.int64(0)]
2026-09-04 18:50:38,274 - INFO - hetero_proportion: 	4:3:3
2026-09-04 18:50:38,324 - INFO - Full evaluation profile: (1.0, 2, 11.424356)
2026-09-04 18:50:39,705 - INFO - Testing accuracy: 31.72
2026-09-04 18:50:39,706 - INFO - ********************************************************************************
2026-09-04 18:50:39,706 - INFO - Round 285
2026-09-04 18:50:47,652 - INFO - this epoch cost time:1.001000165939331
2026-09-04 18:50:47,652 - INFO - this epoch choose: [60, 23, 65, 45, 25, 55, 9, 35, 26, 29]
2026-09-04 18:50:47,652 - INFO - this epoch dispatch models: [0 0 0 0 0 0 0 0 0 0]
2026-09-04 18:50:47,652 - INFO - this epoch received models: [np.int64(0), np.int64(0), np.int64(0), np.int64(0), np.int64(0), np.int64(0), np.int64(0), np.int64(0), np.int64(0), np.int64(0)]
2026-09-04 18:50:47,652 - INFO - hetero_proportion: 	4:3:3
2026-09-04 18:50:47,702 - INFO - Full evaluation profile: (1.0, 2, 11.424356)
2026-09-04 18:50:49,071 - INFO - Testing accuracy: 31.50
2026-09-04 18:50:49,071 - INFO - ********************************************************************************
2026-09-04 18:50:49,071 - INFO - Round 286
2026-09-04 18:50:56,939 - INFO - this epoch cost time:0.9892833232879639
2026-09-04 18:50:56,939 - INFO - this epoch choose: [97, 18, 17, 98, 26, 2, 20, 62, 46, 23]
2026-09-04 18:50:56,939 - INFO - this epoch dispatch models: [0 0 0 0 0 0 0 0 0 0]
2026-09-04 18:50:56,939 - INFO - this epoch received models: [np.int64(0), np.int64(0), np.int64(0), np.int64(0), np.int64(0), np.int64(0), np.int64(0), np.int64(0), np.int64(0), np.int64(0)]
2026-09-04 18:50:56,939 - INFO - hetero_proportion: 	4:3:3
2026-09-04 18:50:56,990 - INFO - Full evaluation profile: (1.0, 2, 11.424356)
2026-09-04 18:50:58,358 - INFO - Testing accuracy: 31.46
2026-09-04 18:50:58,359 - INFO - ********************************************************************************
2026-09-04 18:50:58,359 - INFO - Round 287
2026-09-04 18:51:05,728 - INFO - this epoch cost time:0.9065241813659668
2026-09-04 18:51:05,728 - INFO - this epoch choose: [6, 46, 10, 78, 30, 86, 89, 27, 11, 56]
2026-09-04 18:51:05,728 - INFO - this epoch dispatch models: [0 0 0 0 0 0 0 0 0 0]
2026-09-04 18:51:05,728 - INFO - this epoch received models: [np.int64(0), np.int64(0), np.int64(0), np.int64(0), np.int64(0), np.int64(0), np.int64(0), np.int64(0), np.int64(0), np.int64(0)]
2026-09-04 18:51:05,728 - INFO - hetero_proportion: 	4:3:3
2026-09-04 18:51:05,780 - INFO - Full evaluation profile: (1.0, 2, 11.424356)
2026-09-04 18:51:07,137 - INFO - Testing accuracy: 31.53
2026-09-04 18:51:07,137 - INFO - ********************************************************************************
2026-09-04 18:51:07,137 - INFO - Round 288
2026-09-04 18:51:15,577 - INFO - this epoch cost time:1.2422378063201904
2026-09-04 18:51:15,577 - INFO - this epoch choose: [82, 83, 25, 77, 43, 21, 73, 88, 85, 90]
2026-09-04 18:51:15,577 - INFO - this epoch dispatch models: [0 0 0 0 0 0 0 0 0 0]
2026-09-04 18:51:15,577 - INFO - this epoch received models: [np.int64(0), np.int64(0), np.int64(0), np.int64(0), np.int64(0), np.int64(0), np.int64(0), np.int64(0), np.int64(0), np.int64(0)]
2026-09-04 18:51:15,577 - INFO - hetero_proportion: 	4:3:3
2026-09-04 18:51:15,628 - INFO - Full evaluation profile: (1.0, 2, 11.424356)
2026-09-04 18:51:17,005 - INFO - Testing accuracy: 31.62
2026-09-04 18:51:17,006 - INFO - ********************************************************************************
2026-09-04 18:51:17,006 - INFO - Round 289
2026-09-04 18:51:24,779 - INFO - this epoch cost time:0.9880657196044922
2026-09-04 18:51:24,780 - INFO - this epoch choose: [2, 27, 40, 61, 70, 4, 6, 46, 63, 71]
2026-09-04 18:51:24,780 - INFO - this epoch dispatch models: [0 0 0 0 0 0 0 0 0 0]
2026-09-04 18:51:24,780 - INFO - this epoch received models: [np.int64(0), np.int64(0), np.int64(0), np.int64(0), np.int64(0), np.int64(0), np.int64(0), np.int64(0), np.int64(0), np.int64(0)]
2026-09-04 18:51:24,780 - INFO - hetero_proportion: 	4:3:3
2026-09-04 18:51:24,831 - INFO - Full evaluation profile: (1.0, 2, 11.424356)
2026-09-04 18:51:26,206 - INFO - Testing accuracy: 31.57
2026-09-04 18:51:26,206 - INFO - ********************************************************************************
2026-09-04 18:51:26,206 - INFO - Round 290
2026-09-04 18:51:33,496 - INFO - this epoch cost time:0.9164040088653564
2026-09-04 18:51:33,496 - INFO - this epoch choose: [44, 17, 62, 8, 65, 40, 85, 94, 72, 85]
2026-09-04 18:51:33,496 - INFO - this epoch dispatch models: [0 0 0 0 0 0 0 0 0 0]
2026-09-04 18:51:33,496 - INFO - this epoch received models: [np.int64(0), np.int64(0), np.int64(0), np.int64(0), np.int64(0), np.int64(0), np.int64(0), np.int64(0), np.int64(0), np.int64(0)]
2026-09-04 18:51:33,496 - INFO - hetero_proportion: 	4:3:3
2026-09-04 18:51:33,547 - INFO - Full evaluation profile: (1.0, 2, 11.424356)
2026-09-04 18:51:34,925 - INFO - Testing accuracy: 31.67
2026-09-04 18:51:34,925 - INFO - ********************************************************************************
2026-09-04 18:51:34,925 - INFO - Round 291
2026-09-04 18:51:42,379 - INFO - this epoch cost time:0.9846823215484619
2026-09-04 18:51:42,379 - INFO - this epoch choose: [39, 77, 40, 73, 11, 61, 43, 53, 9, 33]
2026-09-04 18:51:42,379 - INFO - this epoch dispatch models: [0 0 0 0 0 0 0 0 0 0]
2026-09-04 18:51:42,379 - INFO - this epoch received models: [np.int64(0), np.int64(0), np.int64(0), np.int64(0), np.int64(0), np.int64(0), np.int64(0), np.int64(0), np.int64(0), np.int64(0)]
2026-09-04 18:51:42,379 - INFO - hetero_proportion: 	4:3:3
2026-09-04 18:51:42,430 - INFO - Full evaluation profile: (1.0, 2, 11.424356)
2026-09-04 18:51:43,812 - INFO - Testing accuracy: 31.47
2026-09-04 18:51:43,812 - INFO - ********************************************************************************
2026-09-04 18:51:43,812 - INFO - Round 292
2026-09-04 18:51:52,075 - INFO - this epoch cost time:0.9940011501312256
2026-09-04 18:51:52,076 - INFO - this epoch choose: [8, 84, 82, 41, 2, 23, 41, 28, 40, 33]
2026-09-04 18:51:52,076 - INFO - this epoch dispatch models: [0 0 0 0 0 0 0 0 0 0]
2026-09-04 18:51:52,076 - INFO - this epoch received models: [np.int64(0), np.int64(0), np.int64(0), np.int64(0), np.int64(0), np.int64(0), np.int64(0), np.int64(0), np.int64(0), np.int64(0)]
2026-09-04 18:51:52,076 - INFO - hetero_proportion: 	4:3:3
2026-09-04 18:51:52,128 - INFO - Full evaluation profile: (1.0, 2, 11.424356)
2026-09-04 18:51:53,519 - INFO - Testing accuracy: 31.55
2026-09-04 18:51:53,519 - INFO - ********************************************************************************
2026-09-04 18:51:53,520 - INFO - Round 293
2026-09-04 18:52:01,126 - INFO - this epoch cost time:1.0680062770843506
2026-09-04 18:52:01,126 - INFO - this epoch choose: [32, 39, 62, 53, 1, 37, 20, 81, 37, 6]
2026-09-04 18:52:01,126 - INFO - this epoch dispatch models: [0 0 0 0 0 0 0 0 0 0]
2026-09-04 18:52:01,126 - INFO - this epoch received models: [np.int64(0), np.int64(0), np.int64(0), np.int64(0), np.int64(0), np.int64(0), np.int64(0), np.int64(0), np.int64(0), np.int64(0)]
2026-09-04 18:52:01,126 - INFO - hetero_proportion: 	4:3:3
2026-09-04 18:52:01,178 - INFO - Full evaluation profile: (1.0, 2, 11.424356)
2026-09-04 18:52:02,557 - INFO - Testing accuracy: 31.47
2026-09-04 18:52:02,557 - INFO - ********************************************************************************
2026-09-04 18:52:02,557 - INFO - Round 294
2026-09-04 18:52:10,848 - INFO - this epoch cost time:1.233999252319336
2026-09-04 18:52:10,848 - INFO - this epoch choose: [14, 55, 55, 78, 27, 35, 45, 98, 83, 92]
2026-09-04 18:52:10,848 - INFO - this epoch dispatch models: [0 0 0 0 0 0 0 0 0 0]
2026-09-04 18:52:10,848 - INFO - this epoch received models: [np.int64(0), np.int64(0), np.int64(0), np.int64(0), np.int64(0), np.int64(0), np.int64(0), np.int64(0), np.int64(0), np.int64(0)]
2026-09-04 18:52:10,848 - INFO - hetero_proportion: 	4:3:3
2026-09-04 18:52:10,900 - INFO - Full evaluation profile: (1.0, 2, 11.424356)
2026-09-04 18:52:12,269 - INFO - Testing accuracy: 31.28
2026-09-04 18:52:12,270 - INFO - ********************************************************************************
2026-09-04 18:52:12,270 - INFO - Round 295
2026-09-04 18:52:19,983 - INFO - this epoch cost time:0.9913010597229004
2026-09-04 18:52:19,983 - INFO - this epoch choose: [72, 63, 73, 36, 77, 32, 86, 22, 41, 18]
2026-09-04 18:52:19,983 - INFO - this epoch dispatch models: [0 0 0 0 0 0 0 0 0 0]
2026-09-04 18:52:19,983 - INFO - this epoch received models: [np.int64(0), np.int64(0), np.int64(0), np.int64(0), np.int64(0), np.int64(0), np.int64(0), np.int64(0), np.int64(0), np.int64(0)]
2026-09-04 18:52:19,983 - INFO - hetero_proportion: 	4:3:3
2026-09-04 18:52:20,035 - INFO - Full evaluation profile: (1.0, 2, 11.424356)
2026-09-04 18:52:21,420 - INFO - Testing accuracy: 31.41
2026-09-04 18:52:21,420 - INFO - ********************************************************************************
2026-09-04 18:52:21,420 - INFO - Round 296
2026-09-04 18:52:28,037 - INFO - this epoch cost time:0.828805685043335
2026-09-04 18:52:28,037 - INFO - this epoch choose: [45, 12, 50, 45, 66, 95, 72, 89, 24, 50]
2026-09-04 18:52:28,037 - INFO - this epoch dispatch models: [0 0 0 0 0 0 0 0 0 0]
2026-09-04 18:52:28,037 - INFO - this epoch received models: [np.int64(0), np.int64(0), np.int64(0), np.int64(0), np.int64(0), np.int64(0), np.int64(0), np.int64(0), np.int64(0), np.int64(0)]
2026-09-04 18:52:28,037 - INFO - hetero_proportion: 	4:3:3
2026-09-04 18:52:28,089 - INFO - Full evaluation profile: (1.0, 2, 11.424356)
2026-09-04 18:52:29,475 - INFO - Testing accuracy: 31.40
2026-09-04 18:52:29,476 - INFO - ********************************************************************************
2026-09-04 18:52:29,476 - INFO - Round 297
2026-09-04 18:52:36,762 - INFO - this epoch cost time:1.0679700374603271
2026-09-04 18:52:36,763 - INFO - this epoch choose: [57, 19, 61, 89, 31, 4, 93, 81, 31, 10]
2026-09-04 18:52:36,763 - INFO - this epoch dispatch models: [0 0 0 0 0 0 0 0 0 0]
2026-09-04 18:52:36,763 - INFO - this epoch received models: [np.int64(0), np.int64(0), np.int64(0), np.int64(0), np.int64(0), np.int64(0), np.int64(0), np.int64(0), np.int64(0), np.int64(0)]
2026-09-04 18:52:36,763 - INFO - hetero_proportion: 	4:3:3
2026-09-04 18:52:36,813 - INFO - Full evaluation profile: (1.0, 2, 11.424356)
2026-09-04 18:52:38,182 - INFO - Testing accuracy: 31.16
2026-09-04 18:52:38,183 - INFO - ********************************************************************************
2026-09-04 18:52:38,183 - INFO - Round 298
2026-09-04 18:52:45,375 - INFO - this epoch cost time:1.0331640243530273
2026-09-04 18:52:45,376 - INFO - this epoch choose: [94, 9, 4, 66, 64, 60, 72, 61, 89, 41]
2026-09-04 18:52:45,376 - INFO - this epoch dispatch models: [0 0 0 0 0 0 0 0 0 0]
2026-09-04 18:52:45,376 - INFO - this epoch received models: [np.int64(0), np.int64(0), np.int64(0), np.int64(0), np.int64(0), np.int64(0), np.int64(0), np.int64(0), np.int64(0), np.int64(0)]
2026-09-04 18:52:45,376 - INFO - hetero_proportion: 	4:3:3
2026-09-04 18:52:45,427 - INFO - Full evaluation profile: (1.0, 2, 11.424356)
2026-09-04 18:52:46,797 - INFO - Testing accuracy: 31.06
2026-09-04 18:52:46,798 - INFO - ********************************************************************************
2026-09-04 18:52:46,798 - INFO - Round 299
2026-09-04 18:52:54,491 - INFO - this epoch cost time:0.9935269355773926
2026-09-04 18:52:54,491 - INFO - this epoch choose: [66, 21, 72, 90, 63, 50, 1, 49, 70, 92]
2026-09-04 18:52:54,492 - INFO - this epoch dispatch models: [0 0 0 0 0 0 0 0 0 0]
2026-09-04 18:52:54,492 - INFO - this epoch received models: [np.int64(0), np.int64(0), np.int64(0), np.int64(0), np.int64(0), np.int64(0), np.int64(0), np.int64(0), np.int64(0), np.int64(0)]
2026-09-04 18:52:54,492 - INFO - hetero_proportion: 	4:3:3
2026-09-04 18:52:54,543 - INFO - Full evaluation profile: (1.0, 2, 11.424356)
2026-09-04 18:52:55,912 - INFO - Testing accuracy: 31.29
2026-09-04 18:52:55,914 - INFO - Saved Full-only accuracy: results/all_large_oracle_300\full_accuracy.json
2026-09-04 18:52:55,915 - INFO - Total experiment wall time (seconds): 2891.098439
2026-09-04 18:52:55,915 - INFO - Average wall time per round (seconds): 9.636995
